event_date,operation_id,type_id,operation_name,accrued_category,unit_number,unit_number_meaning,posting_number,ozon_sku,offer_id,internal_sku,quantity,seller_price,amount,currency,source_endpoint,source_raw_file
2026-06-01,52702500595,76,Страхование товара от массовых повреждений,NON_ITEM,,order_or_item_ref,,,,,NOT_AVAILABLE,NOT_AVAILABLE,-11.24,RUB,/v1/finance/accrual/by-day,raw/backfill_v1/finance/accrual_by_day_20260601.json
2026-06-01,52737967944,32,Логистика,POSTING,0199424196-0196-1,posting_number,0199424196-0196-1,3892223191,930334397,EVT-SET-CHERRY-AMBER,NOT_AVAILABLE,NOT_AVAILABLE,-88.0,RUB,/v1/finance/accrual/by-day,raw/backfill_v1/finance/accrual_by_day_20260601.json
2026-06-01,52737967944,98,Доставка до места выдачи силами Ozon,POSTING,0199424196-0196-1,posting_number,0199424196-0196-1,3892223191,930334397,EVT-SET-CHERRY-AMBER,NOT_AVAILABLE,NOT_AVAILABLE,-25.0,RUB,/v1/finance/accrual/by-day,raw/backfill_v1/finance/accrual_by_day_20260601.json
2026-06-01,52738893179,32,Логистика,POSTING,0223481492-0125-1,posting_number,0223481492-0125-1,3732641694,567668635,EVT-SET-SER-CREAM-ACNE,NOT_AVAILABLE,NOT_AVAILABLE,-74.0,RUB,/v1/finance/accrual/by-day,raw/backfill_v1/finance/accrual_by_day_20260601.json
2026-06-01,52738893180,59,Обратная логистика,POSTING,0223481492-0125-1,posting_number,0223481492-0125-1,3732641694,567668635,EVT-SET-SER-CREAM-ACNE,NOT_AVAILABLE,NOT_AVAILABLE,-70.0,RUB,/v1/finance/accrual/by-day,raw/backfill_v1/finance/accrual_by_day_20260601.json
2026-06-01,52766645199,32,Логистика,POSTING,78061473-0524-1,posting_number,78061473-0524-1,3530427102,535581675,EVT-FT-ACNE-150,NOT_AVAILABLE,NOT_AVAILABLE,-66.0,RUB,/v1/finance/accrual/by-day,raw/backfill_v1/finance/accrual_by_day_20260601.json
2026-06-01,52766645199,29,Доставка до места выдачи,POSTING,78061473-0524-1,posting_number,78061473-0524-1,3530427102,535581675,EVT-FT-ACNE-150,NOT_AVAILABLE,NOT_AVAILABLE,-7.98,RUB,/v1/finance/accrual/by-day,raw/backfill_v1/finance/accrual_by_day_20260601.json
2026-06-01,52768044110,1,Эквайринг,ITEM,78061473-0524-1,order_or_item_ref,,3530427102,535581675,EVT-FT-ACNE-150,NOT_AVAILABLE,NOT_AVAILABLE,-6.5,RUB,/v1/finance/accrual/by-day,raw/backfill_v1/finance/accrual_by_day_20260601.json
2026-06-01,52788574264,41,Оплата за клик,NON_ITEM,27443733,campaign_id,,,,,NOT_AVAILABLE,NOT_AVAILABLE,-64.31,RUB,/v1/finance/accrual/by-day,raw/backfill_v1/finance/accrual_by_day_20260601.json
2026-06-01,52788611803,41,Оплата за клик,NON_ITEM,27307598,campaign_id,,,,,NOT_AVAILABLE,NOT_AVAILABLE,-16.41,RUB,/v1/finance/accrual/by-day,raw/backfill_v1/finance/accrual_by_day_20260601.json
2026-06-01,52788615627,41,Оплата за клик,NON_ITEM,27307535,campaign_id,,,,,NOT_AVAILABLE,NOT_AVAILABLE,-14.34,RUB,/v1/finance/accrual/by-day,raw/backfill_v1/finance/accrual_by_day_20260601.json
2026-06-01,52788652818,41,Оплата за клик,NON_ITEM,27251978,campaign_id,,,,,NOT_AVAILABLE,NOT_AVAILABLE,-73.46,RUB,/v1/finance/accrual/by-day,raw/backfill_v1/finance/accrual_by_day_20260601.json
2026-06-02,52787159412,76,Страхование товара от массовых повреждений,NON_ITEM,,order_or_item_ref,,,,,NOT_AVAILABLE,NOT_AVAILABLE,-11.11,RUB,/v1/finance/accrual/by-day,raw/backfill_v1/finance/accrual_by_day_20260602.json
2026-06-02,52794507056,38,Обеспечение материалами для упаковки товара,ITEM,61936461-0171-2,order_or_item_ref,,3735674506,910584041,EVT-SET-TON-SER-CREAM-ACNE,NOT_AVAILABLE,NOT_AVAILABLE,-5.0,RUB,/v1/finance/accrual/by-day,raw/backfill_v1/finance/accrual_by_day_20260602.json
2026-06-02,52794507057,39,Упаковка товара партнёрами,ITEM,61936461-0171-2,order_or_item_ref,,3735674506,910584041,EVT-SET-TON-SER-CREAM-ACNE,NOT_AVAILABLE,NOT_AVAILABLE,-10.0,RUB,/v1/finance/accrual/by-day,raw/backfill_v1/finance/accrual_by_day_20260602.json
2026-06-02,52796190349,32,Логистика,POSTING,0160098811-0919-1,posting_number,0160098811-0919-1,1997079254,252442517,EVT-HC-HAND-300,NOT_AVAILABLE,NOT_AVAILABLE,-81.0,RUB,/v1/finance/accrual/by-day,raw/backfill_v1/finance/accrual_by_day_20260602.json
2026-06-02,52796190349,98,Доставка до места выдачи силами Ozon,POSTING,0160098811-0919-1,posting_number,0160098811-0919-1,1997079254,252442517,EVT-HC-HAND-300,NOT_AVAILABLE,NOT_AVAILABLE,-25.0,RUB,/v1/finance/accrual/by-day,raw/backfill_v1/finance/accrual_by_day_20260602.json
2026-06-02,52857564094,1,Эквайринг,ITEM,24170025-0422,order_or_item_ref,,1997079254,252442517,EVT-HC-HAND-300,NOT_AVAILABLE,NOT_AVAILABLE,-4.69,RUB,/v1/finance/accrual/by-day,raw/backfill_v1/finance/accrual_by_day_20260602.json
2026-06-02,52868865544,41,Оплата за клик,NON_ITEM,27443733,campaign_id,,,,,NOT_AVAILABLE,NOT_AVAILABLE,-52.57,RUB,/v1/finance/accrual/by-day,raw/backfill_v1/finance/accrual_by_day_20260602.json
2026-06-02,52868940438,41,Оплата за клик,NON_ITEM,27307598,campaign_id,,,,,NOT_AVAILABLE,NOT_AVAILABLE,-31.28,RUB,/v1/finance/accrual/by-day,raw/backfill_v1/finance/accrual_by_day_20260602.json
2026-06-02,52868940442,41,Оплата за клик,NON_ITEM,27307535,campaign_id,,,,,NOT_AVAILABLE,NOT_AVAILABLE,-43.26,RUB,/v1/finance/accrual/by-day,raw/backfill_v1/finance/accrual_by_day_20260602.json
2026-06-02,52868958284,41,Оплата за клик,NON_ITEM,27251978,campaign_id,,,,,NOT_AVAILABLE,NOT_AVAILABLE,-70.63,RUB,/v1/finance/accrual/by-day,raw/backfill_v1/finance/accrual_by_day_20260602.json
2026-06-03,52867143170,76,Страхование товара от массовых повреждений,NON_ITEM,,order_or_item_ref,,,,,NOT_AVAILABLE,NOT_AVAILABLE,-11.07,RUB,/v1/finance/accrual/by-day,raw/backfill_v1/finance/accrual_by_day_20260603.json
2026-06-03,52877083291,32,Логистика,POSTING,84371292-0157-1,posting_number,84371292-0157-1,1997079254,252442517,EVT-HC-HAND-300,NOT_AVAILABLE,NOT_AVAILABLE,-85.0,RUB,/v1/finance/accrual/by-day,raw/backfill_v1/finance/accrual_by_day_20260603.json
2026-06-03,52877083291,29,Доставка до места выдачи,POSTING,84371292-0157-1,posting_number,84371292-0157-1,1997079254,252442517,EVT-HC-HAND-300,NOT_AVAILABLE,NOT_AVAILABLE,-6.62,RUB,/v1/finance/accrual/by-day,raw/backfill_v1/finance/accrual_by_day_20260603.json
2026-06-03,52878309430,1,Эквайринг,ITEM,84371292-0157-1,order_or_item_ref,,1997079254,252442517,EVT-HC-HAND-300,NOT_AVAILABLE,NOT_AVAILABLE,-2.52,RUB,/v1/finance/accrual/by-day,raw/backfill_v1/finance/accrual_by_day_20260603.json
2026-06-03,52925737676,1,Эквайринг,ITEM,63083916-0687,order_or_item_ref,,1997079254,252442517,EVT-HC-HAND-300,NOT_AVAILABLE,NOT_AVAILABLE,-4.42,RUB,/v1/finance/accrual/by-day,raw/backfill_v1/finance/accrual_by_day_20260603.json
2026-06-03,52952819933,41,Оплата за клик,NON_ITEM,27251978,campaign_id,,,,,NOT_AVAILABLE,NOT_AVAILABLE,-50.82,RUB,/v1/finance/accrual/by-day,raw/backfill_v1/finance/accrual_by_day_20260603.json
2026-06-03,52952819934,41,Оплата за клик,NON_ITEM,27307535,campaign_id,,,,,NOT_AVAILABLE,NOT_AVAILABLE,-40.0,RUB,/v1/finance/accrual/by-day,raw/backfill_v1/finance/accrual_by_day_20260603.json
2026-06-03,52952819935,41,Оплата за клик,NON_ITEM,27443733,campaign_id,,,,,NOT_AVAILABLE,NOT_AVAILABLE,-46.8,RUB,/v1/finance/accrual/by-day,raw/backfill_v1/finance/accrual_by_day_20260603.json
2026-06-03,52952829346,41,Оплата за клик,NON_ITEM,27307598,campaign_id,,,,,NOT_AVAILABLE,NOT_AVAILABLE,-19.5,RUB,/v1/finance/accrual/by-day,raw/backfill_v1/finance/accrual_by_day_20260603.json
2026-06-04,52950417810,76,Страхование товара от массовых повреждений,NON_ITEM,,order_or_item_ref,,,,,NOT_AVAILABLE,NOT_AVAILABLE,-11.06,RUB,/v1/finance/accrual/by-day,raw/backfill_v1/finance/accrual_by_day_20260604.json
2026-06-04,52958016998,32,Логистика,POSTING,83443714-0364-1,posting_number,83443714-0364-1,1997079254,252442517,EVT-HC-HAND-300,NOT_AVAILABLE,NOT_AVAILABLE,-81.0,RUB,/v1/finance/accrual/by-day,raw/backfill_v1/finance/accrual_by_day_20260604.json
2026-06-04,52958016998,29,Доставка до места выдачи,POSTING,83443714-0364-1,posting_number,83443714-0364-1,1997079254,252442517,EVT-HC-HAND-300,NOT_AVAILABLE,NOT_AVAILABLE,-10.29,RUB,/v1/finance/accrual/by-day,raw/backfill_v1/finance/accrual_by_day_20260604.json
2026-06-04,52960000313,1,Эквайринг,ITEM,0105883992-0211,order_or_item_ref,,3530427102,535581675,EVT-FT-ACNE-150,NOT_AVAILABLE,NOT_AVAILABLE,-6.4,RUB,/v1/finance/accrual/by-day,raw/backfill_v1/finance/accrual_by_day_20260604.json
2026-06-04,52968055644,32,Логистика,POSTING,0243789888-0130-1,posting_number,0243789888-0130-1,3528293526,535581674,EVT-FT-MOIST-150,NOT_AVAILABLE,NOT_AVAILABLE,-66.0,RUB,/v1/finance/accrual/by-day,raw/backfill_v1/finance/accrual_by_day_20260604.json
2026-06-04,52968055644,29,Доставка до места выдачи,POSTING,0243789888-0130-1,posting_number,0243789888-0130-1,3528293526,535581674,EVT-FT-MOIST-150,NOT_AVAILABLE,NOT_AVAILABLE,-8.6,RUB,/v1/finance/accrual/by-day,raw/backfill_v1/finance/accrual_by_day_20260604.json
2026-06-04,52969271311,1,Эквайринг,ITEM,0243789888-0130-1,order_or_item_ref,,3528293526,535581674,EVT-FT-MOIST-150,NOT_AVAILABLE,NOT_AVAILABLE,-5.75,RUB,/v1/finance/accrual/by-day,raw/backfill_v1/finance/accrual_by_day_20260604.json
2026-06-04,52972646540,32,Логистика,POSTING,61936461-0171-2,posting_number,61936461-0171-2,3735674506,910584041,EVT-SET-TON-SER-CREAM-ACNE,NOT_AVAILABLE,NOT_AVAILABLE,-71.0,RUB,/v1/finance/accrual/by-day,raw/backfill_v1/finance/accrual_by_day_20260604.json
2026-06-04,52972646541,59,Обратная логистика,POSTING,61936461-0171-2,posting_number,61936461-0171-2,3735674506,910584041,EVT-SET-TON-SER-CREAM-ACNE,NOT_AVAILABLE,NOT_AVAILABLE,-78.0,RUB,/v1/finance/accrual/by-day,raw/backfill_v1/finance/accrual_by_day_20260604.json
2026-06-04,52982033310,29,Доставка до места выдачи,POSTING,61936461-0171-2,posting_number,61936461-0171-2,3735674506,910584041,EVT-SET-TON-SER-CREAM-ACNE,NOT_AVAILABLE,NOT_AVAILABLE,-5.59,RUB,/v1/finance/accrual/by-day,raw/backfill_v1/finance/accrual_by_day_20260604.json
2026-06-04,52982033311,45,"Обработка возвратов, отмен и невыкупов партнёрами",POSTING,61936461-0171-2,posting_number,61936461-0171-2,3735674506,910584041,EVT-SET-TON-SER-CREAM-ACNE,NOT_AVAILABLE,NOT_AVAILABLE,-15.0,RUB,/v1/finance/accrual/by-day,raw/backfill_v1/finance/accrual_by_day_20260604.json
2026-06-04,52992629084,29,Доставка до места выдачи,POSTING,0105028229-0087-2,posting_number,0105028229-0087-2,3733452761,868597351,EVT-SET-4PC-ACNE,NOT_AVAILABLE,NOT_AVAILABLE,-7.61,RUB,/v1/finance/accrual/by-day,raw/backfill_v1/finance/accrual_by_day_20260604.json
2026-06-04,52992629085,45,"Обработка возвратов, отмен и невыкупов партнёрами",POSTING,0105028229-0087-2,posting_number,0105028229-0087-2,3733452761,868597351,EVT-SET-4PC-ACNE,NOT_AVAILABLE,NOT_AVAILABLE,-15.0,RUB,/v1/finance/accrual/by-day,raw/backfill_v1/finance/accrual_by_day_20260604.json
2026-06-04,52992676008,32,Логистика,POSTING,0105028229-0087-2,posting_number,0105028229-0087-2,3733452761,868597351,EVT-SET-4PC-ACNE,NOT_AVAILABLE,NOT_AVAILABLE,-76.0,RUB,/v1/finance/accrual/by-day,raw/backfill_v1/finance/accrual_by_day_20260604.json
2026-06-04,52992676009,59,Обратная логистика,POSTING,0105028229-0087-2,posting_number,0105028229-0087-2,3733452761,868597351,EVT-SET-4PC-ACNE,NOT_AVAILABLE,NOT_AVAILABLE,-71.0,RUB,/v1/finance/accrual/by-day,raw/backfill_v1/finance/accrual_by_day_20260604.json
2026-06-04,53018180191,32,Логистика,POSTING,22738323-0485-5,posting_number,22738323-0485-5,3735674506,910584041,EVT-SET-TON-SER-CREAM-ACNE,NOT_AVAILABLE,NOT_AVAILABLE,-70.0,RUB,/v1/finance/accrual/by-day,raw/backfill_v1/finance/accrual_by_day_20260604.json
2026-06-04,53018180191,29,Доставка до места выдачи,POSTING,22738323-0485-5,posting_number,22738323-0485-5,3735674506,910584041,EVT-SET-TON-SER-CREAM-ACNE,NOT_AVAILABLE,NOT_AVAILABLE,-8.05,RUB,/v1/finance/accrual/by-day,raw/backfill_v1/finance/accrual_by_day_20260604.json
2026-06-04,53020229515,1,Эквайринг,ITEM,22738323-0485-5,order_or_item_ref,,3735674506,910584041,EVT-SET-TON-SER-CREAM-ACNE,NOT_AVAILABLE,NOT_AVAILABLE,-16.07,RUB,/v1/finance/accrual/by-day,raw/backfill_v1/finance/accrual_by_day_20260604.json
2026-06-04,53032678321,41,Оплата за клик,NON_ITEM,27443733,campaign_id,,,,,NOT_AVAILABLE,NOT_AVAILABLE,-59.98,RUB,/v1/finance/accrual/by-day,raw/backfill_v1/finance/accrual_by_day_20260604.json
2026-06-04,53032727060,41,Оплата за клик,NON_ITEM,27307598,campaign_id,,,,,NOT_AVAILABLE,NOT_AVAILABLE,-28.45,RUB,/v1/finance/accrual/by-day,raw/backfill_v1/finance/accrual_by_day_20260604.json
2026-06-04,53032727067,41,Оплата за клик,NON_ITEM,27307535,campaign_id,,,,,NOT_AVAILABLE,NOT_AVAILABLE,-6.99,RUB,/v1/finance/accrual/by-day,raw/backfill_v1/finance/accrual_by_day_20260604.json
2026-06-04,53032739014,41,Оплата за клик,NON_ITEM,27251978,campaign_id,,,,,NOT_AVAILABLE,NOT_AVAILABLE,-44.47,RUB,/v1/finance/accrual/by-day,raw/backfill_v1/finance/accrual_by_day_20260604.json
2026-06-05,53031098705,76,Страхование товара от массовых повреждений,NON_ITEM,,order_or_item_ref,,,,,NOT_AVAILABLE,NOT_AVAILABLE,-10.86,RUB,/v1/finance/accrual/by-day,raw/backfill_v1/finance/accrual_by_day_20260605.json
2026-06-05,53070779323,1,Эквайринг,ITEM,0122514050-0256,order_or_item_ref,,3732641694,567668635,EVT-SET-SER-CREAM-ACNE,NOT_AVAILABLE,NOT_AVAILABLE,-10.73,RUB,/v1/finance/accrual/by-day,raw/backfill_v1/finance/accrual_by_day_20260605.json
2026-06-05,53102125957,32,Логистика,POSTING,63083916-0687-1,posting_number,63083916-0687-1,1997079254,252442517,EVT-HC-HAND-300,NOT_AVAILABLE,NOT_AVAILABLE,-77.0,RUB,/v1/finance/accrual/by-day,raw/backfill_v1/finance/accrual_by_day_20260605.json
2026-06-05,53102125957,29,Доставка до места выдачи,POSTING,63083916-0687-1,posting_number,63083916-0687-1,1997079254,252442517,EVT-HC-HAND-300,NOT_AVAILABLE,NOT_AVAILABLE,-7.76,RUB,/v1/finance/accrual/by-day,raw/backfill_v1/finance/accrual_by_day_20260605.json
2026-06-05,53114327193,41,Оплата за клик,NON_ITEM,27443733,campaign_id,,,,,NOT_AVAILABLE,NOT_AVAILABLE,-62.84,RUB,/v1/finance/accrual/by-day,raw/backfill_v1/finance/accrual_by_day_20260605.json
2026-06-05,53114357084,41,Оплата за клик,NON_ITEM,27307535,campaign_id,,,,,NOT_AVAILABLE,NOT_AVAILABLE,-25.8,RUB,/v1/finance/accrual/by-day,raw/backfill_v1/finance/accrual_by_day_20260605.json
2026-06-05,53114361854,41,Оплата за клик,NON_ITEM,27307598,campaign_id,,,,,NOT_AVAILABLE,NOT_AVAILABLE,-45.64,RUB,/v1/finance/accrual/by-day,raw/backfill_v1/finance/accrual_by_day_20260605.json
2026-06-05,53114366688,41,Оплата за клик,NON_ITEM,27251978,campaign_id,,,,,NOT_AVAILABLE,NOT_AVAILABLE,-51.69,RUB,/v1/finance/accrual/by-day,raw/backfill_v1/finance/accrual_by_day_20260605.json
2026-06-06,53112817882,76,Страхование товара от массовых повреждений,NON_ITEM,,order_or_item_ref,,,,,NOT_AVAILABLE,NOT_AVAILABLE,-11.64,RUB,/v1/finance/accrual/by-day,raw/backfill_v1/finance/accrual_by_day_20260606.json
2026-06-06,53126368574,32,Логистика,POSTING,80441196-1037-1,posting_number,80441196-1037-1,1997079254,252442517,EVT-HC-HAND-300,NOT_AVAILABLE,NOT_AVAILABLE,-81.0,RUB,/v1/finance/accrual/by-day,raw/backfill_v1/finance/accrual_by_day_20260606.json
2026-06-06,53126368574,29,Доставка до места выдачи,POSTING,80441196-1037-1,posting_number,80441196-1037-1,1997079254,252442517,EVT-HC-HAND-300,NOT_AVAILABLE,NOT_AVAILABLE,-8.06,RUB,/v1/finance/accrual/by-day,raw/backfill_v1/finance/accrual_by_day_20260606.json
2026-06-06,53128175529,1,Эквайринг,ITEM,80441196-1037-1,order_or_item_ref,,1997079254,252442517,EVT-HC-HAND-300,NOT_AVAILABLE,NOT_AVAILABLE,-5.04,RUB,/v1/finance/accrual/by-day,raw/backfill_v1/finance/accrual_by_day_20260606.json
2026-06-06,53155817182,32,Логистика,POSTING,0105883992-0211-1,posting_number,0105883992-0211-1,3530427102,535581675,EVT-FT-ACNE-150,NOT_AVAILABLE,NOT_AVAILABLE,-66.0,RUB,/v1/finance/accrual/by-day,raw/backfill_v1/finance/accrual_by_day_20260606.json
2026-06-06,53155817182,29,Доставка до места выдачи,POSTING,0105883992-0211-1,posting_number,0105883992-0211-1,3530427102,535581675,EVT-FT-ACNE-150,NOT_AVAILABLE,NOT_AVAILABLE,-8.16,RUB,/v1/finance/accrual/by-day,raw/backfill_v1/finance/accrual_by_day_20260606.json
2026-06-06,53161048197,32,Логистика,POSTING,0248200533-0001-1,posting_number,0248200533-0001-1,3530427102,535581675,EVT-FT-ACNE-150,NOT_AVAILABLE,NOT_AVAILABLE,-66.0,RUB,/v1/finance/accrual/by-day,raw/backfill_v1/finance/accrual_by_day_20260606.json
2026-06-06,53161048197,29,Доставка до места выдачи,POSTING,0248200533-0001-1,posting_number,0248200533-0001-1,3530427102,535581675,EVT-FT-ACNE-150,NOT_AVAILABLE,NOT_AVAILABLE,-9.75,RUB,/v1/finance/accrual/by-day,raw/backfill_v1/finance/accrual_by_day_20260606.json
2026-06-06,53161048391,32,Логистика,POSTING,0122514050-0256-1,posting_number,0122514050-0256-1,3732641694,567668635,EVT-SET-SER-CREAM-ACNE,NOT_AVAILABLE,NOT_AVAILABLE,-70.0,RUB,/v1/finance/accrual/by-day,raw/backfill_v1/finance/accrual_by_day_20260606.json
2026-06-06,53161048391,98,Доставка до места выдачи силами Ozon,POSTING,0122514050-0256-1,posting_number,0122514050-0256-1,3732641694,567668635,EVT-SET-SER-CREAM-ACNE,NOT_AVAILABLE,NOT_AVAILABLE,-25.0,RUB,/v1/finance/accrual/by-day,raw/backfill_v1/finance/accrual_by_day_20260606.json
2026-06-06,53187165534,41,Оплата за клик,NON_ITEM,27443733,campaign_id,,,,,NOT_AVAILABLE,NOT_AVAILABLE,-123.27,RUB,/v1/finance/accrual/by-day,raw/backfill_v1/finance/accrual_by_day_20260606.json
2026-06-06,53187213249,41,Оплата за клик,NON_ITEM,27307535,campaign_id,,,,,NOT_AVAILABLE,NOT_AVAILABLE,-75.99,RUB,/v1/finance/accrual/by-day,raw/backfill_v1/finance/accrual_by_day_20260606.json
2026-06-06,53187216260,41,Оплата за клик,NON_ITEM,27307598,campaign_id,,,,,NOT_AVAILABLE,NOT_AVAILABLE,-101.01,RUB,/v1/finance/accrual/by-day,raw/backfill_v1/finance/accrual_by_day_20260606.json
2026-06-06,53187226614,41,Оплата за клик,NON_ITEM,27251978,campaign_id,,,,,NOT_AVAILABLE,NOT_AVAILABLE,-73.69,RUB,/v1/finance/accrual/by-day,raw/backfill_v1/finance/accrual_by_day_20260606.json
2026-06-07,53185725224,76,Страхование товара от массовых повреждений,NON_ITEM,,order_or_item_ref,,,,,NOT_AVAILABLE,NOT_AVAILABLE,-11.38,RUB,/v1/finance/accrual/by-day,raw/backfill_v1/finance/accrual_by_day_20260607.json
2026-06-07,53191672862,1,Эквайринг,ITEM,29029680-2589,order_or_item_ref,,3530427102,535581675,EVT-FT-ACNE-150,NOT_AVAILABLE,NOT_AVAILABLE,-7.26,RUB,/v1/finance/accrual/by-day,raw/backfill_v1/finance/accrual_by_day_20260607.json
2026-06-07,53261358844,1,Эквайринг,ITEM,78598856-0564,order_or_item_ref,,1997079254,252442517,EVT-HC-HAND-300,NOT_AVAILABLE,NOT_AVAILABLE,-4.51,RUB,/v1/finance/accrual/by-day,raw/backfill_v1/finance/accrual_by_day_20260607.json
2026-06-07,53264348963,41,Оплата за клик,NON_ITEM,27443733,campaign_id,,,,,NOT_AVAILABLE,NOT_AVAILABLE,-168.17,RUB,/v1/finance/accrual/by-day,raw/backfill_v1/finance/accrual_by_day_20260607.json
2026-06-07,53264379984,41,Оплата за клик,NON_ITEM,27251978,campaign_id,,,,,NOT_AVAILABLE,NOT_AVAILABLE,-92.16,RUB,/v1/finance/accrual/by-day,raw/backfill_v1/finance/accrual_by_day_20260607.json
2026-06-07,53264380449,41,Оплата за клик,NON_ITEM,27307598,campaign_id,,,,,NOT_AVAILABLE,NOT_AVAILABLE,-61.54,RUB,/v1/finance/accrual/by-day,raw/backfill_v1/finance/accrual_by_day_20260607.json
2026-06-07,53264380456,41,Оплата за клик,NON_ITEM,27307535,campaign_id,,,,,NOT_AVAILABLE,NOT_AVAILABLE,-126.84,RUB,/v1/finance/accrual/by-day,raw/backfill_v1/finance/accrual_by_day_20260607.json
2026-06-08,53263516163,76,Страхование товара от массовых повреждений,NON_ITEM,,order_or_item_ref,,,,,NOT_AVAILABLE,NOT_AVAILABLE,-11.38,RUB,/v1/finance/accrual/by-day,raw/backfill_v1/finance/accrual_by_day_20260608.json
2026-06-08,53288512054,32,Логистика,POSTING,0113819485-0127-1,posting_number,0113819485-0127-1,1997079254,252442517,EVT-HC-HAND-300,NOT_AVAILABLE,NOT_AVAILABLE,-92.0,RUB,/v1/finance/accrual/by-day,raw/backfill_v1/finance/accrual_by_day_20260608.json
2026-06-08,53288512054,29,Доставка до места выдачи,POSTING,0113819485-0127-1,posting_number,0113819485-0127-1,1997079254,252442517,EVT-HC-HAND-300,NOT_AVAILABLE,NOT_AVAILABLE,-7.28,RUB,/v1/finance/accrual/by-day,raw/backfill_v1/finance/accrual_by_day_20260608.json
2026-06-08,53288625614,32,Логистика,POSTING,02132772-0139-7,posting_number,02132772-0139-7,3530427102,535581675,EVT-FT-ACNE-150,NOT_AVAILABLE,NOT_AVAILABLE,-66.0,RUB,/v1/finance/accrual/by-day,raw/backfill_v1/finance/accrual_by_day_20260608.json
2026-06-08,53288625614,29,Доставка до места выдачи,POSTING,02132772-0139-7,posting_number,02132772-0139-7,3530427102,535581675,EVT-FT-ACNE-150,NOT_AVAILABLE,NOT_AVAILABLE,-9.0,RUB,/v1/finance/accrual/by-day,raw/backfill_v1/finance/accrual_by_day_20260608.json
2026-06-08,53290494007,1,Эквайринг,ITEM,0113819485-0127-1,order_or_item_ref,,1997079254,252442517,EVT-HC-HAND-300,NOT_AVAILABLE,NOT_AVAILABLE,-4.87,RUB,/v1/finance/accrual/by-day,raw/backfill_v1/finance/accrual_by_day_20260608.json
2026-06-08,53290499943,1,Эквайринг,ITEM,02132772-0139-7,order_or_item_ref,,3530427102,535581675,EVT-FT-ACNE-150,NOT_AVAILABLE,NOT_AVAILABLE,-7.24,RUB,/v1/finance/accrual/by-day,raw/backfill_v1/finance/accrual_by_day_20260608.json
2026-06-08,53317911798,1,Эквайринг,ITEM,30264772-0295,order_or_item_ref,,1997079254,252442517,EVT-HC-HAND-300,NOT_AVAILABLE,NOT_AVAILABLE,-4.2,RUB,/v1/finance/accrual/by-day,raw/backfill_v1/finance/accrual_by_day_20260608.json
2026-06-08,53327120510,32,Логистика,POSTING,24170025-0422-1,posting_number,24170025-0422-1,1997079254,252442517,EVT-HC-HAND-300,NOT_AVAILABLE,NOT_AVAILABLE,-81.0,RUB,/v1/finance/accrual/by-day,raw/backfill_v1/finance/accrual_by_day_20260608.json
2026-06-08,53327120510,29,Доставка до места выдачи,POSTING,24170025-0422-1,posting_number,24170025-0422-1,1997079254,252442517,EVT-HC-HAND-300,NOT_AVAILABLE,NOT_AVAILABLE,-7.77,RUB,/v1/finance/accrual/by-day,raw/backfill_v1/finance/accrual_by_day_20260608.json
2026-06-08,53346151024,1,Эквайринг,ITEM,0141357579-0128,order_or_item_ref,,3733947454,909951444,EVT-SET-ACNE-POWDER-SERUM-CREAM,NOT_AVAILABLE,NOT_AVAILABLE,-13.55,RUB,/v1/finance/accrual/by-day,raw/backfill_v1/finance/accrual_by_day_20260608.json
2026-06-08,53351448875,41,Оплата за клик,NON_ITEM,27443733,campaign_id,,,,,NOT_AVAILABLE,NOT_AVAILABLE,-131.2,RUB,/v1/finance/accrual/by-day,raw/backfill_v1/finance/accrual_by_day_20260608.json
2026-06-08,53351470886,41,Оплата за клик,NON_ITEM,27307535,campaign_id,,,,,NOT_AVAILABLE,NOT_AVAILABLE,-61.93,RUB,/v1/finance/accrual/by-day,raw/backfill_v1/finance/accrual_by_day_20260608.json
2026-06-08,53351472822,41,Оплата за клик,NON_ITEM,27307598,campaign_id,,,,,NOT_AVAILABLE,NOT_AVAILABLE,-28.47,RUB,/v1/finance/accrual/by-day,raw/backfill_v1/finance/accrual_by_day_20260608.json
2026-06-08,53351491660,41,Оплата за клик,NON_ITEM,27251978,campaign_id,,,,,NOT_AVAILABLE,NOT_AVAILABLE,-84.95,RUB,/v1/finance/accrual/by-day,raw/backfill_v1/finance/accrual_by_day_20260608.json
2026-06-08,53352502291,54,Продвижение товара,NON_ITEM,14503166,campaign_id,,,,,NOT_AVAILABLE,NOT_AVAILABLE,-168.0,RUB,/v1/finance/accrual/by-day,raw/backfill_v1/finance/accrual_by_day_20260608.json
2026-06-09,53349908415,76,Страхование товара от массовых повреждений,NON_ITEM,,order_or_item_ref,,,,,NOT_AVAILABLE,NOT_AVAILABLE,-11.21,RUB,/v1/finance/accrual/by-day,raw/backfill_v1/finance/accrual_by_day_20260609.json
2026-06-09,53360916316,32,Логистика,POSTING,73422757-0007-9,posting_number,73422757-0007-9,3735674506,910584041,EVT-SET-TON-SER-CREAM-ACNE,NOT_AVAILABLE,NOT_AVAILABLE,-102.0,RUB,/v1/finance/accrual/by-day,raw/backfill_v1/finance/accrual_by_day_20260609.json
2026-06-09,53360916316,29,Доставка до места выдачи,POSTING,73422757-0007-9,posting_number,73422757-0007-9,3735674506,910584041,EVT-SET-TON-SER-CREAM-ACNE,NOT_AVAILABLE,NOT_AVAILABLE,-1.41,RUB,/v1/finance/accrual/by-day,raw/backfill_v1/finance/accrual_by_day_20260609.json
2026-06-09,53365525756,32,Логистика,POSTING,38015375-0119-3,posting_number,38015375-0119-3,3735674506,910584041,EVT-SET-TON-SER-CREAM-ACNE,NOT_AVAILABLE,NOT_AVAILABLE,-77.0,RUB,/v1/finance/accrual/by-day,raw/backfill_v1/finance/accrual_by_day_20260609.json
2026-06-09,53365525756,29,Доставка до места выдачи,POSTING,38015375-0119-3,posting_number,38015375-0119-3,3735674506,910584041,EVT-SET-TON-SER-CREAM-ACNE,NOT_AVAILABLE,NOT_AVAILABLE,-6.55,RUB,/v1/finance/accrual/by-day,raw/backfill_v1/finance/accrual_by_day_20260609.json
2026-06-09,53365537748,32,Логистика,POSTING,38015375-0119-1,posting_number,38015375-0119-1,3735674506,910584041,EVT-SET-TON-SER-CREAM-ACNE,NOT_AVAILABLE,NOT_AVAILABLE,-77.0,RUB,/v1/finance/accrual/by-day,raw/backfill_v1/finance/accrual_by_day_20260609.json
2026-06-09,53365537748,29,Доставка до места выдачи,POSTING,38015375-0119-1,posting_number,38015375-0119-1,3735674506,910584041,EVT-SET-TON-SER-CREAM-ACNE,NOT_AVAILABLE,NOT_AVAILABLE,-6.55,RUB,/v1/finance/accrual/by-day,raw/backfill_v1/finance/accrual_by_day_20260609.json
2026-06-09,53367036450,1,Эквайринг,ITEM,38015375-0119-1,order_or_item_ref,,3735674506,910584041,EVT-SET-TON-SER-CREAM-ACNE,NOT_AVAILABLE,NOT_AVAILABLE,-16.96,RUB,/v1/finance/accrual/by-day,raw/backfill_v1/finance/accrual_by_day_20260609.json
2026-06-09,53367036453,1,Эквайринг,ITEM,38015375-0119-3,order_or_item_ref,,3735674506,910584041,EVT-SET-TON-SER-CREAM-ACNE,NOT_AVAILABLE,NOT_AVAILABLE,-16.96,RUB,/v1/finance/accrual/by-day,raw/backfill_v1/finance/accrual_by_day_20260609.json
2026-06-09,53373125670,1,Эквайринг,ITEM,0246026298-0009,order_or_item_ref,,3735674506,910584041,EVT-SET-TON-SER-CREAM-ACNE,NOT_AVAILABLE,NOT_AVAILABLE,-4.25,RUB,/v1/finance/accrual/by-day,raw/backfill_v1/finance/accrual_by_day_20260609.json
2026-06-09,53393012006,32,Логистика,POSTING,29029680-2589-1,posting_number,29029680-2589-1,3530427102,535581675,EVT-FT-ACNE-150,NOT_AVAILABLE,NOT_AVAILABLE,-66.0,RUB,/v1/finance/accrual/by-day,raw/backfill_v1/finance/accrual_by_day_20260609.json
2026-06-09,53393012006,29,Доставка до места выдачи,POSTING,29029680-2589-1,posting_number,29029680-2589-1,3530427102,535581675,EVT-FT-ACNE-150,NOT_AVAILABLE,NOT_AVAILABLE,-11.52,RUB,/v1/finance/accrual/by-day,raw/backfill_v1/finance/accrual_by_day_20260609.json
2026-06-09,53432596150,41,Оплата за клик,NON_ITEM,27443733,campaign_id,,,,,NOT_AVAILABLE,NOT_AVAILABLE,-159.4,RUB,/v1/finance/accrual/by-day,raw/backfill_v1/finance/accrual_by_day_20260609.json
2026-06-09,53432634820,41,Оплата за клик,NON_ITEM,27307598,campaign_id,,,,,NOT_AVAILABLE,NOT_AVAILABLE,-19.84,RUB,/v1/finance/accrual/by-day,raw/backfill_v1/finance/accrual_by_day_20260609.json
2026-06-09,53432647093,41,Оплата за клик,NON_ITEM,27307535,campaign_id,,,,,NOT_AVAILABLE,NOT_AVAILABLE,-58.95,RUB,/v1/finance/accrual/by-day,raw/backfill_v1/finance/accrual_by_day_20260609.json
2026-06-09,53432648921,41,Оплата за клик,NON_ITEM,27251978,campaign_id,,,,,NOT_AVAILABLE,NOT_AVAILABLE,-111.13,RUB,/v1/finance/accrual/by-day,raw/backfill_v1/finance/accrual_by_day_20260609.json
2026-06-09,53433812698,54,Продвижение товара,NON_ITEM,14503166,campaign_id,,,,,NOT_AVAILABLE,NOT_AVAILABLE,-163.0,RUB,/v1/finance/accrual/by-day,raw/backfill_v1/finance/accrual_by_day_20260609.json
2026-06-10,53430969484,76,Страхование товара от массовых повреждений,NON_ITEM,,order_or_item_ref,,,,,NOT_AVAILABLE,NOT_AVAILABLE,-10.81,RUB,/v1/finance/accrual/by-day,raw/backfill_v1/finance/accrual_by_day_20260610.json
2026-06-10,53489672025,32,Логистика,POSTING,0141357579-0128-1,posting_number,0141357579-0128-1,3733947454,909951444,EVT-SET-ACNE-POWDER-SERUM-CREAM,NOT_AVAILABLE,NOT_AVAILABLE,-81.0,RUB,/v1/finance/accrual/by-day,raw/backfill_v1/finance/accrual_by_day_20260610.json
2026-06-10,53489672025,98,Доставка до места выдачи силами Ozon,POSTING,0141357579-0128-1,posting_number,0141357579-0128-1,3733947454,909951444,EVT-SET-ACNE-POWDER-SERUM-CREAM,NOT_AVAILABLE,NOT_AVAILABLE,-25.0,RUB,/v1/finance/accrual/by-day,raw/backfill_v1/finance/accrual_by_day_20260610.json
2026-06-10,53506741476,32,Логистика,POSTING,30264772-0295-1,posting_number,30264772-0295-1,1997079254,252442517,EVT-HC-HAND-300,NOT_AVAILABLE,NOT_AVAILABLE,-77.0,RUB,/v1/finance/accrual/by-day,raw/backfill_v1/finance/accrual_by_day_20260610.json
2026-06-10,53506741476,29,Доставка до места выдачи,POSTING,30264772-0295-1,posting_number,30264772-0295-1,1997079254,252442517,EVT-HC-HAND-300,NOT_AVAILABLE,NOT_AVAILABLE,-11.26,RUB,/v1/finance/accrual/by-day,raw/backfill_v1/finance/accrual_by_day_20260610.json
2026-06-10,53517597279,41,Оплата за клик,NON_ITEM,27443733,campaign_id,,,,,NOT_AVAILABLE,NOT_AVAILABLE,-264.54,RUB,/v1/finance/accrual/by-day,raw/backfill_v1/finance/accrual_by_day_20260610.json
2026-06-10,53517653708,41,Оплата за клик,NON_ITEM,27307598,campaign_id,,,,,NOT_AVAILABLE,NOT_AVAILABLE,-32.29,RUB,/v1/finance/accrual/by-day,raw/backfill_v1/finance/accrual_by_day_20260610.json
2026-06-10,53517653710,41,Оплата за клик,NON_ITEM,27307535,campaign_id,,,,,NOT_AVAILABLE,NOT_AVAILABLE,-102.7,RUB,/v1/finance/accrual/by-day,raw/backfill_v1/finance/accrual_by_day_20260610.json
2026-06-10,53517661273,41,Оплата за клик,NON_ITEM,27251978,campaign_id,,,,,NOT_AVAILABLE,NOT_AVAILABLE,-49.79,RUB,/v1/finance/accrual/by-day,raw/backfill_v1/finance/accrual_by_day_20260610.json
2026-06-11,53515540907,76,Страхование товара от массовых повреждений,NON_ITEM,,order_or_item_ref,,,,,NOT_AVAILABLE,NOT_AVAILABLE,-11.13,RUB,/v1/finance/accrual/by-day,raw/backfill_v1/finance/accrual_by_day_20260611.json
2026-06-11,53550652349,32,Логистика,POSTING,44126155-0052-1,posting_number,44126155-0052-1,1997079254,252442517,EVT-HC-HAND-300,NOT_AVAILABLE,NOT_AVAILABLE,-75.0,RUB,/v1/finance/accrual/by-day,raw/backfill_v1/finance/accrual_by_day_20260611.json
2026-06-11,53550652349,29,Доставка до места выдачи,POSTING,44126155-0052-1,posting_number,44126155-0052-1,1997079254,252442517,EVT-HC-HAND-300,NOT_AVAILABLE,NOT_AVAILABLE,-14.93,RUB,/v1/finance/accrual/by-day,raw/backfill_v1/finance/accrual_by_day_20260611.json
2026-06-11,53552490897,1,Эквайринг,ITEM,44126155-0052-1,order_or_item_ref,,1997079254,252442517,EVT-HC-HAND-300,NOT_AVAILABLE,NOT_AVAILABLE,-3.89,RUB,/v1/finance/accrual/by-day,raw/backfill_v1/finance/accrual_by_day_20260611.json
2026-06-11,53559068741,1,Эквайринг,ITEM,0209664376-0120,order_or_item_ref,,3530427102,535581675,EVT-FT-ACNE-150,NOT_AVAILABLE,NOT_AVAILABLE,-2.6,RUB,/v1/finance/accrual/by-day,raw/backfill_v1/finance/accrual_by_day_20260611.json
2026-06-11,53571046698,32,Логистика,POSTING,0186007139-0216-1,posting_number,0186007139-0216-1,3530427102,535581675,EVT-FT-ACNE-150,NOT_AVAILABLE,NOT_AVAILABLE,-66.0,RUB,/v1/finance/accrual/by-day,raw/backfill_v1/finance/accrual_by_day_20260611.json
2026-06-11,53571046698,29,Доставка до места выдачи,POSTING,0186007139-0216-1,posting_number,0186007139-0216-1,3530427102,535581675,EVT-FT-ACNE-150,NOT_AVAILABLE,NOT_AVAILABLE,-5.89,RUB,/v1/finance/accrual/by-day,raw/backfill_v1/finance/accrual_by_day_20260611.json
2026-06-11,53573834757,1,Эквайринг,ITEM,0186007139-0216-1,order_or_item_ref,,3530427102,535581675,EVT-FT-ACNE-150,NOT_AVAILABLE,NOT_AVAILABLE,-6.15,RUB,/v1/finance/accrual/by-day,raw/backfill_v1/finance/accrual_by_day_20260611.json
2026-06-11,53591190569,32,Логистика,POSTING,0126527861-0417-1,posting_number,0126527861-0417-1,1997079254,252442517,EVT-HC-HAND-300,NOT_AVAILABLE,NOT_AVAILABLE,-76.0,RUB,/v1/finance/accrual/by-day,raw/backfill_v1/finance/accrual_by_day_20260611.json
2026-06-11,53591190570,59,Обратная логистика,POSTING,0126527861-0417-1,posting_number,0126527861-0417-1,1997079254,252442517,EVT-HC-HAND-300,NOT_AVAILABLE,NOT_AVAILABLE,-67.0,RUB,/v1/finance/accrual/by-day,raw/backfill_v1/finance/accrual_by_day_20260611.json
2026-06-11,53602922642,41,Оплата за клик,NON_ITEM,27443733,campaign_id,,,,,NOT_AVAILABLE,NOT_AVAILABLE,-207.12,RUB,/v1/finance/accrual/by-day,raw/backfill_v1/finance/accrual_by_day_20260611.json
2026-06-11,53602971343,41,Оплата за клик,NON_ITEM,27307598,campaign_id,,,,,NOT_AVAILABLE,NOT_AVAILABLE,-29.68,RUB,/v1/finance/accrual/by-day,raw/backfill_v1/finance/accrual_by_day_20260611.json
2026-06-11,53602971348,41,Оплата за клик,NON_ITEM,27307535,campaign_id,,,,,NOT_AVAILABLE,NOT_AVAILABLE,-91.9,RUB,/v1/finance/accrual/by-day,raw/backfill_v1/finance/accrual_by_day_20260611.json
2026-06-11,53602991582,41,Оплата за клик,NON_ITEM,27251978,campaign_id,,,,,NOT_AVAILABLE,NOT_AVAILABLE,-81.83,RUB,/v1/finance/accrual/by-day,raw/backfill_v1/finance/accrual_by_day_20260611.json
2026-06-12,53601158358,76,Страхование товара от массовых повреждений,NON_ITEM,,order_or_item_ref,,,,,NOT_AVAILABLE,NOT_AVAILABLE,-11.04,RUB,/v1/finance/accrual/by-day,raw/backfill_v1/finance/accrual_by_day_20260612.json
2026-06-12,53616875892,1,Эквайринг,ITEM,0132332862-1284,order_or_item_ref,,3733947454,909951444,EVT-SET-ACNE-POWDER-SERUM-CREAM,NOT_AVAILABLE,NOT_AVAILABLE,-13.75,RUB,/v1/finance/accrual/by-day,raw/backfill_v1/finance/accrual_by_day_20260612.json
2026-06-12,53617031147,32,Логистика,POSTING,0246026298-0009-1,posting_number,0246026298-0009-1,3735674506,910584041,EVT-SET-TON-SER-CREAM-ACNE,NOT_AVAILABLE,NOT_AVAILABLE,-70.0,RUB,/v1/finance/accrual/by-day,raw/backfill_v1/finance/accrual_by_day_20260612.json
2026-06-12,53617031147,29,Доставка до места выдачи,POSTING,0246026298-0009-1,posting_number,0246026298-0009-1,3735674506,910584041,EVT-SET-TON-SER-CREAM-ACNE,NOT_AVAILABLE,NOT_AVAILABLE,-15.28,RUB,/v1/finance/accrual/by-day,raw/backfill_v1/finance/accrual_by_day_20260612.json
2026-06-12,53621755980,32,Логистика,POSTING,78598856-0564-1,posting_number,78598856-0564-1,1997079254,252442517,EVT-HC-HAND-300,NOT_AVAILABLE,NOT_AVAILABLE,-92.0,RUB,/v1/finance/accrual/by-day,raw/backfill_v1/finance/accrual_by_day_20260612.json
2026-06-12,53621755980,98,Доставка до места выдачи силами Ozon,POSTING,78598856-0564-1,posting_number,78598856-0564-1,1997079254,252442517,EVT-HC-HAND-300,NOT_AVAILABLE,NOT_AVAILABLE,-25.0,RUB,/v1/finance/accrual/by-day,raw/backfill_v1/finance/accrual_by_day_20260612.json
2026-06-12,53672081582,1,Эквайринг,ITEM,0132332862-1286,order_or_item_ref,,3733947454,909951444,EVT-SET-ACNE-POWDER-SERUM-CREAM,NOT_AVAILABLE,NOT_AVAILABLE,-12.54,RUB,/v1/finance/accrual/by-day,raw/backfill_v1/finance/accrual_by_day_20260612.json
2026-06-12,53672371850,1,Эквайринг,ITEM,0132332862-1284,order_or_item_ref,,3733947454,909951444,EVT-SET-ACNE-POWDER-SERUM-CREAM,NOT_AVAILABLE,NOT_AVAILABLE,13.75,RUB,/v1/finance/accrual/by-day,raw/backfill_v1/finance/accrual_by_day_20260612.json
2026-06-12,53677788917,41,Оплата за клик,NON_ITEM,27443733,campaign_id,,,,,NOT_AVAILABLE,NOT_AVAILABLE,-331.8,RUB,/v1/finance/accrual/by-day,raw/backfill_v1/finance/accrual_by_day_20260612.json
2026-06-12,53677817141,41,Оплата за клик,NON_ITEM,27307598,campaign_id,,,,,NOT_AVAILABLE,NOT_AVAILABLE,-10.18,RUB,/v1/finance/accrual/by-day,raw/backfill_v1/finance/accrual_by_day_20260612.json
2026-06-12,53677817144,41,Оплата за клик,NON_ITEM,27307535,campaign_id,,,,,NOT_AVAILABLE,NOT_AVAILABLE,-82.02,RUB,/v1/finance/accrual/by-day,raw/backfill_v1/finance/accrual_by_day_20260612.json
2026-06-12,53677826282,41,Оплата за клик,NON_ITEM,27251978,campaign_id,,,,,NOT_AVAILABLE,NOT_AVAILABLE,-56.39,RUB,/v1/finance/accrual/by-day,raw/backfill_v1/finance/accrual_by_day_20260612.json
2026-06-12,53678865867,54,Продвижение товара,NON_ITEM,14503166,campaign_id,,,,,NOT_AVAILABLE,NOT_AVAILABLE,-360.0,RUB,/v1/finance/accrual/by-day,raw/backfill_v1/finance/accrual_by_day_20260612.json
2026-06-13,53676126970,76,Страхование товара от массовых повреждений,NON_ITEM,,order_or_item_ref,,,,,NOT_AVAILABLE,NOT_AVAILABLE,-10.88,RUB,/v1/finance/accrual/by-day,raw/backfill_v1/finance/accrual_by_day_20260613.json
2026-06-13,53750351823,41,Оплата за клик,NON_ITEM,27443733,campaign_id,,,,,NOT_AVAILABLE,NOT_AVAILABLE,-288.02,RUB,/v1/finance/accrual/by-day,raw/backfill_v1/finance/accrual_by_day_20260613.json
2026-06-13,53750376934,41,Оплата за клик,NON_ITEM,27307598,campaign_id,,,,,NOT_AVAILABLE,NOT_AVAILABLE,-3.89,RUB,/v1/finance/accrual/by-day,raw/backfill_v1/finance/accrual_by_day_20260613.json
2026-06-13,53750376937,41,Оплата за клик,NON_ITEM,27307535,campaign_id,,,,,NOT_AVAILABLE,NOT_AVAILABLE,-130.49,RUB,/v1/finance/accrual/by-day,raw/backfill_v1/finance/accrual_by_day_20260613.json
2026-06-13,53750392969,41,Оплата за клик,NON_ITEM,27251978,campaign_id,,,,,NOT_AVAILABLE,NOT_AVAILABLE,-106.17,RUB,/v1/finance/accrual/by-day,raw/backfill_v1/finance/accrual_by_day_20260613.json
2026-06-14,53748425210,76,Страхование товара от массовых повреждений,NON_ITEM,,order_or_item_ref,,,,,NOT_AVAILABLE,NOT_AVAILABLE,-13.79,RUB,/v1/finance/accrual/by-day,raw/backfill_v1/finance/accrual_by_day_20260614.json
2026-06-14,53789625164,1,Эквайринг,ITEM,0176014466-0010,order_or_item_ref,,3733452761,868597351,EVT-SET-4PC-ACNE,NOT_AVAILABLE,NOT_AVAILABLE,-9.07,RUB,/v1/finance/accrual/by-day,raw/backfill_v1/finance/accrual_by_day_20260614.json
2026-06-14,53826234199,1,Эквайринг,ITEM,0171363501-0093,order_or_item_ref,,3530427102,535581675,EVT-FT-ACNE-150,NOT_AVAILABLE,NOT_AVAILABLE,-6.98,RUB,/v1/finance/accrual/by-day,raw/backfill_v1/finance/accrual_by_day_20260614.json
2026-06-14,53830716947,41,Оплата за клик,NON_ITEM,27443733,campaign_id,,,,,NOT_AVAILABLE,NOT_AVAILABLE,-158.27,RUB,/v1/finance/accrual/by-day,raw/backfill_v1/finance/accrual_by_day_20260614.json
2026-06-14,53830749878,41,Оплата за клик,NON_ITEM,27307535,campaign_id,,,,,NOT_AVAILABLE,NOT_AVAILABLE,-119.88,RUB,/v1/finance/accrual/by-day,raw/backfill_v1/finance/accrual_by_day_20260614.json
2026-06-14,53830765587,41,Оплата за клик,NON_ITEM,27251978,campaign_id,,,,,NOT_AVAILABLE,NOT_AVAILABLE,-79.83,RUB,/v1/finance/accrual/by-day,raw/backfill_v1/finance/accrual_by_day_20260614.json
2026-06-14,53830769090,41,Оплата за клик,NON_ITEM,27307598,campaign_id,,,,,NOT_AVAILABLE,NOT_AVAILABLE,-26.05,RUB,/v1/finance/accrual/by-day,raw/backfill_v1/finance/accrual_by_day_20260614.json
2026-06-15,53828970083,76,Страхование товара от массовых повреждений,NON_ITEM,,order_or_item_ref,,,,,NOT_AVAILABLE,NOT_AVAILABLE,-13.78,RUB,/v1/finance/accrual/by-day,raw/backfill_v1/finance/accrual_by_day_20260615.json
2026-06-15,53844606083,32,Логистика,POSTING,62633370-0178-2,posting_number,62633370-0178-2,3528293526,535581674,EVT-FT-MOIST-150,NOT_AVAILABLE,NOT_AVAILABLE,-68.0,RUB,/v1/finance/accrual/by-day,raw/backfill_v1/finance/accrual_by_day_20260615.json
2026-06-15,53844606084,59,Обратная логистика,POSTING,62633370-0178-2,posting_number,62633370-0178-2,3528293526,535581674,EVT-FT-MOIST-150,NOT_AVAILABLE,NOT_AVAILABLE,-67.0,RUB,/v1/finance/accrual/by-day,raw/backfill_v1/finance/accrual_by_day_20260615.json
2026-06-15,53844697769,29,Доставка до места выдачи,POSTING,62633370-0178-2,posting_number,62633370-0178-2,3528293526,535581674,EVT-FT-MOIST-150,NOT_AVAILABLE,NOT_AVAILABLE,-7.45,RUB,/v1/finance/accrual/by-day,raw/backfill_v1/finance/accrual_by_day_20260615.json
2026-06-15,53844697770,45,"Обработка возвратов, отмен и невыкупов партнёрами",POSTING,62633370-0178-2,posting_number,62633370-0178-2,3528293526,535581674,EVT-FT-MOIST-150,NOT_AVAILABLE,NOT_AVAILABLE,-15.0,RUB,/v1/finance/accrual/by-day,raw/backfill_v1/finance/accrual_by_day_20260615.json
2026-06-15,53857537897,32,Логистика,POSTING,0209664376-0120-1,posting_number,0209664376-0120-1,3530427102,535581675,EVT-FT-ACNE-150,NOT_AVAILABLE,NOT_AVAILABLE,-69.0,RUB,/v1/finance/accrual/by-day,raw/backfill_v1/finance/accrual_by_day_20260615.json
2026-06-15,53857537897,98,Доставка до места выдачи силами Ozon,POSTING,0209664376-0120-1,posting_number,0209664376-0120-1,3530427102,535581675,EVT-FT-ACNE-150,NOT_AVAILABLE,NOT_AVAILABLE,-25.0,RUB,/v1/finance/accrual/by-day,raw/backfill_v1/finance/accrual_by_day_20260615.json
2026-06-15,53866507667,32,Логистика,POSTING,44126155-0059-1,posting_number,44126155-0059-1,3892345516,930334395,EVT-SET-HAND-CHERRY,NOT_AVAILABLE,NOT_AVAILABLE,-98.0,RUB,/v1/finance/accrual/by-day,raw/backfill_v1/finance/accrual_by_day_20260615.json
2026-06-15,53866507667,29,Доставка до места выдачи,POSTING,44126155-0059-1,posting_number,44126155-0059-1,3892345516,930334395,EVT-SET-HAND-CHERRY,NOT_AVAILABLE,NOT_AVAILABLE,-14.87,RUB,/v1/finance/accrual/by-day,raw/backfill_v1/finance/accrual_by_day_20260615.json
2026-06-15,53867838832,1,Эквайринг,ITEM,0209664376-0123,order_or_item_ref,,3732641694,567668635,EVT-SET-SER-CREAM-ACNE,NOT_AVAILABLE,NOT_AVAILABLE,-4.26,RUB,/v1/finance/accrual/by-day,raw/backfill_v1/finance/accrual_by_day_20260615.json
2026-06-15,53868634503,1,Эквайринг,ITEM,44126155-0059-1,order_or_item_ref,,3892345516,930334395,EVT-SET-HAND-CHERRY,NOT_AVAILABLE,NOT_AVAILABLE,-10.59,RUB,/v1/finance/accrual/by-day,raw/backfill_v1/finance/accrual_by_day_20260615.json
2026-06-15,53886716874,32,Логистика,POSTING,0132332862-1286-1,posting_number,0132332862-1286-1,3733947454,909951444,EVT-SET-ACNE-POWDER-SERUM-CREAM,NOT_AVAILABLE,NOT_AVAILABLE,-81.0,RUB,/v1/finance/accrual/by-day,raw/backfill_v1/finance/accrual_by_day_20260615.json
2026-06-15,53886716874,98,Доставка до места выдачи силами Ozon,POSTING,0132332862-1286-1,posting_number,0132332862-1286-1,3733947454,909951444,EVT-SET-ACNE-POWDER-SERUM-CREAM,NOT_AVAILABLE,NOT_AVAILABLE,-25.0,RUB,/v1/finance/accrual/by-day,raw/backfill_v1/finance/accrual_by_day_20260615.json
2026-06-15,53908607874,32,Логистика,POSTING,72942666-1001-1,posting_number,72942666-1001-1,1997079254,252442517,EVT-HC-HAND-300,NOT_AVAILABLE,NOT_AVAILABLE,-92.0,RUB,/v1/finance/accrual/by-day,raw/backfill_v1/finance/accrual_by_day_20260615.json
2026-06-15,53908607874,29,Доставка до места выдачи,POSTING,72942666-1001-1,posting_number,72942666-1001-1,1997079254,252442517,EVT-HC-HAND-300,NOT_AVAILABLE,NOT_AVAILABLE,-7.03,RUB,/v1/finance/accrual/by-day,raw/backfill_v1/finance/accrual_by_day_20260615.json
2026-06-15,53910721831,1,Эквайринг,ITEM,72942666-1001-1,order_or_item_ref,,1997079254,252442517,EVT-HC-HAND-300,NOT_AVAILABLE,NOT_AVAILABLE,-3.89,RUB,/v1/finance/accrual/by-day,raw/backfill_v1/finance/accrual_by_day_20260615.json
2026-06-15,53914556526,1,Эквайринг,ITEM,33084752-0121,order_or_item_ref,,3732641694,567668635,EVT-SET-SER-CREAM-ACNE,NOT_AVAILABLE,NOT_AVAILABLE,-12.26,RUB,/v1/finance/accrual/by-day,raw/backfill_v1/finance/accrual_by_day_20260615.json
2026-06-15,53920979365,41,Оплата за клик,NON_ITEM,27443733,campaign_id,,,,,NOT_AVAILABLE,NOT_AVAILABLE,-137.19,RUB,/v1/finance/accrual/by-day,raw/backfill_v1/finance/accrual_by_day_20260615.json
2026-06-15,53921027759,41,Оплата за клик,NON_ITEM,27307535,campaign_id,,,,,NOT_AVAILABLE,NOT_AVAILABLE,-104.25,RUB,/v1/finance/accrual/by-day,raw/backfill_v1/finance/accrual_by_day_20260615.json
2026-06-15,53921039675,41,Оплата за клик,NON_ITEM,27251978,campaign_id,,,,,NOT_AVAILABLE,NOT_AVAILABLE,-53.92,RUB,/v1/finance/accrual/by-day,raw/backfill_v1/finance/accrual_by_day_20260615.json
2026-06-16,53919219882,76,Страхование товара от массовых повреждений,NON_ITEM,,order_or_item_ref,,,,,NOT_AVAILABLE,NOT_AVAILABLE,-13.36,RUB,/v1/finance/accrual/by-day,raw/backfill_v1/finance/accrual_by_day_20260616.json
2026-06-16,53963832241,32,Логистика,POSTING,33084752-0121-1,posting_number,33084752-0121-1,3732641694,567668635,EVT-SET-SER-CREAM-ACNE,NOT_AVAILABLE,NOT_AVAILABLE,-77.0,RUB,/v1/finance/accrual/by-day,raw/backfill_v1/finance/accrual_by_day_20260616.json
2026-06-16,53963832241,29,Доставка до места выдачи,POSTING,33084752-0121-1,posting_number,33084752-0121-1,3732641694,567668635,EVT-SET-SER-CREAM-ACNE,NOT_AVAILABLE,NOT_AVAILABLE,-7.17,RUB,/v1/finance/accrual/by-day,raw/backfill_v1/finance/accrual_by_day_20260616.json
2026-06-16,53981309274,32,Логистика,POSTING,0132332862-1284-1,posting_number,0132332862-1284-1,3733947454,909951444,EVT-SET-ACNE-POWDER-SERUM-CREAM,NOT_AVAILABLE,NOT_AVAILABLE,-68.0,RUB,/v1/finance/accrual/by-day,raw/backfill_v1/finance/accrual_by_day_20260616.json
2026-06-16,53981309275,59,Обратная логистика,POSTING,0132332862-1284-1,posting_number,0132332862-1284-1,3733947454,909951444,EVT-SET-ACNE-POWDER-SERUM-CREAM,NOT_AVAILABLE,NOT_AVAILABLE,-92.0,RUB,/v1/finance/accrual/by-day,raw/backfill_v1/finance/accrual_by_day_20260616.json
2026-06-16,53982444427,32,Логистика,POSTING,07701255-0521-3,posting_number,07701255-0521-3,3892518031,593111986,EVT-HC-CHERRY-300,NOT_AVAILABLE,NOT_AVAILABLE,-77.0,RUB,/v1/finance/accrual/by-day,raw/backfill_v1/finance/accrual_by_day_20260616.json
2026-06-16,53982444427,29,Доставка до места выдачи,POSTING,07701255-0521-3,posting_number,07701255-0521-3,3892518031,593111986,EVT-HC-CHERRY-300,NOT_AVAILABLE,NOT_AVAILABLE,-9.68,RUB,/v1/finance/accrual/by-day,raw/backfill_v1/finance/accrual_by_day_20260616.json
2026-06-16,53983358273,32,Логистика,POSTING,0179415481-0005-1,posting_number,0179415481-0005-1,3733452761,868597351,EVT-SET-4PC-ACNE,NOT_AVAILABLE,NOT_AVAILABLE,-76.0,RUB,/v1/finance/accrual/by-day,raw/backfill_v1/finance/accrual_by_day_20260616.json
2026-06-16,53983358273,29,Доставка до места выдачи,POSTING,0179415481-0005-1,posting_number,0179415481-0005-1,3733452761,868597351,EVT-SET-4PC-ACNE,NOT_AVAILABLE,NOT_AVAILABLE,-19.64,RUB,/v1/finance/accrual/by-day,raw/backfill_v1/finance/accrual_by_day_20260616.json
2026-06-16,53985059426,1,Эквайринг,ITEM,07701255-0521-3,order_or_item_ref,,3892518031,593111986,EVT-HC-CHERRY-300,NOT_AVAILABLE,NOT_AVAILABLE,-8.95,RUB,/v1/finance/accrual/by-day,raw/backfill_v1/finance/accrual_by_day_20260616.json
2026-06-16,53985832523,1,Эквайринг,ITEM,0179415481-0005-1,order_or_item_ref,,3733452761,868597351,EVT-SET-4PC-ACNE,NOT_AVAILABLE,NOT_AVAILABLE,-20.08,RUB,/v1/finance/accrual/by-day,raw/backfill_v1/finance/accrual_by_day_20260616.json
2026-06-16,54003887532,41,Оплата за клик,NON_ITEM,27443733,campaign_id,,,,,NOT_AVAILABLE,NOT_AVAILABLE,-108.79,RUB,/v1/finance/accrual/by-day,raw/backfill_v1/finance/accrual_by_day_20260616.json
2026-06-16,54003921300,41,Оплата за клик,NON_ITEM,27307598,campaign_id,,,,,NOT_AVAILABLE,NOT_AVAILABLE,-3.18,RUB,/v1/finance/accrual/by-day,raw/backfill_v1/finance/accrual_by_day_20260616.json
2026-06-16,54003921307,41,Оплата за клик,NON_ITEM,27307535,campaign_id,,,,,NOT_AVAILABLE,NOT_AVAILABLE,-78.71,RUB,/v1/finance/accrual/by-day,raw/backfill_v1/finance/accrual_by_day_20260616.json
2026-06-16,54003935762,41,Оплата за клик,NON_ITEM,27251978,campaign_id,,,,,NOT_AVAILABLE,NOT_AVAILABLE,-40.89,RUB,/v1/finance/accrual/by-day,raw/backfill_v1/finance/accrual_by_day_20260616.json
2026-06-16,54005039294,54,Продвижение товара,NON_ITEM,14503166,campaign_id,,,,,NOT_AVAILABLE,NOT_AVAILABLE,-105.0,RUB,/v1/finance/accrual/by-day,raw/backfill_v1/finance/accrual_by_day_20260616.json
2026-06-17,54004836621,76,Страхование товара от массовых повреждений,NON_ITEM,,order_or_item_ref,,,,,NOT_AVAILABLE,NOT_AVAILABLE,-12.95,RUB,/v1/finance/accrual/by-day,raw/backfill_v1/finance/accrual_by_day_20260617.json
2026-06-17,54042692307,32,Логистика,POSTING,0187365339-0020-1,posting_number,0187365339-0020-1,3733452761,868597351,EVT-SET-4PC-ACNE,NOT_AVAILABLE,NOT_AVAILABLE,-81.0,RUB,/v1/finance/accrual/by-day,raw/backfill_v1/finance/accrual_by_day_20260617.json
2026-06-17,54042692307,29,Доставка до места выдачи,POSTING,0187365339-0020-1,posting_number,0187365339-0020-1,3733452761,868597351,EVT-SET-4PC-ACNE,NOT_AVAILABLE,NOT_AVAILABLE,-13.44,RUB,/v1/finance/accrual/by-day,raw/backfill_v1/finance/accrual_by_day_20260617.json
2026-06-17,54044913730,1,Эквайринг,ITEM,0187365339-0020-1,order_or_item_ref,,3733452761,868597351,EVT-SET-4PC-ACNE,NOT_AVAILABLE,NOT_AVAILABLE,-8.15,RUB,/v1/finance/accrual/by-day,raw/backfill_v1/finance/accrual_by_day_20260617.json
2026-06-17,54076899174,32,Логистика,POSTING,74198206-0083-1,posting_number,74198206-0083-1,1997079254,252442517,EVT-HC-HAND-300,NOT_AVAILABLE,NOT_AVAILABLE,-81.0,RUB,/v1/finance/accrual/by-day,raw/backfill_v1/finance/accrual_by_day_20260617.json
2026-06-17,54076899174,29,Доставка до места выдачи,POSTING,74198206-0083-1,posting_number,74198206-0083-1,1997079254,252442517,EVT-HC-HAND-300,NOT_AVAILABLE,NOT_AVAILABLE,-10.76,RUB,/v1/finance/accrual/by-day,raw/backfill_v1/finance/accrual_by_day_20260617.json
2026-06-17,54078586134,1,Эквайринг,ITEM,74198206-0083-1,order_or_item_ref,,1997079254,252442517,EVT-HC-HAND-300,NOT_AVAILABLE,NOT_AVAILABLE,-4.7,RUB,/v1/finance/accrual/by-day,raw/backfill_v1/finance/accrual_by_day_20260617.json
2026-06-17,54085823339,41,Оплата за клик,NON_ITEM,27443733,campaign_id,,,,,NOT_AVAILABLE,NOT_AVAILABLE,-161.71,RUB,/v1/finance/accrual/by-day,raw/backfill_v1/finance/accrual_by_day_20260617.json
2026-06-17,54085858117,41,Оплата за клик,NON_ITEM,27307598,campaign_id,,,,,NOT_AVAILABLE,NOT_AVAILABLE,-28.02,RUB,/v1/finance/accrual/by-day,raw/backfill_v1/finance/accrual_by_day_20260617.json
2026-06-17,54085860846,41,Оплата за клик,NON_ITEM,27307535,campaign_id,,,,,NOT_AVAILABLE,NOT_AVAILABLE,-97.75,RUB,/v1/finance/accrual/by-day,raw/backfill_v1/finance/accrual_by_day_20260617.json
2026-06-17,54085873469,41,Оплата за клик,NON_ITEM,27251978,campaign_id,,,,,NOT_AVAILABLE,NOT_AVAILABLE,-41.05,RUB,/v1/finance/accrual/by-day,raw/backfill_v1/finance/accrual_by_day_20260617.json
2026-06-18,54084265986,76,Страхование товара от массовых повреждений,NON_ITEM,,order_or_item_ref,,,,,NOT_AVAILABLE,NOT_AVAILABLE,-12.69,RUB,/v1/finance/accrual/by-day,raw/backfill_v1/finance/accrual_by_day_20260618.json
2026-06-18,54093429461,32,Логистика,POSTING,0176014466-0010-3,posting_number,0176014466-0010-3,3733452761,868597351,EVT-SET-4PC-ACNE,NOT_AVAILABLE,NOT_AVAILABLE,-81.0,RUB,/v1/finance/accrual/by-day,raw/backfill_v1/finance/accrual_by_day_20260618.json
2026-06-18,54093429461,29,Доставка до места выдачи,POSTING,0176014466-0010-3,posting_number,0176014466-0010-3,3733452761,868597351,EVT-SET-4PC-ACNE,NOT_AVAILABLE,NOT_AVAILABLE,-7.86,RUB,/v1/finance/accrual/by-day,raw/backfill_v1/finance/accrual_by_day_20260618.json
2026-06-18,54169289514,41,Оплата за клик,NON_ITEM,27307535,campaign_id,,,,,NOT_AVAILABLE,NOT_AVAILABLE,-50.22,RUB,/v1/finance/accrual/by-day,raw/backfill_v1/finance/accrual_by_day_20260618.json
2026-06-18,54169289515,41,Оплата за клик,NON_ITEM,27307598,campaign_id,,,,,NOT_AVAILABLE,NOT_AVAILABLE,-40.64,RUB,/v1/finance/accrual/by-day,raw/backfill_v1/finance/accrual_by_day_20260618.json
2026-06-18,54169329869,41,Оплата за клик,NON_ITEM,27251978,campaign_id,,,,,NOT_AVAILABLE,NOT_AVAILABLE,-25.52,RUB,/v1/finance/accrual/by-day,raw/backfill_v1/finance/accrual_by_day_20260618.json
2026-06-18,54169329870,41,Оплата за клик,NON_ITEM,27443733,campaign_id,,,,,NOT_AVAILABLE,NOT_AVAILABLE,-174.14,RUB,/v1/finance/accrual/by-day,raw/backfill_v1/finance/accrual_by_day_20260618.json
2026-06-19,54167175151,76,Страхование товара от массовых повреждений,NON_ITEM,,order_or_item_ref,,,,,NOT_AVAILABLE,NOT_AVAILABLE,-12.46,RUB,/v1/finance/accrual/by-day,raw/backfill_v1/finance/accrual_by_day_20260619.json
2026-06-19,54222501160,32,Логистика,POSTING,0209664376-0123-1,posting_number,0209664376-0123-1,3732641694,567668635,EVT-SET-SER-CREAM-ACNE,NOT_AVAILABLE,NOT_AVAILABLE,-81.0,RUB,/v1/finance/accrual/by-day,raw/backfill_v1/finance/accrual_by_day_20260619.json
2026-06-19,54222501160,98,Доставка до места выдачи силами Ozon,POSTING,0209664376-0123-1,posting_number,0209664376-0123-1,3732641694,567668635,EVT-SET-SER-CREAM-ACNE,NOT_AVAILABLE,NOT_AVAILABLE,-25.0,RUB,/v1/finance/accrual/by-day,raw/backfill_v1/finance/accrual_by_day_20260619.json
2026-06-19,54252426033,41,Оплата за клик,NON_ITEM,27307535,campaign_id,,,,,NOT_AVAILABLE,NOT_AVAILABLE,-37.88,RUB,/v1/finance/accrual/by-day,raw/backfill_v1/finance/accrual_by_day_20260619.json
2026-06-19,54252426300,41,Оплата за клик,NON_ITEM,27443733,campaign_id,,,,,NOT_AVAILABLE,NOT_AVAILABLE,-123.54,RUB,/v1/finance/accrual/by-day,raw/backfill_v1/finance/accrual_by_day_20260619.json
2026-06-19,54252433750,41,Оплата за клик,NON_ITEM,27251978,campaign_id,,,,,NOT_AVAILABLE,NOT_AVAILABLE,-55.49,RUB,/v1/finance/accrual/by-day,raw/backfill_v1/finance/accrual_by_day_20260619.json
2026-06-19,54252458509,41,Оплата за клик,NON_ITEM,27307598,campaign_id,,,,,NOT_AVAILABLE,NOT_AVAILABLE,-32.06,RUB,/v1/finance/accrual/by-day,raw/backfill_v1/finance/accrual_by_day_20260619.json
2026-06-20,54250748755,76,Страхование товара от массовых повреждений,NON_ITEM,,order_or_item_ref,,,,,NOT_AVAILABLE,NOT_AVAILABLE,-12.35,RUB,/v1/finance/accrual/by-day,raw/backfill_v1/finance/accrual_by_day_20260620.json
2026-06-20,54255545393,32,Логистика,POSTING,50464486-0153-1,posting_number,50464486-0153-1,3892345516,930334395,EVT-SET-HAND-CHERRY,NOT_AVAILABLE,NOT_AVAILABLE,-103.0,RUB,/v1/finance/accrual/by-day,raw/backfill_v1/finance/accrual_by_day_20260620.json
2026-06-20,54255545393,29,Доставка до места выдачи,POSTING,50464486-0153-1,posting_number,50464486-0153-1,3892345516,930334395,EVT-SET-HAND-CHERRY,NOT_AVAILABLE,NOT_AVAILABLE,-6.81,RUB,/v1/finance/accrual/by-day,raw/backfill_v1/finance/accrual_by_day_20260620.json
2026-06-20,54255982130,1,Эквайринг,ITEM,50464486-0153-1,order_or_item_ref,,3892345516,930334395,EVT-SET-HAND-CHERRY,NOT_AVAILABLE,NOT_AVAILABLE,-10.24,RUB,/v1/finance/accrual/by-day,raw/backfill_v1/finance/accrual_by_day_20260620.json
2026-06-20,54267611008,1,Эквайринг,ITEM,49066688-0408,order_or_item_ref,,3735674506,910584041,EVT-SET-TON-SER-CREAM-ACNE,NOT_AVAILABLE,NOT_AVAILABLE,-20.83,RUB,/v1/finance/accrual/by-day,raw/backfill_v1/finance/accrual_by_day_20260620.json
2026-06-20,54297513649,32,Логистика,POSTING,0144805755-0262-1,posting_number,0144805755-0262-1,3530427102,535581675,EVT-FT-ACNE-150,NOT_AVAILABLE,NOT_AVAILABLE,-70.0,RUB,/v1/finance/accrual/by-day,raw/backfill_v1/finance/accrual_by_day_20260620.json
2026-06-20,54297513649,98,Доставка до места выдачи силами Ozon,POSTING,0144805755-0262-1,posting_number,0144805755-0262-1,3530427102,535581675,EVT-FT-ACNE-150,NOT_AVAILABLE,NOT_AVAILABLE,-25.0,RUB,/v1/finance/accrual/by-day,raw/backfill_v1/finance/accrual_by_day_20260620.json
2026-06-20,54318262925,1,Эквайринг,ITEM,41529303-0218,order_or_item_ref,,3892345516,930334395,EVT-SET-HAND-CHERRY,NOT_AVAILABLE,NOT_AVAILABLE,-14.44,RUB,/v1/finance/accrual/by-day,raw/backfill_v1/finance/accrual_by_day_20260620.json
2026-06-20,54362742013,41,Оплата за клик,NON_ITEM,27443733,campaign_id,,,,,NOT_AVAILABLE,NOT_AVAILABLE,-127.92,RUB,/v1/finance/accrual/by-day,raw/backfill_v1/finance/accrual_by_day_20260620.json
2026-06-20,54362835627,41,Оплата за клик,NON_ITEM,27307535,campaign_id,,,,,NOT_AVAILABLE,NOT_AVAILABLE,-29.22,RUB,/v1/finance/accrual/by-day,raw/backfill_v1/finance/accrual_by_day_20260620.json
2026-06-20,54362836904,41,Оплата за клик,NON_ITEM,27307598,campaign_id,,,,,NOT_AVAILABLE,NOT_AVAILABLE,-16.58,RUB,/v1/finance/accrual/by-day,raw/backfill_v1/finance/accrual_by_day_20260620.json
2026-06-20,54362864461,41,Оплата за клик,NON_ITEM,27251978,campaign_id,,,,,NOT_AVAILABLE,NOT_AVAILABLE,-77.13,RUB,/v1/finance/accrual/by-day,raw/backfill_v1/finance/accrual_by_day_20260620.json
2026-06-21,54324365921,76,Страхование товара от массовых повреждений,NON_ITEM,,order_or_item_ref,,,,,NOT_AVAILABLE,NOT_AVAILABLE,-12.18,RUB,/v1/finance/accrual/by-day,raw/backfill_v1/finance/accrual_by_day_20260621.json
2026-06-21,54403569711,41,Оплата за клик,NON_ITEM,27443733,campaign_id,,,,,NOT_AVAILABLE,NOT_AVAILABLE,-168.06,RUB,/v1/finance/accrual/by-day,raw/backfill_v1/finance/accrual_by_day_20260621.json
2026-06-21,54403599906,41,Оплата за клик,NON_ITEM,27307535,campaign_id,,,,,NOT_AVAILABLE,NOT_AVAILABLE,-55.33,RUB,/v1/finance/accrual/by-day,raw/backfill_v1/finance/accrual_by_day_20260621.json
2026-06-21,54403607680,41,Оплата за клик,NON_ITEM,27251978,campaign_id,,,,,NOT_AVAILABLE,NOT_AVAILABLE,-40.89,RUB,/v1/finance/accrual/by-day,raw/backfill_v1/finance/accrual_by_day_20260621.json
2026-06-21,54403619632,41,Оплата за клик,NON_ITEM,27307598,campaign_id,,,,,NOT_AVAILABLE,NOT_AVAILABLE,-35.72,RUB,/v1/finance/accrual/by-day,raw/backfill_v1/finance/accrual_by_day_20260621.json
2026-06-22,54402169296,76,Страхование товара от массовых повреждений,NON_ITEM,,order_or_item_ref,,,,,NOT_AVAILABLE,NOT_AVAILABLE,-11.34,RUB,/v1/finance/accrual/by-day,raw/backfill_v1/finance/accrual_by_day_20260622.json
2026-06-22,54411904414,32,Логистика,POSTING,49066688-0408-2,posting_number,49066688-0408-2,3735674506,910584041,EVT-SET-TON-SER-CREAM-ACNE,NOT_AVAILABLE,NOT_AVAILABLE,-79.0,RUB,/v1/finance/accrual/by-day,raw/backfill_v1/finance/accrual_by_day_20260622.json
2026-06-22,54411904414,29,Доставка до места выдачи,POSTING,49066688-0408-2,posting_number,49066688-0408-2,3735674506,910584041,EVT-SET-TON-SER-CREAM-ACNE,NOT_AVAILABLE,NOT_AVAILABLE,-6.24,RUB,/v1/finance/accrual/by-day,raw/backfill_v1/finance/accrual_by_day_20260622.json
2026-06-22,54499093286,41,Оплата за клик,NON_ITEM,27443733,campaign_id,,,,,NOT_AVAILABLE,NOT_AVAILABLE,-210.81,RUB,/v1/finance/accrual/by-day,raw/backfill_v1/finance/accrual_by_day_20260622.json
2026-06-22,54499159782,41,Оплата за клик,NON_ITEM,27307598,campaign_id,,,,,NOT_AVAILABLE,NOT_AVAILABLE,-40.19,RUB,/v1/finance/accrual/by-day,raw/backfill_v1/finance/accrual_by_day_20260622.json
2026-06-22,54499159807,41,Оплата за клик,NON_ITEM,27307535,campaign_id,,,,,NOT_AVAILABLE,NOT_AVAILABLE,-120.75,RUB,/v1/finance/accrual/by-day,raw/backfill_v1/finance/accrual_by_day_20260622.json
2026-06-22,54499286970,41,Оплата за клик,NON_ITEM,27251978,campaign_id,,,,,NOT_AVAILABLE,NOT_AVAILABLE,-47.58,RUB,/v1/finance/accrual/by-day,raw/backfill_v1/finance/accrual_by_day_20260622.json
2026-06-23,54570440638,41,Оплата за клик,NON_ITEM,27443733,campaign_id,,,,,NOT_AVAILABLE,NOT_AVAILABLE,-110.13,RUB,/v1/finance/accrual/by-day,raw/backfill_v1/finance/accrual_by_day_20260623.json
2026-06-23,54570464193,41,Оплата за клик,NON_ITEM,27307598,campaign_id,,,,,NOT_AVAILABLE,NOT_AVAILABLE,-61.49,RUB,/v1/finance/accrual/by-day,raw/backfill_v1/finance/accrual_by_day_20260623.json
2026-06-23,54570467552,41,Оплата за клик,NON_ITEM,27307535,campaign_id,,,,,NOT_AVAILABLE,NOT_AVAILABLE,-43.12,RUB,/v1/finance/accrual/by-day,raw/backfill_v1/finance/accrual_by_day_20260623.json
2026-06-23,54570471322,41,Оплата за клик,NON_ITEM,27251978,campaign_id,,,,,NOT_AVAILABLE,NOT_AVAILABLE,-32.94,RUB,/v1/finance/accrual/by-day,raw/backfill_v1/finance/accrual_by_day_20260623.json
2026-06-24,54592200013,32,Логистика,POSTING,62125748-0315-2,posting_number,62125748-0315-2,3733452761,868597351,EVT-SET-4PC-ACNE,NOT_AVAILABLE,NOT_AVAILABLE,-82.0,RUB,/v1/finance/accrual/by-day,raw/backfill_v1/finance/accrual_by_day_20260624.json
2026-06-24,54592200013,29,Доставка до места выдачи,POSTING,62125748-0315-2,posting_number,62125748-0315-2,3733452761,868597351,EVT-SET-4PC-ACNE,NOT_AVAILABLE,NOT_AVAILABLE,-6.68,RUB,/v1/finance/accrual/by-day,raw/backfill_v1/finance/accrual_by_day_20260624.json
2026-06-24,54593933022,1,Эквайринг,ITEM,62125748-0315-2,order_or_item_ref,,3733452761,868597351,EVT-SET-4PC-ACNE,NOT_AVAILABLE,NOT_AVAILABLE,-7.72,RUB,/v1/finance/accrual/by-day,raw/backfill_v1/finance/accrual_by_day_20260624.json
2026-06-24,54650868932,41,Оплата за клик,NON_ITEM,27443733,campaign_id,,,,,NOT_AVAILABLE,NOT_AVAILABLE,-317.87,RUB,/v1/finance/accrual/by-day,raw/backfill_v1/finance/accrual_by_day_20260624.json
2026-06-24,54650895272,41,Оплата за клик,NON_ITEM,27307598,campaign_id,,,,,NOT_AVAILABLE,NOT_AVAILABLE,-57.14,RUB,/v1/finance/accrual/by-day,raw/backfill_v1/finance/accrual_by_day_20260624.json
2026-06-24,54650895298,41,Оплата за клик,NON_ITEM,27307535,campaign_id,,,,,NOT_AVAILABLE,NOT_AVAILABLE,-110.94,RUB,/v1/finance/accrual/by-day,raw/backfill_v1/finance/accrual_by_day_20260624.json
2026-06-24,54650902921,41,Оплата за клик,NON_ITEM,27251978,campaign_id,,,,,NOT_AVAILABLE,NOT_AVAILABLE,-109.79,RUB,/v1/finance/accrual/by-day,raw/backfill_v1/finance/accrual_by_day_20260624.json
2026-06-24,54651786080,54,Продвижение товара,NON_ITEM,14503166,campaign_id,,,,,NOT_AVAILABLE,NOT_AVAILABLE,-243.0,RUB,/v1/finance/accrual/by-day,raw/backfill_v1/finance/accrual_by_day_20260624.json
2026-06-25,54649215616,32,Логистика,POSTING,58412720-0566-23,posting_number,58412720-0566-23,3733452761,868597351,EVT-SET-4PC-ACNE,NOT_AVAILABLE,NOT_AVAILABLE,-72.0,RUB,/v1/finance/accrual/by-day,raw/backfill_v1/finance/accrual_by_day_20260625.json
2026-06-25,54649215617,59,Обратная логистика,POSTING,58412720-0566-23,posting_number,58412720-0566-23,3733452761,868597351,EVT-SET-4PC-ACNE,NOT_AVAILABLE,NOT_AVAILABLE,-71.0,RUB,/v1/finance/accrual/by-day,raw/backfill_v1/finance/accrual_by_day_20260625.json
2026-06-25,54649288922,29,Доставка до места выдачи,POSTING,58412720-0566-23,posting_number,58412720-0566-23,3733452761,868597351,EVT-SET-4PC-ACNE,NOT_AVAILABLE,NOT_AVAILABLE,-25.0,RUB,/v1/finance/accrual/by-day,raw/backfill_v1/finance/accrual_by_day_20260625.json
2026-06-25,54668777755,1,Эквайринг,ITEM,0171363501-0093,order_or_item_ref,,3530427102,535581675,EVT-FT-ACNE-150,NOT_AVAILABLE,NOT_AVAILABLE,6.98,RUB,/v1/finance/accrual/by-day,raw/backfill_v1/finance/accrual_by_day_20260625.json
2026-06-25,54675403575,29,Доставка до места выдачи,POSTING,0123162595-0097-1,posting_number,0123162595-0097-1,3733452761,868597351,EVT-SET-4PC-ACNE,NOT_AVAILABLE,NOT_AVAILABLE,-11.74,RUB,/v1/finance/accrual/by-day,raw/backfill_v1/finance/accrual_by_day_20260625.json
2026-06-25,54675508307,32,Логистика,POSTING,0123162595-0097-1,posting_number,0123162595-0097-1,3733452761,868597351,EVT-SET-4PC-ACNE,NOT_AVAILABLE,NOT_AVAILABLE,-78.0,RUB,/v1/finance/accrual/by-day,raw/backfill_v1/finance/accrual_by_day_20260625.json
2026-06-25,54675508308,59,Обратная логистика,POSTING,0123162595-0097-1,posting_number,0123162595-0097-1,3733452761,868597351,EVT-SET-4PC-ACNE,NOT_AVAILABLE,NOT_AVAILABLE,-82.0,RUB,/v1/finance/accrual/by-day,raw/backfill_v1/finance/accrual_by_day_20260625.json
2026-06-25,54705494428,32,Логистика,POSTING,41529303-0218-2,posting_number,41529303-0218-2,3892345516,930334395,EVT-SET-HAND-CHERRY,NOT_AVAILABLE,NOT_AVAILABLE,-92.0,RUB,/v1/finance/accrual/by-day,raw/backfill_v1/finance/accrual_by_day_20260625.json
2026-06-25,54705494428,29,Доставка до места выдачи,POSTING,41529303-0218-2,posting_number,41529303-0218-2,3892345516,930334395,EVT-SET-HAND-CHERRY,NOT_AVAILABLE,NOT_AVAILABLE,-7.85,RUB,/v1/finance/accrual/by-day,raw/backfill_v1/finance/accrual_by_day_20260625.json
2026-06-25,54732481734,41,Оплата за клик,NON_ITEM,27443733,campaign_id,,,,,NOT_AVAILABLE,NOT_AVAILABLE,-244.83,RUB,/v1/finance/accrual/by-day,raw/backfill_v1/finance/accrual_by_day_20260625.json
2026-06-25,54732499705,41,Оплата за клик,NON_ITEM,27307598,campaign_id,,,,,NOT_AVAILABLE,NOT_AVAILABLE,-74.59,RUB,/v1/finance/accrual/by-day,raw/backfill_v1/finance/accrual_by_day_20260625.json
2026-06-25,54732499828,41,Оплата за клик,NON_ITEM,27307535,campaign_id,,,,,NOT_AVAILABLE,NOT_AVAILABLE,-61.09,RUB,/v1/finance/accrual/by-day,raw/backfill_v1/finance/accrual_by_day_20260625.json
2026-06-25,54732510963,41,Оплата за клик,NON_ITEM,27251978,campaign_id,,,,,NOT_AVAILABLE,NOT_AVAILABLE,-131.49,RUB,/v1/finance/accrual/by-day,raw/backfill_v1/finance/accrual_by_day_20260625.json
2026-06-26,54777186161,15,Утилизация,ITEM,30609760625,order_or_item_ref,,3733452761,868597351,EVT-SET-4PC-ACNE,NOT_AVAILABLE,NOT_AVAILABLE,-75.0,RUB,/v1/finance/accrual/by-day,raw/backfill_v1/finance/accrual_by_day_20260626.json
2026-06-26,54785797481,1,Эквайринг,ITEM,33029284-0309,order_or_item_ref,,3735674506,910584041,EVT-SET-TON-SER-CREAM-ACNE,NOT_AVAILABLE,NOT_AVAILABLE,-13.78,RUB,/v1/finance/accrual/by-day,raw/backfill_v1/finance/accrual_by_day_20260626.json
2026-06-26,54798103880,1,Эквайринг,ITEM,0107302388-0044,order_or_item_ref,,3530427102,535581675,EVT-FT-ACNE-150,NOT_AVAILABLE,NOT_AVAILABLE,-2.8,RUB,/v1/finance/accrual/by-day,raw/backfill_v1/finance/accrual_by_day_20260626.json
2026-06-26,54813700662,41,Оплата за клик,NON_ITEM,27307598,campaign_id,,,,,NOT_AVAILABLE,NOT_AVAILABLE,-57.28,RUB,/v1/finance/accrual/by-day,raw/backfill_v1/finance/accrual_by_day_20260626.json
2026-06-26,54813703634,41,Оплата за клик,NON_ITEM,27251978,campaign_id,,,,,NOT_AVAILABLE,NOT_AVAILABLE,-57.67,RUB,/v1/finance/accrual/by-day,raw/backfill_v1/finance/accrual_by_day_20260626.json
2026-06-26,54813703635,41,Оплата за клик,NON_ITEM,27443733,campaign_id,,,,,NOT_AVAILABLE,NOT_AVAILABLE,-122.66,RUB,/v1/finance/accrual/by-day,raw/backfill_v1/finance/accrual_by_day_20260626.json
2026-06-27,54885135608,41,Оплата за клик,NON_ITEM,27443733,campaign_id,,,,,NOT_AVAILABLE,NOT_AVAILABLE,-290.86,RUB,/v1/finance/accrual/by-day,raw/backfill_v1/finance/accrual_by_day_20260627.json
2026-06-27,54885144411,41,Оплата за клик,NON_ITEM,27307598,campaign_id,,,,,NOT_AVAILABLE,NOT_AVAILABLE,-65.3,RUB,/v1/finance/accrual/by-day,raw/backfill_v1/finance/accrual_by_day_20260627.json
2026-06-27,54885154973,41,Оплата за клик,NON_ITEM,27251978,campaign_id,,,,,NOT_AVAILABLE,NOT_AVAILABLE,-69.01,RUB,/v1/finance/accrual/by-day,raw/backfill_v1/finance/accrual_by_day_20260627.json
2026-06-27,54885155886,41,Оплата за клик,NON_ITEM,27307535,campaign_id,,,,,NOT_AVAILABLE,NOT_AVAILABLE,-50.5,RUB,/v1/finance/accrual/by-day,raw/backfill_v1/finance/accrual_by_day_20260627.json
2026-06-28,54882737606,1,Эквайринг,ITEM,33029284-0309,order_or_item_ref,,3735674506,910584041,EVT-SET-TON-SER-CREAM-ACNE,NOT_AVAILABLE,NOT_AVAILABLE,13.78,RUB,/v1/finance/accrual/by-day,raw/backfill_v1/finance/accrual_by_day_20260628.json
2026-06-28,54883892274,29,Доставка до места выдачи,POSTING,0171363501-0093-1,posting_number,0171363501-0093-1,3530427102,535581675,EVT-FT-ACNE-150,NOT_AVAILABLE,NOT_AVAILABLE,-7.62,RUB,/v1/finance/accrual/by-day,raw/backfill_v1/finance/accrual_by_day_20260628.json
2026-06-28,54883897087,32,Логистика,POSTING,0171363501-0093-1,posting_number,0171363501-0093-1,3530427102,535581675,EVT-FT-ACNE-150,NOT_AVAILABLE,NOT_AVAILABLE,-66.0,RUB,/v1/finance/accrual/by-day,raw/backfill_v1/finance/accrual_by_day_20260628.json
2026-06-28,54883897088,59,Обратная логистика,POSTING,0171363501-0093-1,posting_number,0171363501-0093-1,3530427102,535581675,EVT-FT-ACNE-150,NOT_AVAILABLE,NOT_AVAILABLE,-76.0,RUB,/v1/finance/accrual/by-day,raw/backfill_v1/finance/accrual_by_day_20260628.json
2026-06-28,54884107579,29,Доставка до места выдачи,POSTING,0112629679-0143-1,posting_number,0112629679-0143-1,3528293526,535581674,EVT-FT-MOIST-150,NOT_AVAILABLE,NOT_AVAILABLE,-7.76,RUB,/v1/finance/accrual/by-day,raw/backfill_v1/finance/accrual_by_day_20260628.json
2026-06-28,54884107580,45,"Обработка возвратов, отмен и невыкупов партнёрами",POSTING,0112629679-0143-1,posting_number,0112629679-0143-1,3528293526,535581674,EVT-FT-MOIST-150,NOT_AVAILABLE,NOT_AVAILABLE,-15.0,RUB,/v1/finance/accrual/by-day,raw/backfill_v1/finance/accrual_by_day_20260628.json
2026-06-28,54884127377,32,Логистика,POSTING,0112629679-0143-1,posting_number,0112629679-0143-1,3528293526,535581674,EVT-FT-MOIST-150,NOT_AVAILABLE,NOT_AVAILABLE,-64.0,RUB,/v1/finance/accrual/by-day,raw/backfill_v1/finance/accrual_by_day_20260628.json
2026-06-28,54884127378,59,Обратная логистика,POSTING,0112629679-0143-1,posting_number,0112629679-0143-1,3528293526,535581674,EVT-FT-MOIST-150,NOT_AVAILABLE,NOT_AVAILABLE,-64.0,RUB,/v1/finance/accrual/by-day,raw/backfill_v1/finance/accrual_by_day_20260628.json
2026-06-28,54958024886,46,Размещение товаров на складах Ozon,NON_ITEM,,order_or_item_ref,,,,,NOT_AVAILABLE,NOT_AVAILABLE,-1.46,RUB,/v1/finance/accrual/by-day,raw/backfill_v1/finance/accrual_by_day_20260628.json
2026-06-28,54961131708,41,Оплата за клик,NON_ITEM,27443733,campaign_id,,,,,NOT_AVAILABLE,NOT_AVAILABLE,-246.56,RUB,/v1/finance/accrual/by-day,raw/backfill_v1/finance/accrual_by_day_20260628.json
2026-06-28,54961158649,41,Оплата за клик,NON_ITEM,27307535,campaign_id,,,,,NOT_AVAILABLE,NOT_AVAILABLE,-69.92,RUB,/v1/finance/accrual/by-day,raw/backfill_v1/finance/accrual_by_day_20260628.json
2026-06-28,54961161533,41,Оплата за клик,NON_ITEM,27307598,campaign_id,,,,,NOT_AVAILABLE,NOT_AVAILABLE,-64.19,RUB,/v1/finance/accrual/by-day,raw/backfill_v1/finance/accrual_by_day_20260628.json
2026-06-28,54961168128,41,Оплата за клик,NON_ITEM,27251978,campaign_id,,,,,NOT_AVAILABLE,NOT_AVAILABLE,-60.59,RUB,/v1/finance/accrual/by-day,raw/backfill_v1/finance/accrual_by_day_20260628.json
2026-06-29,54959053488,32,Логистика,POSTING,0252895771-0112-1,posting_number,0252895771-0112-1,3530427102,535581675,EVT-FT-ACNE-150,NOT_AVAILABLE,NOT_AVAILABLE,-71.0,RUB,/v1/finance/accrual/by-day,raw/backfill_v1/finance/accrual_by_day_20260629.json
2026-06-29,54959053489,59,Обратная логистика,POSTING,0252895771-0112-1,posting_number,0252895771-0112-1,3530427102,535581675,EVT-FT-ACNE-150,NOT_AVAILABLE,NOT_AVAILABLE,-66.0,RUB,/v1/finance/accrual/by-day,raw/backfill_v1/finance/accrual_by_day_20260629.json
2026-06-29,54959100848,29,Доставка до места выдачи,POSTING,0252895771-0112-1,posting_number,0252895771-0112-1,3530427102,535581675,EVT-FT-ACNE-150,NOT_AVAILABLE,NOT_AVAILABLE,-6.99,RUB,/v1/finance/accrual/by-day,raw/backfill_v1/finance/accrual_by_day_20260629.json
2026-06-29,54959423883,32,Логистика,POSTING,23627169-0299-1,posting_number,23627169-0299-1,1997079254,252442517,EVT-HC-HAND-300,NOT_AVAILABLE,NOT_AVAILABLE,-107.0,RUB,/v1/finance/accrual/by-day,raw/backfill_v1/finance/accrual_by_day_20260629.json
2026-06-29,54959423883,29,Доставка до места выдачи,POSTING,23627169-0299-1,posting_number,23627169-0299-1,1997079254,252442517,EVT-HC-HAND-300,NOT_AVAILABLE,NOT_AVAILABLE,-8.54,RUB,/v1/finance/accrual/by-day,raw/backfill_v1/finance/accrual_by_day_20260629.json
2026-06-29,54959530470,1,Эквайринг,ITEM,23627169-0299-1,order_or_item_ref,,1997079254,252442517,EVT-HC-HAND-300,NOT_AVAILABLE,NOT_AVAILABLE,-3.93,RUB,/v1/finance/accrual/by-day,raw/backfill_v1/finance/accrual_by_day_20260629.json
2026-06-29,54992517893,32,Логистика,POSTING,0133063480-0018-3,posting_number,0133063480-0018-3,3530427102,535581675,EVT-FT-ACNE-150,NOT_AVAILABLE,NOT_AVAILABLE,-66.0,RUB,/v1/finance/accrual/by-day,raw/backfill_v1/finance/accrual_by_day_20260629.json
2026-06-29,54992517893,29,Доставка до места выдачи,POSTING,0133063480-0018-3,posting_number,0133063480-0018-3,3530427102,535581675,EVT-FT-ACNE-150,NOT_AVAILABLE,NOT_AVAILABLE,-9.33,RUB,/v1/finance/accrual/by-day,raw/backfill_v1/finance/accrual_by_day_20260629.json
2026-06-29,54994446280,1,Эквайринг,ITEM,0133063480-0018-3,order_or_item_ref,,3530427102,535581675,EVT-FT-ACNE-150,NOT_AVAILABLE,NOT_AVAILABLE,-5.52,RUB,/v1/finance/accrual/by-day,raw/backfill_v1/finance/accrual_by_day_20260629.json
2026-06-29,54999926024,32,Логистика,POSTING,80979825-0257-1,posting_number,80979825-0257-1,3528293526,535581674,EVT-FT-MOIST-150,NOT_AVAILABLE,NOT_AVAILABLE,-72.0,RUB,/v1/finance/accrual/by-day,raw/backfill_v1/finance/accrual_by_day_20260629.json
2026-06-29,54999926024,29,Доставка до места выдачи,POSTING,80979825-0257-1,posting_number,80979825-0257-1,3528293526,535581674,EVT-FT-MOIST-150,NOT_AVAILABLE,NOT_AVAILABLE,-7.6,RUB,/v1/finance/accrual/by-day,raw/backfill_v1/finance/accrual_by_day_20260629.json
2026-06-29,55002117246,1,Эквайринг,ITEM,80979825-0257-1,order_or_item_ref,,3528293526,535581674,EVT-FT-MOIST-150,NOT_AVAILABLE,NOT_AVAILABLE,-7.04,RUB,/v1/finance/accrual/by-day,raw/backfill_v1/finance/accrual_by_day_20260629.json
2026-06-29,55042698096,46,Размещение товаров на складах Ozon,NON_ITEM,,order_or_item_ref,,,,,NOT_AVAILABLE,NOT_AVAILABLE,-2.18,RUB,/v1/finance/accrual/by-day,raw/backfill_v1/finance/accrual_by_day_20260629.json
2026-06-29,55045680833,41,Оплата за клик,NON_ITEM,27443733,campaign_id,,,,,NOT_AVAILABLE,NOT_AVAILABLE,-286.6,RUB,/v1/finance/accrual/by-day,raw/backfill_v1/finance/accrual_by_day_20260629.json
2026-06-29,55045705908,41,Оплата за клик,NON_ITEM,27307535,campaign_id,,,,,NOT_AVAILABLE,NOT_AVAILABLE,-51.4,RUB,/v1/finance/accrual/by-day,raw/backfill_v1/finance/accrual_by_day_20260629.json
2026-06-29,55045713243,41,Оплата за клик,NON_ITEM,27251978,campaign_id,,,,,NOT_AVAILABLE,NOT_AVAILABLE,-90.9,RUB,/v1/finance/accrual/by-day,raw/backfill_v1/finance/accrual_by_day_20260629.json
2026-06-29,55045758385,41,Оплата за клик,NON_ITEM,27307598,campaign_id,,,,,NOT_AVAILABLE,NOT_AVAILABLE,-74.04,RUB,/v1/finance/accrual/by-day,raw/backfill_v1/finance/accrual_by_day_20260629.json
2026-06-30,55044910794,32,Логистика,POSTING,0148787111-1058-1,posting_number,0148787111-1058-1,3733452761,868597351,EVT-SET-4PC-ACNE,NOT_AVAILABLE,NOT_AVAILABLE,-75.0,RUB,/v1/finance/accrual/by-day,raw/backfill_v1/finance/accrual_by_day_20260630.json
2026-06-30,55044910795,59,Обратная логистика,POSTING,0148787111-1058-1,posting_number,0148787111-1058-1,3733452761,868597351,EVT-SET-4PC-ACNE,NOT_AVAILABLE,NOT_AVAILABLE,-71.0,RUB,/v1/finance/accrual/by-day,raw/backfill_v1/finance/accrual_by_day_20260630.json
2026-06-30,55045044135,29,Доставка до места выдачи,POSTING,0148787111-1058-1,posting_number,0148787111-1058-1,3733452761,868597351,EVT-SET-4PC-ACNE,NOT_AVAILABLE,NOT_AVAILABLE,-9.74,RUB,/v1/finance/accrual/by-day,raw/backfill_v1/finance/accrual_by_day_20260630.json
2026-06-30,55096256352,32,Логистика,POSTING,0107302388-0044-1,posting_number,0107302388-0044-1,3530427102,535581675,EVT-FT-ACNE-150,NOT_AVAILABLE,NOT_AVAILABLE,-80.0,RUB,/v1/finance/accrual/by-day,raw/backfill_v1/finance/accrual_by_day_20260630.json
2026-06-30,55096256352,29,Доставка до места выдачи,POSTING,0107302388-0044-1,posting_number,0107302388-0044-1,3530427102,535581675,EVT-FT-ACNE-150,NOT_AVAILABLE,NOT_AVAILABLE,-6.86,RUB,/v1/finance/accrual/by-day,raw/backfill_v1/finance/accrual_by_day_20260630.json
2026-06-30,55116100422,32,Логистика,POSTING,33029284-0309-1,posting_number,33029284-0309-1,3735674506,910584041,EVT-SET-TON-SER-CREAM-ACNE,NOT_AVAILABLE,NOT_AVAILABLE,-74.0,RUB,/v1/finance/accrual/by-day,raw/backfill_v1/finance/accrual_by_day_20260630.json
2026-06-30,55116100423,59,Обратная логистика,POSTING,33029284-0309-1,posting_number,33029284-0309-1,3735674506,910584041,EVT-SET-TON-SER-CREAM-ACNE,NOT_AVAILABLE,NOT_AVAILABLE,-67.0,RUB,/v1/finance/accrual/by-day,raw/backfill_v1/finance/accrual_by_day_20260630.json
2026-06-30,55122652874,1,Эквайринг,ITEM,0112076306-0058,order_or_item_ref,,3530427102,535581675,EVT-FT-ACNE-150,NOT_AVAILABLE,NOT_AVAILABLE,-6.6,RUB,/v1/finance/accrual/by-day,raw/backfill_v1/finance/accrual_by_day_20260630.json
2026-06-30,55123613500,46,Размещение товаров на складах Ozon,NON_ITEM,,order_or_item_ref,,,,,NOT_AVAILABLE,NOT_AVAILABLE,-2.18,RUB,/v1/finance/accrual/by-day,raw/backfill_v1/finance/accrual_by_day_20260630.json
2026-06-30,55126824837,41,Оплата за клик,NON_ITEM,27443733,campaign_id,,,,,NOT_AVAILABLE,NOT_AVAILABLE,-364.33,RUB,/v1/finance/accrual/by-day,raw/backfill_v1/finance/accrual_by_day_20260630.json
2026-06-30,55126839327,41,Оплата за клик,NON_ITEM,27307535,campaign_id,,,,,NOT_AVAILABLE,NOT_AVAILABLE,-110.87,RUB,/v1/finance/accrual/by-day,raw/backfill_v1/finance/accrual_by_day_20260630.json
2026-06-30,55126843662,41,Оплата за клик,NON_ITEM,27307598,campaign_id,,,,,NOT_AVAILABLE,NOT_AVAILABLE,-155.43,RUB,/v1/finance/accrual/by-day,raw/backfill_v1/finance/accrual_by_day_20260630.json
2026-06-30,55126845901,41,Оплата за клик,NON_ITEM,27251978,campaign_id,,,,,NOT_AVAILABLE,NOT_AVAILABLE,-67.38,RUB,/v1/finance/accrual/by-day,raw/backfill_v1/finance/accrual_by_day_20260630.json
2026-07-01,55129570684,29,Доставка до места выдачи,POSTING,57775754-0018-1,posting_number,57775754-0018-1,3892223191,930334397,EVT-SET-CHERRY-AMBER,NOT_AVAILABLE,NOT_AVAILABLE,-7.53,RUB,/v1/finance/accrual/by-day,raw/backfill_v1/finance/accrual_by_day_20260701.json
2026-07-01,55129673738,32,Логистика,POSTING,57775754-0018-1,posting_number,57775754-0018-1,3892223191,930334397,EVT-SET-CHERRY-AMBER,NOT_AVAILABLE,NOT_AVAILABLE,-75.0,RUB,/v1/finance/accrual/by-day,raw/backfill_v1/finance/accrual_by_day_20260701.json
2026-07-01,55129673739,59,Обратная логистика,POSTING,57775754-0018-1,posting_number,57775754-0018-1,3892223191,930334397,EVT-SET-CHERRY-AMBER,NOT_AVAILABLE,NOT_AVAILABLE,-75.0,RUB,/v1/finance/accrual/by-day,raw/backfill_v1/finance/accrual_by_day_20260701.json
2026-07-01,55204321739,46,Размещение товаров на складах Ozon,NON_ITEM,,order_or_item_ref,,,,,NOT_AVAILABLE,NOT_AVAILABLE,-2.18,RUB,/v1/finance/accrual/by-day,raw/backfill_v1/finance/accrual_by_day_20260701.json
2026-07-01,55259556138,41,Оплата за клик,NON_ITEM,27251978,campaign_id,,,,,NOT_AVAILABLE,NOT_AVAILABLE,-64.26,RUB,/v1/finance/accrual/by-day,raw/backfill_v1/finance/accrual_by_day_20260701.json
2026-07-01,55259564754,41,Оплата за клик,NON_ITEM,27307535,campaign_id,,,,,NOT_AVAILABLE,NOT_AVAILABLE,-102.63,RUB,/v1/finance/accrual/by-day,raw/backfill_v1/finance/accrual_by_day_20260701.json
2026-07-01,55259578434,41,Оплата за клик,NON_ITEM,27307598,campaign_id,,,,,NOT_AVAILABLE,NOT_AVAILABLE,-140.4,RUB,/v1/finance/accrual/by-day,raw/backfill_v1/finance/accrual_by_day_20260701.json
2026-07-01,55259923871,41,Оплата за клик,NON_ITEM,27443733,campaign_id,,,,,NOT_AVAILABLE,NOT_AVAILABLE,-312.73,RUB,/v1/finance/accrual/by-day,raw/backfill_v1/finance/accrual_by_day_20260701.json
2026-07-02,55205370445,12,Кросс-докинг,NON_ITEM,2000057617635,order_or_item_ref,,,,,NOT_AVAILABLE,NOT_AVAILABLE,-216.0,RUB,/v1/finance/accrual/by-day,raw/backfill_v1/finance/accrual_by_day_20260702.json
2026-07-02,55210660410,1,Эквайринг,ITEM,0105883992-0261,order_or_item_ref,,3530427102,535581675,EVT-FT-ACNE-150,NOT_AVAILABLE,NOT_AVAILABLE,-7.19,RUB,/v1/finance/accrual/by-day,raw/backfill_v1/finance/accrual_by_day_20260702.json
2026-07-02,55275025481,32,Логистика,POSTING,46846601-0863-1,posting_number,46846601-0863-1,3892410843,930334396,EVT-SET-HAND-AMBER,NOT_AVAILABLE,NOT_AVAILABLE,-79.0,RUB,/v1/finance/accrual/by-day,raw/backfill_v1/finance/accrual_by_day_20260702.json
2026-07-02,55275025481,29,Доставка до места выдачи,POSTING,46846601-0863-1,posting_number,46846601-0863-1,3892410843,930334396,EVT-SET-HAND-AMBER,NOT_AVAILABLE,NOT_AVAILABLE,-10.14,RUB,/v1/finance/accrual/by-day,raw/backfill_v1/finance/accrual_by_day_20260702.json
2026-07-02,55276975042,1,Эквайринг,ITEM,46846601-0863-1,order_or_item_ref,,3892410843,930334396,EVT-SET-HAND-AMBER,NOT_AVAILABLE,NOT_AVAILABLE,-10.11,RUB,/v1/finance/accrual/by-day,raw/backfill_v1/finance/accrual_by_day_20260702.json
2026-07-02,55290084401,41,Оплата за клик,NON_ITEM,27307598,campaign_id,,,,,NOT_AVAILABLE,NOT_AVAILABLE,-551.75,RUB,/v1/finance/accrual/by-day,raw/backfill_v1/finance/accrual_by_day_20260702.json
2026-07-02,55290084471,41,Оплата за клик,NON_ITEM,27443733,campaign_id,,,,,NOT_AVAILABLE,NOT_AVAILABLE,-453.58,RUB,/v1/finance/accrual/by-day,raw/backfill_v1/finance/accrual_by_day_20260702.json
2026-07-02,55290084753,41,Оплата за клик,NON_ITEM,27307535,campaign_id,,,,,NOT_AVAILABLE,NOT_AVAILABLE,-116.53,RUB,/v1/finance/accrual/by-day,raw/backfill_v1/finance/accrual_by_day_20260702.json
2026-07-02,55290084756,41,Оплата за клик,NON_ITEM,27251978,campaign_id,,,,,NOT_AVAILABLE,NOT_AVAILABLE,-39.66,RUB,/v1/finance/accrual/by-day,raw/backfill_v1/finance/accrual_by_day_20260702.json
2026-07-03,55296682667,1,Эквайринг,ITEM,64690053-1227,order_or_item_ref,,3528293526,535581674,EVT-FT-MOIST-150,NOT_AVAILABLE,NOT_AVAILABLE,-6.33,RUB,/v1/finance/accrual/by-day,raw/backfill_v1/finance/accrual_by_day_20260703.json
2026-07-03,55310264843,32,Логистика,POSTING,0105883992-0261-1,posting_number,0105883992-0261-1,3530427102,535581675,EVT-FT-ACNE-150,NOT_AVAILABLE,NOT_AVAILABLE,-72.0,RUB,/v1/finance/accrual/by-day,raw/backfill_v1/finance/accrual_by_day_20260703.json
2026-07-03,55310264843,29,Доставка до места выдачи,POSTING,0105883992-0261-1,posting_number,0105883992-0261-1,3530427102,535581675,EVT-FT-ACNE-150,NOT_AVAILABLE,NOT_AVAILABLE,-8.86,RUB,/v1/finance/accrual/by-day,raw/backfill_v1/finance/accrual_by_day_20260703.json
2026-07-03,55316705442,1,Эквайринг,ITEM,46200146-0961,order_or_item_ref,,3528293526,535581674,EVT-FT-MOIST-150,NOT_AVAILABLE,NOT_AVAILABLE,-7.47,RUB,/v1/finance/accrual/by-day,raw/backfill_v1/finance/accrual_by_day_20260703.json
2026-07-03,55358755667,32,Логистика,POSTING,0112076306-0058-1,posting_number,0112076306-0058-1,3530427102,535581675,EVT-FT-ACNE-150,NOT_AVAILABLE,NOT_AVAILABLE,-69.0,RUB,/v1/finance/accrual/by-day,raw/backfill_v1/finance/accrual_by_day_20260703.json
2026-07-03,55358755667,29,Доставка до места выдачи,POSTING,0112076306-0058-1,posting_number,0112076306-0058-1,3530427102,535581675,EVT-FT-ACNE-150,NOT_AVAILABLE,NOT_AVAILABLE,-9.47,RUB,/v1/finance/accrual/by-day,raw/backfill_v1/finance/accrual_by_day_20260703.json
2026-07-03,55371895201,12,Кросс-докинг,NON_ITEM,2000057623276,order_or_item_ref,,,,,NOT_AVAILABLE,NOT_AVAILABLE,-298.8,RUB,/v1/finance/accrual/by-day,raw/backfill_v1/finance/accrual_by_day_20260703.json
2026-07-03,55372178581,46,Размещение товаров на складах Ozon,NON_ITEM,,order_or_item_ref,,,,,NOT_AVAILABLE,NOT_AVAILABLE,-0.73,RUB,/v1/finance/accrual/by-day,raw/backfill_v1/finance/accrual_by_day_20260703.json
2026-07-03,55392851791,41,Оплата за клик,NON_ITEM,27307598,campaign_id,,,,,NOT_AVAILABLE,NOT_AVAILABLE,-609.04,RUB,/v1/finance/accrual/by-day,raw/backfill_v1/finance/accrual_by_day_20260703.json
2026-07-03,55392852004,41,Оплата за клик,NON_ITEM,27443733,campaign_id,,,,,NOT_AVAILABLE,NOT_AVAILABLE,-440.21,RUB,/v1/finance/accrual/by-day,raw/backfill_v1/finance/accrual_by_day_20260703.json
2026-07-03,55392852014,41,Оплата за клик,NON_ITEM,27307535,campaign_id,,,,,NOT_AVAILABLE,NOT_AVAILABLE,-132.03,RUB,/v1/finance/accrual/by-day,raw/backfill_v1/finance/accrual_by_day_20260703.json
2026-07-03,55392852015,41,Оплата за клик,NON_ITEM,27251978,campaign_id,,,,,NOT_AVAILABLE,NOT_AVAILABLE,-119.13,RUB,/v1/finance/accrual/by-day,raw/backfill_v1/finance/accrual_by_day_20260703.json
2026-07-04,55372661138,1,Эквайринг,ITEM,31268801-0056,order_or_item_ref,,3732641694,567668635,EVT-SET-SER-CREAM-ACNE,NOT_AVAILABLE,NOT_AVAILABLE,-1.13,RUB,/v1/finance/accrual/by-day,raw/backfill_v1/finance/accrual_by_day_20260704.json
2026-07-04,55376846004,12,Кросс-докинг,NON_ITEM,2000057623275,order_or_item_ref,,,,,NOT_AVAILABLE,NOT_AVAILABLE,-331.2,RUB,/v1/finance/accrual/by-day,raw/backfill_v1/finance/accrual_by_day_20260704.json
2026-07-04,55377296861,1,Эквайринг,ITEM,52528457-0193,order_or_item_ref,,3930712640,593111985,EVT-HC-AMBER-300,NOT_AVAILABLE,NOT_AVAILABLE,-8.82,RUB,/v1/finance/accrual/by-day,raw/backfill_v1/finance/accrual_by_day_20260704.json
2026-07-04,55388994587,1,Эквайринг,ITEM,0179497417-0075,order_or_item_ref,,3892345516,930334395,EVT-SET-HAND-CHERRY,NOT_AVAILABLE,NOT_AVAILABLE,-11.62,RUB,/v1/finance/accrual/by-day,raw/backfill_v1/finance/accrual_by_day_20260704.json
2026-07-04,55428595038,77,Обработка товара,NON_ITEM,2000057623276,order_or_item_ref,,,,,NOT_AVAILABLE,NOT_AVAILABLE,-374.0,RUB,/v1/finance/accrual/by-day,raw/backfill_v1/finance/accrual_by_day_20260704.json
2026-07-04,55428595039,77,Обработка товара,NON_ITEM,2000057623276,order_or_item_ref,,,,,NOT_AVAILABLE,NOT_AVAILABLE,-50.0,RUB,/v1/finance/accrual/by-day,raw/backfill_v1/finance/accrual_by_day_20260704.json
2026-07-04,55434270361,12,Кросс-докинг,NON_ITEM,2000057620991,order_or_item_ref,,,,,NOT_AVAILABLE,NOT_AVAILABLE,-500.4,RUB,/v1/finance/accrual/by-day,raw/backfill_v1/finance/accrual_by_day_20260704.json
2026-07-04,55438649410,29,Доставка до места выдачи,POSTING,95680674-0026-1,posting_number,95680674-0026-1,3733452761,868597351,EVT-SET-4PC-ACNE,NOT_AVAILABLE,NOT_AVAILABLE,-25.0,RUB,/v1/finance/accrual/by-day,raw/backfill_v1/finance/accrual_by_day_20260704.json
2026-07-04,55438649411,45,"Обработка возвратов, отмен и невыкупов партнёрами",POSTING,95680674-0026-1,posting_number,95680674-0026-1,3733452761,868597351,EVT-SET-4PC-ACNE,NOT_AVAILABLE,NOT_AVAILABLE,-15.0,RUB,/v1/finance/accrual/by-day,raw/backfill_v1/finance/accrual_by_day_20260704.json
2026-07-04,55438815319,32,Логистика,POSTING,95680674-0026-1,posting_number,95680674-0026-1,3733452761,868597351,EVT-SET-4PC-ACNE,NOT_AVAILABLE,NOT_AVAILABLE,-77.0,RUB,/v1/finance/accrual/by-day,raw/backfill_v1/finance/accrual_by_day_20260704.json
2026-07-04,55438815320,59,Обратная логистика,POSTING,95680674-0026-1,posting_number,95680674-0026-1,3733452761,868597351,EVT-SET-4PC-ACNE,NOT_AVAILABLE,NOT_AVAILABLE,-71.0,RUB,/v1/finance/accrual/by-day,raw/backfill_v1/finance/accrual_by_day_20260704.json
2026-07-04,55446832735,46,Размещение товаров на складах Ozon,NON_ITEM,,order_or_item_ref,,,,,NOT_AVAILABLE,NOT_AVAILABLE,-0.73,RUB,/v1/finance/accrual/by-day,raw/backfill_v1/finance/accrual_by_day_20260704.json
2026-07-04,55450371412,41,Оплата за клик,NON_ITEM,27443733,campaign_id,,,,,NOT_AVAILABLE,NOT_AVAILABLE,-556.42,RUB,/v1/finance/accrual/by-day,raw/backfill_v1/finance/accrual_by_day_20260704.json
2026-07-04,55450371415,41,Оплата за клик,NON_ITEM,27307535,campaign_id,,,,,NOT_AVAILABLE,NOT_AVAILABLE,-178.84,RUB,/v1/finance/accrual/by-day,raw/backfill_v1/finance/accrual_by_day_20260704.json
2026-07-04,55450371418,41,Оплата за клик,NON_ITEM,27307598,campaign_id,,,,,NOT_AVAILABLE,NOT_AVAILABLE,-657.54,RUB,/v1/finance/accrual/by-day,raw/backfill_v1/finance/accrual_by_day_20260704.json
2026-07-04,55450371421,41,Оплата за клик,NON_ITEM,27251978,campaign_id,,,,,NOT_AVAILABLE,NOT_AVAILABLE,-169.75,RUB,/v1/finance/accrual/by-day,raw/backfill_v1/finance/accrual_by_day_20260704.json
2026-07-05,55454813516,1,Эквайринг,ITEM,0259045069-0011,order_or_item_ref,,3530427102,535581675,EVT-FT-ACNE-150,NOT_AVAILABLE,NOT_AVAILABLE,-7.91,RUB,/v1/finance/accrual/by-day,raw/backfill_v1/finance/accrual_by_day_20260705.json
2026-07-05,55460330189,1,Эквайринг,ITEM,70703101-0467,order_or_item_ref,,3733452761,868597351,EVT-SET-4PC-ACNE,NOT_AVAILABLE,NOT_AVAILABLE,-23.02,RUB,/v1/finance/accrual/by-day,raw/backfill_v1/finance/accrual_by_day_20260705.json
2026-07-05,55469735291,32,Логистика,POSTING,46200146-0961-5,posting_number,46200146-0961-5,3528293526,535581674,EVT-FT-MOIST-150,NOT_AVAILABLE,NOT_AVAILABLE,-72.0,RUB,/v1/finance/accrual/by-day,raw/backfill_v1/finance/accrual_by_day_20260705.json
2026-07-05,55469735291,29,Доставка до места выдачи,POSTING,46200146-0961-5,posting_number,46200146-0961-5,3528293526,535581674,EVT-FT-MOIST-150,NOT_AVAILABLE,NOT_AVAILABLE,-9.21,RUB,/v1/finance/accrual/by-day,raw/backfill_v1/finance/accrual_by_day_20260705.json
2026-07-05,55470091514,32,Логистика,POSTING,0103612839-0407-13,posting_number,0103612839-0407-13,3733452761,868597351,EVT-SET-4PC-ACNE,NOT_AVAILABLE,NOT_AVAILABLE,-76.0,RUB,/v1/finance/accrual/by-day,raw/backfill_v1/finance/accrual_by_day_20260705.json
2026-07-05,55470091514,29,Доставка до места выдачи,POSTING,0103612839-0407-13,posting_number,0103612839-0407-13,3733452761,868597351,EVT-SET-4PC-ACNE,NOT_AVAILABLE,NOT_AVAILABLE,-6.59,RUB,/v1/finance/accrual/by-day,raw/backfill_v1/finance/accrual_by_day_20260705.json
2026-07-05,55470981457,32,Логистика,POSTING,89909016-0082-1,posting_number,89909016-0082-1,3892410843,930334396,EVT-SET-HAND-AMBER,NOT_AVAILABLE,NOT_AVAILABLE,-79.0,RUB,/v1/finance/accrual/by-day,raw/backfill_v1/finance/accrual_by_day_20260705.json
2026-07-05,55470981457,29,Доставка до места выдачи,POSTING,89909016-0082-1,posting_number,89909016-0082-1,3892410843,930334396,EVT-SET-HAND-AMBER,NOT_AVAILABLE,NOT_AVAILABLE,-10.34,RUB,/v1/finance/accrual/by-day,raw/backfill_v1/finance/accrual_by_day_20260705.json
2026-07-05,55471763433,1,Эквайринг,ITEM,0103612839-0407-13,order_or_item_ref,,3733452761,868597351,EVT-SET-4PC-ACNE,NOT_AVAILABLE,NOT_AVAILABLE,-25.64,RUB,/v1/finance/accrual/by-day,raw/backfill_v1/finance/accrual_by_day_20260705.json
2026-07-05,55472809247,1,Эквайринг,ITEM,89909016-0082-1,order_or_item_ref,,3892410843,930334396,EVT-SET-HAND-AMBER,NOT_AVAILABLE,NOT_AVAILABLE,-10.66,RUB,/v1/finance/accrual/by-day,raw/backfill_v1/finance/accrual_by_day_20260705.json
2026-07-05,55510065168,1,Эквайринг,ITEM,0180077689-0909,order_or_item_ref,,1991772098,305101272,EVT-FS-MOIST-30,NOT_AVAILABLE,NOT_AVAILABLE,-10.62,RUB,/v1/finance/accrual/by-day,raw/backfill_v1/finance/accrual_by_day_20260705.json
2026-07-05,55520987119,1,Эквайринг,ITEM,0165406503-0109,order_or_item_ref,,3930712640,593111985,EVT-HC-AMBER-300,NOT_AVAILABLE,NOT_AVAILABLE,-9.45,RUB,/v1/finance/accrual/by-day,raw/backfill_v1/finance/accrual_by_day_20260705.json
2026-07-05,55526063208,46,Размещение товаров на складах Ozon,NON_ITEM,,order_or_item_ref,,,,,NOT_AVAILABLE,NOT_AVAILABLE,-0.73,RUB,/v1/finance/accrual/by-day,raw/backfill_v1/finance/accrual_by_day_20260705.json
2026-07-05,55529793219,41,Оплата за клик,NON_ITEM,27443733,campaign_id,,,,,NOT_AVAILABLE,NOT_AVAILABLE,-1755.53,RUB,/v1/finance/accrual/by-day,raw/backfill_v1/finance/accrual_by_day_20260705.json
2026-07-05,55529793227,41,Оплата за клик,NON_ITEM,27307598,campaign_id,,,,,NOT_AVAILABLE,NOT_AVAILABLE,-659.38,RUB,/v1/finance/accrual/by-day,raw/backfill_v1/finance/accrual_by_day_20260705.json
2026-07-05,55529793228,41,Оплата за клик,NON_ITEM,27307535,campaign_id,,,,,NOT_AVAILABLE,NOT_AVAILABLE,-378.8,RUB,/v1/finance/accrual/by-day,raw/backfill_v1/finance/accrual_by_day_20260705.json
2026-07-05,55529793230,41,Оплата за клик,NON_ITEM,27251978,campaign_id,,,,,NOT_AVAILABLE,NOT_AVAILABLE,-499.78,RUB,/v1/finance/accrual/by-day,raw/backfill_v1/finance/accrual_by_day_20260705.json
2026-07-06,55535758898,32,Логистика,POSTING,52528457-0193-5,posting_number,52528457-0193-5,3930712640,593111985,EVT-HC-AMBER-300,NOT_AVAILABLE,NOT_AVAILABLE,-67.0,RUB,/v1/finance/accrual/by-day,raw/backfill_v1/finance/accrual_by_day_20260706.json
2026-07-06,55535758898,29,Доставка до места выдачи,POSTING,52528457-0193-5,posting_number,52528457-0193-5,3930712640,593111985,EVT-HC-AMBER-300,NOT_AVAILABLE,NOT_AVAILABLE,-8.96,RUB,/v1/finance/accrual/by-day,raw/backfill_v1/finance/accrual_by_day_20260706.json
2026-07-06,55540931296,1,Эквайринг,ITEM,96493684-0408,order_or_item_ref,,3733452761,868597351,EVT-SET-4PC-ACNE,NOT_AVAILABLE,NOT_AVAILABLE,-23.65,RUB,/v1/finance/accrual/by-day,raw/backfill_v1/finance/accrual_by_day_20260706.json
2026-07-06,55562867925,32,Логистика,POSTING,31782514-0215-5,posting_number,31782514-0215-5,3892345516,930334395,EVT-SET-HAND-CHERRY,NOT_AVAILABLE,NOT_AVAILABLE,-92.0,RUB,/v1/finance/accrual/by-day,raw/backfill_v1/finance/accrual_by_day_20260706.json
2026-07-06,55562867925,29,Доставка до места выдачи,POSTING,31782514-0215-5,posting_number,31782514-0215-5,3892345516,930334395,EVT-SET-HAND-CHERRY,NOT_AVAILABLE,NOT_AVAILABLE,-9.85,RUB,/v1/finance/accrual/by-day,raw/backfill_v1/finance/accrual_by_day_20260706.json
2026-07-06,55564941582,1,Эквайринг,ITEM,31782514-0215-5,order_or_item_ref,,3892345516,930334395,EVT-SET-HAND-CHERRY,NOT_AVAILABLE,NOT_AVAILABLE,-6.42,RUB,/v1/finance/accrual/by-day,raw/backfill_v1/finance/accrual_by_day_20260706.json
2026-07-06,55600395427,32,Логистика,POSTING,64690053-1227-1,posting_number,64690053-1227-1,3528293526,535581674,EVT-FT-MOIST-150,NOT_AVAILABLE,NOT_AVAILABLE,-67.0,RUB,/v1/finance/accrual/by-day,raw/backfill_v1/finance/accrual_by_day_20260706.json
2026-07-06,55600395427,29,Доставка до места выдачи,POSTING,64690053-1227-1,posting_number,64690053-1227-1,3528293526,535581674,EVT-FT-MOIST-150,NOT_AVAILABLE,NOT_AVAILABLE,-8.41,RUB,/v1/finance/accrual/by-day,raw/backfill_v1/finance/accrual_by_day_20260706.json
2026-07-06,55617576506,41,Оплата за клик,NON_ITEM,27443733,campaign_id,,,,,NOT_AVAILABLE,NOT_AVAILABLE,-1331.39,RUB,/v1/finance/accrual/by-day,raw/backfill_v1/finance/accrual_by_day_20260706.json
2026-07-06,55617576612,41,Оплата за клик,NON_ITEM,27307598,campaign_id,,,,,NOT_AVAILABLE,NOT_AVAILABLE,-494.32,RUB,/v1/finance/accrual/by-day,raw/backfill_v1/finance/accrual_by_day_20260706.json
2026-07-06,55617576613,41,Оплата за клик,NON_ITEM,27307535,campaign_id,,,,,NOT_AVAILABLE,NOT_AVAILABLE,-245.41,RUB,/v1/finance/accrual/by-day,raw/backfill_v1/finance/accrual_by_day_20260706.json
2026-07-06,55617576616,41,Оплата за клик,NON_ITEM,27251978,campaign_id,,,,,NOT_AVAILABLE,NOT_AVAILABLE,-232.55,RUB,/v1/finance/accrual/by-day,raw/backfill_v1/finance/accrual_by_day_20260706.json
2026-07-07,55640704355,32,Логистика,POSTING,89229907-0328-1,posting_number,89229907-0328-1,3735674506,910584041,EVT-SET-TON-SER-CREAM-ACNE,NOT_AVAILABLE,NOT_AVAILABLE,-67.0,RUB,/v1/finance/accrual/by-day,raw/backfill_v1/finance/accrual_by_day_20260707.json
2026-07-07,55640704355,29,Доставка до места выдачи,POSTING,89229907-0328-1,posting_number,89229907-0328-1,3735674506,910584041,EVT-SET-TON-SER-CREAM-ACNE,NOT_AVAILABLE,NOT_AVAILABLE,-9.76,RUB,/v1/finance/accrual/by-day,raw/backfill_v1/finance/accrual_by_day_20260707.json
2026-07-07,55642479113,1,Эквайринг,ITEM,89229907-0328-1,order_or_item_ref,,3735674506,910584041,EVT-SET-TON-SER-CREAM-ACNE,NOT_AVAILABLE,NOT_AVAILABLE,-6.17,RUB,/v1/finance/accrual/by-day,raw/backfill_v1/finance/accrual_by_day_20260707.json
2026-07-07,55648047764,32,Логистика,POSTING,31268801-0056-1,posting_number,31268801-0056-1,3732641694,567668635,EVT-SET-SER-CREAM-ACNE,NOT_AVAILABLE,NOT_AVAILABLE,-77.0,RUB,/v1/finance/accrual/by-day,raw/backfill_v1/finance/accrual_by_day_20260707.json
2026-07-07,55648047764,29,Доставка до места выдачи,POSTING,31268801-0056-1,posting_number,31268801-0056-1,3732641694,567668635,EVT-SET-SER-CREAM-ACNE,NOT_AVAILABLE,NOT_AVAILABLE,-9.55,RUB,/v1/finance/accrual/by-day,raw/backfill_v1/finance/accrual_by_day_20260707.json
2026-07-07,55653521802,32,Логистика,POSTING,61540042-0453-1,posting_number,61540042-0453-1,3528293526,535581674,EVT-FT-MOIST-150,NOT_AVAILABLE,NOT_AVAILABLE,-67.0,RUB,/v1/finance/accrual/by-day,raw/backfill_v1/finance/accrual_by_day_20260707.json
2026-07-07,55653521802,29,Доставка до места выдачи,POSTING,61540042-0453-1,posting_number,61540042-0453-1,3528293526,535581674,EVT-FT-MOIST-150,NOT_AVAILABLE,NOT_AVAILABLE,-7.28,RUB,/v1/finance/accrual/by-day,raw/backfill_v1/finance/accrual_by_day_20260707.json
2026-07-07,55655750893,1,Эквайринг,ITEM,61540042-0453-1,order_or_item_ref,,3528293526,535581674,EVT-FT-MOIST-150,NOT_AVAILABLE,NOT_AVAILABLE,-6.33,RUB,/v1/finance/accrual/by-day,raw/backfill_v1/finance/accrual_by_day_20260707.json
2026-07-07,55675371044,32,Логистика,POSTING,70703101-0467-5,posting_number,70703101-0467-5,3733452761,868597351,EVT-SET-4PC-ACNE,NOT_AVAILABLE,NOT_AVAILABLE,-76.0,RUB,/v1/finance/accrual/by-day,raw/backfill_v1/finance/accrual_by_day_20260707.json
2026-07-07,55675371044,29,Доставка до места выдачи,POSTING,70703101-0467-5,posting_number,70703101-0467-5,3733452761,868597351,EVT-SET-4PC-ACNE,NOT_AVAILABLE,NOT_AVAILABLE,-8.34,RUB,/v1/finance/accrual/by-day,raw/backfill_v1/finance/accrual_by_day_20260707.json
2026-07-07,55675702577,32,Логистика,POSTING,0259045069-0011-1,posting_number,0259045069-0011-1,3530427102,535581675,EVT-FT-ACNE-150,NOT_AVAILABLE,NOT_AVAILABLE,-67.0,RUB,/v1/finance/accrual/by-day,raw/backfill_v1/finance/accrual_by_day_20260707.json
2026-07-07,55675702577,29,Доставка до места выдачи,POSTING,0259045069-0011-1,posting_number,0259045069-0011-1,3530427102,535581675,EVT-FT-ACNE-150,NOT_AVAILABLE,NOT_AVAILABLE,-13.66,RUB,/v1/finance/accrual/by-day,raw/backfill_v1/finance/accrual_by_day_20260707.json
2026-07-08,55715267725,1,Эквайринг,ITEM,0185211863-0348,order_or_item_ref,,2974977988,438775617,EVT-FC-ACNE-50,NOT_AVAILABLE,NOT_AVAILABLE,-10.55,RUB,/v1/finance/accrual/by-day,raw/backfill_v1/finance/accrual_by_day_20260708.json
2026-07-08,55720120994,1,Эквайринг,ITEM,60898024-0103,order_or_item_ref,,1991772098,305101272,EVT-FS-MOIST-30,NOT_AVAILABLE,NOT_AVAILABLE,-5.84,RUB,/v1/finance/accrual/by-day,raw/backfill_v1/finance/accrual_by_day_20260708.json
2026-07-08,55742455718,77,Обработка товара,NON_ITEM,2000057617635,order_or_item_ref,,,,,NOT_AVAILABLE,NOT_AVAILABLE,-323.0,RUB,/v1/finance/accrual/by-day,raw/backfill_v1/finance/accrual_by_day_20260708.json
2026-07-08,55742455719,77,Обработка товара,NON_ITEM,2000057617635,order_or_item_ref,,,,,NOT_AVAILABLE,NOT_AVAILABLE,-84.0,RUB,/v1/finance/accrual/by-day,raw/backfill_v1/finance/accrual_by_day_20260708.json
2026-07-08,55742455720,77,Обработка товара,NON_ITEM,2000057617635,order_or_item_ref,,,,,NOT_AVAILABLE,NOT_AVAILABLE,-30.0,RUB,/v1/finance/accrual/by-day,raw/backfill_v1/finance/accrual_by_day_20260708.json
2026-07-08,55759149884,32,Логистика,POSTING,96493684-0408-2,posting_number,96493684-0408-2,3733452761,868597351,EVT-SET-4PC-ACNE,NOT_AVAILABLE,NOT_AVAILABLE,-76.0,RUB,/v1/finance/accrual/by-day,raw/backfill_v1/finance/accrual_by_day_20260708.json
2026-07-08,55759149884,29,Доставка до места выдачи,POSTING,96493684-0408-2,posting_number,96493684-0408-2,3733452761,868597351,EVT-SET-4PC-ACNE,NOT_AVAILABLE,NOT_AVAILABLE,-8.72,RUB,/v1/finance/accrual/by-day,raw/backfill_v1/finance/accrual_by_day_20260708.json
2026-07-09,55790592333,1,Эквайринг,ITEM,0123634155-0195,order_or_item_ref,,1991772098,305101272,EVT-FS-MOIST-30,NOT_AVAILABLE,NOT_AVAILABLE,-5.56,RUB,/v1/finance/accrual/by-day,raw/backfill_v1/finance/accrual_by_day_20260709.json
2026-07-09,55793898824,77,Обработка товара,NON_ITEM,2000057620991,order_or_item_ref,,,,,NOT_AVAILABLE,NOT_AVAILABLE,-369.0,RUB,/v1/finance/accrual/by-day,raw/backfill_v1/finance/accrual_by_day_20260709.json
2026-07-09,55793898825,77,Обработка товара,NON_ITEM,2000057620991,order_or_item_ref,,,,,NOT_AVAILABLE,NOT_AVAILABLE,-144.0,RUB,/v1/finance/accrual/by-day,raw/backfill_v1/finance/accrual_by_day_20260709.json
2026-07-09,55793898826,77,Обработка товара,NON_ITEM,2000057620991,order_or_item_ref,,,,,NOT_AVAILABLE,NOT_AVAILABLE,-30.0,RUB,/v1/finance/accrual/by-day,raw/backfill_v1/finance/accrual_by_day_20260709.json
2026-07-09,55823524513,32,Логистика,POSTING,56930840-1301-1,posting_number,56930840-1301-1,3892345516,930334395,EVT-SET-HAND-CHERRY,NOT_AVAILABLE,NOT_AVAILABLE,-76.0,RUB,/v1/finance/accrual/by-day,raw/backfill_v1/finance/accrual_by_day_20260709.json
2026-07-09,55823524513,29,Доставка до места выдачи,POSTING,56930840-1301-1,posting_number,56930840-1301-1,3892345516,930334395,EVT-SET-HAND-CHERRY,NOT_AVAILABLE,NOT_AVAILABLE,-6.18,RUB,/v1/finance/accrual/by-day,raw/backfill_v1/finance/accrual_by_day_20260709.json
2026-07-09,55825791504,1,Эквайринг,ITEM,56930840-1301-1,order_or_item_ref,,3892345516,930334395,EVT-SET-HAND-CHERRY,NOT_AVAILABLE,NOT_AVAILABLE,-11.24,RUB,/v1/finance/accrual/by-day,raw/backfill_v1/finance/accrual_by_day_20260709.json
2026-07-09,55851187033,32,Логистика,POSTING,0165406503-0109-1,posting_number,0165406503-0109-1,3930712640,593111985,EVT-HC-AMBER-300,NOT_AVAILABLE,NOT_AVAILABLE,-70.0,RUB,/v1/finance/accrual/by-day,raw/backfill_v1/finance/accrual_by_day_20260709.json
2026-07-09,55851187033,29,Доставка до места выдачи,POSTING,0165406503-0109-1,posting_number,0165406503-0109-1,3930712640,593111985,EVT-HC-AMBER-300,NOT_AVAILABLE,NOT_AVAILABLE,-8.21,RUB,/v1/finance/accrual/by-day,raw/backfill_v1/finance/accrual_by_day_20260709.json
2026-07-09,55852630306,1,Эквайринг,ITEM,0135561752-0187,order_or_item_ref,,2974977988,438775617,EVT-FC-ACNE-50,NOT_AVAILABLE,NOT_AVAILABLE,-10.11,RUB,/v1/finance/accrual/by-day,raw/backfill_v1/finance/accrual_by_day_20260709.json
2026-07-10,55893606273,32,Логистика,POSTING,0135561752-0187-7,posting_number,0135561752-0187-7,2974977988,438775617,EVT-FC-ACNE-50,NOT_AVAILABLE,NOT_AVAILABLE,-73.0,RUB,/v1/finance/accrual/by-day,raw/backfill_v1/finance/accrual_by_day_20260710.json
2026-07-10,55893606273,29,Доставка до места выдачи,POSTING,0135561752-0187-7,posting_number,0135561752-0187-7,2974977988,438775617,EVT-FC-ACNE-50,NOT_AVAILABLE,NOT_AVAILABLE,-8.2,RUB,/v1/finance/accrual/by-day,raw/backfill_v1/finance/accrual_by_day_20260710.json
2026-07-10,55893734803,32,Логистика,POSTING,0151252173-0059-1,posting_number,0151252173-0059-1,3733947454,909951444,EVT-SET-ACNE-POWDER-SERUM-CREAM,NOT_AVAILABLE,NOT_AVAILABLE,-78.0,RUB,/v1/finance/accrual/by-day,raw/backfill_v1/finance/accrual_by_day_20260710.json
2026-07-10,55893734803,98,Доставка до места выдачи силами Ozon,POSTING,0151252173-0059-1,posting_number,0151252173-0059-1,3733947454,909951444,EVT-SET-ACNE-POWDER-SERUM-CREAM,NOT_AVAILABLE,NOT_AVAILABLE,-25.0,RUB,/v1/finance/accrual/by-day,raw/backfill_v1/finance/accrual_by_day_20260710.json
2026-07-10,55912301533,32,Логистика,POSTING,45950858-0570-5,posting_number,45950858-0570-5,3892518031,593111986,EVT-HC-CHERRY-300,NOT_AVAILABLE,NOT_AVAILABLE,-70.0,RUB,/v1/finance/accrual/by-day,raw/backfill_v1/finance/accrual_by_day_20260710.json
2026-07-10,55912301533,29,Доставка до места выдачи,POSTING,45950858-0570-5,posting_number,45950858-0570-5,3892518031,593111986,EVT-HC-CHERRY-300,NOT_AVAILABLE,NOT_AVAILABLE,-7.25,RUB,/v1/finance/accrual/by-day,raw/backfill_v1/finance/accrual_by_day_20260710.json
2026-07-10,55914852041,1,Эквайринг,ITEM,45950858-0570-5,order_or_item_ref,,3892518031,593111986,EVT-HC-CHERRY-300,NOT_AVAILABLE,NOT_AVAILABLE,-8.22,RUB,/v1/finance/accrual/by-day,raw/backfill_v1/finance/accrual_by_day_20260710.json
2026-07-11,55965851919,32,Логистика,POSTING,0108994661-0444-1,posting_number,0108994661-0444-1,3733452761,868597351,EVT-SET-4PC-ACNE,NOT_AVAILABLE,NOT_AVAILABLE,-76.0,RUB,/v1/finance/accrual/by-day,raw/backfill_v1/finance/accrual_by_day_20260711.json
2026-07-11,55965851919,29,Доставка до места выдачи,POSTING,0108994661-0444-1,posting_number,0108994661-0444-1,3733452761,868597351,EVT-SET-4PC-ACNE,NOT_AVAILABLE,NOT_AVAILABLE,-10.36,RUB,/v1/finance/accrual/by-day,raw/backfill_v1/finance/accrual_by_day_20260711.json
2026-07-11,55970706823,32,Логистика,POSTING,0185211863-0348-21,posting_number,0185211863-0348-21,2974977988,438775617,EVT-FC-ACNE-50,NOT_AVAILABLE,NOT_AVAILABLE,-66.0,RUB,/v1/finance/accrual/by-day,raw/backfill_v1/finance/accrual_by_day_20260711.json
2026-07-11,55970706823,98,Доставка до места выдачи силами Ozon,POSTING,0185211863-0348-21,posting_number,0185211863-0348-21,2974977988,438775617,EVT-FC-ACNE-50,NOT_AVAILABLE,NOT_AVAILABLE,-25.0,RUB,/v1/finance/accrual/by-day,raw/backfill_v1/finance/accrual_by_day_20260711.json
2026-07-11,55990840072,32,Логистика,POSTING,0179497417-0075-3,posting_number,0179497417-0075-3,3892345516,930334395,EVT-SET-HAND-CHERRY,NOT_AVAILABLE,NOT_AVAILABLE,-90.0,RUB,/v1/finance/accrual/by-day,raw/backfill_v1/finance/accrual_by_day_20260711.json
2026-07-11,55990840072,98,Доставка до места выдачи силами Ozon,POSTING,0179497417-0075-3,posting_number,0179497417-0075-3,3892345516,930334395,EVT-SET-HAND-CHERRY,NOT_AVAILABLE,NOT_AVAILABLE,-25.0,RUB,/v1/finance/accrual/by-day,raw/backfill_v1/finance/accrual_by_day_20260711.json
2026-07-11,56000926814,29,Доставка до места выдачи,POSTING,55282989-0036-1,posting_number,55282989-0036-1,3528293526,535581674,EVT-FT-MOIST-150,NOT_AVAILABLE,NOT_AVAILABLE,-8.58,RUB,/v1/finance/accrual/by-day,raw/backfill_v1/finance/accrual_by_day_20260711.json
2026-07-11,56000926815,45,"Обработка возвратов, отмен и невыкупов партнёрами",POSTING,55282989-0036-1,posting_number,55282989-0036-1,3528293526,535581674,EVT-FT-MOIST-150,NOT_AVAILABLE,NOT_AVAILABLE,-15.0,RUB,/v1/finance/accrual/by-day,raw/backfill_v1/finance/accrual_by_day_20260711.json
2026-07-11,56001087173,32,Логистика,POSTING,55282989-0036-1,posting_number,55282989-0036-1,3528293526,535581674,EVT-FT-MOIST-150,NOT_AVAILABLE,NOT_AVAILABLE,-67.0,RUB,/v1/finance/accrual/by-day,raw/backfill_v1/finance/accrual_by_day_20260711.json
2026-07-11,56001087174,59,Обратная логистика,POSTING,55282989-0036-1,posting_number,55282989-0036-1,3528293526,535581674,EVT-FT-MOIST-150,NOT_AVAILABLE,NOT_AVAILABLE,-77.0,RUB,/v1/finance/accrual/by-day,raw/backfill_v1/finance/accrual_by_day_20260711.json
2026-07-11,56029416693,41,Оплата за клик,NON_ITEM,32158176,campaign_id,,,,,NOT_AVAILABLE,NOT_AVAILABLE,-2.88,RUB,/v1/finance/accrual/by-day,raw/backfill_v1/finance/accrual_by_day_20260711.json
2026-07-11,56029416694,41,Оплата за клик,NON_ITEM,32158051,campaign_id,,,,,NOT_AVAILABLE,NOT_AVAILABLE,-19.71,RUB,/v1/finance/accrual/by-day,raw/backfill_v1/finance/accrual_by_day_20260711.json
2026-07-11,56029416695,41,Оплата за клик,NON_ITEM,32158008,campaign_id,,,,,NOT_AVAILABLE,NOT_AVAILABLE,-8.1,RUB,/v1/finance/accrual/by-day,raw/backfill_v1/finance/accrual_by_day_20260711.json
2026-07-11,56029416696,41,Оплата за клик,NON_ITEM,32157988,campaign_id,,,,,NOT_AVAILABLE,NOT_AVAILABLE,-6.96,RUB,/v1/finance/accrual/by-day,raw/backfill_v1/finance/accrual_by_day_20260711.json
2026-07-11,56029416697,41,Оплата за клик,NON_ITEM,32157965,campaign_id,,,,,NOT_AVAILABLE,NOT_AVAILABLE,-17.86,RUB,/v1/finance/accrual/by-day,raw/backfill_v1/finance/accrual_by_day_20260711.json
2026-07-12,56042481792,32,Логистика,POSTING,0180077689-0909-3,posting_number,0180077689-0909-3,1991772098,305101272,EVT-FS-MOIST-30,NOT_AVAILABLE,NOT_AVAILABLE,-59.0,RUB,/v1/finance/accrual/by-day,raw/backfill_v1/finance/accrual_by_day_20260712.json
2026-07-12,56042481792,98,Доставка до места выдачи силами Ozon,POSTING,0180077689-0909-3,posting_number,0180077689-0909-3,1991772098,305101272,EVT-FS-MOIST-30,NOT_AVAILABLE,NOT_AVAILABLE,-25.0,RUB,/v1/finance/accrual/by-day,raw/backfill_v1/finance/accrual_by_day_20260712.json
2026-07-12,56052425820,32,Логистика,POSTING,95668107-0106-3,posting_number,95668107-0106-3,3892223191,930334397,EVT-SET-CHERRY-AMBER,NOT_AVAILABLE,NOT_AVAILABLE,-130.0,RUB,/v1/finance/accrual/by-day,raw/backfill_v1/finance/accrual_by_day_20260712.json
2026-07-12,56052425820,29,Доставка до места выдачи,POSTING,95668107-0106-3,posting_number,95668107-0106-3,3892223191,930334397,EVT-SET-CHERRY-AMBER,NOT_AVAILABLE,NOT_AVAILABLE,-15.54,RUB,/v1/finance/accrual/by-day,raw/backfill_v1/finance/accrual_by_day_20260712.json
2026-07-12,56054429345,1,Эквайринг,ITEM,95668107-0106-3,order_or_item_ref,,3892223191,930334397,EVT-SET-CHERRY-AMBER,NOT_AVAILABLE,NOT_AVAILABLE,-14.13,RUB,/v1/finance/accrual/by-day,raw/backfill_v1/finance/accrual_by_day_20260712.json
2026-07-12,56109280129,41,Оплата за клик,NON_ITEM,32158176,campaign_id,,,,,NOT_AVAILABLE,NOT_AVAILABLE,-27.22,RUB,/v1/finance/accrual/by-day,raw/backfill_v1/finance/accrual_by_day_20260712.json
2026-07-12,56109280130,41,Оплата за клик,NON_ITEM,32157988,campaign_id,,,,,NOT_AVAILABLE,NOT_AVAILABLE,-3.99,RUB,/v1/finance/accrual/by-day,raw/backfill_v1/finance/accrual_by_day_20260712.json
2026-07-12,56109280131,41,Оплата за клик,NON_ITEM,32157891,campaign_id,,,,,NOT_AVAILABLE,NOT_AVAILABLE,-4.54,RUB,/v1/finance/accrual/by-day,raw/backfill_v1/finance/accrual_by_day_20260712.json
2026-07-12,56109280133,41,Оплата за клик,NON_ITEM,32158051,campaign_id,,,,,NOT_AVAILABLE,NOT_AVAILABLE,-36.56,RUB,/v1/finance/accrual/by-day,raw/backfill_v1/finance/accrual_by_day_20260712.json
2026-07-12,56109280134,41,Оплата за клик,NON_ITEM,32158008,campaign_id,,,,,NOT_AVAILABLE,NOT_AVAILABLE,-17.64,RUB,/v1/finance/accrual/by-day,raw/backfill_v1/finance/accrual_by_day_20260712.json
2026-07-12,56109280135,41,Оплата за клик,NON_ITEM,32157965,campaign_id,,,,,NOT_AVAILABLE,NOT_AVAILABLE,-48.53,RUB,/v1/finance/accrual/by-day,raw/backfill_v1/finance/accrual_by_day_20260712.json
2026-07-12,56109280136,41,Оплата за клик,NON_ITEM,32157947,campaign_id,,,,,NOT_AVAILABLE,NOT_AVAILABLE,-3.82,RUB,/v1/finance/accrual/by-day,raw/backfill_v1/finance/accrual_by_day_20260712.json
2026-07-13,56140187850,32,Логистика,POSTING,60898024-0103-1,posting_number,60898024-0103-1,1991772098,305101272,EVT-FS-MOIST-30,NOT_AVAILABLE,NOT_AVAILABLE,-60.0,RUB,/v1/finance/accrual/by-day,raw/backfill_v1/finance/accrual_by_day_20260713.json
2026-07-13,56140187850,29,Доставка до места выдачи,POSTING,60898024-0103-1,posting_number,60898024-0103-1,1991772098,305101272,EVT-FS-MOIST-30,NOT_AVAILABLE,NOT_AVAILABLE,-7.94,RUB,/v1/finance/accrual/by-day,raw/backfill_v1/finance/accrual_by_day_20260713.json
2026-07-13,56154411392,1,Эквайринг,ITEM,0212099013-0655,order_or_item_ref,,1997079254,252442517,EVT-HC-HAND-300,NOT_AVAILABLE,NOT_AVAILABLE,-7.02,RUB,/v1/finance/accrual/by-day,raw/backfill_v1/finance/accrual_by_day_20260713.json
2026-07-13,56200590582,41,Оплата за клик,NON_ITEM,32158051,campaign_id,,,,,NOT_AVAILABLE,NOT_AVAILABLE,-26.78,RUB,/v1/finance/accrual/by-day,raw/backfill_v1/finance/accrual_by_day_20260713.json
2026-07-13,56200590583,41,Оплата за клик,NON_ITEM,32158008,campaign_id,,,,,NOT_AVAILABLE,NOT_AVAILABLE,-11.42,RUB,/v1/finance/accrual/by-day,raw/backfill_v1/finance/accrual_by_day_20260713.json
2026-07-13,56200590585,41,Оплата за клик,NON_ITEM,32158299,campaign_id,,,,,NOT_AVAILABLE,NOT_AVAILABLE,-1.0,RUB,/v1/finance/accrual/by-day,raw/backfill_v1/finance/accrual_by_day_20260713.json
2026-07-13,56200590586,41,Оплата за клик,NON_ITEM,32158176,campaign_id,,,,,NOT_AVAILABLE,NOT_AVAILABLE,-4.46,RUB,/v1/finance/accrual/by-day,raw/backfill_v1/finance/accrual_by_day_20260713.json
2026-07-13,56200590587,41,Оплата за клик,NON_ITEM,32157988,campaign_id,,,,,NOT_AVAILABLE,NOT_AVAILABLE,-2.58,RUB,/v1/finance/accrual/by-day,raw/backfill_v1/finance/accrual_by_day_20260713.json
2026-07-13,56200590588,41,Оплата за клик,NON_ITEM,32157965,campaign_id,,,,,NOT_AVAILABLE,NOT_AVAILABLE,-22.81,RUB,/v1/finance/accrual/by-day,raw/backfill_v1/finance/accrual_by_day_20260713.json
2026-07-13,56200590589,41,Оплата за клик,NON_ITEM,32157919,campaign_id,,,,,NOT_AVAILABLE,NOT_AVAILABLE,-25.83,RUB,/v1/finance/accrual/by-day,raw/backfill_v1/finance/accrual_by_day_20260713.json
2026-07-13,56200590590,41,Оплата за клик,NON_ITEM,32157891,campaign_id,,,,,NOT_AVAILABLE,NOT_AVAILABLE,-40.85,RUB,/v1/finance/accrual/by-day,raw/backfill_v1/finance/accrual_by_day_20260713.json
2026-07-14,56226567035,32,Логистика,POSTING,0146583073-0455-1,posting_number,0146583073-0455-1,3892345516,930334395,EVT-SET-HAND-CHERRY,NOT_AVAILABLE,NOT_AVAILABLE,-89.0,RUB,/v1/finance/accrual/by-day,raw/backfill_v1/finance/accrual_by_day_20260714.json
2026-07-14,56226567035,29,Доставка до места выдачи,POSTING,0146583073-0455-1,posting_number,0146583073-0455-1,3892345516,930334395,EVT-SET-HAND-CHERRY,NOT_AVAILABLE,NOT_AVAILABLE,-10.65,RUB,/v1/finance/accrual/by-day,raw/backfill_v1/finance/accrual_by_day_20260714.json
2026-07-14,56228652096,1,Эквайринг,ITEM,0146583073-0455-1,order_or_item_ref,,3892345516,930334395,EVT-SET-HAND-CHERRY,NOT_AVAILABLE,NOT_AVAILABLE,-10.99,RUB,/v1/finance/accrual/by-day,raw/backfill_v1/finance/accrual_by_day_20260714.json
2026-07-14,56242616856,32,Логистика,POSTING,77299780-0197-7,posting_number,77299780-0197-7,3735674506,910584041,EVT-SET-TON-SER-CREAM-ACNE,NOT_AVAILABLE,NOT_AVAILABLE,-70.0,RUB,/v1/finance/accrual/by-day,raw/backfill_v1/finance/accrual_by_day_20260714.json
2026-07-14,56242616856,29,Доставка до места выдачи,POSTING,77299780-0197-7,posting_number,77299780-0197-7,3735674506,910584041,EVT-SET-TON-SER-CREAM-ACNE,NOT_AVAILABLE,NOT_AVAILABLE,-18.23,RUB,/v1/finance/accrual/by-day,raw/backfill_v1/finance/accrual_by_day_20260714.json
2026-07-14,56242627716,32,Логистика,POSTING,77299780-0197-5,posting_number,77299780-0197-5,3735674506,910584041,EVT-SET-TON-SER-CREAM-ACNE,NOT_AVAILABLE,NOT_AVAILABLE,-71.0,RUB,/v1/finance/accrual/by-day,raw/backfill_v1/finance/accrual_by_day_20260714.json
2026-07-14,56242627716,29,Доставка до места выдачи,POSTING,77299780-0197-5,posting_number,77299780-0197-5,3735674506,910584041,EVT-SET-TON-SER-CREAM-ACNE,NOT_AVAILABLE,NOT_AVAILABLE,-19.18,RUB,/v1/finance/accrual/by-day,raw/backfill_v1/finance/accrual_by_day_20260714.json
2026-07-14,56242681615,32,Логистика,POSTING,77299780-0197-3,posting_number,77299780-0197-3,3735674506,910584041,EVT-SET-TON-SER-CREAM-ACNE,NOT_AVAILABLE,NOT_AVAILABLE,-70.0,RUB,/v1/finance/accrual/by-day,raw/backfill_v1/finance/accrual_by_day_20260714.json
2026-07-14,56242681615,29,Доставка до места выдачи,POSTING,77299780-0197-3,posting_number,77299780-0197-3,3735674506,910584041,EVT-SET-TON-SER-CREAM-ACNE,NOT_AVAILABLE,NOT_AVAILABLE,-18.23,RUB,/v1/finance/accrual/by-day,raw/backfill_v1/finance/accrual_by_day_20260714.json
2026-07-14,56245074150,1,Эквайринг,ITEM,77299780-0197-3,order_or_item_ref,,3735674506,910584041,EVT-SET-TON-SER-CREAM-ACNE,NOT_AVAILABLE,NOT_AVAILABLE,-24.3,RUB,/v1/finance/accrual/by-day,raw/backfill_v1/finance/accrual_by_day_20260714.json
2026-07-14,56245074154,1,Эквайринг,ITEM,77299780-0197-5,order_or_item_ref,,3735674506,910584041,EVT-SET-TON-SER-CREAM-ACNE,NOT_AVAILABLE,NOT_AVAILABLE,-24.3,RUB,/v1/finance/accrual/by-day,raw/backfill_v1/finance/accrual_by_day_20260714.json
2026-07-14,56245074156,1,Эквайринг,ITEM,77299780-0197-7,order_or_item_ref,,3735674506,910584041,EVT-SET-TON-SER-CREAM-ACNE,NOT_AVAILABLE,NOT_AVAILABLE,-24.3,RUB,/v1/finance/accrual/by-day,raw/backfill_v1/finance/accrual_by_day_20260714.json
2026-07-14,56287309304,41,Оплата за клик,NON_ITEM,32158176,campaign_id,,,,,NOT_AVAILABLE,NOT_AVAILABLE,-96.54,RUB,/v1/finance/accrual/by-day,raw/backfill_v1/finance/accrual_by_day_20260714.json
2026-07-14,56287309305,41,Оплата за клик,NON_ITEM,32157965,campaign_id,,,,,NOT_AVAILABLE,NOT_AVAILABLE,-46.36,RUB,/v1/finance/accrual/by-day,raw/backfill_v1/finance/accrual_by_day_20260714.json
2026-07-14,56287309306,41,Оплата за клик,NON_ITEM,32157919,campaign_id,,,,,NOT_AVAILABLE,NOT_AVAILABLE,-41.32,RUB,/v1/finance/accrual/by-day,raw/backfill_v1/finance/accrual_by_day_20260714.json
2026-07-14,56287309307,41,Оплата за клик,NON_ITEM,32158299,campaign_id,,,,,NOT_AVAILABLE,NOT_AVAILABLE,-24.65,RUB,/v1/finance/accrual/by-day,raw/backfill_v1/finance/accrual_by_day_20260714.json
2026-07-14,56287309308,41,Оплата за клик,NON_ITEM,32158051,campaign_id,,,,,NOT_AVAILABLE,NOT_AVAILABLE,-30.75,RUB,/v1/finance/accrual/by-day,raw/backfill_v1/finance/accrual_by_day_20260714.json
2026-07-14,56287309309,41,Оплата за клик,NON_ITEM,32158008,campaign_id,,,,,NOT_AVAILABLE,NOT_AVAILABLE,-26.56,RUB,/v1/finance/accrual/by-day,raw/backfill_v1/finance/accrual_by_day_20260714.json
2026-07-14,56287309310,41,Оплата за клик,NON_ITEM,32157988,campaign_id,,,,,NOT_AVAILABLE,NOT_AVAILABLE,-24.6,RUB,/v1/finance/accrual/by-day,raw/backfill_v1/finance/accrual_by_day_20260714.json
2026-07-14,56287309311,41,Оплата за клик,NON_ITEM,32157947,campaign_id,,,,,NOT_AVAILABLE,NOT_AVAILABLE,-5.96,RUB,/v1/finance/accrual/by-day,raw/backfill_v1/finance/accrual_by_day_20260714.json
2026-07-14,56287309312,41,Оплата за клик,NON_ITEM,32157891,campaign_id,,,,,NOT_AVAILABLE,NOT_AVAILABLE,-28.17,RUB,/v1/finance/accrual/by-day,raw/backfill_v1/finance/accrual_by_day_20260714.json
2026-07-15,56292254359,77,Обработка товара,NON_ITEM,2000057623275,order_or_item_ref,,,,,NOT_AVAILABLE,NOT_AVAILABLE,-369.0,RUB,/v1/finance/accrual/by-day,raw/backfill_v1/finance/accrual_by_day_20260715.json
2026-07-15,56292254360,77,Обработка товара,NON_ITEM,2000057623275,order_or_item_ref,,,,,NOT_AVAILABLE,NOT_AVAILABLE,-5.0,RUB,/v1/finance/accrual/by-day,raw/backfill_v1/finance/accrual_by_day_20260715.json
2026-07-15,56292254361,77,Обработка товара,NON_ITEM,2000057623275,order_or_item_ref,,,,,NOT_AVAILABLE,NOT_AVAILABLE,-5.0,RUB,/v1/finance/accrual/by-day,raw/backfill_v1/finance/accrual_by_day_20260715.json
2026-07-15,56292254362,77,Обработка товара,NON_ITEM,2000057623275,order_or_item_ref,,,,,NOT_AVAILABLE,NOT_AVAILABLE,-82.0,RUB,/v1/finance/accrual/by-day,raw/backfill_v1/finance/accrual_by_day_20260715.json
2026-07-15,56292254363,77,Обработка товара,NON_ITEM,2000057623275,order_or_item_ref,,,,,NOT_AVAILABLE,NOT_AVAILABLE,-30.0,RUB,/v1/finance/accrual/by-day,raw/backfill_v1/finance/accrual_by_day_20260715.json
2026-07-15,57048852035,41,Оплата за клик,NON_ITEM,32158008,campaign_id,,,,,NOT_AVAILABLE,NOT_AVAILABLE,-51.69,RUB,/v1/finance/accrual/by-day,raw/backfill_v1/finance/accrual_by_day_20260715.json
2026-07-15,57048852036,41,Оплата за клик,NON_ITEM,32157988,campaign_id,,,,,NOT_AVAILABLE,NOT_AVAILABLE,-4.82,RUB,/v1/finance/accrual/by-day,raw/backfill_v1/finance/accrual_by_day_20260715.json
2026-07-15,57048852037,41,Оплата за клик,NON_ITEM,32157919,campaign_id,,,,,NOT_AVAILABLE,NOT_AVAILABLE,-37.93,RUB,/v1/finance/accrual/by-day,raw/backfill_v1/finance/accrual_by_day_20260715.json
2026-07-15,57048852038,41,Оплата за клик,NON_ITEM,32157891,campaign_id,,,,,NOT_AVAILABLE,NOT_AVAILABLE,-67.95,RUB,/v1/finance/accrual/by-day,raw/backfill_v1/finance/accrual_by_day_20260715.json
2026-07-15,57048857253,41,Оплата за клик,NON_ITEM,32158299,campaign_id,,,,,NOT_AVAILABLE,NOT_AVAILABLE,-52.58,RUB,/v1/finance/accrual/by-day,raw/backfill_v1/finance/accrual_by_day_20260715.json
2026-07-15,57048857254,41,Оплата за клик,NON_ITEM,32158176,campaign_id,,,,,NOT_AVAILABLE,NOT_AVAILABLE,-142.7,RUB,/v1/finance/accrual/by-day,raw/backfill_v1/finance/accrual_by_day_20260715.json
2026-07-15,57048857255,41,Оплата за клик,NON_ITEM,32158051,campaign_id,,,,,NOT_AVAILABLE,NOT_AVAILABLE,-97.6,RUB,/v1/finance/accrual/by-day,raw/backfill_v1/finance/accrual_by_day_20260715.json
2026-07-15,57048857258,41,Оплата за клик,NON_ITEM,32157965,campaign_id,,,,,NOT_AVAILABLE,NOT_AVAILABLE,-73.88,RUB,/v1/finance/accrual/by-day,raw/backfill_v1/finance/accrual_by_day_20260715.json
2026-07-15,57048857259,41,Оплата за клик,NON_ITEM,32157947,campaign_id,,,,,NOT_AVAILABLE,NOT_AVAILABLE,-7.94,RUB,/v1/finance/accrual/by-day,raw/backfill_v1/finance/accrual_by_day_20260715.json
2026-07-16,57084745417,1,Эквайринг,ITEM,0203673302-0040,order_or_item_ref,,3733452761,868597351,EVT-SET-4PC-ACNE,NOT_AVAILABLE,NOT_AVAILABLE,-31.59,RUB,/v1/finance/accrual/by-day,raw/backfill_v1/finance/accrual_by_day_20260716.json
2026-07-16,57137584587,41,Оплата за клик,NON_ITEM,32158008,campaign_id,,,,,NOT_AVAILABLE,NOT_AVAILABLE,-100.92,RUB,/v1/finance/accrual/by-day,raw/backfill_v1/finance/accrual_by_day_20260716.json
2026-07-16,57137584588,41,Оплата за клик,NON_ITEM,32157965,campaign_id,,,,,NOT_AVAILABLE,NOT_AVAILABLE,-43.17,RUB,/v1/finance/accrual/by-day,raw/backfill_v1/finance/accrual_by_day_20260716.json
2026-07-16,57137584591,41,Оплата за клик,NON_ITEM,32158176,campaign_id,,,,,NOT_AVAILABLE,NOT_AVAILABLE,-127.83,RUB,/v1/finance/accrual/by-day,raw/backfill_v1/finance/accrual_by_day_20260716.json
2026-07-16,57137584592,41,Оплата за клик,NON_ITEM,32157988,campaign_id,,,,,NOT_AVAILABLE,NOT_AVAILABLE,-41.17,RUB,/v1/finance/accrual/by-day,raw/backfill_v1/finance/accrual_by_day_20260716.json
2026-07-16,57137584593,41,Оплата за клик,NON_ITEM,32157947,campaign_id,,,,,NOT_AVAILABLE,NOT_AVAILABLE,-29.33,RUB,/v1/finance/accrual/by-day,raw/backfill_v1/finance/accrual_by_day_20260716.json
2026-07-16,57137584594,41,Оплата за клик,NON_ITEM,32157891,campaign_id,,,,,NOT_AVAILABLE,NOT_AVAILABLE,-115.6,RUB,/v1/finance/accrual/by-day,raw/backfill_v1/finance/accrual_by_day_20260716.json
2026-07-16,57137584666,41,Оплата за клик,NON_ITEM,32158299,campaign_id,,,,,NOT_AVAILABLE,NOT_AVAILABLE,-60.66,RUB,/v1/finance/accrual/by-day,raw/backfill_v1/finance/accrual_by_day_20260716.json
2026-07-16,57137584667,41,Оплата за клик,NON_ITEM,32158051,campaign_id,,,,,NOT_AVAILABLE,NOT_AVAILABLE,-172.87,RUB,/v1/finance/accrual/by-day,raw/backfill_v1/finance/accrual_by_day_20260716.json
2026-07-16,57137584668,41,Оплата за клик,NON_ITEM,32157919,campaign_id,,,,,NOT_AVAILABLE,NOT_AVAILABLE,-52.07,RUB,/v1/finance/accrual/by-day,raw/backfill_v1/finance/accrual_by_day_20260716.json
2026-07-17,57141576011,12,Кросс-докинг,NON_ITEM,2000059109976,order_or_item_ref,,,,,NOT_AVAILABLE,NOT_AVAILABLE,-199.5,RUB,/v1/finance/accrual/by-day,raw/backfill_v1/finance/accrual_by_day_20260717.json
2026-07-17,57219053612,1,Эквайринг,ITEM,34484499-0408,order_or_item_ref,,1997079254,252442517,EVT-HC-HAND-300,NOT_AVAILABLE,NOT_AVAILABLE,-4.79,RUB,/v1/finance/accrual/by-day,raw/backfill_v1/finance/accrual_by_day_20260717.json
2026-07-17,57223528451,41,Оплата за клик,NON_ITEM,32157965,campaign_id,,,,,NOT_AVAILABLE,NOT_AVAILABLE,-62.55,RUB,/v1/finance/accrual/by-day,raw/backfill_v1/finance/accrual_by_day_20260717.json
2026-07-17,57223528452,41,Оплата за клик,NON_ITEM,32157988,campaign_id,,,,,NOT_AVAILABLE,NOT_AVAILABLE,-129.26,RUB,/v1/finance/accrual/by-day,raw/backfill_v1/finance/accrual_by_day_20260717.json
2026-07-17,57223528483,41,Оплата за клик,NON_ITEM,32158299,campaign_id,,,,,NOT_AVAILABLE,NOT_AVAILABLE,-54.9,RUB,/v1/finance/accrual/by-day,raw/backfill_v1/finance/accrual_by_day_20260717.json
2026-07-17,57223528484,41,Оплата за клик,NON_ITEM,32157891,campaign_id,,,,,NOT_AVAILABLE,NOT_AVAILABLE,-98.13,RUB,/v1/finance/accrual/by-day,raw/backfill_v1/finance/accrual_by_day_20260717.json
2026-07-17,57223528517,41,Оплата за клик,NON_ITEM,32157947,campaign_id,,,,,NOT_AVAILABLE,NOT_AVAILABLE,-83.03,RUB,/v1/finance/accrual/by-day,raw/backfill_v1/finance/accrual_by_day_20260717.json
2026-07-17,57223528518,41,Оплата за клик,NON_ITEM,32157919,campaign_id,,,,,NOT_AVAILABLE,NOT_AVAILABLE,-64.46,RUB,/v1/finance/accrual/by-day,raw/backfill_v1/finance/accrual_by_day_20260717.json
2026-07-17,57223528654,41,Оплата за клик,NON_ITEM,32158176,campaign_id,,,,,NOT_AVAILABLE,NOT_AVAILABLE,-137.18,RUB,/v1/finance/accrual/by-day,raw/backfill_v1/finance/accrual_by_day_20260717.json
2026-07-17,57223528655,41,Оплата за клик,NON_ITEM,32158051,campaign_id,,,,,NOT_AVAILABLE,NOT_AVAILABLE,-142.76,RUB,/v1/finance/accrual/by-day,raw/backfill_v1/finance/accrual_by_day_20260717.json
2026-07-17,57223528706,41,Оплата за клик,NON_ITEM,32158008,campaign_id,,,,,NOT_AVAILABLE,NOT_AVAILABLE,-102.39,RUB,/v1/finance/accrual/by-day,raw/backfill_v1/finance/accrual_by_day_20260717.json
2026-07-18,57230918506,32,Логистика,POSTING,04762031-0348-1,posting_number,04762031-0348-1,1997079254,252442517,EVT-HC-HAND-300,NOT_AVAILABLE,NOT_AVAILABLE,-77.0,RUB,/v1/finance/accrual/by-day,raw/backfill_v1/finance/accrual_by_day_20260718.json
2026-07-18,57230918506,29,Доставка до места выдачи,POSTING,04762031-0348-1,posting_number,04762031-0348-1,1997079254,252442517,EVT-HC-HAND-300,NOT_AVAILABLE,NOT_AVAILABLE,-10.29,RUB,/v1/finance/accrual/by-day,raw/backfill_v1/finance/accrual_by_day_20260718.json
2026-07-18,57232326722,1,Эквайринг,ITEM,04762031-0348-1,order_or_item_ref,,1997079254,252442517,EVT-HC-HAND-300,NOT_AVAILABLE,NOT_AVAILABLE,-5.32,RUB,/v1/finance/accrual/by-day,raw/backfill_v1/finance/accrual_by_day_20260718.json
2026-07-18,57247843762,1,Эквайринг,ITEM,0222049648-0192,order_or_item_ref,,3735674506,910584041,EVT-SET-TON-SER-CREAM-ACNE,NOT_AVAILABLE,NOT_AVAILABLE,-17.48,RUB,/v1/finance/accrual/by-day,raw/backfill_v1/finance/accrual_by_day_20260718.json
2026-07-18,57252393050,1,Эквайринг,ITEM,34484499-0408,order_or_item_ref,,1997079254,252442517,EVT-HC-HAND-300,NOT_AVAILABLE,NOT_AVAILABLE,4.79,RUB,/v1/finance/accrual/by-day,raw/backfill_v1/finance/accrual_by_day_20260718.json
2026-07-18,57253691868,32,Логистика,POSTING,13616023-0409-8,posting_number,13616023-0409-8,3543342130,535580776,EVT-EP-ENZYME-75,NOT_AVAILABLE,NOT_AVAILABLE,-73.0,RUB,/v1/finance/accrual/by-day,raw/backfill_v1/finance/accrual_by_day_20260718.json
2026-07-18,57253691868,29,Доставка до места выдачи,POSTING,13616023-0409-8,posting_number,13616023-0409-8,3543342130,535580776,EVT-EP-ENZYME-75,NOT_AVAILABLE,NOT_AVAILABLE,-8.81,RUB,/v1/finance/accrual/by-day,raw/backfill_v1/finance/accrual_by_day_20260718.json
2026-07-18,57255649969,1,Эквайринг,ITEM,13616023-0409-8,order_or_item_ref,,3543342130,535580776,EVT-EP-ENZYME-75,NOT_AVAILABLE,NOT_AVAILABLE,-9.86,RUB,/v1/finance/accrual/by-day,raw/backfill_v1/finance/accrual_by_day_20260718.json
2026-07-18,57257607506,32,Логистика,POSTING,0123634155-0195-2,posting_number,0123634155-0195-2,1991772098,305101272,EVT-FS-MOIST-30,NOT_AVAILABLE,NOT_AVAILABLE,-60.0,RUB,/v1/finance/accrual/by-day,raw/backfill_v1/finance/accrual_by_day_20260718.json
2026-07-18,57257607506,29,Доставка до места выдачи,POSTING,0123634155-0195-2,posting_number,0123634155-0195-2,1991772098,305101272,EVT-FS-MOIST-30,NOT_AVAILABLE,NOT_AVAILABLE,-8.07,RUB,/v1/finance/accrual/by-day,raw/backfill_v1/finance/accrual_by_day_20260718.json
2026-07-18,57291672103,32,Логистика,POSTING,0203673302-0040-1,posting_number,0203673302-0040-1,3733452761,868597351,EVT-SET-4PC-ACNE,NOT_AVAILABLE,NOT_AVAILABLE,-73.0,RUB,/v1/finance/accrual/by-day,raw/backfill_v1/finance/accrual_by_day_20260718.json
2026-07-18,57291672103,29,Доставка до места выдачи,POSTING,0203673302-0040-1,posting_number,0203673302-0040-1,3733452761,868597351,EVT-SET-4PC-ACNE,NOT_AVAILABLE,NOT_AVAILABLE,-8.98,RUB,/v1/finance/accrual/by-day,raw/backfill_v1/finance/accrual_by_day_20260718.json
2026-07-18,57300320849,41,Оплата за клик,NON_ITEM,32158176,campaign_id,,,,,NOT_AVAILABLE,NOT_AVAILABLE,-268.19,RUB,/v1/finance/accrual/by-day,raw/backfill_v1/finance/accrual_by_day_20260718.json
2026-07-18,57300320850,41,Оплата за клик,NON_ITEM,32157891,campaign_id,,,,,NOT_AVAILABLE,NOT_AVAILABLE,-122.22,RUB,/v1/finance/accrual/by-day,raw/backfill_v1/finance/accrual_by_day_20260718.json
2026-07-18,57300320853,41,Оплата за клик,NON_ITEM,32158299,campaign_id,,,,,NOT_AVAILABLE,NOT_AVAILABLE,-183.28,RUB,/v1/finance/accrual/by-day,raw/backfill_v1/finance/accrual_by_day_20260718.json
2026-07-18,57300320854,41,Оплата за клик,NON_ITEM,32158051,campaign_id,,,,,NOT_AVAILABLE,NOT_AVAILABLE,-154.45,RUB,/v1/finance/accrual/by-day,raw/backfill_v1/finance/accrual_by_day_20260718.json
2026-07-18,57300320855,41,Оплата за клик,NON_ITEM,32158008,campaign_id,,,,,NOT_AVAILABLE,NOT_AVAILABLE,-73.42,RUB,/v1/finance/accrual/by-day,raw/backfill_v1/finance/accrual_by_day_20260718.json
2026-07-18,57300320856,41,Оплата за клик,NON_ITEM,32157988,campaign_id,,,,,NOT_AVAILABLE,NOT_AVAILABLE,-112.53,RUB,/v1/finance/accrual/by-day,raw/backfill_v1/finance/accrual_by_day_20260718.json
2026-07-18,57300320857,41,Оплата за клик,NON_ITEM,32157965,campaign_id,,,,,NOT_AVAILABLE,NOT_AVAILABLE,-295.18,RUB,/v1/finance/accrual/by-day,raw/backfill_v1/finance/accrual_by_day_20260718.json
2026-07-18,57300320858,41,Оплата за клик,NON_ITEM,32157947,campaign_id,,,,,NOT_AVAILABLE,NOT_AVAILABLE,-51.77,RUB,/v1/finance/accrual/by-day,raw/backfill_v1/finance/accrual_by_day_20260718.json
2026-07-18,57300320859,41,Оплата за клик,NON_ITEM,32157919,campaign_id,,,,,NOT_AVAILABLE,NOT_AVAILABLE,-46.93,RUB,/v1/finance/accrual/by-day,raw/backfill_v1/finance/accrual_by_day_20260718.json
2026-07-19,57302958905,1,Эквайринг,ITEM,56648191-0141,order_or_item_ref,,3733452761,868597351,EVT-SET-4PC-ACNE,NOT_AVAILABLE,NOT_AVAILABLE,-24.68,RUB,/v1/finance/accrual/by-day,raw/backfill_v1/finance/accrual_by_day_20260719.json
2026-07-19,57314262918,32,Логистика,POSTING,0212099013-0655-1,posting_number,0212099013-0655-1,1997079254,252442517,EVT-HC-HAND-300,NOT_AVAILABLE,NOT_AVAILABLE,-70.0,RUB,/v1/finance/accrual/by-day,raw/backfill_v1/finance/accrual_by_day_20260719.json
2026-07-19,57314262918,98,Доставка до места выдачи силами Ozon,POSTING,0212099013-0655-1,posting_number,0212099013-0655-1,1997079254,252442517,EVT-HC-HAND-300,NOT_AVAILABLE,NOT_AVAILABLE,-25.0,RUB,/v1/finance/accrual/by-day,raw/backfill_v1/finance/accrual_by_day_20260719.json
2026-07-19,57324048152,1,Эквайринг,ITEM,0140260783-0103,order_or_item_ref,,1997079254,252442517,EVT-HC-HAND-300,NOT_AVAILABLE,NOT_AVAILABLE,0.0,RUB,/v1/finance/accrual/by-day,raw/backfill_v1/finance/accrual_by_day_20260719.json
2026-07-19,57327978783,1,Эквайринг,ITEM,0221180046-0084,order_or_item_ref,,1991772098,305101272,EVT-FS-MOIST-30,NOT_AVAILABLE,NOT_AVAILABLE,-5.72,RUB,/v1/finance/accrual/by-day,raw/backfill_v1/finance/accrual_by_day_20260719.json
2026-07-19,57328040928,32,Логистика,POSTING,62872616-0370-1,posting_number,62872616-0370-1,3735674506,910584041,EVT-SET-TON-SER-CREAM-ACNE,NOT_AVAILABLE,NOT_AVAILABLE,-70.0,RUB,/v1/finance/accrual/by-day,raw/backfill_v1/finance/accrual_by_day_20260719.json
2026-07-19,57328040928,29,Доставка до места выдачи,POSTING,62872616-0370-1,posting_number,62872616-0370-1,3735674506,910584041,EVT-SET-TON-SER-CREAM-ACNE,NOT_AVAILABLE,NOT_AVAILABLE,-10.73,RUB,/v1/finance/accrual/by-day,raw/backfill_v1/finance/accrual_by_day_20260719.json
2026-07-19,57330062618,1,Эквайринг,ITEM,62872616-0370-1,order_or_item_ref,,3735674506,910584041,EVT-SET-TON-SER-CREAM-ACNE,NOT_AVAILABLE,NOT_AVAILABLE,-21.17,RUB,/v1/finance/accrual/by-day,raw/backfill_v1/finance/accrual_by_day_20260719.json
2026-07-19,57341239713,32,Логистика,POSTING,0222049648-0192-2,posting_number,0222049648-0192-2,3735674506,910584041,EVT-SET-TON-SER-CREAM-ACNE,NOT_AVAILABLE,NOT_AVAILABLE,-70.0,RUB,/v1/finance/accrual/by-day,raw/backfill_v1/finance/accrual_by_day_20260719.json
2026-07-19,57341239713,98,Доставка до места выдачи силами Ozon,POSTING,0222049648-0192-2,posting_number,0222049648-0192-2,3735674506,910584041,EVT-SET-TON-SER-CREAM-ACNE,NOT_AVAILABLE,NOT_AVAILABLE,-25.0,RUB,/v1/finance/accrual/by-day,raw/backfill_v1/finance/accrual_by_day_20260719.json
2026-07-19,57359594793,32,Логистика,POSTING,0190373639-0720-1,posting_number,0190373639-0720-1,2974977988,438775617,EVT-FC-ACNE-50,NOT_AVAILABLE,NOT_AVAILABLE,-72.0,RUB,/v1/finance/accrual/by-day,raw/backfill_v1/finance/accrual_by_day_20260719.json
2026-07-19,57359594793,29,Доставка до места выдачи,POSTING,0190373639-0720-1,posting_number,0190373639-0720-1,2974977988,438775617,EVT-FC-ACNE-50,NOT_AVAILABLE,NOT_AVAILABLE,-9.89,RUB,/v1/finance/accrual/by-day,raw/backfill_v1/finance/accrual_by_day_20260719.json
2026-07-19,57361731835,1,Эквайринг,ITEM,0208882878-0247,order_or_item_ref,,3733947454,909951444,EVT-SET-ACNE-POWDER-SERUM-CREAM,NOT_AVAILABLE,NOT_AVAILABLE,-12.14,RUB,/v1/finance/accrual/by-day,raw/backfill_v1/finance/accrual_by_day_20260719.json
2026-07-19,57361766803,1,Эквайринг,ITEM,0190373639-0720-1,order_or_item_ref,,2974977988,438775617,EVT-FC-ACNE-50,NOT_AVAILABLE,NOT_AVAILABLE,-6.88,RUB,/v1/finance/accrual/by-day,raw/backfill_v1/finance/accrual_by_day_20260719.json
2026-07-19,57375249940,1,Эквайринг,ITEM,26617500-0814,order_or_item_ref,,3530427102,535581675,EVT-FT-ACNE-150,NOT_AVAILABLE,NOT_AVAILABLE,-7.6,RUB,/v1/finance/accrual/by-day,raw/backfill_v1/finance/accrual_by_day_20260719.json
2026-07-19,57380989592,41,Оплата за клик,NON_ITEM,32158051,campaign_id,,,,,NOT_AVAILABLE,NOT_AVAILABLE,-138.0,RUB,/v1/finance/accrual/by-day,raw/backfill_v1/finance/accrual_by_day_20260719.json
2026-07-19,57380989593,41,Оплата за клик,NON_ITEM,32157965,campaign_id,,,,,NOT_AVAILABLE,NOT_AVAILABLE,-74.05,RUB,/v1/finance/accrual/by-day,raw/backfill_v1/finance/accrual_by_day_20260719.json
2026-07-19,57380989594,41,Оплата за клик,NON_ITEM,32157947,campaign_id,,,,,NOT_AVAILABLE,NOT_AVAILABLE,-39.99,RUB,/v1/finance/accrual/by-day,raw/backfill_v1/finance/accrual_by_day_20260719.json
2026-07-19,57380989599,41,Оплата за клик,NON_ITEM,32158299,campaign_id,,,,,NOT_AVAILABLE,NOT_AVAILABLE,-143.02,RUB,/v1/finance/accrual/by-day,raw/backfill_v1/finance/accrual_by_day_20260719.json
2026-07-19,57380989600,41,Оплата за клик,NON_ITEM,32158176,campaign_id,,,,,NOT_AVAILABLE,NOT_AVAILABLE,-118.08,RUB,/v1/finance/accrual/by-day,raw/backfill_v1/finance/accrual_by_day_20260719.json
2026-07-19,57380989601,41,Оплата за клик,NON_ITEM,32158008,campaign_id,,,,,NOT_AVAILABLE,NOT_AVAILABLE,-105.99,RUB,/v1/finance/accrual/by-day,raw/backfill_v1/finance/accrual_by_day_20260719.json
2026-07-19,57380989602,41,Оплата за клик,NON_ITEM,32157988,campaign_id,,,,,NOT_AVAILABLE,NOT_AVAILABLE,-132.2,RUB,/v1/finance/accrual/by-day,raw/backfill_v1/finance/accrual_by_day_20260719.json
2026-07-19,57380989603,41,Оплата за клик,NON_ITEM,32157919,campaign_id,,,,,NOT_AVAILABLE,NOT_AVAILABLE,-33.67,RUB,/v1/finance/accrual/by-day,raw/backfill_v1/finance/accrual_by_day_20260719.json
2026-07-19,57380989604,41,Оплата за клик,NON_ITEM,32157891,campaign_id,,,,,NOT_AVAILABLE,NOT_AVAILABLE,-184.16,RUB,/v1/finance/accrual/by-day,raw/backfill_v1/finance/accrual_by_day_20260719.json
2026-07-20,57396699899,77,Обработка товара,NON_ITEM,2000059109976,order_or_item_ref,,,,,NOT_AVAILABLE,NOT_AVAILABLE,-138.0,RUB,/v1/finance/accrual/by-day,raw/backfill_v1/finance/accrual_by_day_20260720.json
2026-07-20,57396699900,77,Обработка товара,NON_ITEM,2000059109976,order_or_item_ref,,,,,NOT_AVAILABLE,NOT_AVAILABLE,-30.0,RUB,/v1/finance/accrual/by-day,raw/backfill_v1/finance/accrual_by_day_20260720.json
2026-07-20,57396699901,77,Обработка товара,NON_ITEM,2000059109976,order_or_item_ref,,,,,NOT_AVAILABLE,NOT_AVAILABLE,-90.0,RUB,/v1/finance/accrual/by-day,raw/backfill_v1/finance/accrual_by_day_20260720.json
2026-07-20,57397789659,32,Логистика,POSTING,34484499-0408-1,posting_number,34484499-0408-1,1997079254,252442517,EVT-HC-HAND-300,NOT_AVAILABLE,NOT_AVAILABLE,-68.0,RUB,/v1/finance/accrual/by-day,raw/backfill_v1/finance/accrual_by_day_20260720.json
2026-07-20,57397789660,59,Обратная логистика,POSTING,34484499-0408-1,posting_number,34484499-0408-1,1997079254,252442517,EVT-HC-HAND-300,NOT_AVAILABLE,NOT_AVAILABLE,-67.0,RUB,/v1/finance/accrual/by-day,raw/backfill_v1/finance/accrual_by_day_20260720.json
2026-07-20,57412037908,1,Эквайринг,ITEM,49551554-1311,order_or_item_ref,,3892223191,930334397,EVT-SET-CHERRY-AMBER,NOT_AVAILABLE,NOT_AVAILABLE,-6.82,RUB,/v1/finance/accrual/by-day,raw/backfill_v1/finance/accrual_by_day_20260720.json
2026-07-20,57423060360,1,Эквайринг,ITEM,0163752488-0152,order_or_item_ref,,1997079254,252442517,EVT-HC-HAND-300,NOT_AVAILABLE,NOT_AVAILABLE,-6.04,RUB,/v1/finance/accrual/by-day,raw/backfill_v1/finance/accrual_by_day_20260720.json
2026-07-20,57429654870,32,Логистика,POSTING,0141595182-0290-5,posting_number,0141595182-0290-5,3543342130,535580776,EVT-EP-ENZYME-75,NOT_AVAILABLE,NOT_AVAILABLE,-72.0,RUB,/v1/finance/accrual/by-day,raw/backfill_v1/finance/accrual_by_day_20260720.json
2026-07-20,57429654870,29,Доставка до места выдачи,POSTING,0141595182-0290-5,posting_number,0141595182-0290-5,3543342130,535580776,EVT-EP-ENZYME-75,NOT_AVAILABLE,NOT_AVAILABLE,-7.98,RUB,/v1/finance/accrual/by-day,raw/backfill_v1/finance/accrual_by_day_20260720.json
2026-07-20,57429714898,32,Логистика,POSTING,0141595182-0290-7,posting_number,0141595182-0290-7,2974977988,438775617,EVT-FC-ACNE-50,NOT_AVAILABLE,NOT_AVAILABLE,-72.0,RUB,/v1/finance/accrual/by-day,raw/backfill_v1/finance/accrual_by_day_20260720.json
2026-07-20,57429714898,29,Доставка до места выдачи,POSTING,0141595182-0290-7,posting_number,0141595182-0290-7,2974977988,438775617,EVT-FC-ACNE-50,NOT_AVAILABLE,NOT_AVAILABLE,-7.98,RUB,/v1/finance/accrual/by-day,raw/backfill_v1/finance/accrual_by_day_20260720.json
2026-07-20,57432331665,32,Логистика,POSTING,0152034345-0505-1,posting_number,0152034345-0505-1,2974977988,438775617,EVT-FC-ACNE-50,NOT_AVAILABLE,NOT_AVAILABLE,-66.0,RUB,/v1/finance/accrual/by-day,raw/backfill_v1/finance/accrual_by_day_20260720.json
2026-07-20,57432331665,29,Доставка до места выдачи,POSTING,0152034345-0505-1,posting_number,0152034345-0505-1,2974977988,438775617,EVT-FC-ACNE-50,NOT_AVAILABLE,NOT_AVAILABLE,-13.86,RUB,/v1/finance/accrual/by-day,raw/backfill_v1/finance/accrual_by_day_20260720.json
2026-07-20,57432391140,1,Эквайринг,ITEM,0141595182-0290-5,order_or_item_ref,,3543342130,535580776,EVT-EP-ENZYME-75,NOT_AVAILABLE,NOT_AVAILABLE,-8.83,RUB,/v1/finance/accrual/by-day,raw/backfill_v1/finance/accrual_by_day_20260720.json
2026-07-20,57432391144,1,Эквайринг,ITEM,0141595182-0290-7,order_or_item_ref,,2974977988,438775617,EVT-FC-ACNE-50,NOT_AVAILABLE,NOT_AVAILABLE,-7.93,RUB,/v1/finance/accrual/by-day,raw/backfill_v1/finance/accrual_by_day_20260720.json
2026-07-20,57435024505,1,Эквайринг,ITEM,0152034345-0505-1,order_or_item_ref,,2974977988,438775617,EVT-FC-ACNE-50,NOT_AVAILABLE,NOT_AVAILABLE,-6.7,RUB,/v1/finance/accrual/by-day,raw/backfill_v1/finance/accrual_by_day_20260720.json
2026-07-20,57437936533,32,Логистика,POSTING,34484499-0410-1,posting_number,34484499-0410-1,1997079254,252442517,EVT-HC-HAND-300,NOT_AVAILABLE,NOT_AVAILABLE,-67.0,RUB,/v1/finance/accrual/by-day,raw/backfill_v1/finance/accrual_by_day_20260720.json
2026-07-20,57437936533,29,Доставка до места выдачи,POSTING,34484499-0410-1,posting_number,34484499-0410-1,1997079254,252442517,EVT-HC-HAND-300,NOT_AVAILABLE,NOT_AVAILABLE,-9.87,RUB,/v1/finance/accrual/by-day,raw/backfill_v1/finance/accrual_by_day_20260720.json
2026-07-20,57440976537,1,Эквайринг,ITEM,34484499-0410-1,order_or_item_ref,,1997079254,252442517,EVT-HC-HAND-300,NOT_AVAILABLE,NOT_AVAILABLE,-4.14,RUB,/v1/finance/accrual/by-day,raw/backfill_v1/finance/accrual_by_day_20260720.json
2026-07-20,57441530126,32,Логистика,POSTING,0124422399-0338-1,posting_number,0124422399-0338-1,1997079254,252442517,EVT-HC-HAND-300,NOT_AVAILABLE,NOT_AVAILABLE,-77.0,RUB,/v1/finance/accrual/by-day,raw/backfill_v1/finance/accrual_by_day_20260720.json
2026-07-20,57441530126,29,Доставка до места выдачи,POSTING,0124422399-0338-1,posting_number,0124422399-0338-1,1997079254,252442517,EVT-HC-HAND-300,NOT_AVAILABLE,NOT_AVAILABLE,-9.71,RUB,/v1/finance/accrual/by-day,raw/backfill_v1/finance/accrual_by_day_20260720.json
2026-07-20,57443071614,32,Логистика,POSTING,26617500-0814-1,posting_number,26617500-0814-1,3530427102,535581675,EVT-FT-ACNE-150,NOT_AVAILABLE,NOT_AVAILABLE,-72.0,RUB,/v1/finance/accrual/by-day,raw/backfill_v1/finance/accrual_by_day_20260720.json
2026-07-20,57443071614,29,Доставка до места выдачи,POSTING,26617500-0814-1,posting_number,26617500-0814-1,3530427102,535581675,EVT-FT-ACNE-150,NOT_AVAILABLE,NOT_AVAILABLE,-9.61,RUB,/v1/finance/accrual/by-day,raw/backfill_v1/finance/accrual_by_day_20260720.json
2026-07-20,57444365481,1,Эквайринг,ITEM,0124422399-0338-1,order_or_item_ref,,1997079254,252442517,EVT-HC-HAND-300,NOT_AVAILABLE,NOT_AVAILABLE,-5.78,RUB,/v1/finance/accrual/by-day,raw/backfill_v1/finance/accrual_by_day_20260720.json
2026-07-20,57465150036,79,Временное размещение товара партнерами,ITEM,sr01-bx20228919049,order_or_item_ref,,3543342130,535580776,EVT-EP-ENZYME-75,NOT_AVAILABLE,NOT_AVAILABLE,-60.0,RUB,/v1/finance/accrual/by-day,raw/backfill_v1/finance/accrual_by_day_20260720.json
2026-07-20,57465282006,71,Вывоз товара со склада силами Ozon,ITEM,sr01-bx20228612660,order_or_item_ref,,3543342130,535580776,EVT-EP-ENZYME-75,NOT_AVAILABLE,NOT_AVAILABLE,-24.0,RUB,/v1/finance/accrual/by-day,raw/backfill_v1/finance/accrual_by_day_20260720.json
2026-07-20,57465282009,71,Вывоз товара со склада силами Ozon,ITEM,sr01-bx20228919049,order_or_item_ref,,3543342130,535580776,EVT-EP-ENZYME-75,NOT_AVAILABLE,NOT_AVAILABLE,-30.0,RUB,/v1/finance/accrual/by-day,raw/backfill_v1/finance/accrual_by_day_20260720.json
2026-07-20,57472291045,41,Оплата за клик,NON_ITEM,32158051,campaign_id,,,,,NOT_AVAILABLE,NOT_AVAILABLE,-196.68,RUB,/v1/finance/accrual/by-day,raw/backfill_v1/finance/accrual_by_day_20260720.json
2026-07-20,57472291046,41,Оплата за клик,NON_ITEM,32157947,campaign_id,,,,,NOT_AVAILABLE,NOT_AVAILABLE,-128.21,RUB,/v1/finance/accrual/by-day,raw/backfill_v1/finance/accrual_by_day_20260720.json
2026-07-20,57472291048,41,Оплата за клик,NON_ITEM,32158008,campaign_id,,,,,NOT_AVAILABLE,NOT_AVAILABLE,-173.15,RUB,/v1/finance/accrual/by-day,raw/backfill_v1/finance/accrual_by_day_20260720.json
2026-07-20,57472291121,41,Оплата за клик,NON_ITEM,32158299,campaign_id,,,,,NOT_AVAILABLE,NOT_AVAILABLE,-182.25,RUB,/v1/finance/accrual/by-day,raw/backfill_v1/finance/accrual_by_day_20260720.json
2026-07-20,57472291122,41,Оплата за клик,NON_ITEM,32158176,campaign_id,,,,,NOT_AVAILABLE,NOT_AVAILABLE,-195.28,RUB,/v1/finance/accrual/by-day,raw/backfill_v1/finance/accrual_by_day_20260720.json
2026-07-20,57472291123,41,Оплата за клик,NON_ITEM,32157988,campaign_id,,,,,NOT_AVAILABLE,NOT_AVAILABLE,-83.07,RUB,/v1/finance/accrual/by-day,raw/backfill_v1/finance/accrual_by_day_20260720.json
2026-07-20,57472291124,41,Оплата за клик,NON_ITEM,32157965,campaign_id,,,,,NOT_AVAILABLE,NOT_AVAILABLE,-54.29,RUB,/v1/finance/accrual/by-day,raw/backfill_v1/finance/accrual_by_day_20260720.json
2026-07-20,57472291125,41,Оплата за клик,NON_ITEM,32157919,campaign_id,,,,,NOT_AVAILABLE,NOT_AVAILABLE,-26.63,RUB,/v1/finance/accrual/by-day,raw/backfill_v1/finance/accrual_by_day_20260720.json
2026-07-20,57472291126,41,Оплата за клик,NON_ITEM,32157891,campaign_id,,,,,NOT_AVAILABLE,NOT_AVAILABLE,-134.89,RUB,/v1/finance/accrual/by-day,raw/backfill_v1/finance/accrual_by_day_20260720.json
2026-07-21,57473178329,1,Эквайринг,ITEM,40648009-0543,order_or_item_ref,,3733452761,868597351,EVT-SET-4PC-ACNE,NOT_AVAILABLE,NOT_AVAILABLE,-32.82,RUB,/v1/finance/accrual/by-day,raw/backfill_v1/finance/accrual_by_day_20260721.json
2026-07-21,57479041701,1,Эквайринг,ITEM,87896916-0043,order_or_item_ref,,3530427102,535581675,EVT-FT-ACNE-150,NOT_AVAILABLE,NOT_AVAILABLE,-4.37,RUB,/v1/finance/accrual/by-day,raw/backfill_v1/finance/accrual_by_day_20260721.json
2026-07-21,57541966867,32,Логистика,POSTING,0152034345-0506-1,posting_number,0152034345-0506-1,3543342130,535580776,EVT-EP-ENZYME-75,NOT_AVAILABLE,NOT_AVAILABLE,-66.0,RUB,/v1/finance/accrual/by-day,raw/backfill_v1/finance/accrual_by_day_20260721.json
2026-07-21,57541966867,29,Доставка до места выдачи,POSTING,0152034345-0506-1,posting_number,0152034345-0506-1,3543342130,535580776,EVT-EP-ENZYME-75,NOT_AVAILABLE,NOT_AVAILABLE,-13.57,RUB,/v1/finance/accrual/by-day,raw/backfill_v1/finance/accrual_by_day_20260721.json
2026-07-21,57542006875,32,Логистика,POSTING,0152034345-0507-1,posting_number,0152034345-0507-1,2974977988,438775617,EVT-FC-ACNE-50,NOT_AVAILABLE,NOT_AVAILABLE,-66.0,RUB,/v1/finance/accrual/by-day,raw/backfill_v1/finance/accrual_by_day_20260721.json
2026-07-21,57542006875,29,Доставка до места выдачи,POSTING,0152034345-0507-1,posting_number,0152034345-0507-1,2974977988,438775617,EVT-FC-ACNE-50,NOT_AVAILABLE,NOT_AVAILABLE,-13.57,RUB,/v1/finance/accrual/by-day,raw/backfill_v1/finance/accrual_by_day_20260721.json
2026-07-21,57544288677,1,Эквайринг,ITEM,0152034345-0507-1,order_or_item_ref,,2974977988,438775617,EVT-FC-ACNE-50,NOT_AVAILABLE,NOT_AVAILABLE,-6.7,RUB,/v1/finance/accrual/by-day,raw/backfill_v1/finance/accrual_by_day_20260721.json
2026-07-21,57544315685,1,Эквайринг,ITEM,0152034345-0506-1,order_or_item_ref,,3543342130,535580776,EVT-EP-ENZYME-75,NOT_AVAILABLE,NOT_AVAILABLE,-7.46,RUB,/v1/finance/accrual/by-day,raw/backfill_v1/finance/accrual_by_day_20260721.json
2026-07-21,57558181939,41,Оплата за клик,NON_ITEM,32158299,campaign_id,,,,,NOT_AVAILABLE,NOT_AVAILABLE,-117.29,RUB,/v1/finance/accrual/by-day,raw/backfill_v1/finance/accrual_by_day_20260721.json
2026-07-21,57558181940,41,Оплата за клик,NON_ITEM,32158176,campaign_id,,,,,NOT_AVAILABLE,NOT_AVAILABLE,-298.68,RUB,/v1/finance/accrual/by-day,raw/backfill_v1/finance/accrual_by_day_20260721.json
2026-07-21,57558181941,41,Оплата за клик,NON_ITEM,32158008,campaign_id,,,,,NOT_AVAILABLE,NOT_AVAILABLE,-187.1,RUB,/v1/finance/accrual/by-day,raw/backfill_v1/finance/accrual_by_day_20260721.json
2026-07-21,57558181942,41,Оплата за клик,NON_ITEM,32157965,campaign_id,,,,,NOT_AVAILABLE,NOT_AVAILABLE,-105.93,RUB,/v1/finance/accrual/by-day,raw/backfill_v1/finance/accrual_by_day_20260721.json
2026-07-21,57558181943,41,Оплата за клик,NON_ITEM,32157947,campaign_id,,,,,NOT_AVAILABLE,NOT_AVAILABLE,-137.82,RUB,/v1/finance/accrual/by-day,raw/backfill_v1/finance/accrual_by_day_20260721.json
2026-07-21,57558181944,41,Оплата за клик,NON_ITEM,32157919,campaign_id,,,,,NOT_AVAILABLE,NOT_AVAILABLE,-59.04,RUB,/v1/finance/accrual/by-day,raw/backfill_v1/finance/accrual_by_day_20260721.json
2026-07-21,57558181945,41,Оплата за клик,NON_ITEM,32157891,campaign_id,,,,,NOT_AVAILABLE,NOT_AVAILABLE,-59.71,RUB,/v1/finance/accrual/by-day,raw/backfill_v1/finance/accrual_by_day_20260721.json
2026-07-21,57558181952,41,Оплата за клик,NON_ITEM,32158051,campaign_id,,,,,NOT_AVAILABLE,NOT_AVAILABLE,-123.3,RUB,/v1/finance/accrual/by-day,raw/backfill_v1/finance/accrual_by_day_20260721.json
2026-07-21,57558181953,41,Оплата за клик,NON_ITEM,32157988,campaign_id,,,,,NOT_AVAILABLE,NOT_AVAILABLE,-144.53,RUB,/v1/finance/accrual/by-day,raw/backfill_v1/finance/accrual_by_day_20260721.json
2026-07-22,57595380552,32,Логистика,POSTING,0163752488-0152-1,posting_number,0163752488-0152-1,1997079254,252442517,EVT-HC-HAND-300,NOT_AVAILABLE,NOT_AVAILABLE,-70.0,RUB,/v1/finance/accrual/by-day,raw/backfill_v1/finance/accrual_by_day_20260722.json
2026-07-22,57595380552,98,Доставка до места выдачи силами Ozon,POSTING,0163752488-0152-1,posting_number,0163752488-0152-1,1997079254,252442517,EVT-HC-HAND-300,NOT_AVAILABLE,NOT_AVAILABLE,-25.0,RUB,/v1/finance/accrual/by-day,raw/backfill_v1/finance/accrual_by_day_20260722.json
2026-07-22,57609022191,32,Логистика,POSTING,0221180046-0084-1,posting_number,0221180046-0084-1,1991772098,305101272,EVT-FS-MOIST-30,NOT_AVAILABLE,NOT_AVAILABLE,-60.0,RUB,/v1/finance/accrual/by-day,raw/backfill_v1/finance/accrual_by_day_20260722.json
2026-07-22,57609022191,29,Доставка до места выдачи,POSTING,0221180046-0084-1,posting_number,0221180046-0084-1,1991772098,305101272,EVT-FS-MOIST-30,NOT_AVAILABLE,NOT_AVAILABLE,-8.09,RUB,/v1/finance/accrual/by-day,raw/backfill_v1/finance/accrual_by_day_20260722.json
2026-07-22,57616665563,32,Логистика,POSTING,0208882878-0247-1,posting_number,0208882878-0247-1,3733947454,909951444,EVT-SET-ACNE-POWDER-SERUM-CREAM,NOT_AVAILABLE,NOT_AVAILABLE,-70.0,RUB,/v1/finance/accrual/by-day,raw/backfill_v1/finance/accrual_by_day_20260722.json
2026-07-22,57616665563,98,Доставка до места выдачи силами Ozon,POSTING,0208882878-0247-1,posting_number,0208882878-0247-1,3733947454,909951444,EVT-SET-ACNE-POWDER-SERUM-CREAM,NOT_AVAILABLE,NOT_AVAILABLE,-25.0,RUB,/v1/finance/accrual/by-day,raw/backfill_v1/finance/accrual_by_day_20260722.json
2026-07-22,57644228281,41,Оплата за клик,NON_ITEM,32158299,campaign_id,,,,,NOT_AVAILABLE,NOT_AVAILABLE,-100.29,RUB,/v1/finance/accrual/by-day,raw/backfill_v1/finance/accrual_by_day_20260722.json
2026-07-22,57644228282,41,Оплата за клик,NON_ITEM,32158051,campaign_id,,,,,NOT_AVAILABLE,NOT_AVAILABLE,-85.84,RUB,/v1/finance/accrual/by-day,raw/backfill_v1/finance/accrual_by_day_20260722.json
2026-07-22,57644228283,41,Оплата за клик,NON_ITEM,32157965,campaign_id,,,,,NOT_AVAILABLE,NOT_AVAILABLE,-18.41,RUB,/v1/finance/accrual/by-day,raw/backfill_v1/finance/accrual_by_day_20260722.json
2026-07-22,57644228284,41,Оплата за клик,NON_ITEM,32157947,campaign_id,,,,,NOT_AVAILABLE,NOT_AVAILABLE,-10.68,RUB,/v1/finance/accrual/by-day,raw/backfill_v1/finance/accrual_by_day_20260722.json
2026-07-22,57644228289,41,Оплата за клик,NON_ITEM,32158176,campaign_id,,,,,NOT_AVAILABLE,NOT_AVAILABLE,-60.52,RUB,/v1/finance/accrual/by-day,raw/backfill_v1/finance/accrual_by_day_20260722.json
2026-07-22,57644228290,41,Оплата за клик,NON_ITEM,32158008,campaign_id,,,,,NOT_AVAILABLE,NOT_AVAILABLE,-82.94,RUB,/v1/finance/accrual/by-day,raw/backfill_v1/finance/accrual_by_day_20260722.json
2026-07-22,57644228291,41,Оплата за клик,NON_ITEM,32157988,campaign_id,,,,,NOT_AVAILABLE,NOT_AVAILABLE,-339.01,RUB,/v1/finance/accrual/by-day,raw/backfill_v1/finance/accrual_by_day_20260722.json
2026-07-22,57644228292,41,Оплата за клик,NON_ITEM,32157919,campaign_id,,,,,NOT_AVAILABLE,NOT_AVAILABLE,-191.63,RUB,/v1/finance/accrual/by-day,raw/backfill_v1/finance/accrual_by_day_20260722.json
2026-07-22,57644228293,41,Оплата за клик,NON_ITEM,32157891,campaign_id,,,,,NOT_AVAILABLE,NOT_AVAILABLE,-94.29,RUB,/v1/finance/accrual/by-day,raw/backfill_v1/finance/accrual_by_day_20260722.json
2026-07-23,57654474166,32,Логистика,POSTING,49551554-1311-1,posting_number,49551554-1311-1,3892223191,930334397,EVT-SET-CHERRY-AMBER,NOT_AVAILABLE,NOT_AVAILABLE,-76.0,RUB,/v1/finance/accrual/by-day,raw/backfill_v1/finance/accrual_by_day_20260723.json
2026-07-23,57654474166,29,Доставка до места выдачи,POSTING,49551554-1311-1,posting_number,49551554-1311-1,3892223191,930334397,EVT-SET-CHERRY-AMBER,NOT_AVAILABLE,NOT_AVAILABLE,-8.48,RUB,/v1/finance/accrual/by-day,raw/backfill_v1/finance/accrual_by_day_20260723.json
2026-07-23,57674327393,32,Логистика,POSTING,37650235-0538-1,posting_number,37650235-0538-1,1997079254,252442517,EVT-HC-HAND-300,NOT_AVAILABLE,NOT_AVAILABLE,-70.0,RUB,/v1/finance/accrual/by-day,raw/backfill_v1/finance/accrual_by_day_20260723.json
2026-07-23,57674327393,29,Доставка до места выдачи,POSTING,37650235-0538-1,posting_number,37650235-0538-1,1997079254,252442517,EVT-HC-HAND-300,NOT_AVAILABLE,NOT_AVAILABLE,-6.31,RUB,/v1/finance/accrual/by-day,raw/backfill_v1/finance/accrual_by_day_20260723.json
2026-07-23,57675477330,1,Эквайринг,ITEM,45366572-0290,order_or_item_ref,,3733947454,909951444,EVT-SET-ACNE-POWDER-SERUM-CREAM,NOT_AVAILABLE,NOT_AVAILABLE,-7.66,RUB,/v1/finance/accrual/by-day,raw/backfill_v1/finance/accrual_by_day_20260723.json
2026-07-23,57677420728,1,Эквайринг,ITEM,37650235-0538-1,order_or_item_ref,,1997079254,252442517,EVT-HC-HAND-300,NOT_AVAILABLE,NOT_AVAILABLE,-6.04,RUB,/v1/finance/accrual/by-day,raw/backfill_v1/finance/accrual_by_day_20260723.json
2026-07-23,57681216868,32,Логистика,POSTING,56648191-0141-2,posting_number,56648191-0141-2,3733452761,868597351,EVT-SET-4PC-ACNE,NOT_AVAILABLE,NOT_AVAILABLE,-76.0,RUB,/v1/finance/accrual/by-day,raw/backfill_v1/finance/accrual_by_day_20260723.json
2026-07-23,57681216868,29,Доставка до места выдачи,POSTING,56648191-0141-2,posting_number,56648191-0141-2,3733452761,868597351,EVT-SET-4PC-ACNE,NOT_AVAILABLE,NOT_AVAILABLE,-12.43,RUB,/v1/finance/accrual/by-day,raw/backfill_v1/finance/accrual_by_day_20260723.json
2026-07-23,57683400961,32,Логистика,POSTING,74873204-0154-1,posting_number,74873204-0154-1,3892518031,593111986,EVT-HC-CHERRY-300,NOT_AVAILABLE,NOT_AVAILABLE,-70.0,RUB,/v1/finance/accrual/by-day,raw/backfill_v1/finance/accrual_by_day_20260723.json
2026-07-23,57683400961,29,Доставка до места выдачи,POSTING,74873204-0154-1,posting_number,74873204-0154-1,3892518031,593111986,EVT-HC-CHERRY-300,NOT_AVAILABLE,NOT_AVAILABLE,-8.14,RUB,/v1/finance/accrual/by-day,raw/backfill_v1/finance/accrual_by_day_20260723.json
2026-07-23,57685833303,1,Эквайринг,ITEM,74873204-0154-1,order_or_item_ref,,3892518031,593111986,EVT-HC-CHERRY-300,NOT_AVAILABLE,NOT_AVAILABLE,-8.27,RUB,/v1/finance/accrual/by-day,raw/backfill_v1/finance/accrual_by_day_20260723.json
2026-07-23,57730061845,41,Оплата за клик,NON_ITEM,32158051,campaign_id,,,,,NOT_AVAILABLE,NOT_AVAILABLE,-152.21,RUB,/v1/finance/accrual/by-day,raw/backfill_v1/finance/accrual_by_day_20260723.json
2026-07-23,57730061846,41,Оплата за клик,NON_ITEM,32157947,campaign_id,,,,,NOT_AVAILABLE,NOT_AVAILABLE,-64.6,RUB,/v1/finance/accrual/by-day,raw/backfill_v1/finance/accrual_by_day_20260723.json
2026-07-23,57730061847,41,Оплата за клик,NON_ITEM,32157919,campaign_id,,,,,NOT_AVAILABLE,NOT_AVAILABLE,-110.33,RUB,/v1/finance/accrual/by-day,raw/backfill_v1/finance/accrual_by_day_20260723.json
2026-07-23,57730061849,41,Оплата за клик,NON_ITEM,32158299,campaign_id,,,,,NOT_AVAILABLE,NOT_AVAILABLE,-126.9,RUB,/v1/finance/accrual/by-day,raw/backfill_v1/finance/accrual_by_day_20260723.json
2026-07-23,57730061850,41,Оплата за клик,NON_ITEM,32158176,campaign_id,,,,,NOT_AVAILABLE,NOT_AVAILABLE,-70.18,RUB,/v1/finance/accrual/by-day,raw/backfill_v1/finance/accrual_by_day_20260723.json
2026-07-23,57730061851,41,Оплата за клик,NON_ITEM,32158008,campaign_id,,,,,NOT_AVAILABLE,NOT_AVAILABLE,-54.16,RUB,/v1/finance/accrual/by-day,raw/backfill_v1/finance/accrual_by_day_20260723.json
2026-07-23,57730061852,41,Оплата за клик,NON_ITEM,32157988,campaign_id,,,,,NOT_AVAILABLE,NOT_AVAILABLE,-119.69,RUB,/v1/finance/accrual/by-day,raw/backfill_v1/finance/accrual_by_day_20260723.json
2026-07-23,57730061853,41,Оплата за клик,NON_ITEM,32157965,campaign_id,,,,,NOT_AVAILABLE,NOT_AVAILABLE,-25.88,RUB,/v1/finance/accrual/by-day,raw/backfill_v1/finance/accrual_by_day_20260723.json
2026-07-23,57730061854,41,Оплата за клик,NON_ITEM,32157891,campaign_id,,,,,NOT_AVAILABLE,NOT_AVAILABLE,-69.12,RUB,/v1/finance/accrual/by-day,raw/backfill_v1/finance/accrual_by_day_20260723.json
2026-07-24,57750557647,32,Логистика,POSTING,40648009-0543-2,posting_number,40648009-0543-2,3733452761,868597351,EVT-SET-4PC-ACNE,NOT_AVAILABLE,NOT_AVAILABLE,-76.0,RUB,/v1/finance/accrual/by-day,raw/backfill_v1/finance/accrual_by_day_20260724.json
2026-07-24,57750557647,29,Доставка до места выдачи,POSTING,40648009-0543-2,posting_number,40648009-0543-2,3733452761,868597351,EVT-SET-4PC-ACNE,NOT_AVAILABLE,NOT_AVAILABLE,-8.52,RUB,/v1/finance/accrual/by-day,raw/backfill_v1/finance/accrual_by_day_20260724.json
2026-07-24,57799942289,1,Эквайринг,ITEM,35975313-2379,order_or_item_ref,,3892518031,593111986,EVT-HC-CHERRY-300,NOT_AVAILABLE,NOT_AVAILABLE,-0.02,RUB,/v1/finance/accrual/by-day,raw/backfill_v1/finance/accrual_by_day_20260724.json
2026-07-24,57817183900,41,Оплата за клик,NON_ITEM,32157919,campaign_id,,,,,NOT_AVAILABLE,NOT_AVAILABLE,-55.01,RUB,/v1/finance/accrual/by-day,raw/backfill_v1/finance/accrual_by_day_20260724.json
2026-07-24,57817183902,41,Оплата за клик,NON_ITEM,32158176,campaign_id,,,,,NOT_AVAILABLE,NOT_AVAILABLE,-118.94,RUB,/v1/finance/accrual/by-day,raw/backfill_v1/finance/accrual_by_day_20260724.json
2026-07-24,57817183903,41,Оплата за клик,NON_ITEM,32157891,campaign_id,,,,,NOT_AVAILABLE,NOT_AVAILABLE,-87.37,RUB,/v1/finance/accrual/by-day,raw/backfill_v1/finance/accrual_by_day_20260724.json
2026-07-24,57817183953,41,Оплата за клик,NON_ITEM,32157965,campaign_id,,,,,NOT_AVAILABLE,NOT_AVAILABLE,-54.32,RUB,/v1/finance/accrual/by-day,raw/backfill_v1/finance/accrual_by_day_20260724.json
2026-07-24,57817183954,41,Оплата за клик,NON_ITEM,32157988,campaign_id,,,,,NOT_AVAILABLE,NOT_AVAILABLE,-184.35,RUB,/v1/finance/accrual/by-day,raw/backfill_v1/finance/accrual_by_day_20260724.json
2026-07-24,57817184309,41,Оплата за клик,NON_ITEM,32158051,campaign_id,,,,,NOT_AVAILABLE,NOT_AVAILABLE,-102.19,RUB,/v1/finance/accrual/by-day,raw/backfill_v1/finance/accrual_by_day_20260724.json
2026-07-24,57817184310,41,Оплата за клик,NON_ITEM,32158299,campaign_id,,,,,NOT_AVAILABLE,NOT_AVAILABLE,-59.79,RUB,/v1/finance/accrual/by-day,raw/backfill_v1/finance/accrual_by_day_20260724.json
2026-07-24,57817184311,41,Оплата за клик,NON_ITEM,32158008,campaign_id,,,,,NOT_AVAILABLE,NOT_AVAILABLE,-93.8,RUB,/v1/finance/accrual/by-day,raw/backfill_v1/finance/accrual_by_day_20260724.json
2026-07-24,57817184312,41,Оплата за клик,NON_ITEM,32157947,campaign_id,,,,,NOT_AVAILABLE,NOT_AVAILABLE,-98.19,RUB,/v1/finance/accrual/by-day,raw/backfill_v1/finance/accrual_by_day_20260724.json
2026-07-25,57857236861,32,Логистика,POSTING,0141467301-0288-4,posting_number,0141467301-0288-4,3530427102,535581675,EVT-FT-ACNE-150,NOT_AVAILABLE,NOT_AVAILABLE,-66.0,RUB,/v1/finance/accrual/by-day,raw/backfill_v1/finance/accrual_by_day_20260725.json
2026-07-25,57857236861,29,Доставка до места выдачи,POSTING,0141467301-0288-4,posting_number,0141467301-0288-4,3530427102,535581675,EVT-FT-ACNE-150,NOT_AVAILABLE,NOT_AVAILABLE,-25.0,RUB,/v1/finance/accrual/by-day,raw/backfill_v1/finance/accrual_by_day_20260725.json
2026-07-25,57893853797,41,Оплата за клик,NON_ITEM,32158299,campaign_id,,,,,NOT_AVAILABLE,NOT_AVAILABLE,-36.43,RUB,/v1/finance/accrual/by-day,raw/backfill_v1/finance/accrual_by_day_20260725.json
2026-07-25,57893853798,41,Оплата за клик,NON_ITEM,32158008,campaign_id,,,,,NOT_AVAILABLE,NOT_AVAILABLE,-75.8,RUB,/v1/finance/accrual/by-day,raw/backfill_v1/finance/accrual_by_day_20260725.json
2026-07-25,57893853799,41,Оплата за клик,NON_ITEM,32157988,campaign_id,,,,,NOT_AVAILABLE,NOT_AVAILABLE,-192.34,RUB,/v1/finance/accrual/by-day,raw/backfill_v1/finance/accrual_by_day_20260725.json
2026-07-25,57893853800,41,Оплата за клик,NON_ITEM,32157965,campaign_id,,,,,NOT_AVAILABLE,NOT_AVAILABLE,-118.25,RUB,/v1/finance/accrual/by-day,raw/backfill_v1/finance/accrual_by_day_20260725.json
2026-07-25,57893853801,41,Оплата за клик,NON_ITEM,32157891,campaign_id,,,,,NOT_AVAILABLE,NOT_AVAILABLE,-50.54,RUB,/v1/finance/accrual/by-day,raw/backfill_v1/finance/accrual_by_day_20260725.json
2026-07-25,57893853804,41,Оплата за клик,NON_ITEM,32158176,campaign_id,,,,,NOT_AVAILABLE,NOT_AVAILABLE,-57.29,RUB,/v1/finance/accrual/by-day,raw/backfill_v1/finance/accrual_by_day_20260725.json
2026-07-25,57893853805,41,Оплата за клик,NON_ITEM,32158051,campaign_id,,,,,NOT_AVAILABLE,NOT_AVAILABLE,-81.46,RUB,/v1/finance/accrual/by-day,raw/backfill_v1/finance/accrual_by_day_20260725.json
2026-07-25,57893853806,41,Оплата за клик,NON_ITEM,32157947,campaign_id,,,,,NOT_AVAILABLE,NOT_AVAILABLE,-92.64,RUB,/v1/finance/accrual/by-day,raw/backfill_v1/finance/accrual_by_day_20260725.json
2026-07-25,57893853807,41,Оплата за клик,NON_ITEM,32157919,campaign_id,,,,,NOT_AVAILABLE,NOT_AVAILABLE,-86.9,RUB,/v1/finance/accrual/by-day,raw/backfill_v1/finance/accrual_by_day_20260725.json
2026-07-26,57910320944,1,Эквайринг,ITEM,65089096-0111,order_or_item_ref,,3892518031,593111986,EVT-HC-CHERRY-300,NOT_AVAILABLE,NOT_AVAILABLE,-7.35,RUB,/v1/finance/accrual/by-day,raw/backfill_v1/finance/accrual_by_day_20260726.json
2026-07-26,57951772223,32,Логистика,POSTING,45076539-1500-1,posting_number,45076539-1500-1,3892518031,593111986,EVT-HC-CHERRY-300,NOT_AVAILABLE,NOT_AVAILABLE,-77.0,RUB,/v1/finance/accrual/by-day,raw/backfill_v1/finance/accrual_by_day_20260726.json
2026-07-26,57951772223,29,Доставка до места выдачи,POSTING,45076539-1500-1,posting_number,45076539-1500-1,3892518031,593111986,EVT-HC-CHERRY-300,NOT_AVAILABLE,NOT_AVAILABLE,-10.7,RUB,/v1/finance/accrual/by-day,raw/backfill_v1/finance/accrual_by_day_20260726.json
2026-07-26,57954225388,1,Эквайринг,ITEM,45076539-1500-1,order_or_item_ref,,3892518031,593111986,EVT-HC-CHERRY-300,NOT_AVAILABLE,NOT_AVAILABLE,-7.98,RUB,/v1/finance/accrual/by-day,raw/backfill_v1/finance/accrual_by_day_20260726.json
2026-07-26,57965958527,32,Логистика,POSTING,24811115-0131-1,posting_number,24811115-0131-1,1994674912,305101361,EVT-FS-ACNE-30,NOT_AVAILABLE,NOT_AVAILABLE,-60.0,RUB,/v1/finance/accrual/by-day,raw/backfill_v1/finance/accrual_by_day_20260726.json
2026-07-26,57965958527,29,Доставка до места выдачи,POSTING,24811115-0131-1,posting_number,24811115-0131-1,1994674912,305101361,EVT-FS-ACNE-30,NOT_AVAILABLE,NOT_AVAILABLE,-7.4,RUB,/v1/finance/accrual/by-day,raw/backfill_v1/finance/accrual_by_day_20260726.json
2026-07-26,57967463007,1,Эквайринг,ITEM,24811115-0131-1,order_or_item_ref,,1994674912,305101361,EVT-FS-ACNE-30,NOT_AVAILABLE,NOT_AVAILABLE,-8.69,RUB,/v1/finance/accrual/by-day,raw/backfill_v1/finance/accrual_by_day_20260726.json
2026-07-26,57975429723,41,Оплата за клик,NON_ITEM,32158051,campaign_id,,,,,NOT_AVAILABLE,NOT_AVAILABLE,-132.48,RUB,/v1/finance/accrual/by-day,raw/backfill_v1/finance/accrual_by_day_20260726.json
2026-07-26,57975429724,41,Оплата за клик,NON_ITEM,32157988,campaign_id,,,,,NOT_AVAILABLE,NOT_AVAILABLE,-228.07,RUB,/v1/finance/accrual/by-day,raw/backfill_v1/finance/accrual_by_day_20260726.json
2026-07-26,57975429725,41,Оплата за клик,NON_ITEM,32157965,campaign_id,,,,,NOT_AVAILABLE,NOT_AVAILABLE,-67.85,RUB,/v1/finance/accrual/by-day,raw/backfill_v1/finance/accrual_by_day_20260726.json
2026-07-26,57975429726,41,Оплата за клик,NON_ITEM,32157919,campaign_id,,,,,NOT_AVAILABLE,NOT_AVAILABLE,-101.92,RUB,/v1/finance/accrual/by-day,raw/backfill_v1/finance/accrual_by_day_20260726.json
2026-07-26,57975429727,41,Оплата за клик,NON_ITEM,32157891,campaign_id,,,,,NOT_AVAILABLE,NOT_AVAILABLE,-180.19,RUB,/v1/finance/accrual/by-day,raw/backfill_v1/finance/accrual_by_day_20260726.json
2026-07-26,57975429728,41,Оплата за клик,NON_ITEM,32158299,campaign_id,,,,,NOT_AVAILABLE,NOT_AVAILABLE,-80.95,RUB,/v1/finance/accrual/by-day,raw/backfill_v1/finance/accrual_by_day_20260726.json
2026-07-26,57975429729,41,Оплата за клик,NON_ITEM,32158176,campaign_id,,,,,NOT_AVAILABLE,NOT_AVAILABLE,-103.71,RUB,/v1/finance/accrual/by-day,raw/backfill_v1/finance/accrual_by_day_20260726.json
2026-07-26,57975429732,41,Оплата за клик,NON_ITEM,32158008,campaign_id,,,,,NOT_AVAILABLE,NOT_AVAILABLE,-137.97,RUB,/v1/finance/accrual/by-day,raw/backfill_v1/finance/accrual_by_day_20260726.json
2026-07-26,57975429733,41,Оплата за клик,NON_ITEM,32157947,campaign_id,,,,,NOT_AVAILABLE,NOT_AVAILABLE,-143.94,RUB,/v1/finance/accrual/by-day,raw/backfill_v1/finance/accrual_by_day_20260726.json
2026-07-27,57983096794,32,Логистика,POSTING,45366572-0290-1,posting_number,45366572-0290-1,3733947454,909951444,EVT-SET-ACNE-POWDER-SERUM-CREAM,NOT_AVAILABLE,NOT_AVAILABLE,-81.0,RUB,/v1/finance/accrual/by-day,raw/backfill_v1/finance/accrual_by_day_20260727.json
2026-07-27,57983096794,29,Доставка до места выдачи,POSTING,45366572-0290-1,posting_number,45366572-0290-1,3733947454,909951444,EVT-SET-ACNE-POWDER-SERUM-CREAM,NOT_AVAILABLE,NOT_AVAILABLE,-8.15,RUB,/v1/finance/accrual/by-day,raw/backfill_v1/finance/accrual_by_day_20260727.json
2026-07-27,57993861075,32,Логистика,POSTING,0111425998-0187-1,posting_number,0111425998-0187-1,2974977988,438775617,EVT-FC-ACNE-50,NOT_AVAILABLE,NOT_AVAILABLE,-67.0,RUB,/v1/finance/accrual/by-day,raw/backfill_v1/finance/accrual_by_day_20260727.json
2026-07-27,57993861075,29,Доставка до места выдачи,POSTING,0111425998-0187-1,posting_number,0111425998-0187-1,2974977988,438775617,EVT-FC-ACNE-50,NOT_AVAILABLE,NOT_AVAILABLE,-12.99,RUB,/v1/finance/accrual/by-day,raw/backfill_v1/finance/accrual_by_day_20260727.json
2026-07-27,57995868566,1,Эквайринг,ITEM,0111425998-0187-1,order_or_item_ref,,2974977988,438775617,EVT-FC-ACNE-50,NOT_AVAILABLE,NOT_AVAILABLE,-2.54,RUB,/v1/finance/accrual/by-day,raw/backfill_v1/finance/accrual_by_day_20260727.json
2026-07-27,58021816464,116,Сбор первых отзывов,ITEM,45076539-1500-1,order_or_item_ref,,3892518031,593111986,EVT-HC-CHERRY-300,NOT_AVAILABLE,NOT_AVAILABLE,-512.4,RUB,/v1/finance/accrual/by-day,raw/backfill_v1/finance/accrual_by_day_20260727.json
2026-07-27,58068623506,41,Оплата за клик,NON_ITEM,32157919,campaign_id,,,,,NOT_AVAILABLE,NOT_AVAILABLE,-15.31,RUB,/v1/finance/accrual/by-day,raw/backfill_v1/finance/accrual_by_day_20260727.json
2026-07-27,58068623507,41,Оплата за клик,NON_ITEM,32157947,campaign_id,,,,,NOT_AVAILABLE,NOT_AVAILABLE,-138.53,RUB,/v1/finance/accrual/by-day,raw/backfill_v1/finance/accrual_by_day_20260727.json
2026-07-27,58068623508,41,Оплата за клик,NON_ITEM,32158008,campaign_id,,,,,NOT_AVAILABLE,NOT_AVAILABLE,-153.62,RUB,/v1/finance/accrual/by-day,raw/backfill_v1/finance/accrual_by_day_20260727.json
2026-07-27,58068623509,41,Оплата за клик,NON_ITEM,32157891,campaign_id,,,,,NOT_AVAILABLE,NOT_AVAILABLE,-100.72,RUB,/v1/finance/accrual/by-day,raw/backfill_v1/finance/accrual_by_day_20260727.json
2026-07-27,58068623510,41,Оплата за клик,NON_ITEM,32157965,campaign_id,,,,,NOT_AVAILABLE,NOT_AVAILABLE,-86.35,RUB,/v1/finance/accrual/by-day,raw/backfill_v1/finance/accrual_by_day_20260727.json
2026-07-27,58068623511,41,Оплата за клик,NON_ITEM,32157988,campaign_id,,,,,NOT_AVAILABLE,NOT_AVAILABLE,-159.54,RUB,/v1/finance/accrual/by-day,raw/backfill_v1/finance/accrual_by_day_20260727.json
2026-07-27,58068623512,41,Оплата за клик,NON_ITEM,32158051,campaign_id,,,,,NOT_AVAILABLE,NOT_AVAILABLE,-127.78,RUB,/v1/finance/accrual/by-day,raw/backfill_v1/finance/accrual_by_day_20260727.json
2026-07-27,58068623513,41,Оплата за клик,NON_ITEM,32158176,campaign_id,,,,,NOT_AVAILABLE,NOT_AVAILABLE,-46.05,RUB,/v1/finance/accrual/by-day,raw/backfill_v1/finance/accrual_by_day_20260727.json
2026-07-27,58068623514,41,Оплата за клик,NON_ITEM,32158299,campaign_id,,,,,NOT_AVAILABLE,NOT_AVAILABLE,-104.88,RUB,/v1/finance/accrual/by-day,raw/backfill_v1/finance/accrual_by_day_20260727.json
2026-07-28,58076513259,32,Логистика,POSTING,19380458-0073-1,posting_number,19380458-0073-1,1997079254,252442517,EVT-HC-HAND-300,NOT_AVAILABLE,NOT_AVAILABLE,-67.0,RUB,/v1/finance/accrual/by-day,raw/backfill_v1/finance/accrual_by_day_20260728.json
2026-07-28,58076513259,29,Доставка до места выдачи,POSTING,19380458-0073-1,posting_number,19380458-0073-1,1997079254,252442517,EVT-HC-HAND-300,NOT_AVAILABLE,NOT_AVAILABLE,-6.98,RUB,/v1/finance/accrual/by-day,raw/backfill_v1/finance/accrual_by_day_20260728.json
2026-07-28,58077825581,1,Эквайринг,ITEM,19380458-0073-1,order_or_item_ref,,1997079254,252442517,EVT-HC-HAND-300,NOT_AVAILABLE,NOT_AVAILABLE,-2.25,RUB,/v1/finance/accrual/by-day,raw/backfill_v1/finance/accrual_by_day_20260728.json
2026-07-28,58120885006,32,Логистика,POSTING,35975313-2379-1,posting_number,35975313-2379-1,3892518031,593111986,EVT-HC-CHERRY-300,NOT_AVAILABLE,NOT_AVAILABLE,-77.0,RUB,/v1/finance/accrual/by-day,raw/backfill_v1/finance/accrual_by_day_20260728.json
2026-07-28,58120885006,29,Доставка до места выдачи,POSTING,35975313-2379-1,posting_number,35975313-2379-1,3892518031,593111986,EVT-HC-CHERRY-300,NOT_AVAILABLE,NOT_AVAILABLE,-9.28,RUB,/v1/finance/accrual/by-day,raw/backfill_v1/finance/accrual_by_day_20260728.json
2026-07-28,58133071393,32,Логистика,POSTING,47847213-0182-2,posting_number,47847213-0182-2,3733452761,868597351,EVT-SET-4PC-ACNE,NOT_AVAILABLE,NOT_AVAILABLE,-78.0,RUB,/v1/finance/accrual/by-day,raw/backfill_v1/finance/accrual_by_day_20260728.json
2026-07-28,58133071393,29,Доставка до места выдачи,POSTING,47847213-0182-2,posting_number,47847213-0182-2,3733452761,868597351,EVT-SET-4PC-ACNE,NOT_AVAILABLE,NOT_AVAILABLE,-11.94,RUB,/v1/finance/accrual/by-day,raw/backfill_v1/finance/accrual_by_day_20260728.json
2026-07-28,58135610331,1,Эквайринг,ITEM,47847213-0182-2,order_or_item_ref,,3733452761,868597351,EVT-SET-4PC-ACNE,NOT_AVAILABLE,NOT_AVAILABLE,-33.95,RUB,/v1/finance/accrual/by-day,raw/backfill_v1/finance/accrual_by_day_20260728.json
2026-07-28,58156084967,41,Оплата за клик,NON_ITEM,32158299,campaign_id,,,,,NOT_AVAILABLE,NOT_AVAILABLE,-149.06,RUB,/v1/finance/accrual/by-day,raw/backfill_v1/finance/accrual_by_day_20260728.json
2026-07-28,58156084968,41,Оплата за клик,NON_ITEM,32158176,campaign_id,,,,,NOT_AVAILABLE,NOT_AVAILABLE,-252.33,RUB,/v1/finance/accrual/by-day,raw/backfill_v1/finance/accrual_by_day_20260728.json
2026-07-28,58156084969,41,Оплата за клик,NON_ITEM,32157891,campaign_id,,,,,NOT_AVAILABLE,NOT_AVAILABLE,-144.6,RUB,/v1/finance/accrual/by-day,raw/backfill_v1/finance/accrual_by_day_20260728.json
2026-07-28,58156084974,41,Оплата за клик,NON_ITEM,32158051,campaign_id,,,,,NOT_AVAILABLE,NOT_AVAILABLE,-135.28,RUB,/v1/finance/accrual/by-day,raw/backfill_v1/finance/accrual_by_day_20260728.json
2026-07-28,58156084975,41,Оплата за клик,NON_ITEM,32158008,campaign_id,,,,,NOT_AVAILABLE,NOT_AVAILABLE,-245.47,RUB,/v1/finance/accrual/by-day,raw/backfill_v1/finance/accrual_by_day_20260728.json
2026-07-28,58156084976,41,Оплата за клик,NON_ITEM,32157988,campaign_id,,,,,NOT_AVAILABLE,NOT_AVAILABLE,-317.34,RUB,/v1/finance/accrual/by-day,raw/backfill_v1/finance/accrual_by_day_20260728.json
2026-07-28,58156084977,41,Оплата за клик,NON_ITEM,32157965,campaign_id,,,,,NOT_AVAILABLE,NOT_AVAILABLE,-256.81,RUB,/v1/finance/accrual/by-day,raw/backfill_v1/finance/accrual_by_day_20260728.json
2026-07-28,58156084978,41,Оплата за клик,NON_ITEM,32157947,campaign_id,,,,,NOT_AVAILABLE,NOT_AVAILABLE,-276.19,RUB,/v1/finance/accrual/by-day,raw/backfill_v1/finance/accrual_by_day_20260728.json
2026-07-28,58156084979,41,Оплата за клик,NON_ITEM,32157919,campaign_id,,,,,NOT_AVAILABLE,NOT_AVAILABLE,-24.0,RUB,/v1/finance/accrual/by-day,raw/backfill_v1/finance/accrual_by_day_20260728.json
2026-07-29,58205813716,1,Эквайринг,ITEM,73572762-0103,order_or_item_ref,,1997079254,252442517,EVT-HC-HAND-300,NOT_AVAILABLE,NOT_AVAILABLE,-5.86,RUB,/v1/finance/accrual/by-day,raw/backfill_v1/finance/accrual_by_day_20260729.json
2026-07-29,58206172995,32,Логистика,POSTING,59369293-0082-1,posting_number,59369293-0082-1,3892518031,593111986,EVT-HC-CHERRY-300,NOT_AVAILABLE,NOT_AVAILABLE,-70.0,RUB,/v1/finance/accrual/by-day,raw/backfill_v1/finance/accrual_by_day_20260729.json
2026-07-29,58206172995,29,Доставка до места выдачи,POSTING,59369293-0082-1,posting_number,59369293-0082-1,3892518031,593111986,EVT-HC-CHERRY-300,NOT_AVAILABLE,NOT_AVAILABLE,-9.71,RUB,/v1/finance/accrual/by-day,raw/backfill_v1/finance/accrual_by_day_20260729.json
2026-07-29,58208951217,1,Эквайринг,ITEM,59369293-0082-1,order_or_item_ref,,3892518031,593111986,EVT-HC-CHERRY-300,NOT_AVAILABLE,NOT_AVAILABLE,-7.49,RUB,/v1/finance/accrual/by-day,raw/backfill_v1/finance/accrual_by_day_20260729.json
2026-07-29,58211882694,1,Эквайринг,ITEM,0200868862-0038,order_or_item_ref,,3530427102,535581675,EVT-FT-ACNE-150,NOT_AVAILABLE,NOT_AVAILABLE,-7.99,RUB,/v1/finance/accrual/by-day,raw/backfill_v1/finance/accrual_by_day_20260729.json
2026-07-29,58237401306,1,Эквайринг,ITEM,80694950-0266,order_or_item_ref,,3892518031,593111986,EVT-HC-CHERRY-300,NOT_AVAILABLE,NOT_AVAILABLE,-7.58,RUB,/v1/finance/accrual/by-day,raw/backfill_v1/finance/accrual_by_day_20260729.json
2026-07-29,58238061272,1,Эквайринг,ITEM,47943143-1596,order_or_item_ref,,1997079254,252442517,EVT-HC-HAND-300,NOT_AVAILABLE,NOT_AVAILABLE,-5.86,RUB,/v1/finance/accrual/by-day,raw/backfill_v1/finance/accrual_by_day_20260729.json
2026-07-29,58238605545,1,Эквайринг,ITEM,0173384289-0379,order_or_item_ref,,1997079254,252442517,EVT-HC-HAND-300,NOT_AVAILABLE,NOT_AVAILABLE,-5.86,RUB,/v1/finance/accrual/by-day,raw/backfill_v1/finance/accrual_by_day_20260729.json
2026-07-29,58239677864,46,Размещение товаров на складах Ozon,NON_ITEM,,order_or_item_ref,,,,,NOT_AVAILABLE,NOT_AVAILABLE,-6.17,RUB,/v1/finance/accrual/by-day,raw/backfill_v1/finance/accrual_by_day_20260729.json
2026-07-29,58243821709,41,Оплата за клик,NON_ITEM,32158051,campaign_id,,,,,NOT_AVAILABLE,NOT_AVAILABLE,-200.88,RUB,/v1/finance/accrual/by-day,raw/backfill_v1/finance/accrual_by_day_20260729.json
2026-07-29,58243821710,41,Оплата за клик,NON_ITEM,32158008,campaign_id,,,,,NOT_AVAILABLE,NOT_AVAILABLE,-150.44,RUB,/v1/finance/accrual/by-day,raw/backfill_v1/finance/accrual_by_day_20260729.json
2026-07-29,58243821711,41,Оплата за клик,NON_ITEM,32157947,campaign_id,,,,,NOT_AVAILABLE,NOT_AVAILABLE,-154.53,RUB,/v1/finance/accrual/by-day,raw/backfill_v1/finance/accrual_by_day_20260729.json
2026-07-29,58243821712,41,Оплата за клик,NON_ITEM,32157919,campaign_id,,,,,NOT_AVAILABLE,NOT_AVAILABLE,-115.56,RUB,/v1/finance/accrual/by-day,raw/backfill_v1/finance/accrual_by_day_20260729.json
2026-07-29,58243821715,41,Оплата за клик,NON_ITEM,32158299,campaign_id,,,,,NOT_AVAILABLE,NOT_AVAILABLE,-206.87,RUB,/v1/finance/accrual/by-day,raw/backfill_v1/finance/accrual_by_day_20260729.json
2026-07-29,58243821716,41,Оплата за клик,NON_ITEM,32158176,campaign_id,,,,,NOT_AVAILABLE,NOT_AVAILABLE,-142.46,RUB,/v1/finance/accrual/by-day,raw/backfill_v1/finance/accrual_by_day_20260729.json
2026-07-29,58243821717,41,Оплата за клик,NON_ITEM,32157988,campaign_id,,,,,NOT_AVAILABLE,NOT_AVAILABLE,-262.05,RUB,/v1/finance/accrual/by-day,raw/backfill_v1/finance/accrual_by_day_20260729.json
2026-07-29,58243821718,41,Оплата за клик,NON_ITEM,32157965,campaign_id,,,,,NOT_AVAILABLE,NOT_AVAILABLE,-189.04,RUB,/v1/finance/accrual/by-day,raw/backfill_v1/finance/accrual_by_day_20260729.json
2026-07-29,58243821719,41,Оплата за клик,NON_ITEM,32157891,campaign_id,,,,,NOT_AVAILABLE,NOT_AVAILABLE,-352.25,RUB,/v1/finance/accrual/by-day,raw/backfill_v1/finance/accrual_by_day_20260729.json
2026-07-30,58246293979,1,Эквайринг,ITEM,0186491498-0012,order_or_item_ref,,1991772098,305101272,EVT-FS-MOIST-30,NOT_AVAILABLE,NOT_AVAILABLE,-4.02,RUB,/v1/finance/accrual/by-day,raw/backfill_v1/finance/accrual_by_day_20260730.json
2026-07-30,58247639094,1,Эквайринг,ITEM,11031669-1332,order_or_item_ref,,1991772098,305101272,EVT-FS-MOIST-30,NOT_AVAILABLE,NOT_AVAILABLE,-6.24,RUB,/v1/finance/accrual/by-day,raw/backfill_v1/finance/accrual_by_day_20260730.json
2026-07-30,58247688494,32,Логистика,POSTING,87896916-0043-1,posting_number,87896916-0043-1,3530427102,535581675,EVT-FT-ACNE-150,NOT_AVAILABLE,NOT_AVAILABLE,-85.0,RUB,/v1/finance/accrual/by-day,raw/backfill_v1/finance/accrual_by_day_20260730.json
2026-07-30,58247688494,29,Доставка до места выдачи,POSTING,87896916-0043-1,posting_number,87896916-0043-1,3530427102,535581675,EVT-FT-ACNE-150,NOT_AVAILABLE,NOT_AVAILABLE,-16.54,RUB,/v1/finance/accrual/by-day,raw/backfill_v1/finance/accrual_by_day_20260730.json
2026-07-30,58253931086,1,Эквайринг,ITEM,0105883992-0275,order_or_item_ref,,3530427102,535581675,EVT-FT-ACNE-150,NOT_AVAILABLE,NOT_AVAILABLE,-7.85,RUB,/v1/finance/accrual/by-day,raw/backfill_v1/finance/accrual_by_day_20260730.json
2026-07-30,58254129228,1,Эквайринг,ITEM,0105883992-0276,order_or_item_ref,,2974977988,438775617,EVT-FC-ACNE-50,NOT_AVAILABLE,NOT_AVAILABLE,-8.98,RUB,/v1/finance/accrual/by-day,raw/backfill_v1/finance/accrual_by_day_20260730.json
2026-07-30,58288872891,1,Эквайринг,ITEM,0215126714-0001,order_or_item_ref,,3530427102,535581675,EVT-FT-ACNE-150,NOT_AVAILABLE,NOT_AVAILABLE,-2.3,RUB,/v1/finance/accrual/by-day,raw/backfill_v1/finance/accrual_by_day_20260730.json
2026-07-30,58288872891,1,Эквайринг,ITEM,0215126714-0001,order_or_item_ref,,3733947454,909951444,EVT-SET-ACNE-POWDER-SERUM-CREAM,NOT_AVAILABLE,NOT_AVAILABLE,-5.49,RUB,/v1/finance/accrual/by-day,raw/backfill_v1/finance/accrual_by_day_20260730.json
2026-07-30,58299738197,32,Логистика,POSTING,71657300-1177-1,posting_number,71657300-1177-1,3892518031,593111986,EVT-HC-CHERRY-300,NOT_AVAILABLE,NOT_AVAILABLE,-70.0,RUB,/v1/finance/accrual/by-day,raw/backfill_v1/finance/accrual_by_day_20260730.json
2026-07-30,58299738197,29,Доставка до места выдачи,POSTING,71657300-1177-1,posting_number,71657300-1177-1,3892518031,593111986,EVT-HC-CHERRY-300,NOT_AVAILABLE,NOT_AVAILABLE,-7.7,RUB,/v1/finance/accrual/by-day,raw/backfill_v1/finance/accrual_by_day_20260730.json
2026-07-30,58302204121,32,Логистика,POSTING,61986072-0385-3,posting_number,61986072-0385-3,1991772098,305101272,EVT-FS-MOIST-30,NOT_AVAILABLE,NOT_AVAILABLE,-65.0,RUB,/v1/finance/accrual/by-day,raw/backfill_v1/finance/accrual_by_day_20260730.json
2026-07-30,58302204121,29,Доставка до места выдачи,POSTING,61986072-0385-3,posting_number,61986072-0385-3,1991772098,305101272,EVT-FS-MOIST-30,NOT_AVAILABLE,NOT_AVAILABLE,-6.9,RUB,/v1/finance/accrual/by-day,raw/backfill_v1/finance/accrual_by_day_20260730.json
2026-07-30,58302874576,1,Эквайринг,ITEM,71657300-1177-1,order_or_item_ref,,3892518031,593111986,EVT-HC-CHERRY-300,NOT_AVAILABLE,NOT_AVAILABLE,-8.03,RUB,/v1/finance/accrual/by-day,raw/backfill_v1/finance/accrual_by_day_20260730.json
2026-07-30,58305267388,1,Эквайринг,ITEM,61986072-0385-3,order_or_item_ref,,1991772098,305101272,EVT-FS-MOIST-30,NOT_AVAILABLE,NOT_AVAILABLE,-8.54,RUB,/v1/finance/accrual/by-day,raw/backfill_v1/finance/accrual_by_day_20260730.json
2026-07-30,58318543493,32,Логистика,POSTING,80694950-0266-1,posting_number,80694950-0266-1,3892518031,593111986,EVT-HC-CHERRY-300,NOT_AVAILABLE,NOT_AVAILABLE,-70.0,RUB,/v1/finance/accrual/by-day,raw/backfill_v1/finance/accrual_by_day_20260730.json
2026-07-30,58318543493,29,Доставка до места выдачи,POSTING,80694950-0266-1,posting_number,80694950-0266-1,3892518031,593111986,EVT-HC-CHERRY-300,NOT_AVAILABLE,NOT_AVAILABLE,-8.42,RUB,/v1/finance/accrual/by-day,raw/backfill_v1/finance/accrual_by_day_20260730.json
2026-07-30,58322319395,38,Обеспечение материалами для упаковки товара,ITEM,0141687018-1168-1,order_or_item_ref,,1994674912,305101361,EVT-FS-ACNE-30,NOT_AVAILABLE,NOT_AVAILABLE,-5.0,RUB,/v1/finance/accrual/by-day,raw/backfill_v1/finance/accrual_by_day_20260730.json
2026-07-30,58322319396,39,Упаковка товара партнёрами,ITEM,0141687018-1168-1,order_or_item_ref,,1994674912,305101361,EVT-FS-ACNE-30,NOT_AVAILABLE,NOT_AVAILABLE,-10.0,RUB,/v1/finance/accrual/by-day,raw/backfill_v1/finance/accrual_by_day_20260730.json
2026-07-30,58328972387,46,Размещение товаров на складах Ozon,NON_ITEM,,order_or_item_ref,,,,,NOT_AVAILABLE,NOT_AVAILABLE,-9.8,RUB,/v1/finance/accrual/by-day,raw/backfill_v1/finance/accrual_by_day_20260730.json
2026-07-30,58333035198,41,Оплата за клик,NON_ITEM,33703975,campaign_id,,,,,NOT_AVAILABLE,NOT_AVAILABLE,-119.4,RUB,/v1/finance/accrual/by-day,raw/backfill_v1/finance/accrual_by_day_20260730.json
2026-07-30,58333035204,41,Оплата за клик,NON_ITEM,33678288,campaign_id,,,,,NOT_AVAILABLE,NOT_AVAILABLE,-1.0,RUB,/v1/finance/accrual/by-day,raw/backfill_v1/finance/accrual_by_day_20260730.json
2026-07-30,58333035205,41,Оплата за клик,NON_ITEM,33678220,campaign_id,,,,,NOT_AVAILABLE,NOT_AVAILABLE,-3.73,RUB,/v1/finance/accrual/by-day,raw/backfill_v1/finance/accrual_by_day_20260730.json
2026-07-30,58333035219,41,Оплата за клик,NON_ITEM,32158008,campaign_id,,,,,NOT_AVAILABLE,NOT_AVAILABLE,-195.26,RUB,/v1/finance/accrual/by-day,raw/backfill_v1/finance/accrual_by_day_20260730.json
2026-07-30,58333035220,41,Оплата за клик,NON_ITEM,32157965,campaign_id,,,,,NOT_AVAILABLE,NOT_AVAILABLE,-299.1,RUB,/v1/finance/accrual/by-day,raw/backfill_v1/finance/accrual_by_day_20260730.json
2026-07-30,58333035221,41,Оплата за клик,NON_ITEM,32157947,campaign_id,,,,,NOT_AVAILABLE,NOT_AVAILABLE,-334.79,RUB,/v1/finance/accrual/by-day,raw/backfill_v1/finance/accrual_by_day_20260730.json
2026-07-30,58333035222,41,Оплата за клик,NON_ITEM,32157891,campaign_id,,,,,NOT_AVAILABLE,NOT_AVAILABLE,-371.07,RUB,/v1/finance/accrual/by-day,raw/backfill_v1/finance/accrual_by_day_20260730.json
2026-07-30,58333035223,41,Оплата за клик,NON_ITEM,32158299,campaign_id,,,,,NOT_AVAILABLE,NOT_AVAILABLE,-67.98,RUB,/v1/finance/accrual/by-day,raw/backfill_v1/finance/accrual_by_day_20260730.json
2026-07-30,58333035224,41,Оплата за клик,NON_ITEM,32158176,campaign_id,,,,,NOT_AVAILABLE,NOT_AVAILABLE,-221.53,RUB,/v1/finance/accrual/by-day,raw/backfill_v1/finance/accrual_by_day_20260730.json
2026-07-30,58333035225,41,Оплата за клик,NON_ITEM,32158051,campaign_id,,,,,NOT_AVAILABLE,NOT_AVAILABLE,-53.94,RUB,/v1/finance/accrual/by-day,raw/backfill_v1/finance/accrual_by_day_20260730.json
2026-07-30,58333035226,41,Оплата за клик,NON_ITEM,32157988,campaign_id,,,,,NOT_AVAILABLE,NOT_AVAILABLE,-262.16,RUB,/v1/finance/accrual/by-day,raw/backfill_v1/finance/accrual_by_day_20260730.json
2026-07-30,58333035227,41,Оплата за клик,NON_ITEM,32157919,campaign_id,,,,,NOT_AVAILABLE,NOT_AVAILABLE,-192.04,RUB,/v1/finance/accrual/by-day,raw/backfill_v1/finance/accrual_by_day_20260730.json
2026-07-31,58351905647,1,Эквайринг,ITEM,94119088-0045,order_or_item_ref,,3530427102,535581675,EVT-FT-ACNE-150,NOT_AVAILABLE,NOT_AVAILABLE,-8.11,RUB,/v1/finance/accrual/by-day,raw/backfill_v1/finance/accrual_by_day_20260731.json
2026-07-31,58368105308,32,Логистика,POSTING,0123272455-0150-1,posting_number,0123272455-0150-1,3543342130,535580776,EVT-EP-ENZYME-75,NOT_AVAILABLE,NOT_AVAILABLE,-67.0,RUB,/v1/finance/accrual/by-day,raw/backfill_v1/finance/accrual_by_day_20260731.json
2026-07-31,58368105308,29,Доставка до места выдачи,POSTING,0123272455-0150-1,posting_number,0123272455-0150-1,3543342130,535580776,EVT-EP-ENZYME-75,NOT_AVAILABLE,NOT_AVAILABLE,-9.04,RUB,/v1/finance/accrual/by-day,raw/backfill_v1/finance/accrual_by_day_20260731.json
2026-07-31,58368564962,32,Логистика,POSTING,65089096-0111-9,posting_number,65089096-0111-9,3892518031,593111986,EVT-HC-CHERRY-300,NOT_AVAILABLE,NOT_AVAILABLE,-79.0,RUB,/v1/finance/accrual/by-day,raw/backfill_v1/finance/accrual_by_day_20260731.json
2026-07-31,58368564962,29,Доставка до места выдачи,POSTING,65089096-0111-9,posting_number,65089096-0111-9,3892518031,593111986,EVT-HC-CHERRY-300,NOT_AVAILABLE,NOT_AVAILABLE,-9.28,RUB,/v1/finance/accrual/by-day,raw/backfill_v1/finance/accrual_by_day_20260731.json
2026-07-31,58369340049,12,Кросс-докинг,NON_ITEM,2000060690416,order_or_item_ref,,,,,NOT_AVAILABLE,NOT_AVAILABLE,-254.8,RUB,/v1/finance/accrual/by-day,raw/backfill_v1/finance/accrual_by_day_20260731.json
2026-07-31,58370268205,1,Эквайринг,ITEM,0123272455-0150-1,order_or_item_ref,,3543342130,535580776,EVT-EP-ENZYME-75,NOT_AVAILABLE,NOT_AVAILABLE,-8.3,RUB,/v1/finance/accrual/by-day,raw/backfill_v1/finance/accrual_by_day_20260731.json
2026-07-31,58393900251,32,Логистика,POSTING,0200868862-0038-1,posting_number,0200868862-0038-1,3530427102,535581675,EVT-FT-ACNE-150,NOT_AVAILABLE,NOT_AVAILABLE,-67.0,RUB,/v1/finance/accrual/by-day,raw/backfill_v1/finance/accrual_by_day_20260731.json
2026-07-31,58393900251,29,Доставка до места выдачи,POSTING,0200868862-0038-1,posting_number,0200868862-0038-1,3530427102,535581675,EVT-FT-ACNE-150,NOT_AVAILABLE,NOT_AVAILABLE,-8.01,RUB,/v1/finance/accrual/by-day,raw/backfill_v1/finance/accrual_by_day_20260731.json
2026-07-31,58410547594,12,Кросс-докинг,NON_ITEM,2000060682863,order_or_item_ref,,,,,NOT_AVAILABLE,NOT_AVAILABLE,-291.9,RUB,/v1/finance/accrual/by-day,raw/backfill_v1/finance/accrual_by_day_20260731.json
2026-07-31,58413738446,32,Логистика,POSTING,51078388-0251-1,posting_number,51078388-0251-1,1991772098,305101272,EVT-FS-MOIST-30,NOT_AVAILABLE,NOT_AVAILABLE,-62.0,RUB,/v1/finance/accrual/by-day,raw/backfill_v1/finance/accrual_by_day_20260731.json
2026-07-31,58413738446,29,Доставка до места выдачи,POSTING,51078388-0251-1,posting_number,51078388-0251-1,1991772098,305101272,EVT-FS-MOIST-30,NOT_AVAILABLE,NOT_AVAILABLE,-8.1,RUB,/v1/finance/accrual/by-day,raw/backfill_v1/finance/accrual_by_day_20260731.json
2026-07-31,58415212262,1,Эквайринг,ITEM,51078388-0251-1,order_or_item_ref,,1991772098,305101272,EVT-FS-MOIST-30,NOT_AVAILABLE,NOT_AVAILABLE,-6.23,RUB,/v1/finance/accrual/by-day,raw/backfill_v1/finance/accrual_by_day_20260731.json
2026-07-31,58417083872,12,Кросс-докинг,NON_ITEM,2000060658813,order_or_item_ref,,,,,NOT_AVAILABLE,NOT_AVAILABLE,-300.0,RUB,/v1/finance/accrual/by-day,raw/backfill_v1/finance/accrual_by_day_20260731.json
2026-07-31,58418681956,46,Размещение товаров на складах Ozon,NON_ITEM,,order_or_item_ref,,,,,NOT_AVAILABLE,NOT_AVAILABLE,-7.62,RUB,/v1/finance/accrual/by-day,raw/backfill_v1/finance/accrual_by_day_20260731.json
2026-07-31,58422198063,41,Оплата за клик,NON_ITEM,33703975,campaign_id,,,,,NOT_AVAILABLE,NOT_AVAILABLE,-206.94,RUB,/v1/finance/accrual/by-day,raw/backfill_v1/finance/accrual_by_day_20260731.json
2026-07-31,58422198263,41,Оплата за клик,NON_ITEM,33678288,campaign_id,,,,,NOT_AVAILABLE,NOT_AVAILABLE,-2.67,RUB,/v1/finance/accrual/by-day,raw/backfill_v1/finance/accrual_by_day_20260731.json
2026-07-31,58423126447,41,Оплата за клик,NON_ITEM,32157988,campaign_id,,,,,NOT_AVAILABLE,NOT_AVAILABLE,-294.1,RUB,/v1/finance/accrual/by-day,raw/backfill_v1/finance/accrual_by_day_20260731.json
2026-07-31,58423126448,41,Оплата за клик,NON_ITEM,32157965,campaign_id,,,,,NOT_AVAILABLE,NOT_AVAILABLE,-248.8,RUB,/v1/finance/accrual/by-day,raw/backfill_v1/finance/accrual_by_day_20260731.json
2026-07-31,58423126449,41,Оплата за клик,NON_ITEM,32157947,campaign_id,,,,,NOT_AVAILABLE,NOT_AVAILABLE,-250.38,RUB,/v1/finance/accrual/by-day,raw/backfill_v1/finance/accrual_by_day_20260731.json
2026-07-31,58423126450,41,Оплата за клик,NON_ITEM,32157919,campaign_id,,,,,NOT_AVAILABLE,NOT_AVAILABLE,-98.05,RUB,/v1/finance/accrual/by-day,raw/backfill_v1/finance/accrual_by_day_20260731.json
2026-07-31,58423126451,41,Оплата за клик,NON_ITEM,32157891,campaign_id,,,,,NOT_AVAILABLE,NOT_AVAILABLE,-216.63,RUB,/v1/finance/accrual/by-day,raw/backfill_v1/finance/accrual_by_day_20260731.json
2026-07-31,58423126453,41,Оплата за клик,NON_ITEM,32158176,campaign_id,,,,,NOT_AVAILABLE,NOT_AVAILABLE,-282.38,RUB,/v1/finance/accrual/by-day,raw/backfill_v1/finance/accrual_by_day_20260731.json
2026-07-31,58423126454,41,Оплата за клик,NON_ITEM,32158008,campaign_id,,,,,NOT_AVAILABLE,NOT_AVAILABLE,-232.29,RUB,/v1/finance/accrual/by-day,raw/backfill_v1/finance/accrual_by_day_20260731.json
2026-07-31,58837890555,25,Товарная компенсация,NON_ITEM,,order_or_item_ref,,,,,NOT_AVAILABLE,NOT_AVAILABLE,581.33,RUB,/v1/finance/accrual/by-day,raw/backfill_v1/finance/accrual_by_day_20260731.json
2026-07-31,58837890556,25,Товарная компенсация,NON_ITEM,,order_or_item_ref,,,,,NOT_AVAILABLE,NOT_AVAILABLE,414.8,RUB,/v1/finance/accrual/by-day,raw/backfill_v1/finance/accrual_by_day_20260731.json
2026-08-01,58420336438,76,Страхование товара от массовых повреждений,NON_ITEM,,order_or_item_ref,,,,,NOT_AVAILABLE,NOT_AVAILABLE,-18.43,RUB,/v1/finance/accrual/by-day,raw/backfill_v1/finance/accrual_by_day_20260801.json
2026-08-01,58422144324,1,Эквайринг,ITEM,0223273019-0056,order_or_item_ref,,1991772098,305101272,EVT-FS-MOIST-30,NOT_AVAILABLE,NOT_AVAILABLE,-5.96,RUB,/v1/finance/accrual/by-day,raw/backfill_v1/finance/accrual_by_day_20260801.json
2026-08-01,58436362521,32,Логистика,POSTING,0105883992-0276-1,posting_number,0105883992-0276-1,2974977988,438775617,EVT-FC-ACNE-50,NOT_AVAILABLE,NOT_AVAILABLE,-72.0,RUB,/v1/finance/accrual/by-day,raw/backfill_v1/finance/accrual_by_day_20260801.json
2026-08-01,58436362521,29,Доставка до места выдачи,POSTING,0105883992-0276-1,posting_number,0105883992-0276-1,2974977988,438775617,EVT-FC-ACNE-50,NOT_AVAILABLE,NOT_AVAILABLE,-8.83,RUB,/v1/finance/accrual/by-day,raw/backfill_v1/finance/accrual_by_day_20260801.json
2026-08-01,58436495137,32,Логистика,POSTING,0105883992-0275-1,posting_number,0105883992-0275-1,3530427102,535581675,EVT-FT-ACNE-150,NOT_AVAILABLE,NOT_AVAILABLE,-72.0,RUB,/v1/finance/accrual/by-day,raw/backfill_v1/finance/accrual_by_day_20260801.json
2026-08-01,58436495137,29,Доставка до места выдачи,POSTING,0105883992-0275-1,posting_number,0105883992-0275-1,3530427102,535581675,EVT-FT-ACNE-150,NOT_AVAILABLE,NOT_AVAILABLE,-8.83,RUB,/v1/finance/accrual/by-day,raw/backfill_v1/finance/accrual_by_day_20260801.json
2026-08-01,58444484016,32,Логистика,POSTING,0120358253-0671-1,posting_number,0120358253-0671-1,3530427102,535581675,EVT-FT-ACNE-150,NOT_AVAILABLE,NOT_AVAILABLE,-66.0,RUB,/v1/finance/accrual/by-day,raw/backfill_v1/finance/accrual_by_day_20260801.json
2026-08-01,58444484016,29,Доставка до места выдачи,POSTING,0120358253-0671-1,posting_number,0120358253-0671-1,3530427102,535581675,EVT-FT-ACNE-150,NOT_AVAILABLE,NOT_AVAILABLE,-9.4,RUB,/v1/finance/accrual/by-day,raw/backfill_v1/finance/accrual_by_day_20260801.json
2026-08-01,58446592195,1,Эквайринг,ITEM,0120358253-0671-1,order_or_item_ref,,3530427102,535581675,EVT-FT-ACNE-150,NOT_AVAILABLE,NOT_AVAILABLE,-7.11,RUB,/v1/finance/accrual/by-day,raw/backfill_v1/finance/accrual_by_day_20260801.json
2026-08-01,58460338426,32,Логистика,POSTING,11031669-1332-2,posting_number,11031669-1332-2,1991772098,305101272,EVT-FS-MOIST-30,NOT_AVAILABLE,NOT_AVAILABLE,-65.0,RUB,/v1/finance/accrual/by-day,raw/backfill_v1/finance/accrual_by_day_20260801.json
2026-08-01,58460338426,29,Доставка до места выдачи,POSTING,11031669-1332-2,posting_number,11031669-1332-2,1991772098,305101272,EVT-FS-MOIST-30,NOT_AVAILABLE,NOT_AVAILABLE,-9.69,RUB,/v1/finance/accrual/by-day,raw/backfill_v1/finance/accrual_by_day_20260801.json
2026-08-01,58488541039,32,Логистика,POSTING,41512917-1756-1,posting_number,41512917-1756-1,3892223191,930334397,EVT-SET-CHERRY-AMBER,NOT_AVAILABLE,NOT_AVAILABLE,-85.0,RUB,/v1/finance/accrual/by-day,raw/backfill_v1/finance/accrual_by_day_20260801.json
2026-08-01,58488541039,29,Доставка до места выдачи,POSTING,41512917-1756-1,posting_number,41512917-1756-1,3892223191,930334397,EVT-SET-CHERRY-AMBER,NOT_AVAILABLE,NOT_AVAILABLE,-9.06,RUB,/v1/finance/accrual/by-day,raw/backfill_v1/finance/accrual_by_day_20260801.json
2026-08-01,58490395894,1,Эквайринг,ITEM,41512917-1756-1,order_or_item_ref,,3892223191,930334397,EVT-SET-CHERRY-AMBER,NOT_AVAILABLE,NOT_AVAILABLE,-1.18,RUB,/v1/finance/accrual/by-day,raw/backfill_v1/finance/accrual_by_day_20260801.json
2026-08-01,58501432433,46,Размещение товаров на складах Ozon,NON_ITEM,,order_or_item_ref,,,,,NOT_AVAILABLE,NOT_AVAILABLE,-7.61,RUB,/v1/finance/accrual/by-day,raw/backfill_v1/finance/accrual_by_day_20260801.json
2026-08-01,58505776805,41,Оплата за клик,NON_ITEM,33703975,campaign_id,,,,,NOT_AVAILABLE,NOT_AVAILABLE,-209.22,RUB,/v1/finance/accrual/by-day,raw/backfill_v1/finance/accrual_by_day_20260801.json
2026-08-01,58505776806,41,Оплата за клик,NON_ITEM,33678288,campaign_id,,,,,NOT_AVAILABLE,NOT_AVAILABLE,-1.0,RUB,/v1/finance/accrual/by-day,raw/backfill_v1/finance/accrual_by_day_20260801.json
2026-08-01,58505776807,41,Оплата за клик,NON_ITEM,33678220,campaign_id,,,,,NOT_AVAILABLE,NOT_AVAILABLE,-5.84,RUB,/v1/finance/accrual/by-day,raw/backfill_v1/finance/accrual_by_day_20260801.json
2026-08-01,58505776813,41,Оплата за клик,NON_ITEM,32157891,campaign_id,,,,,NOT_AVAILABLE,NOT_AVAILABLE,-220.79,RUB,/v1/finance/accrual/by-day,raw/backfill_v1/finance/accrual_by_day_20260801.json
2026-08-01,58505776814,41,Оплата за клик,NON_ITEM,32158176,campaign_id,,,,,NOT_AVAILABLE,NOT_AVAILABLE,-146.6,RUB,/v1/finance/accrual/by-day,raw/backfill_v1/finance/accrual_by_day_20260801.json
2026-08-01,58505776815,41,Оплата за клик,NON_ITEM,32158008,campaign_id,,,,,NOT_AVAILABLE,NOT_AVAILABLE,-152.16,RUB,/v1/finance/accrual/by-day,raw/backfill_v1/finance/accrual_by_day_20260801.json
2026-08-01,58505776816,41,Оплата за клик,NON_ITEM,32157988,campaign_id,,,,,NOT_AVAILABLE,NOT_AVAILABLE,-149.72,RUB,/v1/finance/accrual/by-day,raw/backfill_v1/finance/accrual_by_day_20260801.json
2026-08-01,58505776817,41,Оплата за клик,NON_ITEM,32157965,campaign_id,,,,,NOT_AVAILABLE,NOT_AVAILABLE,-157.77,RUB,/v1/finance/accrual/by-day,raw/backfill_v1/finance/accrual_by_day_20260801.json
2026-08-01,58505776818,41,Оплата за клик,NON_ITEM,32157947,campaign_id,,,,,NOT_AVAILABLE,NOT_AVAILABLE,-149.23,RUB,/v1/finance/accrual/by-day,raw/backfill_v1/finance/accrual_by_day_20260801.json
2026-08-01,58505776819,41,Оплата за клик,NON_ITEM,32157919,campaign_id,,,,,NOT_AVAILABLE,NOT_AVAILABLE,-131.61,RUB,/v1/finance/accrual/by-day,raw/backfill_v1/finance/accrual_by_day_20260801.json
2026-08-02,58501740391,32,Логистика,POSTING,0141687018-1168-1,posting_number,0141687018-1168-1,1994674912,305101361,EVT-FS-ACNE-30,NOT_AVAILABLE,NOT_AVAILABLE,-59.0,RUB,/v1/finance/accrual/by-day,raw/backfill_v1/finance/accrual_by_day_20260802.json
2026-08-02,58501740392,59,Обратная логистика,POSTING,0141687018-1168-1,posting_number,0141687018-1168-1,1994674912,305101361,EVT-FS-ACNE-30,NOT_AVAILABLE,NOT_AVAILABLE,-56.0,RUB,/v1/finance/accrual/by-day,raw/backfill_v1/finance/accrual_by_day_20260802.json
2026-08-02,58501748567,29,Доставка до места выдачи,POSTING,0141687018-1168-1,posting_number,0141687018-1168-1,1994674912,305101361,EVT-FS-ACNE-30,NOT_AVAILABLE,NOT_AVAILABLE,-9.0,RUB,/v1/finance/accrual/by-day,raw/backfill_v1/finance/accrual_by_day_20260802.json
2026-08-02,58501748569,45,"Обработка возвратов, отмен и невыкупов партнёрами",POSTING,0141687018-1168-1,posting_number,0141687018-1168-1,1994674912,305101361,EVT-FS-ACNE-30,NOT_AVAILABLE,NOT_AVAILABLE,-15.0,RUB,/v1/finance/accrual/by-day,raw/backfill_v1/finance/accrual_by_day_20260802.json
2026-08-02,58503459830,76,Страхование товара от массовых повреждений,NON_ITEM,,order_or_item_ref,,,,,NOT_AVAILABLE,NOT_AVAILABLE,-18.23,RUB,/v1/finance/accrual/by-day,raw/backfill_v1/finance/accrual_by_day_20260802.json
2026-08-02,58537650637,32,Логистика,POSTING,47943143-1596-1,posting_number,47943143-1596-1,1997079254,252442517,EVT-HC-HAND-300,NOT_AVAILABLE,NOT_AVAILABLE,-88.0,RUB,/v1/finance/accrual/by-day,raw/backfill_v1/finance/accrual_by_day_20260802.json
2026-08-02,58537650637,29,Доставка до места выдачи,POSTING,47943143-1596-1,posting_number,47943143-1596-1,1997079254,252442517,EVT-HC-HAND-300,NOT_AVAILABLE,NOT_AVAILABLE,-6.97,RUB,/v1/finance/accrual/by-day,raw/backfill_v1/finance/accrual_by_day_20260802.json
2026-08-02,58543309150,77,Обработка товара,NON_ITEM,2000060690416,order_or_item_ref,,,,,NOT_AVAILABLE,NOT_AVAILABLE,-187.0,RUB,/v1/finance/accrual/by-day,raw/backfill_v1/finance/accrual_by_day_20260802.json
2026-08-02,58543309151,77,Обработка товара,NON_ITEM,2000060690416,order_or_item_ref,,,,,NOT_AVAILABLE,NOT_AVAILABLE,-46.0,RUB,/v1/finance/accrual/by-day,raw/backfill_v1/finance/accrual_by_day_20260802.json
2026-08-02,58543610957,77,Обработка товара,NON_ITEM,2000060658813,order_or_item_ref,,,,,NOT_AVAILABLE,NOT_AVAILABLE,-179.0,RUB,/v1/finance/accrual/by-day,raw/backfill_v1/finance/accrual_by_day_20260802.json
2026-08-02,58543610958,77,Обработка товара,NON_ITEM,2000060658813,order_or_item_ref,,,,,NOT_AVAILABLE,NOT_AVAILABLE,-30.0,RUB,/v1/finance/accrual/by-day,raw/backfill_v1/finance/accrual_by_day_20260802.json
2026-08-02,58543610959,77,Обработка товара,NON_ITEM,2000060658813,order_or_item_ref,,,,,NOT_AVAILABLE,NOT_AVAILABLE,-34.0,RUB,/v1/finance/accrual/by-day,raw/backfill_v1/finance/accrual_by_day_20260802.json
2026-08-02,58543610960,77,Обработка товара,NON_ITEM,2000060682863,order_or_item_ref,,,,,NOT_AVAILABLE,NOT_AVAILABLE,-132.0,RUB,/v1/finance/accrual/by-day,raw/backfill_v1/finance/accrual_by_day_20260802.json
2026-08-02,58543610961,77,Обработка товара,NON_ITEM,2000060682863,order_or_item_ref,,,,,NOT_AVAILABLE,NOT_AVAILABLE,-30.0,RUB,/v1/finance/accrual/by-day,raw/backfill_v1/finance/accrual_by_day_20260802.json
2026-08-02,58584345728,1,Эквайринг,ITEM,86171999-0518,order_or_item_ref,,3892223191,930334397,EVT-SET-CHERRY-AMBER,NOT_AVAILABLE,NOT_AVAILABLE,-1.14,RUB,/v1/finance/accrual/by-day,raw/backfill_v1/finance/accrual_by_day_20260802.json
2026-08-02,58586000953,46,Размещение товаров на складах Ozon,NON_ITEM,,order_or_item_ref,,,,,NOT_AVAILABLE,NOT_AVAILABLE,-7.61,RUB,/v1/finance/accrual/by-day,raw/backfill_v1/finance/accrual_by_day_20260802.json
2026-08-02,58590746836,41,Оплата за клик,NON_ITEM,33703975,campaign_id,,,,,NOT_AVAILABLE,NOT_AVAILABLE,-202.43,RUB,/v1/finance/accrual/by-day,raw/backfill_v1/finance/accrual_by_day_20260802.json
2026-08-02,58590746837,41,Оплата за клик,NON_ITEM,33678220,campaign_id,,,,,NOT_AVAILABLE,NOT_AVAILABLE,-35.13,RUB,/v1/finance/accrual/by-day,raw/backfill_v1/finance/accrual_by_day_20260802.json
2026-08-02,58590746838,41,Оплата за клик,NON_ITEM,33678288,campaign_id,,,,,NOT_AVAILABLE,NOT_AVAILABLE,-49.84,RUB,/v1/finance/accrual/by-day,raw/backfill_v1/finance/accrual_by_day_20260802.json
2026-08-02,58590746843,41,Оплата за клик,NON_ITEM,32158176,campaign_id,,,,,NOT_AVAILABLE,NOT_AVAILABLE,-202.08,RUB,/v1/finance/accrual/by-day,raw/backfill_v1/finance/accrual_by_day_20260802.json
2026-08-02,58590746844,41,Оплата за клик,NON_ITEM,32158051,campaign_id,,,,,NOT_AVAILABLE,NOT_AVAILABLE,-170.35,RUB,/v1/finance/accrual/by-day,raw/backfill_v1/finance/accrual_by_day_20260802.json
2026-08-02,58590746845,41,Оплата за клик,NON_ITEM,32157965,campaign_id,,,,,NOT_AVAILABLE,NOT_AVAILABLE,-235.73,RUB,/v1/finance/accrual/by-day,raw/backfill_v1/finance/accrual_by_day_20260802.json
2026-08-02,58590746846,41,Оплата за клик,NON_ITEM,32157947,campaign_id,,,,,NOT_AVAILABLE,NOT_AVAILABLE,-213.73,RUB,/v1/finance/accrual/by-day,raw/backfill_v1/finance/accrual_by_day_20260802.json
2026-08-02,58590746847,41,Оплата за клик,NON_ITEM,32157891,campaign_id,,,,,NOT_AVAILABLE,NOT_AVAILABLE,-230.09,RUB,/v1/finance/accrual/by-day,raw/backfill_v1/finance/accrual_by_day_20260802.json
2026-08-02,58590746848,41,Оплата за клик,NON_ITEM,32158008,campaign_id,,,,,NOT_AVAILABLE,NOT_AVAILABLE,-129.28,RUB,/v1/finance/accrual/by-day,raw/backfill_v1/finance/accrual_by_day_20260802.json
2026-08-02,58590746849,41,Оплата за клик,NON_ITEM,32157988,campaign_id,,,,,NOT_AVAILABLE,NOT_AVAILABLE,-194.53,RUB,/v1/finance/accrual/by-day,raw/backfill_v1/finance/accrual_by_day_20260802.json
2026-08-02,58590746850,41,Оплата за клик,NON_ITEM,32157919,campaign_id,,,,,NOT_AVAILABLE,NOT_AVAILABLE,-119.63,RUB,/v1/finance/accrual/by-day,raw/backfill_v1/finance/accrual_by_day_20260802.json
2026-08-03,58587679754,76,Страхование товара от массовых повреждений,NON_ITEM,,order_or_item_ref,,,,,NOT_AVAILABLE,NOT_AVAILABLE,-17.58,RUB,/v1/finance/accrual/by-day,raw/backfill_v1/finance/accrual_by_day_20260803.json
2026-08-03,58600833807,116,Сбор первых отзывов,ITEM,71657300-1177-1,order_or_item_ref,,3892518031,593111986,EVT-HC-CHERRY-300,NOT_AVAILABLE,NOT_AVAILABLE,-514.84,RUB,/v1/finance/accrual/by-day,raw/backfill_v1/finance/accrual_by_day_20260803.json
2026-08-03,58603752021,79,Временное размещение товара партнерами,ITEM,sr01-bx20233736450,order_or_item_ref,,3543342130,535580776,EVT-EP-ENZYME-75,NOT_AVAILABLE,NOT_AVAILABLE,-324.0,RUB,/v1/finance/accrual/by-day,raw/backfill_v1/finance/accrual_by_day_20260803.json
2026-08-03,58613519536,116,Сбор первых отзывов,ITEM,41512917-1756-1,order_or_item_ref,,3892223191,930334397,EVT-SET-CHERRY-AMBER,NOT_AVAILABLE,NOT_AVAILABLE,-927.2,RUB,/v1/finance/accrual/by-day,raw/backfill_v1/finance/accrual_by_day_20260803.json
2026-08-03,58617254735,32,Логистика,POSTING,73572762-0103-1,posting_number,73572762-0103-1,1997079254,252442517,EVT-HC-HAND-300,NOT_AVAILABLE,NOT_AVAILABLE,-70.0,RUB,/v1/finance/accrual/by-day,raw/backfill_v1/finance/accrual_by_day_20260803.json
2026-08-03,58617254735,29,Доставка до места выдачи,POSTING,73572762-0103-1,posting_number,73572762-0103-1,1997079254,252442517,EVT-HC-HAND-300,NOT_AVAILABLE,NOT_AVAILABLE,-16.29,RUB,/v1/finance/accrual/by-day,raw/backfill_v1/finance/accrual_by_day_20260803.json
2026-08-03,58660700517,1,Эквайринг,ITEM,0208415347-0077,order_or_item_ref,,1994674912,305101361,EVT-FS-ACNE-30,NOT_AVAILABLE,NOT_AVAILABLE,-6.04,RUB,/v1/finance/accrual/by-day,raw/backfill_v1/finance/accrual_by_day_20260803.json
2026-08-03,58688693004,46,Размещение товаров на складах Ozon,NON_ITEM,,order_or_item_ref,,,,,NOT_AVAILABLE,NOT_AVAILABLE,-7.62,RUB,/v1/finance/accrual/by-day,raw/backfill_v1/finance/accrual_by_day_20260803.json
2026-08-03,58693335918,41,Оплата за клик,NON_ITEM,33678288,campaign_id,,,,,NOT_AVAILABLE,NOT_AVAILABLE,-159.55,RUB,/v1/finance/accrual/by-day,raw/backfill_v1/finance/accrual_by_day_20260803.json
2026-08-03,58693335931,41,Оплата за клик,NON_ITEM,32158051,campaign_id,,,,,NOT_AVAILABLE,NOT_AVAILABLE,-199.32,RUB,/v1/finance/accrual/by-day,raw/backfill_v1/finance/accrual_by_day_20260803.json
2026-08-03,58693335932,41,Оплата за клик,NON_ITEM,32157965,campaign_id,,,,,NOT_AVAILABLE,NOT_AVAILABLE,-174.65,RUB,/v1/finance/accrual/by-day,raw/backfill_v1/finance/accrual_by_day_20260803.json
2026-08-03,58693335933,41,Оплата за клик,NON_ITEM,32157919,campaign_id,,,,,NOT_AVAILABLE,NOT_AVAILABLE,-165.17,RUB,/v1/finance/accrual/by-day,raw/backfill_v1/finance/accrual_by_day_20260803.json
2026-08-03,58693335934,41,Оплата за клик,NON_ITEM,32158299,campaign_id,,,,,NOT_AVAILABLE,NOT_AVAILABLE,-42.38,RUB,/v1/finance/accrual/by-day,raw/backfill_v1/finance/accrual_by_day_20260803.json
2026-08-03,58693335962,41,Оплата за клик,NON_ITEM,33703975,campaign_id,,,,,NOT_AVAILABLE,NOT_AVAILABLE,-240.71,RUB,/v1/finance/accrual/by-day,raw/backfill_v1/finance/accrual_by_day_20260803.json
2026-08-03,58693335964,41,Оплата за клик,NON_ITEM,33678220,campaign_id,,,,,NOT_AVAILABLE,NOT_AVAILABLE,-24.37,RUB,/v1/finance/accrual/by-day,raw/backfill_v1/finance/accrual_by_day_20260803.json
2026-08-03,58693335973,41,Оплата за клик,NON_ITEM,32158176,campaign_id,,,,,NOT_AVAILABLE,NOT_AVAILABLE,-281.51,RUB,/v1/finance/accrual/by-day,raw/backfill_v1/finance/accrual_by_day_20260803.json
2026-08-03,58693335974,41,Оплата за клик,NON_ITEM,32157988,campaign_id,,,,,NOT_AVAILABLE,NOT_AVAILABLE,-147.31,RUB,/v1/finance/accrual/by-day,raw/backfill_v1/finance/accrual_by_day_20260803.json
2026-08-03,58693335975,41,Оплата за клик,NON_ITEM,32157947,campaign_id,,,,,NOT_AVAILABLE,NOT_AVAILABLE,-14.61,RUB,/v1/finance/accrual/by-day,raw/backfill_v1/finance/accrual_by_day_20260803.json
2026-08-03,58693335976,41,Оплата за клик,NON_ITEM,32157891,campaign_id,,,,,NOT_AVAILABLE,NOT_AVAILABLE,-190.76,RUB,/v1/finance/accrual/by-day,raw/backfill_v1/finance/accrual_by_day_20260803.json
2026-08-04,58690875132,76,Страхование товара от массовых повреждений,NON_ITEM,,order_or_item_ref,,,,,NOT_AVAILABLE,NOT_AVAILABLE,-17.16,RUB,/v1/finance/accrual/by-day,raw/backfill_v1/finance/accrual_by_day_20260804.json
2026-08-04,58705693646,1,Эквайринг,ITEM,41313800-0429,order_or_item_ref,,1991772098,305101272,EVT-FS-MOIST-30,NOT_AVAILABLE,NOT_AVAILABLE,-5.95,RUB,/v1/finance/accrual/by-day,raw/backfill_v1/finance/accrual_by_day_20260804.json
2026-08-04,58707846847,32,Логистика,POSTING,49815229-0188-1,posting_number,49815229-0188-1,1994674912,305101361,EVT-FS-ACNE-30,NOT_AVAILABLE,NOT_AVAILABLE,-56.0,RUB,/v1/finance/accrual/by-day,raw/backfill_v1/finance/accrual_by_day_20260804.json
2026-08-04,58707846847,29,Доставка до места выдачи,POSTING,49815229-0188-1,posting_number,49815229-0188-1,1994674912,305101361,EVT-FS-ACNE-30,NOT_AVAILABLE,NOT_AVAILABLE,-8.93,RUB,/v1/finance/accrual/by-day,raw/backfill_v1/finance/accrual_by_day_20260804.json
2026-08-04,58709619240,1,Эквайринг,ITEM,49815229-0188-1,order_or_item_ref,,1994674912,305101361,EVT-FS-ACNE-30,NOT_AVAILABLE,NOT_AVAILABLE,-5.46,RUB,/v1/finance/accrual/by-day,raw/backfill_v1/finance/accrual_by_day_20260804.json
2026-08-04,58711365584,32,Логистика,POSTING,0173384289-0379-1,posting_number,0173384289-0379-1,1997079254,252442517,EVT-HC-HAND-300,NOT_AVAILABLE,NOT_AVAILABLE,-81.0,RUB,/v1/finance/accrual/by-day,raw/backfill_v1/finance/accrual_by_day_20260804.json
2026-08-04,58711365584,98,Доставка до места выдачи силами Ozon,POSTING,0173384289-0379-1,posting_number,0173384289-0379-1,1997079254,252442517,EVT-HC-HAND-300,NOT_AVAILABLE,NOT_AVAILABLE,-25.0,RUB,/v1/finance/accrual/by-day,raw/backfill_v1/finance/accrual_by_day_20260804.json
2026-08-04,58723179677,1,Эквайринг,ITEM,0223481492-0184,order_or_item_ref,,3530427102,535581675,EVT-FT-ACNE-150,NOT_AVAILABLE,NOT_AVAILABLE,-5.88,RUB,/v1/finance/accrual/by-day,raw/backfill_v1/finance/accrual_by_day_20260804.json
2026-08-04,58730296656,32,Логистика,POSTING,86919179-0120-2,posting_number,86919179-0120-2,1991772098,305101272,EVT-FS-MOIST-30,NOT_AVAILABLE,NOT_AVAILABLE,-61.0,RUB,/v1/finance/accrual/by-day,raw/backfill_v1/finance/accrual_by_day_20260804.json
2026-08-04,58730296656,29,Доставка до места выдачи,POSTING,86919179-0120-2,posting_number,86919179-0120-2,1991772098,305101272,EVT-FS-MOIST-30,NOT_AVAILABLE,NOT_AVAILABLE,-8.52,RUB,/v1/finance/accrual/by-day,raw/backfill_v1/finance/accrual_by_day_20260804.json
2026-08-04,58732619539,1,Эквайринг,ITEM,86919179-0120-2,order_or_item_ref,,1991772098,305101272,EVT-FS-MOIST-30,NOT_AVAILABLE,NOT_AVAILABLE,-8.34,RUB,/v1/finance/accrual/by-day,raw/backfill_v1/finance/accrual_by_day_20260804.json
2026-08-04,58751449114,1,Эквайринг,ITEM,0136965249-0473,order_or_item_ref,,3528293526,535581674,EVT-FT-MOIST-150,NOT_AVAILABLE,NOT_AVAILABLE,-5.77,RUB,/v1/finance/accrual/by-day,raw/backfill_v1/finance/accrual_by_day_20260804.json
2026-08-04,58762447494,32,Логистика,POSTING,80015267-0527-1,posting_number,80015267-0527-1,3733452761,868597351,EVT-SET-4PC-ACNE,NOT_AVAILABLE,NOT_AVAILABLE,-76.0,RUB,/v1/finance/accrual/by-day,raw/backfill_v1/finance/accrual_by_day_20260804.json
2026-08-04,58762447494,29,Доставка до места выдачи,POSTING,80015267-0527-1,posting_number,80015267-0527-1,3733452761,868597351,EVT-SET-4PC-ACNE,NOT_AVAILABLE,NOT_AVAILABLE,-9.29,RUB,/v1/finance/accrual/by-day,raw/backfill_v1/finance/accrual_by_day_20260804.json
2026-08-04,58765591629,1,Эквайринг,ITEM,80015267-0527-1,order_or_item_ref,,3733452761,868597351,EVT-SET-4PC-ACNE,NOT_AVAILABLE,NOT_AVAILABLE,-34.29,RUB,/v1/finance/accrual/by-day,raw/backfill_v1/finance/accrual_by_day_20260804.json
2026-08-04,58772010712,32,Логистика,POSTING,38446414-0599-1,posting_number,38446414-0599-1,3892518031,593111986,EVT-HC-CHERRY-300,NOT_AVAILABLE,NOT_AVAILABLE,-77.0,RUB,/v1/finance/accrual/by-day,raw/backfill_v1/finance/accrual_by_day_20260804.json
2026-08-04,58772010712,29,Доставка до места выдачи,POSTING,38446414-0599-1,posting_number,38446414-0599-1,3892518031,593111986,EVT-HC-CHERRY-300,NOT_AVAILABLE,NOT_AVAILABLE,-9.46,RUB,/v1/finance/accrual/by-day,raw/backfill_v1/finance/accrual_by_day_20260804.json
2026-08-04,58774467304,1,Эквайринг,ITEM,38446414-0599-1,order_or_item_ref,,3892518031,593111986,EVT-HC-CHERRY-300,NOT_AVAILABLE,NOT_AVAILABLE,-6.28,RUB,/v1/finance/accrual/by-day,raw/backfill_v1/finance/accrual_by_day_20260804.json
2026-08-04,58783114470,46,Размещение товаров на складах Ozon,NON_ITEM,,order_or_item_ref,,,,,NOT_AVAILABLE,NOT_AVAILABLE,-7.61,RUB,/v1/finance/accrual/by-day,raw/backfill_v1/finance/accrual_by_day_20260804.json
2026-08-04,58787968118,41,Оплата за клик,NON_ITEM,32157891,campaign_id,,,,,NOT_AVAILABLE,NOT_AVAILABLE,-51.72,RUB,/v1/finance/accrual/by-day,raw/backfill_v1/finance/accrual_by_day_20260804.json
2026-08-04,58787968146,41,Оплата за клик,NON_ITEM,33703975,campaign_id,,,,,NOT_AVAILABLE,NOT_AVAILABLE,-536.58,RUB,/v1/finance/accrual/by-day,raw/backfill_v1/finance/accrual_by_day_20260804.json
2026-08-04,58787968147,41,Оплата за клик,NON_ITEM,33678288,campaign_id,,,,,NOT_AVAILABLE,NOT_AVAILABLE,-215.02,RUB,/v1/finance/accrual/by-day,raw/backfill_v1/finance/accrual_by_day_20260804.json
2026-08-04,58787968148,41,Оплата за клик,NON_ITEM,33678220,campaign_id,,,,,NOT_AVAILABLE,NOT_AVAILABLE,-15.06,RUB,/v1/finance/accrual/by-day,raw/backfill_v1/finance/accrual_by_day_20260804.json
2026-08-04,58787968149,41,Оплата за клик,NON_ITEM,33678192,campaign_id,,,,,NOT_AVAILABLE,NOT_AVAILABLE,-90.78,RUB,/v1/finance/accrual/by-day,raw/backfill_v1/finance/accrual_by_day_20260804.json
2026-08-04,58787968261,41,Оплата за клик,NON_ITEM,32158299,campaign_id,,,,,NOT_AVAILABLE,NOT_AVAILABLE,-71.21,RUB,/v1/finance/accrual/by-day,raw/backfill_v1/finance/accrual_by_day_20260804.json
2026-08-04,58787968262,41,Оплата за клик,NON_ITEM,32158176,campaign_id,,,,,NOT_AVAILABLE,NOT_AVAILABLE,-194.27,RUB,/v1/finance/accrual/by-day,raw/backfill_v1/finance/accrual_by_day_20260804.json
2026-08-04,58787968263,41,Оплата за клик,NON_ITEM,32158051,campaign_id,,,,,NOT_AVAILABLE,NOT_AVAILABLE,-247.74,RUB,/v1/finance/accrual/by-day,raw/backfill_v1/finance/accrual_by_day_20260804.json
2026-08-04,58787968264,41,Оплата за клик,NON_ITEM,32158008,campaign_id,,,,,NOT_AVAILABLE,NOT_AVAILABLE,-130.95,RUB,/v1/finance/accrual/by-day,raw/backfill_v1/finance/accrual_by_day_20260804.json
2026-08-04,58787968265,41,Оплата за клик,NON_ITEM,32157988,campaign_id,,,,,NOT_AVAILABLE,NOT_AVAILABLE,-193.68,RUB,/v1/finance/accrual/by-day,raw/backfill_v1/finance/accrual_by_day_20260804.json
2026-08-04,58787968266,41,Оплата за клик,NON_ITEM,32157965,campaign_id,,,,,NOT_AVAILABLE,NOT_AVAILABLE,-229.43,RUB,/v1/finance/accrual/by-day,raw/backfill_v1/finance/accrual_by_day_20260804.json
2026-08-04,58787968267,41,Оплата за клик,NON_ITEM,32157947,campaign_id,,,,,NOT_AVAILABLE,NOT_AVAILABLE,-160.94,RUB,/v1/finance/accrual/by-day,raw/backfill_v1/finance/accrual_by_day_20260804.json
2026-08-04,58787968268,41,Оплата за клик,NON_ITEM,32157919,campaign_id,,,,,NOT_AVAILABLE,NOT_AVAILABLE,-160.29,RUB,/v1/finance/accrual/by-day,raw/backfill_v1/finance/accrual_by_day_20260804.json
2026-08-05,58785257978,76,Страхование товара от массовых повреждений,NON_ITEM,,order_or_item_ref,,,,,NOT_AVAILABLE,NOT_AVAILABLE,-15.42,RUB,/v1/finance/accrual/by-day,raw/backfill_v1/finance/accrual_by_day_20260805.json
2026-08-05,58803070692,32,Логистика,POSTING,97657494-0297-1,posting_number,97657494-0297-1,3530427102,535581675,EVT-FT-ACNE-150,NOT_AVAILABLE,NOT_AVAILABLE,-73.0,RUB,/v1/finance/accrual/by-day,raw/backfill_v1/finance/accrual_by_day_20260805.json
2026-08-05,58803070692,29,Доставка до места выдачи,POSTING,97657494-0297-1,posting_number,97657494-0297-1,3530427102,535581675,EVT-FT-ACNE-150,NOT_AVAILABLE,NOT_AVAILABLE,-8.31,RUB,/v1/finance/accrual/by-day,raw/backfill_v1/finance/accrual_by_day_20260805.json
2026-08-05,58804752120,1,Эквайринг,ITEM,97657494-0297-1,order_or_item_ref,,3530427102,535581675,EVT-FT-ACNE-150,NOT_AVAILABLE,NOT_AVAILABLE,-5.88,RUB,/v1/finance/accrual/by-day,raw/backfill_v1/finance/accrual_by_day_20260805.json
2026-08-05,58807213837,32,Логистика,POSTING,0223273019-0056-1,posting_number,0223273019-0056-1,1991772098,305101272,EVT-FS-MOIST-30,NOT_AVAILABLE,NOT_AVAILABLE,-61.0,RUB,/v1/finance/accrual/by-day,raw/backfill_v1/finance/accrual_by_day_20260805.json
2026-08-05,58807213837,29,Доставка до места выдачи,POSTING,0223273019-0056-1,posting_number,0223273019-0056-1,1991772098,305101272,EVT-FS-MOIST-30,NOT_AVAILABLE,NOT_AVAILABLE,-10.89,RUB,/v1/finance/accrual/by-day,raw/backfill_v1/finance/accrual_by_day_20260805.json
2026-08-05,58812332362,1,Эквайринг,ITEM,0223481492-0186,order_or_item_ref,,3732641694,567668635,EVT-SET-SER-CREAM-ACNE,NOT_AVAILABLE,NOT_AVAILABLE,-12.29,RUB,/v1/finance/accrual/by-day,raw/backfill_v1/finance/accrual_by_day_20260805.json
2026-08-05,58822415261,32,Логистика,POSTING,0186491498-0012-1,posting_number,0186491498-0012-1,1991772098,305101272,EVT-FS-MOIST-30,NOT_AVAILABLE,NOT_AVAILABLE,-61.0,RUB,/v1/finance/accrual/by-day,raw/backfill_v1/finance/accrual_by_day_20260805.json
2026-08-05,58822415261,29,Доставка до места выдачи,POSTING,0186491498-0012-1,posting_number,0186491498-0012-1,1991772098,305101272,EVT-FS-MOIST-30,NOT_AVAILABLE,NOT_AVAILABLE,-8.07,RUB,/v1/finance/accrual/by-day,raw/backfill_v1/finance/accrual_by_day_20260805.json
2026-08-05,58827545926,32,Логистика,POSTING,0215126714-0001-3,posting_number,0215126714-0001-3,3733947454,909951444,EVT-SET-ACNE-POWDER-SERUM-CREAM,NOT_AVAILABLE,NOT_AVAILABLE,-81.0,RUB,/v1/finance/accrual/by-day,raw/backfill_v1/finance/accrual_by_day_20260805.json
2026-08-05,58827545926,29,Доставка до места выдачи,POSTING,0215126714-0001-3,posting_number,0215126714-0001-3,3733947454,909951444,EVT-SET-ACNE-POWDER-SERUM-CREAM,NOT_AVAILABLE,NOT_AVAILABLE,-10.97,RUB,/v1/finance/accrual/by-day,raw/backfill_v1/finance/accrual_by_day_20260805.json
2026-08-05,58827563957,32,Логистика,POSTING,0215126714-0001-2,posting_number,0215126714-0001-2,3530427102,535581675,EVT-FT-ACNE-150,NOT_AVAILABLE,NOT_AVAILABLE,-67.0,RUB,/v1/finance/accrual/by-day,raw/backfill_v1/finance/accrual_by_day_20260805.json
2026-08-05,58827563957,29,Доставка до места выдачи,POSTING,0215126714-0001-2,posting_number,0215126714-0001-2,3530427102,535581675,EVT-FT-ACNE-150,NOT_AVAILABLE,NOT_AVAILABLE,-10.62,RUB,/v1/finance/accrual/by-day,raw/backfill_v1/finance/accrual_by_day_20260805.json
2026-08-05,58832571305,1,Эквайринг,ITEM,46083531-0525,order_or_item_ref,,3732641694,567668635,EVT-SET-SER-CREAM-ACNE,NOT_AVAILABLE,NOT_AVAILABLE,-13.56,RUB,/v1/finance/accrual/by-day,raw/backfill_v1/finance/accrual_by_day_20260805.json
2026-08-05,58834610225,38,Обеспечение материалами для упаковки товара,ITEM,35975313-2379-1,order_or_item_ref,,3892518031,593111986,EVT-HC-CHERRY-300,NOT_AVAILABLE,NOT_AVAILABLE,-5.0,RUB,/v1/finance/accrual/by-day,raw/backfill_v1/finance/accrual_by_day_20260805.json
2026-08-05,58834610226,39,Упаковка товара партнёрами,ITEM,35975313-2379-1,order_or_item_ref,,3892518031,593111986,EVT-HC-CHERRY-300,NOT_AVAILABLE,NOT_AVAILABLE,-10.0,RUB,/v1/finance/accrual/by-day,raw/backfill_v1/finance/accrual_by_day_20260805.json
2026-08-05,58836427136,1,Эквайринг,ITEM,35975313-2379,order_or_item_ref,,3892518031,593111986,EVT-HC-CHERRY-300,NOT_AVAILABLE,NOT_AVAILABLE,0.02,RUB,/v1/finance/accrual/by-day,raw/backfill_v1/finance/accrual_by_day_20260805.json
2026-08-05,58839608055,15,Утилизация,ITEM,35902024255,order_or_item_ref,,3543342130,535580776,EVT-EP-ENZYME-75,NOT_AVAILABLE,NOT_AVAILABLE,-75.0,RUB,/v1/finance/accrual/by-day,raw/backfill_v1/finance/accrual_by_day_20260805.json
2026-08-05,58839608056,15,Утилизация,ITEM,35902024318,order_or_item_ref,,3543342130,535580776,EVT-EP-ENZYME-75,NOT_AVAILABLE,NOT_AVAILABLE,-75.0,RUB,/v1/finance/accrual/by-day,raw/backfill_v1/finance/accrual_by_day_20260805.json
2026-08-05,58839610065,15,Утилизация,ITEM,35902024339,order_or_item_ref,,3543342130,535580776,EVT-EP-ENZYME-75,NOT_AVAILABLE,NOT_AVAILABLE,-75.0,RUB,/v1/finance/accrual/by-day,raw/backfill_v1/finance/accrual_by_day_20260805.json
2026-08-05,58839666144,71,Вывоз товара со склада силами Ozon,ITEM,sr01-bx20233736450,order_or_item_ref,,3543342130,535580776,EVT-EP-ENZYME-75,NOT_AVAILABLE,NOT_AVAILABLE,-72.0,RUB,/v1/finance/accrual/by-day,raw/backfill_v1/finance/accrual_by_day_20260805.json
2026-08-05,58843117896,32,Логистика,POSTING,45223921-0097-1,posting_number,45223921-0097-1,3892518031,593111986,EVT-HC-CHERRY-300,NOT_AVAILABLE,NOT_AVAILABLE,-77.0,RUB,/v1/finance/accrual/by-day,raw/backfill_v1/finance/accrual_by_day_20260805.json
2026-08-05,58843117896,29,Доставка до места выдачи,POSTING,45223921-0097-1,posting_number,45223921-0097-1,3892518031,593111986,EVT-HC-CHERRY-300,NOT_AVAILABLE,NOT_AVAILABLE,-6.15,RUB,/v1/finance/accrual/by-day,raw/backfill_v1/finance/accrual_by_day_20260805.json
2026-08-05,58846473834,1,Эквайринг,ITEM,45223921-0097-1,order_or_item_ref,,3892518031,593111986,EVT-HC-CHERRY-300,NOT_AVAILABLE,NOT_AVAILABLE,-6.44,RUB,/v1/finance/accrual/by-day,raw/backfill_v1/finance/accrual_by_day_20260805.json
2026-08-05,58862493335,32,Логистика,POSTING,0136467475-0045-3,posting_number,0136467475-0045-3,1994674912,305101361,EVT-FS-ACNE-30,NOT_AVAILABLE,NOT_AVAILABLE,-58.0,RUB,/v1/finance/accrual/by-day,raw/backfill_v1/finance/accrual_by_day_20260805.json
2026-08-05,58862493335,29,Доставка до места выдачи,POSTING,0136467475-0045-3,posting_number,0136467475-0045-3,1994674912,305101361,EVT-FS-ACNE-30,NOT_AVAILABLE,NOT_AVAILABLE,-8.21,RUB,/v1/finance/accrual/by-day,raw/backfill_v1/finance/accrual_by_day_20260805.json
2026-08-05,58865751492,1,Эквайринг,ITEM,0136467475-0045-3,order_or_item_ref,,1994674912,305101361,EVT-FS-ACNE-30,NOT_AVAILABLE,NOT_AVAILABLE,-6.03,RUB,/v1/finance/accrual/by-day,raw/backfill_v1/finance/accrual_by_day_20260805.json
2026-08-05,58878800791,46,Размещение товаров на складах Ozon,NON_ITEM,,order_or_item_ref,,,,,NOT_AVAILABLE,NOT_AVAILABLE,-5.44,RUB,/v1/finance/accrual/by-day,raw/backfill_v1/finance/accrual_by_day_20260805.json
2026-08-05,58882687146,41,Оплата за клик,NON_ITEM,32157891,campaign_id,,,,,NOT_AVAILABLE,NOT_AVAILABLE,-138.57,RUB,/v1/finance/accrual/by-day,raw/backfill_v1/finance/accrual_by_day_20260805.json
2026-08-05,58882687147,41,Оплата за клик,NON_ITEM,32157919,campaign_id,,,,,NOT_AVAILABLE,NOT_AVAILABLE,-149.44,RUB,/v1/finance/accrual/by-day,raw/backfill_v1/finance/accrual_by_day_20260805.json
2026-08-05,58882687148,41,Оплата за клик,NON_ITEM,32157947,campaign_id,,,,,NOT_AVAILABLE,NOT_AVAILABLE,-224.54,RUB,/v1/finance/accrual/by-day,raw/backfill_v1/finance/accrual_by_day_20260805.json
2026-08-05,58882687149,41,Оплата за клик,NON_ITEM,32157988,campaign_id,,,,,NOT_AVAILABLE,NOT_AVAILABLE,-211.21,RUB,/v1/finance/accrual/by-day,raw/backfill_v1/finance/accrual_by_day_20260805.json
2026-08-05,58882687150,41,Оплата за клик,NON_ITEM,32158008,campaign_id,,,,,NOT_AVAILABLE,NOT_AVAILABLE,-60.92,RUB,/v1/finance/accrual/by-day,raw/backfill_v1/finance/accrual_by_day_20260805.json
2026-08-05,58882687151,41,Оплата за клик,NON_ITEM,32158051,campaign_id,,,,,NOT_AVAILABLE,NOT_AVAILABLE,-97.41,RUB,/v1/finance/accrual/by-day,raw/backfill_v1/finance/accrual_by_day_20260805.json
2026-08-05,58882687152,41,Оплата за клик,NON_ITEM,32158176,campaign_id,,,,,NOT_AVAILABLE,NOT_AVAILABLE,-161.97,RUB,/v1/finance/accrual/by-day,raw/backfill_v1/finance/accrual_by_day_20260805.json
2026-08-05,58882687153,41,Оплата за клик,NON_ITEM,33678192,campaign_id,,,,,NOT_AVAILABLE,NOT_AVAILABLE,-115.15,RUB,/v1/finance/accrual/by-day,raw/backfill_v1/finance/accrual_by_day_20260805.json
2026-08-05,58882687154,41,Оплата за клик,NON_ITEM,33678220,campaign_id,,,,,NOT_AVAILABLE,NOT_AVAILABLE,-48.75,RUB,/v1/finance/accrual/by-day,raw/backfill_v1/finance/accrual_by_day_20260805.json
2026-08-05,58882687155,41,Оплата за клик,NON_ITEM,33678288,campaign_id,,,,,NOT_AVAILABLE,NOT_AVAILABLE,-151.89,RUB,/v1/finance/accrual/by-day,raw/backfill_v1/finance/accrual_by_day_20260805.json
2026-08-05,58882711702,41,Оплата за клик,NON_ITEM,32157965,campaign_id,,,,,NOT_AVAILABLE,NOT_AVAILABLE,-177.08,RUB,/v1/finance/accrual/by-day,raw/backfill_v1/finance/accrual_by_day_20260805.json
2026-08-05,58882711703,41,Оплата за клик,NON_ITEM,32158299,campaign_id,,,,,NOT_AVAILABLE,NOT_AVAILABLE,-146.3,RUB,/v1/finance/accrual/by-day,raw/backfill_v1/finance/accrual_by_day_20260805.json
2026-08-06,58889410941,76,Страхование товара от массовых повреждений,NON_ITEM,,order_or_item_ref,,,,,NOT_AVAILABLE,NOT_AVAILABLE,-15.75,RUB,/v1/finance/accrual/by-day,raw/backfill_v1/finance/accrual_by_day_20260806.json
2026-08-06,58889494335,32,Логистика,POSTING,0208415347-0077-1,posting_number,0208415347-0077-1,1994674912,305101361,EVT-FS-ACNE-30,NOT_AVAILABLE,NOT_AVAILABLE,-56.0,RUB,/v1/finance/accrual/by-day,raw/backfill_v1/finance/accrual_by_day_20260806.json
2026-08-06,58889494335,29,Доставка до места выдачи,POSTING,0208415347-0077-1,posting_number,0208415347-0077-1,1994674912,305101361,EVT-FS-ACNE-30,NOT_AVAILABLE,NOT_AVAILABLE,-16.78,RUB,/v1/finance/accrual/by-day,raw/backfill_v1/finance/accrual_by_day_20260806.json
2026-08-06,58912244583,32,Логистика,POSTING,0140260783-0103-1,posting_number,0140260783-0103-1,1997079254,252442517,EVT-HC-HAND-300,NOT_AVAILABLE,NOT_AVAILABLE,-90.0,RUB,/v1/finance/accrual/by-day,raw/backfill_v1/finance/accrual_by_day_20260806.json
2026-08-06,58912244583,98,Доставка до места выдачи силами Ozon,POSTING,0140260783-0103-1,posting_number,0140260783-0103-1,1997079254,252442517,EVT-HC-HAND-300,NOT_AVAILABLE,NOT_AVAILABLE,-25.0,RUB,/v1/finance/accrual/by-day,raw/backfill_v1/finance/accrual_by_day_20260806.json
2026-08-06,58928052863,32,Логистика,POSTING,94119088-0045-1,posting_number,94119088-0045-1,3530427102,535581675,EVT-FT-ACNE-150,NOT_AVAILABLE,NOT_AVAILABLE,-69.0,RUB,/v1/finance/accrual/by-day,raw/backfill_v1/finance/accrual_by_day_20260806.json
2026-08-06,58928052863,29,Доставка до места выдачи,POSTING,94119088-0045-1,posting_number,94119088-0045-1,3530427102,535581675,EVT-FT-ACNE-150,NOT_AVAILABLE,NOT_AVAILABLE,-8.45,RUB,/v1/finance/accrual/by-day,raw/backfill_v1/finance/accrual_by_day_20260806.json
2026-08-06,58937037894,1,Эквайринг,ITEM,0265522284-0003,order_or_item_ref,,1991772098,305101272,EVT-FS-MOIST-30,NOT_AVAILABLE,NOT_AVAILABLE,-6.21,RUB,/v1/finance/accrual/by-day,raw/backfill_v1/finance/accrual_by_day_20260806.json
2026-08-06,58937096082,32,Логистика,POSTING,0223481492-0184-1,posting_number,0223481492-0184-1,3530427102,535581675,EVT-FT-ACNE-150,NOT_AVAILABLE,NOT_AVAILABLE,-66.0,RUB,/v1/finance/accrual/by-day,raw/backfill_v1/finance/accrual_by_day_20260806.json
2026-08-06,58937096082,98,Доставка до места выдачи силами Ozon,POSTING,0223481492-0184-1,posting_number,0223481492-0184-1,3530427102,535581675,EVT-FT-ACNE-150,NOT_AVAILABLE,NOT_AVAILABLE,-25.0,RUB,/v1/finance/accrual/by-day,raw/backfill_v1/finance/accrual_by_day_20260806.json
2026-08-06,58961155412,32,Логистика,POSTING,33685950-0517-1,posting_number,33685950-0517-1,3528293526,535581674,EVT-FT-MOIST-150,NOT_AVAILABLE,NOT_AVAILABLE,-72.0,RUB,/v1/finance/accrual/by-day,raw/backfill_v1/finance/accrual_by_day_20260806.json
2026-08-06,58961155412,29,Доставка до места выдачи,POSTING,33685950-0517-1,posting_number,33685950-0517-1,3528293526,535581674,EVT-FT-MOIST-150,NOT_AVAILABLE,NOT_AVAILABLE,-6.36,RUB,/v1/finance/accrual/by-day,raw/backfill_v1/finance/accrual_by_day_20260806.json
2026-08-06,58961205223,32,Логистика,POSTING,33685950-0517-3,posting_number,33685950-0517-3,3528293526,535581674,EVT-FT-MOIST-150,NOT_AVAILABLE,NOT_AVAILABLE,-72.0,RUB,/v1/finance/accrual/by-day,raw/backfill_v1/finance/accrual_by_day_20260806.json
2026-08-06,58961205223,29,Доставка до места выдачи,POSTING,33685950-0517-3,posting_number,33685950-0517-3,3528293526,535581674,EVT-FT-MOIST-150,NOT_AVAILABLE,NOT_AVAILABLE,-6.36,RUB,/v1/finance/accrual/by-day,raw/backfill_v1/finance/accrual_by_day_20260806.json
2026-08-06,58961835649,1,Эквайринг,ITEM,48277024-1448,order_or_item_ref,,3735674506,910584041,EVT-SET-TON-SER-CREAM-ACNE,NOT_AVAILABLE,NOT_AVAILABLE,-13.64,RUB,/v1/finance/accrual/by-day,raw/backfill_v1/finance/accrual_by_day_20260806.json
2026-08-06,58963879000,1,Эквайринг,ITEM,33685950-0517-1,order_or_item_ref,,3528293526,535581674,EVT-FT-MOIST-150,NOT_AVAILABLE,NOT_AVAILABLE,-5.76,RUB,/v1/finance/accrual/by-day,raw/backfill_v1/finance/accrual_by_day_20260806.json
2026-08-06,58963879014,1,Эквайринг,ITEM,33685950-0517-3,order_or_item_ref,,3528293526,535581674,EVT-FT-MOIST-150,NOT_AVAILABLE,NOT_AVAILABLE,-5.76,RUB,/v1/finance/accrual/by-day,raw/backfill_v1/finance/accrual_by_day_20260806.json
2026-08-06,58970537934,1,Эквайринг,ITEM,41560617-0505,order_or_item_ref,,3892223191,930334397,EVT-SET-CHERRY-AMBER,NOT_AVAILABLE,NOT_AVAILABLE,-8.56,RUB,/v1/finance/accrual/by-day,raw/backfill_v1/finance/accrual_by_day_20260806.json
2026-08-06,58970762998,1,Эквайринг,ITEM,0165818245-0019,order_or_item_ref,,3530427102,535581675,EVT-FT-ACNE-150,NOT_AVAILABLE,NOT_AVAILABLE,-2.5,RUB,/v1/finance/accrual/by-day,raw/backfill_v1/finance/accrual_by_day_20260806.json
2026-08-06,58972614549,46,Размещение товаров на складах Ozon,NON_ITEM,,order_or_item_ref,,,,,NOT_AVAILABLE,NOT_AVAILABLE,-2.78,RUB,/v1/finance/accrual/by-day,raw/backfill_v1/finance/accrual_by_day_20260806.json
2026-08-06,58977343615,41,Оплата за клик,NON_ITEM,32157919,campaign_id,,,,,NOT_AVAILABLE,NOT_AVAILABLE,-101.05,RUB,/v1/finance/accrual/by-day,raw/backfill_v1/finance/accrual_by_day_20260806.json
2026-08-06,58977343649,41,Оплата за клик,NON_ITEM,33678288,campaign_id,,,,,NOT_AVAILABLE,NOT_AVAILABLE,-132.04,RUB,/v1/finance/accrual/by-day,raw/backfill_v1/finance/accrual_by_day_20260806.json
2026-08-06,58977343650,41,Оплата за клик,NON_ITEM,33678220,campaign_id,,,,,NOT_AVAILABLE,NOT_AVAILABLE,-259.89,RUB,/v1/finance/accrual/by-day,raw/backfill_v1/finance/accrual_by_day_20260806.json
2026-08-06,58977343652,41,Оплата за клик,NON_ITEM,32158299,campaign_id,,,,,NOT_AVAILABLE,NOT_AVAILABLE,-204.83,RUB,/v1/finance/accrual/by-day,raw/backfill_v1/finance/accrual_by_day_20260806.json
2026-08-06,58977343653,41,Оплата за клик,NON_ITEM,32158051,campaign_id,,,,,NOT_AVAILABLE,NOT_AVAILABLE,-144.98,RUB,/v1/finance/accrual/by-day,raw/backfill_v1/finance/accrual_by_day_20260806.json
2026-08-06,58977343654,41,Оплата за клик,NON_ITEM,32157988,campaign_id,,,,,NOT_AVAILABLE,NOT_AVAILABLE,-5.84,RUB,/v1/finance/accrual/by-day,raw/backfill_v1/finance/accrual_by_day_20260806.json
2026-08-06,58977343655,41,Оплата за клик,NON_ITEM,32157965,campaign_id,,,,,NOT_AVAILABLE,NOT_AVAILABLE,-131.66,RUB,/v1/finance/accrual/by-day,raw/backfill_v1/finance/accrual_by_day_20260806.json
2026-08-06,58977343657,41,Оплата за клик,NON_ITEM,32158176,campaign_id,,,,,NOT_AVAILABLE,NOT_AVAILABLE,-145.19,RUB,/v1/finance/accrual/by-day,raw/backfill_v1/finance/accrual_by_day_20260806.json
2026-08-06,58977343658,41,Оплата за клик,NON_ITEM,32157947,campaign_id,,,,,NOT_AVAILABLE,NOT_AVAILABLE,-208.35,RUB,/v1/finance/accrual/by-day,raw/backfill_v1/finance/accrual_by_day_20260806.json
2026-08-06,58977343659,41,Оплата за клик,NON_ITEM,32157891,campaign_id,,,,,NOT_AVAILABLE,NOT_AVAILABLE,-208.25,RUB,/v1/finance/accrual/by-day,raw/backfill_v1/finance/accrual_by_day_20260806.json
2026-08-07,58974394036,76,Страхование товара от массовых повреждений,NON_ITEM,,order_or_item_ref,,,,,NOT_AVAILABLE,NOT_AVAILABLE,-15.27,RUB,/v1/finance/accrual/by-day,raw/backfill_v1/finance/accrual_by_day_20260807.json
2026-08-07,58979162168,1,Эквайринг,ITEM,0140661284-0013,order_or_item_ref,,3543342130,535580776,EVT-EP-ENZYME-75,NOT_AVAILABLE,NOT_AVAILABLE,-6.05,RUB,/v1/finance/accrual/by-day,raw/backfill_v1/finance/accrual_by_day_20260807.json
2026-08-07,58980534749,1,Эквайринг,ITEM,60529449-0144,order_or_item_ref,,3528293526,535581674,EVT-FT-MOIST-150,NOT_AVAILABLE,NOT_AVAILABLE,-6.19,RUB,/v1/finance/accrual/by-day,raw/backfill_v1/finance/accrual_by_day_20260807.json
2026-08-07,58988511942,59,Обратная логистика,POSTING,35975313-2379-1,posting_number,35975313-2379-1,3892518031,593111986,EVT-HC-CHERRY-300,NOT_AVAILABLE,NOT_AVAILABLE,-67.0,RUB,/v1/finance/accrual/by-day,raw/backfill_v1/finance/accrual_by_day_20260807.json
2026-08-07,58988738086,45,"Обработка возвратов, отмен и невыкупов партнёрами",POSTING,35975313-2379-1,posting_number,35975313-2379-1,3892518031,593111986,EVT-HC-CHERRY-300,NOT_AVAILABLE,NOT_AVAILABLE,-15.0,RUB,/v1/finance/accrual/by-day,raw/backfill_v1/finance/accrual_by_day_20260807.json
2026-08-07,59007953253,32,Логистика,POSTING,0127292139-0792-1,posting_number,0127292139-0792-1,1994674912,305101361,EVT-FS-ACNE-30,NOT_AVAILABLE,NOT_AVAILABLE,-60.0,RUB,/v1/finance/accrual/by-day,raw/backfill_v1/finance/accrual_by_day_20260807.json
2026-08-07,59007953253,29,Доставка до места выдачи,POSTING,0127292139-0792-1,posting_number,0127292139-0792-1,1994674912,305101361,EVT-FS-ACNE-30,NOT_AVAILABLE,NOT_AVAILABLE,-16.46,RUB,/v1/finance/accrual/by-day,raw/backfill_v1/finance/accrual_by_day_20260807.json
2026-08-07,59009973526,1,Эквайринг,ITEM,0127292139-0792-1,order_or_item_ref,,1994674912,305101361,EVT-FS-ACNE-30,NOT_AVAILABLE,NOT_AVAILABLE,-6.04,RUB,/v1/finance/accrual/by-day,raw/backfill_v1/finance/accrual_by_day_20260807.json
2026-08-07,59011598978,1,Эквайринг,ITEM,0124128699-0064,order_or_item_ref,,3530427102,535581675,EVT-FT-ACNE-150,NOT_AVAILABLE,NOT_AVAILABLE,-6.5,RUB,/v1/finance/accrual/by-day,raw/backfill_v1/finance/accrual_by_day_20260807.json
2026-08-07,59030594660,1,Эквайринг,ITEM,0109172114-0223,order_or_item_ref,,3528293526,535581674,EVT-FT-MOIST-150,NOT_AVAILABLE,NOT_AVAILABLE,-6.19,RUB,/v1/finance/accrual/by-day,raw/backfill_v1/finance/accrual_by_day_20260807.json
2026-08-07,59046375123,32,Логистика,POSTING,68164701-0072-1,posting_number,68164701-0072-1,2974977988,438775617,EVT-FC-ACNE-50,NOT_AVAILABLE,NOT_AVAILABLE,-69.0,RUB,/v1/finance/accrual/by-day,raw/backfill_v1/finance/accrual_by_day_20260807.json
2026-08-07,59046375123,29,Доставка до места выдачи,POSTING,68164701-0072-1,posting_number,68164701-0072-1,2974977988,438775617,EVT-FC-ACNE-50,NOT_AVAILABLE,NOT_AVAILABLE,-8.01,RUB,/v1/finance/accrual/by-day,raw/backfill_v1/finance/accrual_by_day_20260807.json
2026-08-07,59048955180,1,Эквайринг,ITEM,68164701-0072-1,order_or_item_ref,,2974977988,438775617,EVT-FC-ACNE-50,NOT_AVAILABLE,NOT_AVAILABLE,-8.45,RUB,/v1/finance/accrual/by-day,raw/backfill_v1/finance/accrual_by_day_20260807.json
2026-08-07,59067856860,46,Размещение товаров на складах Ozon,NON_ITEM,,order_or_item_ref,,,,,NOT_AVAILABLE,NOT_AVAILABLE,-2.78,RUB,/v1/finance/accrual/by-day,raw/backfill_v1/finance/accrual_by_day_20260807.json
2026-08-07,59072776362,41,Оплата за клик,NON_ITEM,32158176,campaign_id,,,,,NOT_AVAILABLE,NOT_AVAILABLE,-25.44,RUB,/v1/finance/accrual/by-day,raw/backfill_v1/finance/accrual_by_day_20260807.json
2026-08-07,59072776363,41,Оплата за клик,NON_ITEM,32158051,campaign_id,,,,,NOT_AVAILABLE,NOT_AVAILABLE,-486.4,RUB,/v1/finance/accrual/by-day,raw/backfill_v1/finance/accrual_by_day_20260807.json
2026-08-07,59072776364,41,Оплата за клик,NON_ITEM,32157919,campaign_id,,,,,NOT_AVAILABLE,NOT_AVAILABLE,-149.73,RUB,/v1/finance/accrual/by-day,raw/backfill_v1/finance/accrual_by_day_20260807.json
2026-08-07,59072776415,41,Оплата за клик,NON_ITEM,33678220,campaign_id,,,,,NOT_AVAILABLE,NOT_AVAILABLE,-385.03,RUB,/v1/finance/accrual/by-day,raw/backfill_v1/finance/accrual_by_day_20260807.json
2026-08-07,59072776418,41,Оплата за клик,NON_ITEM,33703975,campaign_id,,,,,NOT_AVAILABLE,NOT_AVAILABLE,-20.15,RUB,/v1/finance/accrual/by-day,raw/backfill_v1/finance/accrual_by_day_20260807.json
2026-08-07,59072776421,41,Оплата за клик,NON_ITEM,32157965,campaign_id,,,,,NOT_AVAILABLE,NOT_AVAILABLE,-67.89,RUB,/v1/finance/accrual/by-day,raw/backfill_v1/finance/accrual_by_day_20260807.json
2026-08-07,59072776441,41,Оплата за клик,NON_ITEM,33678288,campaign_id,,,,,NOT_AVAILABLE,NOT_AVAILABLE,-61.02,RUB,/v1/finance/accrual/by-day,raw/backfill_v1/finance/accrual_by_day_20260807.json
2026-08-08,59070355208,76,Страхование товара от массовых повреждений,NON_ITEM,,order_or_item_ref,,,,,NOT_AVAILABLE,NOT_AVAILABLE,-15.17,RUB,/v1/finance/accrual/by-day,raw/backfill_v1/finance/accrual_by_day_20260808.json
2026-08-08,59075716680,1,Эквайринг,ITEM,87329904-0177,order_or_item_ref,,1997079254,252442517,EVT-HC-HAND-300,NOT_AVAILABLE,NOT_AVAILABLE,-5.48,RUB,/v1/finance/accrual/by-day,raw/backfill_v1/finance/accrual_by_day_20260808.json
2026-08-08,59081719033,32,Логистика,POSTING,72915247-0880-1,posting_number,72915247-0880-1,1994674912,305101361,EVT-FS-ACNE-30,NOT_AVAILABLE,NOT_AVAILABLE,-59.0,RUB,/v1/finance/accrual/by-day,raw/backfill_v1/finance/accrual_by_day_20260808.json
2026-08-08,59081719033,29,Доставка до места выдачи,POSTING,72915247-0880-1,posting_number,72915247-0880-1,1994674912,305101361,EVT-FS-ACNE-30,NOT_AVAILABLE,NOT_AVAILABLE,-9.66,RUB,/v1/finance/accrual/by-day,raw/backfill_v1/finance/accrual_by_day_20260808.json
2026-08-08,59083446365,1,Эквайринг,ITEM,72915247-0880-1,order_or_item_ref,,1994674912,305101361,EVT-FS-ACNE-30,NOT_AVAILABLE,NOT_AVAILABLE,-5.52,RUB,/v1/finance/accrual/by-day,raw/backfill_v1/finance/accrual_by_day_20260808.json
2026-08-08,59087697710,32,Логистика,POSTING,0265522284-0003-1,posting_number,0265522284-0003-1,1991772098,305101272,EVT-FS-MOIST-30,NOT_AVAILABLE,NOT_AVAILABLE,-59.0,RUB,/v1/finance/accrual/by-day,raw/backfill_v1/finance/accrual_by_day_20260808.json
2026-08-08,59087697710,29,Доставка до места выдачи,POSTING,0265522284-0003-1,posting_number,0265522284-0003-1,1991772098,305101272,EVT-FS-MOIST-30,NOT_AVAILABLE,NOT_AVAILABLE,-7.36,RUB,/v1/finance/accrual/by-day,raw/backfill_v1/finance/accrual_by_day_20260808.json
2026-08-08,59094988621,32,Логистика,POSTING,30007816-0087-1,posting_number,30007816-0087-1,3930712640,593111985,EVT-HC-AMBER-300,NOT_AVAILABLE,NOT_AVAILABLE,-67.0,RUB,/v1/finance/accrual/by-day,raw/backfill_v1/finance/accrual_by_day_20260808.json
2026-08-08,59094988621,29,Доставка до места выдачи,POSTING,30007816-0087-1,posting_number,30007816-0087-1,3930712640,593111985,EVT-HC-AMBER-300,NOT_AVAILABLE,NOT_AVAILABLE,-8.09,RUB,/v1/finance/accrual/by-day,raw/backfill_v1/finance/accrual_by_day_20260808.json
2026-08-08,59097074834,1,Эквайринг,ITEM,30007816-0087-1,order_or_item_ref,,3930712640,593111985,EVT-HC-AMBER-300,NOT_AVAILABLE,NOT_AVAILABLE,-5.86,RUB,/v1/finance/accrual/by-day,raw/backfill_v1/finance/accrual_by_day_20260808.json
2026-08-08,59100675708,32,Логистика,POSTING,0155570588-0181-2,posting_number,0155570588-0181-2,3892345516,930334395,EVT-SET-HAND-CHERRY,NOT_AVAILABLE,NOT_AVAILABLE,-82.0,RUB,/v1/finance/accrual/by-day,raw/backfill_v1/finance/accrual_by_day_20260808.json
2026-08-08,59100675708,98,Доставка до места выдачи силами Ozon,POSTING,0155570588-0181-2,posting_number,0155570588-0181-2,3892345516,930334395,EVT-SET-HAND-CHERRY,NOT_AVAILABLE,NOT_AVAILABLE,-25.0,RUB,/v1/finance/accrual/by-day,raw/backfill_v1/finance/accrual_by_day_20260808.json
2026-08-08,59102184474,32,Логистика,POSTING,49341158-0067-1,posting_number,49341158-0067-1,1994674912,305101361,EVT-FS-ACNE-30,NOT_AVAILABLE,NOT_AVAILABLE,-62.0,RUB,/v1/finance/accrual/by-day,raw/backfill_v1/finance/accrual_by_day_20260808.json
2026-08-08,59102184474,29,Доставка до места выдачи,POSTING,49341158-0067-1,posting_number,49341158-0067-1,1994674912,305101361,EVT-FS-ACNE-30,NOT_AVAILABLE,NOT_AVAILABLE,-7.87,RUB,/v1/finance/accrual/by-day,raw/backfill_v1/finance/accrual_by_day_20260808.json
2026-08-08,59104460767,1,Эквайринг,ITEM,49341158-0067-1,order_or_item_ref,,1994674912,305101361,EVT-FS-ACNE-30,NOT_AVAILABLE,NOT_AVAILABLE,-6.04,RUB,/v1/finance/accrual/by-day,raw/backfill_v1/finance/accrual_by_day_20260808.json
2026-08-08,59108760658,32,Логистика,POSTING,21599377-0481-1,posting_number,21599377-0481-1,1997079254,252442517,EVT-HC-HAND-300,NOT_AVAILABLE,NOT_AVAILABLE,-70.0,RUB,/v1/finance/accrual/by-day,raw/backfill_v1/finance/accrual_by_day_20260808.json
2026-08-08,59108760658,29,Доставка до места выдачи,POSTING,21599377-0481-1,posting_number,21599377-0481-1,1997079254,252442517,EVT-HC-HAND-300,NOT_AVAILABLE,NOT_AVAILABLE,-10.95,RUB,/v1/finance/accrual/by-day,raw/backfill_v1/finance/accrual_by_day_20260808.json
2026-08-08,59109834947,116,Сбор первых отзывов,ITEM,30007816-0087-1,order_or_item_ref,,3930712640,593111985,EVT-HC-AMBER-300,NOT_AVAILABLE,NOT_AVAILABLE,-375.76,RUB,/v1/finance/accrual/by-day,raw/backfill_v1/finance/accrual_by_day_20260808.json
2026-08-08,59110854206,1,Эквайринг,ITEM,21599377-0481-1,order_or_item_ref,,1997079254,252442517,EVT-HC-HAND-300,NOT_AVAILABLE,NOT_AVAILABLE,-5.81,RUB,/v1/finance/accrual/by-day,raw/backfill_v1/finance/accrual_by_day_20260808.json
2026-08-08,59116963418,32,Логистика,POSTING,0140661284-0013-6,posting_number,0140661284-0013-6,3543342130,535580776,EVT-EP-ENZYME-75,NOT_AVAILABLE,NOT_AVAILABLE,-66.0,RUB,/v1/finance/accrual/by-day,raw/backfill_v1/finance/accrual_by_day_20260808.json
2026-08-08,59116963418,29,Доставка до места выдачи,POSTING,0140661284-0013-6,posting_number,0140661284-0013-6,3543342130,535580776,EVT-EP-ENZYME-75,NOT_AVAILABLE,NOT_AVAILABLE,-8.29,RUB,/v1/finance/accrual/by-day,raw/backfill_v1/finance/accrual_by_day_20260808.json
2026-08-08,59118417794,32,Логистика,POSTING,45950858-0577-1,posting_number,45950858-0577-1,3892518031,593111986,EVT-HC-CHERRY-300,NOT_AVAILABLE,NOT_AVAILABLE,-70.0,RUB,/v1/finance/accrual/by-day,raw/backfill_v1/finance/accrual_by_day_20260808.json
2026-08-08,59118417794,29,Доставка до места выдачи,POSTING,45950858-0577-1,posting_number,45950858-0577-1,3892518031,593111986,EVT-HC-CHERRY-300,NOT_AVAILABLE,NOT_AVAILABLE,-8.71,RUB,/v1/finance/accrual/by-day,raw/backfill_v1/finance/accrual_by_day_20260808.json
2026-08-08,59120873448,1,Эквайринг,ITEM,45950858-0577-1,order_or_item_ref,,3892518031,593111986,EVT-HC-CHERRY-300,NOT_AVAILABLE,NOT_AVAILABLE,-6.28,RUB,/v1/finance/accrual/by-day,raw/backfill_v1/finance/accrual_by_day_20260808.json
2026-08-08,59121527622,32,Логистика,POSTING,48277024-1448-1,posting_number,48277024-1448-1,3735674506,910584041,EVT-SET-TON-SER-CREAM-ACNE,NOT_AVAILABLE,NOT_AVAILABLE,-77.0,RUB,/v1/finance/accrual/by-day,raw/backfill_v1/finance/accrual_by_day_20260808.json
2026-08-08,59121527622,29,Доставка до места выдачи,POSTING,48277024-1448-1,posting_number,48277024-1448-1,3735674506,910584041,EVT-SET-TON-SER-CREAM-ACNE,NOT_AVAILABLE,NOT_AVAILABLE,-16.45,RUB,/v1/finance/accrual/by-day,raw/backfill_v1/finance/accrual_by_day_20260808.json
2026-08-08,59122343054,32,Логистика,POSTING,19219798-0308-1,posting_number,19219798-0308-1,3530427102,535581675,EVT-FT-ACNE-150,NOT_AVAILABLE,NOT_AVAILABLE,-66.0,RUB,/v1/finance/accrual/by-day,raw/backfill_v1/finance/accrual_by_day_20260808.json
2026-08-08,59122343054,29,Доставка до места выдачи,POSTING,19219798-0308-1,posting_number,19219798-0308-1,3530427102,535581675,EVT-FT-ACNE-150,NOT_AVAILABLE,NOT_AVAILABLE,-11.0,RUB,/v1/finance/accrual/by-day,raw/backfill_v1/finance/accrual_by_day_20260808.json
2026-08-08,59124801389,1,Эквайринг,ITEM,19219798-0308-1,order_or_item_ref,,3530427102,535581675,EVT-FT-ACNE-150,NOT_AVAILABLE,NOT_AVAILABLE,-6.19,RUB,/v1/finance/accrual/by-day,raw/backfill_v1/finance/accrual_by_day_20260808.json
2026-08-08,59125688225,1,Эквайринг,ITEM,0152518815-0117,order_or_item_ref,,1994674912,305101361,EVT-FS-ACNE-30,NOT_AVAILABLE,NOT_AVAILABLE,-6.1,RUB,/v1/finance/accrual/by-day,raw/backfill_v1/finance/accrual_by_day_20260808.json
2026-08-08,59128468451,32,Логистика,POSTING,0165818245-0019-1,posting_number,0165818245-0019-1,3530427102,535581675,EVT-FT-ACNE-150,NOT_AVAILABLE,NOT_AVAILABLE,-66.0,RUB,/v1/finance/accrual/by-day,raw/backfill_v1/finance/accrual_by_day_20260808.json
2026-08-08,59128468451,29,Доставка до места выдачи,POSTING,0165818245-0019-1,posting_number,0165818245-0019-1,3530427102,535581675,EVT-FT-ACNE-150,NOT_AVAILABLE,NOT_AVAILABLE,-7.81,RUB,/v1/finance/accrual/by-day,raw/backfill_v1/finance/accrual_by_day_20260808.json
2026-08-08,59130181959,32,Логистика,POSTING,45076539-1541-1,posting_number,45076539-1541-1,3930712640,593111985,EVT-HC-AMBER-300,NOT_AVAILABLE,NOT_AVAILABLE,-77.0,RUB,/v1/finance/accrual/by-day,raw/backfill_v1/finance/accrual_by_day_20260808.json
2026-08-08,59130181959,29,Доставка до места выдачи,POSTING,45076539-1541-1,posting_number,45076539-1541-1,3930712640,593111985,EVT-HC-AMBER-300,NOT_AVAILABLE,NOT_AVAILABLE,-10.35,RUB,/v1/finance/accrual/by-day,raw/backfill_v1/finance/accrual_by_day_20260808.json
2026-08-08,59130735338,116,Сбор первых отзывов,ITEM,48277024-1448-1,order_or_item_ref,,3735674506,910584041,EVT-SET-TON-SER-CREAM-ACNE,NOT_AVAILABLE,NOT_AVAILABLE,-1331.02,RUB,/v1/finance/accrual/by-day,raw/backfill_v1/finance/accrual_by_day_20260808.json
2026-08-08,59132413170,1,Эквайринг,ITEM,45076539-1541-1,order_or_item_ref,,3930712640,593111985,EVT-HC-AMBER-300,NOT_AVAILABLE,NOT_AVAILABLE,-0.51,RUB,/v1/finance/accrual/by-day,raw/backfill_v1/finance/accrual_by_day_20260808.json
2026-08-08,59146847876,32,Логистика,POSTING,46083531-0525-5,posting_number,46083531-0525-5,3732641694,567668635,EVT-SET-SER-CREAM-ACNE,NOT_AVAILABLE,NOT_AVAILABLE,-77.0,RUB,/v1/finance/accrual/by-day,raw/backfill_v1/finance/accrual_by_day_20260808.json
2026-08-08,59146847876,29,Доставка до места выдачи,POSTING,46083531-0525-5,posting_number,46083531-0525-5,3732641694,567668635,EVT-SET-SER-CREAM-ACNE,NOT_AVAILABLE,NOT_AVAILABLE,-9.18,RUB,/v1/finance/accrual/by-day,raw/backfill_v1/finance/accrual_by_day_20260808.json
2026-08-08,59146901169,32,Логистика,POSTING,91224369-0020-1,posting_number,91224369-0020-1,3892345516,930334395,EVT-SET-HAND-CHERRY,NOT_AVAILABLE,NOT_AVAILABLE,-82.0,RUB,/v1/finance/accrual/by-day,raw/backfill_v1/finance/accrual_by_day_20260808.json
2026-08-08,59146901169,98,Доставка до места выдачи силами Ozon,POSTING,91224369-0020-1,posting_number,91224369-0020-1,3892345516,930334395,EVT-SET-HAND-CHERRY,NOT_AVAILABLE,NOT_AVAILABLE,-25.0,RUB,/v1/finance/accrual/by-day,raw/backfill_v1/finance/accrual_by_day_20260808.json
2026-08-08,59148633183,32,Логистика,POSTING,41560617-0505-1,posting_number,41560617-0505-1,3892223191,930334397,EVT-SET-CHERRY-AMBER,NOT_AVAILABLE,NOT_AVAILABLE,-76.0,RUB,/v1/finance/accrual/by-day,raw/backfill_v1/finance/accrual_by_day_20260808.json
2026-08-08,59148633183,29,Доставка до места выдачи,POSTING,41560617-0505-1,posting_number,41560617-0505-1,3892223191,930334397,EVT-SET-CHERRY-AMBER,NOT_AVAILABLE,NOT_AVAILABLE,-7.77,RUB,/v1/finance/accrual/by-day,raw/backfill_v1/finance/accrual_by_day_20260808.json
2026-08-08,59149002080,32,Логистика,POSTING,41313800-0429-14,posting_number,41313800-0429-14,1991772098,305101272,EVT-FS-MOIST-30,NOT_AVAILABLE,NOT_AVAILABLE,-59.0,RUB,/v1/finance/accrual/by-day,raw/backfill_v1/finance/accrual_by_day_20260808.json
2026-08-08,59149002080,29,Доставка до места выдачи,POSTING,41313800-0429-14,posting_number,41313800-0429-14,1991772098,305101272,EVT-FS-MOIST-30,NOT_AVAILABLE,NOT_AVAILABLE,-10.49,RUB,/v1/finance/accrual/by-day,raw/backfill_v1/finance/accrual_by_day_20260808.json
2026-08-08,59151964868,1,Эквайринг,ITEM,48828969-0054,order_or_item_ref,,1994674912,305101361,EVT-FS-ACNE-30,NOT_AVAILABLE,NOT_AVAILABLE,-5.65,RUB,/v1/finance/accrual/by-day,raw/backfill_v1/finance/accrual_by_day_20260808.json
2026-08-08,59152765334,1,Эквайринг,ITEM,0165380790-0162,order_or_item_ref,,3735674506,910584041,EVT-SET-TON-SER-CREAM-ACNE,NOT_AVAILABLE,NOT_AVAILABLE,-16.68,RUB,/v1/finance/accrual/by-day,raw/backfill_v1/finance/accrual_by_day_20260808.json
2026-08-08,59153633800,46,Размещение товаров на складах Ozon,NON_ITEM,,order_or_item_ref,,,,,NOT_AVAILABLE,NOT_AVAILABLE,-1.33,RUB,/v1/finance/accrual/by-day,raw/backfill_v1/finance/accrual_by_day_20260808.json
2026-08-08,59158316408,41,Оплата за клик,NON_ITEM,33703975,campaign_id,,,,,NOT_AVAILABLE,NOT_AVAILABLE,-7.98,RUB,/v1/finance/accrual/by-day,raw/backfill_v1/finance/accrual_by_day_20260808.json
2026-08-08,59158316409,41,Оплата за клик,NON_ITEM,33678288,campaign_id,,,,,NOT_AVAILABLE,NOT_AVAILABLE,-18.27,RUB,/v1/finance/accrual/by-day,raw/backfill_v1/finance/accrual_by_day_20260808.json
2026-08-08,59158316410,41,Оплата за клик,NON_ITEM,33678220,campaign_id,,,,,NOT_AVAILABLE,NOT_AVAILABLE,-406.09,RUB,/v1/finance/accrual/by-day,raw/backfill_v1/finance/accrual_by_day_20260808.json
2026-08-08,59158316421,41,Оплата за клик,NON_ITEM,32158176,campaign_id,,,,,NOT_AVAILABLE,NOT_AVAILABLE,-77.71,RUB,/v1/finance/accrual/by-day,raw/backfill_v1/finance/accrual_by_day_20260808.json
2026-08-08,59158316422,41,Оплата за клик,NON_ITEM,32157919,campaign_id,,,,,NOT_AVAILABLE,NOT_AVAILABLE,-103.32,RUB,/v1/finance/accrual/by-day,raw/backfill_v1/finance/accrual_by_day_20260808.json
2026-08-08,59158316423,41,Оплата за клик,NON_ITEM,32158051,campaign_id,,,,,NOT_AVAILABLE,NOT_AVAILABLE,-302.73,RUB,/v1/finance/accrual/by-day,raw/backfill_v1/finance/accrual_by_day_20260808.json
2026-08-08,59158316481,41,Оплата за клик,NON_ITEM,32157965,campaign_id,,,,,NOT_AVAILABLE,NOT_AVAILABLE,-68.36,RUB,/v1/finance/accrual/by-day,raw/backfill_v1/finance/accrual_by_day_20260808.json
2026-08-09,59156112451,76,Страхование товара от массовых повреждений,NON_ITEM,,order_or_item_ref,,,,,NOT_AVAILABLE,NOT_AVAILABLE,-14.55,RUB,/v1/finance/accrual/by-day,raw/backfill_v1/finance/accrual_by_day_20260809.json
2026-08-09,59182821969,32,Логистика,POSTING,60529449-0144-1,posting_number,60529449-0144-1,3528293526,535581674,EVT-FT-MOIST-150,NOT_AVAILABLE,NOT_AVAILABLE,-66.0,RUB,/v1/finance/accrual/by-day,raw/backfill_v1/finance/accrual_by_day_20260809.json
2026-08-09,59182821969,29,Доставка до места выдачи,POSTING,60529449-0144-1,posting_number,60529449-0144-1,3528293526,535581674,EVT-FT-MOIST-150,NOT_AVAILABLE,NOT_AVAILABLE,-10.66,RUB,/v1/finance/accrual/by-day,raw/backfill_v1/finance/accrual_by_day_20260809.json
2026-08-09,59186861560,1,Эквайринг,ITEM,58627763-0668,order_or_item_ref,,3892345516,930334395,EVT-SET-HAND-CHERRY,NOT_AVAILABLE,NOT_AVAILABLE,-10.45,RUB,/v1/finance/accrual/by-day,raw/backfill_v1/finance/accrual_by_day_20260809.json
2026-08-09,59189040639,32,Логистика,POSTING,71123615-0099-4,posting_number,71123615-0099-4,1997079254,252442517,EVT-HC-HAND-300,NOT_AVAILABLE,NOT_AVAILABLE,-70.0,RUB,/v1/finance/accrual/by-day,raw/backfill_v1/finance/accrual_by_day_20260809.json
2026-08-09,59189040639,29,Доставка до места выдачи,POSTING,71123615-0099-4,posting_number,71123615-0099-4,1997079254,252442517,EVT-HC-HAND-300,NOT_AVAILABLE,NOT_AVAILABLE,-6.41,RUB,/v1/finance/accrual/by-day,raw/backfill_v1/finance/accrual_by_day_20260809.json
2026-08-09,59191432661,1,Эквайринг,ITEM,71123615-0099-4,order_or_item_ref,,1997079254,252442517,EVT-HC-HAND-300,NOT_AVAILABLE,NOT_AVAILABLE,-5.34,RUB,/v1/finance/accrual/by-day,raw/backfill_v1/finance/accrual_by_day_20260809.json
2026-08-09,59193631987,32,Логистика,POSTING,68059511-0042-1,posting_number,68059511-0042-1,1991772098,305101272,EVT-FS-MOIST-30,NOT_AVAILABLE,NOT_AVAILABLE,-61.0,RUB,/v1/finance/accrual/by-day,raw/backfill_v1/finance/accrual_by_day_20260809.json
2026-08-09,59193631987,29,Доставка до места выдачи,POSTING,68059511-0042-1,posting_number,68059511-0042-1,1991772098,305101272,EVT-FS-MOIST-30,NOT_AVAILABLE,NOT_AVAILABLE,-7.89,RUB,/v1/finance/accrual/by-day,raw/backfill_v1/finance/accrual_by_day_20260809.json
2026-08-09,59195970726,1,Эквайринг,ITEM,68059511-0042-1,order_or_item_ref,,1991772098,305101272,EVT-FS-MOIST-30,NOT_AVAILABLE,NOT_AVAILABLE,-6.24,RUB,/v1/finance/accrual/by-day,raw/backfill_v1/finance/accrual_by_day_20260809.json
2026-08-09,59211954875,32,Логистика,POSTING,0223481492-0186-1,posting_number,0223481492-0186-1,3732641694,567668635,EVT-SET-SER-CREAM-ACNE,NOT_AVAILABLE,NOT_AVAILABLE,-81.0,RUB,/v1/finance/accrual/by-day,raw/backfill_v1/finance/accrual_by_day_20260809.json
2026-08-09,59211954875,98,Доставка до места выдачи силами Ozon,POSTING,0223481492-0186-1,posting_number,0223481492-0186-1,3732641694,567668635,EVT-SET-SER-CREAM-ACNE,NOT_AVAILABLE,NOT_AVAILABLE,-25.0,RUB,/v1/finance/accrual/by-day,raw/backfill_v1/finance/accrual_by_day_20260809.json
2026-08-09,59212329243,32,Логистика,POSTING,76317668-0099-5,posting_number,76317668-0099-5,3892518031,593111986,EVT-HC-CHERRY-300,NOT_AVAILABLE,NOT_AVAILABLE,-77.0,RUB,/v1/finance/accrual/by-day,raw/backfill_v1/finance/accrual_by_day_20260809.json
2026-08-09,59212329243,29,Доставка до места выдачи,POSTING,76317668-0099-5,posting_number,76317668-0099-5,3892518031,593111986,EVT-HC-CHERRY-300,NOT_AVAILABLE,NOT_AVAILABLE,-8.83,RUB,/v1/finance/accrual/by-day,raw/backfill_v1/finance/accrual_by_day_20260809.json
2026-08-09,59212329556,32,Логистика,POSTING,76317668-0099-4,posting_number,76317668-0099-4,3892518031,593111986,EVT-HC-CHERRY-300,NOT_AVAILABLE,NOT_AVAILABLE,-77.0,RUB,/v1/finance/accrual/by-day,raw/backfill_v1/finance/accrual_by_day_20260809.json
2026-08-09,59212329556,29,Доставка до места выдачи,POSTING,76317668-0099-4,posting_number,76317668-0099-4,3892518031,593111986,EVT-HC-CHERRY-300,NOT_AVAILABLE,NOT_AVAILABLE,-8.83,RUB,/v1/finance/accrual/by-day,raw/backfill_v1/finance/accrual_by_day_20260809.json
2026-08-09,59215120019,1,Эквайринг,ITEM,76317668-0099-4,order_or_item_ref,,3892518031,593111986,EVT-HC-CHERRY-300,NOT_AVAILABLE,NOT_AVAILABLE,-6.28,RUB,/v1/finance/accrual/by-day,raw/backfill_v1/finance/accrual_by_day_20260809.json
2026-08-09,59215120023,1,Эквайринг,ITEM,76317668-0099-5,order_or_item_ref,,3892518031,593111986,EVT-HC-CHERRY-300,NOT_AVAILABLE,NOT_AVAILABLE,-6.28,RUB,/v1/finance/accrual/by-day,raw/backfill_v1/finance/accrual_by_day_20260809.json
2026-08-09,59244535784,116,Сбор первых отзывов,ITEM,45076539-1541-1,order_or_item_ref,,3930712640,593111985,EVT-HC-AMBER-300,NOT_AVAILABLE,NOT_AVAILABLE,-402.6,RUB,/v1/finance/accrual/by-day,raw/backfill_v1/finance/accrual_by_day_20260809.json
2026-08-09,59245401013,46,Размещение товаров на складах Ozon,NON_ITEM,,order_or_item_ref,,,,,NOT_AVAILABLE,NOT_AVAILABLE,-1.33,RUB,/v1/finance/accrual/by-day,raw/backfill_v1/finance/accrual_by_day_20260809.json
2026-08-09,59250089951,41,Оплата за клик,NON_ITEM,33678220,campaign_id,,,,,NOT_AVAILABLE,NOT_AVAILABLE,-253.04,RUB,/v1/finance/accrual/by-day,raw/backfill_v1/finance/accrual_by_day_20260809.json
2026-08-09,59250089953,41,Оплата за клик,NON_ITEM,32157891,campaign_id,,,,,NOT_AVAILABLE,NOT_AVAILABLE,-34.99,RUB,/v1/finance/accrual/by-day,raw/backfill_v1/finance/accrual_by_day_20260809.json
2026-08-09,59250089954,41,Оплата за клик,NON_ITEM,32157919,campaign_id,,,,,NOT_AVAILABLE,NOT_AVAILABLE,-43.27,RUB,/v1/finance/accrual/by-day,raw/backfill_v1/finance/accrual_by_day_20260809.json
2026-08-09,59250090054,41,Оплата за клик,NON_ITEM,33703975,campaign_id,,,,,NOT_AVAILABLE,NOT_AVAILABLE,-61.63,RUB,/v1/finance/accrual/by-day,raw/backfill_v1/finance/accrual_by_day_20260809.json
2026-08-09,59250090055,41,Оплата за клик,NON_ITEM,33678288,campaign_id,,,,,NOT_AVAILABLE,NOT_AVAILABLE,-57.7,RUB,/v1/finance/accrual/by-day,raw/backfill_v1/finance/accrual_by_day_20260809.json
2026-08-09,59250090059,41,Оплата за клик,NON_ITEM,32158176,campaign_id,,,,,NOT_AVAILABLE,NOT_AVAILABLE,-116.36,RUB,/v1/finance/accrual/by-day,raw/backfill_v1/finance/accrual_by_day_20260809.json
2026-08-09,59250090060,41,Оплата за клик,NON_ITEM,32158051,campaign_id,,,,,NOT_AVAILABLE,NOT_AVAILABLE,-327.26,RUB,/v1/finance/accrual/by-day,raw/backfill_v1/finance/accrual_by_day_20260809.json
2026-08-09,59250090061,41,Оплата за клик,NON_ITEM,32157965,campaign_id,,,,,NOT_AVAILABLE,NOT_AVAILABLE,-106.45,RUB,/v1/finance/accrual/by-day,raw/backfill_v1/finance/accrual_by_day_20260809.json
2026-08-10,59247291646,76,Страхование товара от массовых повреждений,NON_ITEM,,order_or_item_ref,,,,,NOT_AVAILABLE,NOT_AVAILABLE,-14.36,RUB,/v1/finance/accrual/by-day,raw/backfill_v1/finance/accrual_by_day_20260810.json
2026-08-10,59258251292,32,Логистика,POSTING,39617856-0320-1,posting_number,39617856-0320-1,3530427102,535581675,EVT-FT-ACNE-150,NOT_AVAILABLE,NOT_AVAILABLE,-66.0,RUB,/v1/finance/accrual/by-day,raw/backfill_v1/finance/accrual_by_day_20260810.json
2026-08-10,59258251292,29,Доставка до места выдачи,POSTING,39617856-0320-1,posting_number,39617856-0320-1,3530427102,535581675,EVT-FT-ACNE-150,NOT_AVAILABLE,NOT_AVAILABLE,-9.84,RUB,/v1/finance/accrual/by-day,raw/backfill_v1/finance/accrual_by_day_20260810.json
2026-08-10,59259949600,1,Эквайринг,ITEM,39617856-0320-1,order_or_item_ref,,3530427102,535581675,EVT-FT-ACNE-150,NOT_AVAILABLE,NOT_AVAILABLE,-6.17,RUB,/v1/finance/accrual/by-day,raw/backfill_v1/finance/accrual_by_day_20260810.json
2026-08-10,59277874091,32,Логистика,POSTING,51966204-0201-1,posting_number,51966204-0201-1,1997079254,252442517,EVT-HC-HAND-300,NOT_AVAILABLE,NOT_AVAILABLE,-67.0,RUB,/v1/finance/accrual/by-day,raw/backfill_v1/finance/accrual_by_day_20260810.json
2026-08-10,59277874091,29,Доставка до места выдачи,POSTING,51966204-0201-1,posting_number,51966204-0201-1,1997079254,252442517,EVT-HC-HAND-300,NOT_AVAILABLE,NOT_AVAILABLE,-10.29,RUB,/v1/finance/accrual/by-day,raw/backfill_v1/finance/accrual_by_day_20260810.json
2026-08-10,59280414123,1,Эквайринг,ITEM,51966204-0201-1,order_or_item_ref,,1997079254,252442517,EVT-HC-HAND-300,NOT_AVAILABLE,NOT_AVAILABLE,-5.34,RUB,/v1/finance/accrual/by-day,raw/backfill_v1/finance/accrual_by_day_20260810.json
2026-08-10,59285973333,32,Логистика,POSTING,47143487-1076-1,posting_number,47143487-1076-1,1997079254,252442517,EVT-HC-HAND-300,NOT_AVAILABLE,NOT_AVAILABLE,-77.0,RUB,/v1/finance/accrual/by-day,raw/backfill_v1/finance/accrual_by_day_20260810.json
2026-08-10,59285973333,29,Доставка до места выдачи,POSTING,47143487-1076-1,posting_number,47143487-1076-1,1997079254,252442517,EVT-HC-HAND-300,NOT_AVAILABLE,NOT_AVAILABLE,-9.05,RUB,/v1/finance/accrual/by-day,raw/backfill_v1/finance/accrual_by_day_20260810.json
2026-08-10,59288393780,1,Эквайринг,ITEM,47143487-1076-1,order_or_item_ref,,1997079254,252442517,EVT-HC-HAND-300,NOT_AVAILABLE,NOT_AVAILABLE,-5.34,RUB,/v1/finance/accrual/by-day,raw/backfill_v1/finance/accrual_by_day_20260810.json
2026-08-10,59288423328,32,Логистика,POSTING,0134082945-0082-5,posting_number,0134082945-0082-5,3733452761,868597351,EVT-SET-4PC-ACNE,NOT_AVAILABLE,NOT_AVAILABLE,-91.0,RUB,/v1/finance/accrual/by-day,raw/backfill_v1/finance/accrual_by_day_20260810.json
2026-08-10,59288423328,29,Доставка до места выдачи,POSTING,0134082945-0082-5,posting_number,0134082945-0082-5,3733452761,868597351,EVT-SET-4PC-ACNE,NOT_AVAILABLE,NOT_AVAILABLE,-15.83,RUB,/v1/finance/accrual/by-day,raw/backfill_v1/finance/accrual_by_day_20260810.json
2026-08-10,59291022141,1,Эквайринг,ITEM,0134082945-0082-5,order_or_item_ref,,3733452761,868597351,EVT-SET-4PC-ACNE,NOT_AVAILABLE,NOT_AVAILABLE,-25.22,RUB,/v1/finance/accrual/by-day,raw/backfill_v1/finance/accrual_by_day_20260810.json
2026-08-10,59291709497,32,Логистика,POSTING,0121467160-0295-1,posting_number,0121467160-0295-1,3930712640,593111985,EVT-HC-AMBER-300,NOT_AVAILABLE,NOT_AVAILABLE,-77.0,RUB,/v1/finance/accrual/by-day,raw/backfill_v1/finance/accrual_by_day_20260810.json
2026-08-10,59291709497,29,Доставка до места выдачи,POSTING,0121467160-0295-1,posting_number,0121467160-0295-1,3930712640,593111985,EVT-HC-AMBER-300,NOT_AVAILABLE,NOT_AVAILABLE,-8.76,RUB,/v1/finance/accrual/by-day,raw/backfill_v1/finance/accrual_by_day_20260810.json
2026-08-10,59294507490,1,Эквайринг,ITEM,0121467160-0295-1,order_or_item_ref,,3930712640,593111985,EVT-HC-AMBER-300,NOT_AVAILABLE,NOT_AVAILABLE,-0.28,RUB,/v1/finance/accrual/by-day,raw/backfill_v1/finance/accrual_by_day_20260810.json
2026-08-10,59295008607,32,Логистика,POSTING,0165380790-0162-1,posting_number,0165380790-0162-1,3735674506,910584041,EVT-SET-TON-SER-CREAM-ACNE,NOT_AVAILABLE,NOT_AVAILABLE,-70.0,RUB,/v1/finance/accrual/by-day,raw/backfill_v1/finance/accrual_by_day_20260810.json
2026-08-10,59295008607,98,Доставка до места выдачи силами Ozon,POSTING,0165380790-0162-1,posting_number,0165380790-0162-1,3735674506,910584041,EVT-SET-TON-SER-CREAM-ACNE,NOT_AVAILABLE,NOT_AVAILABLE,-25.0,RUB,/v1/finance/accrual/by-day,raw/backfill_v1/finance/accrual_by_day_20260810.json
2026-08-10,59302757325,32,Логистика,POSTING,48828969-0054-2,posting_number,48828969-0054-2,1994674912,305101361,EVT-FS-ACNE-30,NOT_AVAILABLE,NOT_AVAILABLE,-56.0,RUB,/v1/finance/accrual/by-day,raw/backfill_v1/finance/accrual_by_day_20260810.json
2026-08-10,59302757325,29,Доставка до места выдачи,POSTING,48828969-0054-2,posting_number,48828969-0054-2,1994674912,305101361,EVT-FS-ACNE-30,NOT_AVAILABLE,NOT_AVAILABLE,-8.21,RUB,/v1/finance/accrual/by-day,raw/backfill_v1/finance/accrual_by_day_20260810.json
2026-08-10,59305645993,116,Сбор первых отзывов,ITEM,0121467160-0295-1,order_or_item_ref,,3930712640,593111985,EVT-HC-AMBER-300,NOT_AVAILABLE,NOT_AVAILABLE,-433.1,RUB,/v1/finance/accrual/by-day,raw/backfill_v1/finance/accrual_by_day_20260810.json
2026-08-10,59312433103,1,Эквайринг,ITEM,0107139651-0344,order_or_item_ref,,3733452761,868597351,EVT-SET-4PC-ACNE,NOT_AVAILABLE,NOT_AVAILABLE,-28.54,RUB,/v1/finance/accrual/by-day,raw/backfill_v1/finance/accrual_by_day_20260810.json
2026-08-10,59319902511,32,Логистика,POSTING,0152518815-0117-1,posting_number,0152518815-0117-1,1994674912,305101361,EVT-FS-ACNE-30,NOT_AVAILABLE,NOT_AVAILABLE,-56.0,RUB,/v1/finance/accrual/by-day,raw/backfill_v1/finance/accrual_by_day_20260810.json
2026-08-10,59319902511,29,Доставка до места выдачи,POSTING,0152518815-0117-1,posting_number,0152518815-0117-1,1994674912,305101361,EVT-FS-ACNE-30,NOT_AVAILABLE,NOT_AVAILABLE,-11.99,RUB,/v1/finance/accrual/by-day,raw/backfill_v1/finance/accrual_by_day_20260810.json
2026-08-10,59327825459,1,Эквайринг,ITEM,33084752-0122,order_or_item_ref,,3732641694,567668635,EVT-SET-SER-CREAM-ACNE,NOT_AVAILABLE,NOT_AVAILABLE,-13.54,RUB,/v1/finance/accrual/by-day,raw/backfill_v1/finance/accrual_by_day_20260810.json
2026-08-10,59340702784,32,Логистика,POSTING,0124128699-0064-3,posting_number,0124128699-0064-3,3530427102,535581675,EVT-FT-ACNE-150,NOT_AVAILABLE,NOT_AVAILABLE,-64.0,RUB,/v1/finance/accrual/by-day,raw/backfill_v1/finance/accrual_by_day_20260810.json
2026-08-10,59340702784,29,Доставка до места выдачи,POSTING,0124128699-0064-3,posting_number,0124128699-0064-3,3530427102,535581675,EVT-FT-ACNE-150,NOT_AVAILABLE,NOT_AVAILABLE,-25.0,RUB,/v1/finance/accrual/by-day,raw/backfill_v1/finance/accrual_by_day_20260810.json
2026-08-10,59342083406,1,Эквайринг,ITEM,82459851-0581,order_or_item_ref,,1991772098,305101272,EVT-FS-MOIST-30,NOT_AVAILABLE,NOT_AVAILABLE,-7.08,RUB,/v1/finance/accrual/by-day,raw/backfill_v1/finance/accrual_by_day_20260810.json
2026-08-10,59353778431,46,Размещение товаров на складах Ozon,NON_ITEM,,order_or_item_ref,,,,,NOT_AVAILABLE,NOT_AVAILABLE,-1.33,RUB,/v1/finance/accrual/by-day,raw/backfill_v1/finance/accrual_by_day_20260810.json
2026-08-10,59358626236,41,Оплата за клик,NON_ITEM,33678288,campaign_id,,,,,NOT_AVAILABLE,NOT_AVAILABLE,-38.88,RUB,/v1/finance/accrual/by-day,raw/backfill_v1/finance/accrual_by_day_20260810.json
2026-08-10,59358626245,41,Оплата за клик,NON_ITEM,32158051,campaign_id,,,,,NOT_AVAILABLE,NOT_AVAILABLE,-219.27,RUB,/v1/finance/accrual/by-day,raw/backfill_v1/finance/accrual_by_day_20260810.json
2026-08-10,59358626246,41,Оплата за клик,NON_ITEM,32157919,campaign_id,,,,,NOT_AVAILABLE,NOT_AVAILABLE,-87.92,RUB,/v1/finance/accrual/by-day,raw/backfill_v1/finance/accrual_by_day_20260810.json
2026-08-10,59358626267,41,Оплата за клик,NON_ITEM,33703975,campaign_id,,,,,NOT_AVAILABLE,NOT_AVAILABLE,-43.3,RUB,/v1/finance/accrual/by-day,raw/backfill_v1/finance/accrual_by_day_20260810.json
2026-08-10,59358626268,41,Оплата за клик,NON_ITEM,33678220,campaign_id,,,,,NOT_AVAILABLE,NOT_AVAILABLE,-121.34,RUB,/v1/finance/accrual/by-day,raw/backfill_v1/finance/accrual_by_day_20260810.json
2026-08-10,59358626279,41,Оплата за клик,NON_ITEM,32158176,campaign_id,,,,,NOT_AVAILABLE,NOT_AVAILABLE,-48.95,RUB,/v1/finance/accrual/by-day,raw/backfill_v1/finance/accrual_by_day_20260810.json
2026-08-10,59358626280,41,Оплата за клик,NON_ITEM,32157965,campaign_id,,,,,NOT_AVAILABLE,NOT_AVAILABLE,-142.06,RUB,/v1/finance/accrual/by-day,raw/backfill_v1/finance/accrual_by_day_20260810.json
2026-08-10,59358626281,41,Оплата за клик,NON_ITEM,32157947,campaign_id,,,,,NOT_AVAILABLE,NOT_AVAILABLE,-33.6,RUB,/v1/finance/accrual/by-day,raw/backfill_v1/finance/accrual_by_day_20260810.json
2026-08-10,59358626282,41,Оплата за клик,NON_ITEM,32157891,campaign_id,,,,,NOT_AVAILABLE,NOT_AVAILABLE,-191.73,RUB,/v1/finance/accrual/by-day,raw/backfill_v1/finance/accrual_by_day_20260810.json
2026-08-11,59355354422,76,Страхование товара от массовых повреждений,NON_ITEM,,order_or_item_ref,,,,,NOT_AVAILABLE,NOT_AVAILABLE,-13.98,RUB,/v1/finance/accrual/by-day,raw/backfill_v1/finance/accrual_by_day_20260811.json
2026-08-11,59366887862,29,Доставка до места выдачи,POSTING,95054393-0843-1,posting_number,95054393-0843-1,3543342130,535580776,EVT-EP-ENZYME-75,NOT_AVAILABLE,NOT_AVAILABLE,-8.54,RUB,/v1/finance/accrual/by-day,raw/backfill_v1/finance/accrual_by_day_20260811.json
2026-08-11,59366887863,45,"Обработка возвратов, отмен и невыкупов партнёрами",POSTING,95054393-0843-1,posting_number,95054393-0843-1,3543342130,535580776,EVT-EP-ENZYME-75,NOT_AVAILABLE,NOT_AVAILABLE,-15.0,RUB,/v1/finance/accrual/by-day,raw/backfill_v1/finance/accrual_by_day_20260811.json
2026-08-11,59366991255,32,Логистика,POSTING,95054393-0843-1,posting_number,95054393-0843-1,3543342130,535580776,EVT-EP-ENZYME-75,NOT_AVAILABLE,NOT_AVAILABLE,-66.0,RUB,/v1/finance/accrual/by-day,raw/backfill_v1/finance/accrual_by_day_20260811.json
2026-08-11,59366991256,59,Обратная логистика,POSTING,95054393-0843-1,posting_number,95054393-0843-1,3543342130,535580776,EVT-EP-ENZYME-75,NOT_AVAILABLE,NOT_AVAILABLE,-63.0,RUB,/v1/finance/accrual/by-day,raw/backfill_v1/finance/accrual_by_day_20260811.json
2026-08-11,59393504763,32,Логистика,POSTING,42884911-2242-1,posting_number,42884911-2242-1,3528293526,535581674,EVT-FT-MOIST-150,NOT_AVAILABLE,NOT_AVAILABLE,-72.0,RUB,/v1/finance/accrual/by-day,raw/backfill_v1/finance/accrual_by_day_20260811.json
2026-08-11,59393504763,29,Доставка до места выдачи,POSTING,42884911-2242-1,posting_number,42884911-2242-1,3528293526,535581674,EVT-FT-MOIST-150,NOT_AVAILABLE,NOT_AVAILABLE,-9.64,RUB,/v1/finance/accrual/by-day,raw/backfill_v1/finance/accrual_by_day_20260811.json
2026-08-11,59395544615,32,Логистика,POSTING,42496622-0049-1,posting_number,42496622-0049-1,1991772098,305101272,EVT-FS-MOIST-30,NOT_AVAILABLE,NOT_AVAILABLE,-59.0,RUB,/v1/finance/accrual/by-day,raw/backfill_v1/finance/accrual_by_day_20260811.json
2026-08-11,59395544615,29,Доставка до места выдачи,POSTING,42496622-0049-1,posting_number,42496622-0049-1,1991772098,305101272,EVT-FS-MOIST-30,NOT_AVAILABLE,NOT_AVAILABLE,-11.58,RUB,/v1/finance/accrual/by-day,raw/backfill_v1/finance/accrual_by_day_20260811.json
2026-08-11,59396009135,1,Эквайринг,ITEM,42884911-2242-1,order_or_item_ref,,3528293526,535581674,EVT-FT-MOIST-150,NOT_AVAILABLE,NOT_AVAILABLE,-6.1,RUB,/v1/finance/accrual/by-day,raw/backfill_v1/finance/accrual_by_day_20260811.json
2026-08-11,59398111667,1,Эквайринг,ITEM,42496622-0049-1,order_or_item_ref,,1991772098,305101272,EVT-FS-MOIST-30,NOT_AVAILABLE,NOT_AVAILABLE,-6.79,RUB,/v1/finance/accrual/by-day,raw/backfill_v1/finance/accrual_by_day_20260811.json
2026-08-11,59417080513,32,Логистика,POSTING,58627763-0668-1,posting_number,58627763-0668-1,3892345516,930334395,EVT-SET-HAND-CHERRY,NOT_AVAILABLE,NOT_AVAILABLE,-170.88,RUB,/v1/finance/accrual/by-day,raw/backfill_v1/finance/accrual_by_day_20260811.json
2026-08-11,59417080513,29,Доставка до места выдачи,POSTING,58627763-0668-1,posting_number,58627763-0668-1,3892345516,930334395,EVT-SET-HAND-CHERRY,NOT_AVAILABLE,NOT_AVAILABLE,-9.84,RUB,/v1/finance/accrual/by-day,raw/backfill_v1/finance/accrual_by_day_20260811.json
2026-08-11,59445471394,32,Логистика,POSTING,19006347-0184-1,posting_number,19006347-0184-1,3528293526,535581674,EVT-FT-MOIST-150,NOT_AVAILABLE,NOT_AVAILABLE,-64.0,RUB,/v1/finance/accrual/by-day,raw/backfill_v1/finance/accrual_by_day_20260811.json
2026-08-11,59445471394,29,Доставка до места выдачи,POSTING,19006347-0184-1,posting_number,19006347-0184-1,3528293526,535581674,EVT-FT-MOIST-150,NOT_AVAILABLE,NOT_AVAILABLE,-6.13,RUB,/v1/finance/accrual/by-day,raw/backfill_v1/finance/accrual_by_day_20260811.json
2026-08-11,59446598199,32,Логистика,POSTING,0109172114-0223-1,posting_number,0109172114-0223-1,3528293526,535581674,EVT-FT-MOIST-150,NOT_AVAILABLE,NOT_AVAILABLE,-73.0,RUB,/v1/finance/accrual/by-day,raw/backfill_v1/finance/accrual_by_day_20260811.json
2026-08-11,59446598199,29,Доставка до места выдачи,POSTING,0109172114-0223-1,posting_number,0109172114-0223-1,3528293526,535581674,EVT-FT-MOIST-150,NOT_AVAILABLE,NOT_AVAILABLE,-8.84,RUB,/v1/finance/accrual/by-day,raw/backfill_v1/finance/accrual_by_day_20260811.json
2026-08-11,59447498560,1,Эквайринг,ITEM,19006347-0184-1,order_or_item_ref,,3528293526,535581674,EVT-FT-MOIST-150,NOT_AVAILABLE,NOT_AVAILABLE,-6.17,RUB,/v1/finance/accrual/by-day,raw/backfill_v1/finance/accrual_by_day_20260811.json
2026-08-11,59458188729,41,Оплата за клик,NON_ITEM,32157965,campaign_id,,,,,NOT_AVAILABLE,NOT_AVAILABLE,-289.19,RUB,/v1/finance/accrual/by-day,raw/backfill_v1/finance/accrual_by_day_20260811.json
2026-08-11,59458188730,41,Оплата за клик,NON_ITEM,32157947,campaign_id,,,,,NOT_AVAILABLE,NOT_AVAILABLE,-175.97,RUB,/v1/finance/accrual/by-day,raw/backfill_v1/finance/accrual_by_day_20260811.json
2026-08-11,59458188731,41,Оплата за клик,NON_ITEM,32158176,campaign_id,,,,,NOT_AVAILABLE,NOT_AVAILABLE,-96.47,RUB,/v1/finance/accrual/by-day,raw/backfill_v1/finance/accrual_by_day_20260811.json
2026-08-11,59458188732,41,Оплата за клик,NON_ITEM,32158051,campaign_id,,,,,NOT_AVAILABLE,NOT_AVAILABLE,-196.3,RUB,/v1/finance/accrual/by-day,raw/backfill_v1/finance/accrual_by_day_20260811.json
2026-08-11,59458188733,41,Оплата за клик,NON_ITEM,32157891,campaign_id,,,,,NOT_AVAILABLE,NOT_AVAILABLE,-83.18,RUB,/v1/finance/accrual/by-day,raw/backfill_v1/finance/accrual_by_day_20260811.json
2026-08-11,59458188781,41,Оплата за клик,NON_ITEM,33703975,campaign_id,,,,,NOT_AVAILABLE,NOT_AVAILABLE,-54.66,RUB,/v1/finance/accrual/by-day,raw/backfill_v1/finance/accrual_by_day_20260811.json
2026-08-11,59458188782,41,Оплата за клик,NON_ITEM,33678288,campaign_id,,,,,NOT_AVAILABLE,NOT_AVAILABLE,-64.97,RUB,/v1/finance/accrual/by-day,raw/backfill_v1/finance/accrual_by_day_20260811.json
2026-08-11,59458188783,41,Оплата за клик,NON_ITEM,33678220,campaign_id,,,,,NOT_AVAILABLE,NOT_AVAILABLE,-202.37,RUB,/v1/finance/accrual/by-day,raw/backfill_v1/finance/accrual_by_day_20260811.json
2026-08-12,59455042767,76,Страхование товара от массовых повреждений,NON_ITEM,,order_or_item_ref,,,,,NOT_AVAILABLE,NOT_AVAILABLE,-13.8,RUB,/v1/finance/accrual/by-day,raw/backfill_v1/finance/accrual_by_day_20260812.json
2026-08-12,59462526482,32,Логистика,POSTING,87329904-0177-12,posting_number,87329904-0177-12,1997079254,252442517,EVT-HC-HAND-300,NOT_AVAILABLE,NOT_AVAILABLE,-79.0,RUB,/v1/finance/accrual/by-day,raw/backfill_v1/finance/accrual_by_day_20260812.json
2026-08-12,59462526482,29,Доставка до места выдачи,POSTING,87329904-0177-12,posting_number,87329904-0177-12,1997079254,252442517,EVT-HC-HAND-300,NOT_AVAILABLE,NOT_AVAILABLE,-8.54,RUB,/v1/finance/accrual/by-day,raw/backfill_v1/finance/accrual_by_day_20260812.json
2026-08-12,59464846143,32,Логистика,POSTING,0155224134-0383-1,posting_number,0155224134-0383-1,3892410843,930334396,EVT-SET-HAND-AMBER,NOT_AVAILABLE,NOT_AVAILABLE,-98.0,RUB,/v1/finance/accrual/by-day,raw/backfill_v1/finance/accrual_by_day_20260812.json
2026-08-12,59464846143,29,Доставка до места выдачи,POSTING,0155224134-0383-1,posting_number,0155224134-0383-1,3892410843,930334396,EVT-SET-HAND-AMBER,NOT_AVAILABLE,NOT_AVAILABLE,-7.75,RUB,/v1/finance/accrual/by-day,raw/backfill_v1/finance/accrual_by_day_20260812.json
2026-08-12,59466203684,1,Эквайринг,ITEM,0155224134-0383-1,order_or_item_ref,,3892410843,930334396,EVT-SET-HAND-AMBER,NOT_AVAILABLE,NOT_AVAILABLE,-6.81,RUB,/v1/finance/accrual/by-day,raw/backfill_v1/finance/accrual_by_day_20260812.json
2026-08-12,59482234296,1,Эквайринг,ITEM,34101060-0614,order_or_item_ref,,3530427102,535581675,EVT-FT-ACNE-150,NOT_AVAILABLE,NOT_AVAILABLE,-8.35,RUB,/v1/finance/accrual/by-day,raw/backfill_v1/finance/accrual_by_day_20260812.json
2026-08-12,59513669371,32,Логистика,POSTING,36589423-0568-4,posting_number,36589423-0568-4,3530427102,535581675,EVT-FT-ACNE-150,NOT_AVAILABLE,NOT_AVAILABLE,-72.0,RUB,/v1/finance/accrual/by-day,raw/backfill_v1/finance/accrual_by_day_20260812.json
2026-08-12,59513669371,29,Доставка до места выдачи,POSTING,36589423-0568-4,posting_number,36589423-0568-4,3530427102,535581675,EVT-FT-ACNE-150,NOT_AVAILABLE,NOT_AVAILABLE,-6.3,RUB,/v1/finance/accrual/by-day,raw/backfill_v1/finance/accrual_by_day_20260812.json
2026-08-12,59516900652,1,Эквайринг,ITEM,36589423-0568-4,order_or_item_ref,,3530427102,535581675,EVT-FT-ACNE-150,NOT_AVAILABLE,NOT_AVAILABLE,-6.19,RUB,/v1/finance/accrual/by-day,raw/backfill_v1/finance/accrual_by_day_20260812.json
2026-08-12,59522903308,32,Логистика,POSTING,90842828-0173-1,posting_number,90842828-0173-1,1991772098,305101272,EVT-FS-MOIST-30,NOT_AVAILABLE,NOT_AVAILABLE,-59.0,RUB,/v1/finance/accrual/by-day,raw/backfill_v1/finance/accrual_by_day_20260812.json
2026-08-12,59522903308,29,Доставка до места выдачи,POSTING,90842828-0173-1,posting_number,90842828-0173-1,1991772098,305101272,EVT-FS-MOIST-30,NOT_AVAILABLE,NOT_AVAILABLE,-7.07,RUB,/v1/finance/accrual/by-day,raw/backfill_v1/finance/accrual_by_day_20260812.json
2026-08-12,59528427408,32,Логистика,POSTING,89859010-0202-1,posting_number,89859010-0202-1,2974977988,438775617,EVT-FC-ACNE-50,NOT_AVAILABLE,NOT_AVAILABLE,-69.0,RUB,/v1/finance/accrual/by-day,raw/backfill_v1/finance/accrual_by_day_20260812.json
2026-08-12,59528427408,29,Доставка до места выдачи,POSTING,89859010-0202-1,posting_number,89859010-0202-1,2974977988,438775617,EVT-FC-ACNE-50,NOT_AVAILABLE,NOT_AVAILABLE,-7.98,RUB,/v1/finance/accrual/by-day,raw/backfill_v1/finance/accrual_by_day_20260812.json
2026-08-12,59528518590,1,Эквайринг,ITEM,90842828-0173-1,order_or_item_ref,,1991772098,305101272,EVT-FS-MOIST-30,NOT_AVAILABLE,NOT_AVAILABLE,-6.21,RUB,/v1/finance/accrual/by-day,raw/backfill_v1/finance/accrual_by_day_20260812.json
2026-08-12,59532445438,1,Эквайринг,ITEM,89859010-0202-1,order_or_item_ref,,2974977988,438775617,EVT-FC-ACNE-50,NOT_AVAILABLE,NOT_AVAILABLE,-6.44,RUB,/v1/finance/accrual/by-day,raw/backfill_v1/finance/accrual_by_day_20260812.json
2026-08-12,59556752084,1,Эквайринг,ITEM,0105722714-0024,order_or_item_ref,,3530427102,535581675,EVT-FT-ACNE-150,NOT_AVAILABLE,NOT_AVAILABLE,-4.22,RUB,/v1/finance/accrual/by-day,raw/backfill_v1/finance/accrual_by_day_20260812.json
2026-08-12,59562238449,41,Оплата за клик,NON_ITEM,33703975,campaign_id,,,,,NOT_AVAILABLE,NOT_AVAILABLE,-68.76,RUB,/v1/finance/accrual/by-day,raw/backfill_v1/finance/accrual_by_day_20260812.json
2026-08-12,59562238450,41,Оплата за клик,NON_ITEM,33678288,campaign_id,,,,,NOT_AVAILABLE,NOT_AVAILABLE,-19.08,RUB,/v1/finance/accrual/by-day,raw/backfill_v1/finance/accrual_by_day_20260812.json
2026-08-12,59562238451,41,Оплата за клик,NON_ITEM,33678192,campaign_id,,,,,NOT_AVAILABLE,NOT_AVAILABLE,-224.27,RUB,/v1/finance/accrual/by-day,raw/backfill_v1/finance/accrual_by_day_20260812.json
2026-08-12,59562249257,41,Оплата за клик,NON_ITEM,32158176,campaign_id,,,,,NOT_AVAILABLE,NOT_AVAILABLE,-59.79,RUB,/v1/finance/accrual/by-day,raw/backfill_v1/finance/accrual_by_day_20260812.json
2026-08-12,59562249258,41,Оплата за клик,NON_ITEM,32157988,campaign_id,,,,,NOT_AVAILABLE,NOT_AVAILABLE,-286.08,RUB,/v1/finance/accrual/by-day,raw/backfill_v1/finance/accrual_by_day_20260812.json
2026-08-12,59562249259,41,Оплата за клик,NON_ITEM,32157965,campaign_id,,,,,NOT_AVAILABLE,NOT_AVAILABLE,-365.56,RUB,/v1/finance/accrual/by-day,raw/backfill_v1/finance/accrual_by_day_20260812.json
2026-08-12,59562249260,41,Оплата за клик,NON_ITEM,32157947,campaign_id,,,,,NOT_AVAILABLE,NOT_AVAILABLE,-380.16,RUB,/v1/finance/accrual/by-day,raw/backfill_v1/finance/accrual_by_day_20260812.json
2026-08-12,59562249261,41,Оплата за клик,NON_ITEM,32157919,campaign_id,,,,,NOT_AVAILABLE,NOT_AVAILABLE,-46.58,RUB,/v1/finance/accrual/by-day,raw/backfill_v1/finance/accrual_by_day_20260812.json
2026-08-12,59562249262,41,Оплата за клик,NON_ITEM,32157891,campaign_id,,,,,NOT_AVAILABLE,NOT_AVAILABLE,-453.99,RUB,/v1/finance/accrual/by-day,raw/backfill_v1/finance/accrual_by_day_20260812.json
2026-08-13,59559200223,76,Страхование товара от массовых повреждений,NON_ITEM,,order_or_item_ref,,,,,NOT_AVAILABLE,NOT_AVAILABLE,-15.08,RUB,/v1/finance/accrual/by-day,raw/backfill_v1/finance/accrual_by_day_20260813.json
2026-08-13,59596511945,32,Логистика,POSTING,31616016-0359-1,posting_number,31616016-0359-1,1997079254,252442517,EVT-HC-HAND-300,NOT_AVAILABLE,NOT_AVAILABLE,-70.0,RUB,/v1/finance/accrual/by-day,raw/backfill_v1/finance/accrual_by_day_20260813.json
2026-08-13,59596511945,29,Доставка до места выдачи,POSTING,31616016-0359-1,posting_number,31616016-0359-1,1997079254,252442517,EVT-HC-HAND-300,NOT_AVAILABLE,NOT_AVAILABLE,-17.21,RUB,/v1/finance/accrual/by-day,raw/backfill_v1/finance/accrual_by_day_20260813.json
2026-08-13,59598967116,1,Эквайринг,ITEM,31616016-0359-1,order_or_item_ref,,1997079254,252442517,EVT-HC-HAND-300,NOT_AVAILABLE,NOT_AVAILABLE,-5.43,RUB,/v1/finance/accrual/by-day,raw/backfill_v1/finance/accrual_by_day_20260813.json
2026-08-13,59647066585,32,Логистика,POSTING,82459851-0581-2,posting_number,82459851-0581-2,1991772098,305101272,EVT-FS-MOIST-30,NOT_AVAILABLE,NOT_AVAILABLE,-57.0,RUB,/v1/finance/accrual/by-day,raw/backfill_v1/finance/accrual_by_day_20260813.json
2026-08-13,59647066585,29,Доставка до места выдачи,POSTING,82459851-0581-2,posting_number,82459851-0581-2,1991772098,305101272,EVT-FS-MOIST-30,NOT_AVAILABLE,NOT_AVAILABLE,-6.71,RUB,/v1/finance/accrual/by-day,raw/backfill_v1/finance/accrual_by_day_20260813.json
2026-08-13,59666613695,41,Оплата за клик,NON_ITEM,33703975,campaign_id,,,,,NOT_AVAILABLE,NOT_AVAILABLE,-89.99,RUB,/v1/finance/accrual/by-day,raw/backfill_v1/finance/accrual_by_day_20260813.json
2026-08-13,59666613701,41,Оплата за клик,NON_ITEM,32157891,campaign_id,,,,,NOT_AVAILABLE,NOT_AVAILABLE,-307.37,RUB,/v1/finance/accrual/by-day,raw/backfill_v1/finance/accrual_by_day_20260813.json
2026-08-13,59666613702,41,Оплата за клик,NON_ITEM,32158051,campaign_id,,,,,NOT_AVAILABLE,NOT_AVAILABLE,-157.34,RUB,/v1/finance/accrual/by-day,raw/backfill_v1/finance/accrual_by_day_20260813.json
2026-08-13,59666613703,41,Оплата за клик,NON_ITEM,32157919,campaign_id,,,,,NOT_AVAILABLE,NOT_AVAILABLE,-29.94,RUB,/v1/finance/accrual/by-day,raw/backfill_v1/finance/accrual_by_day_20260813.json
2026-08-13,59666613724,41,Оплата за клик,NON_ITEM,33678288,campaign_id,,,,,NOT_AVAILABLE,NOT_AVAILABLE,-75.78,RUB,/v1/finance/accrual/by-day,raw/backfill_v1/finance/accrual_by_day_20260813.json
2026-08-13,59666613732,41,Оплата за клик,NON_ITEM,32157965,campaign_id,,,,,NOT_AVAILABLE,NOT_AVAILABLE,-49.99,RUB,/v1/finance/accrual/by-day,raw/backfill_v1/finance/accrual_by_day_20260813.json
2026-08-13,59666613733,41,Оплата за клик,NON_ITEM,32157988,campaign_id,,,,,NOT_AVAILABLE,NOT_AVAILABLE,-358.83,RUB,/v1/finance/accrual/by-day,raw/backfill_v1/finance/accrual_by_day_20260813.json
2026-08-13,59666613754,41,Оплата за клик,NON_ITEM,32158176,campaign_id,,,,,NOT_AVAILABLE,NOT_AVAILABLE,-57.44,RUB,/v1/finance/accrual/by-day,raw/backfill_v1/finance/accrual_by_day_20260813.json
2026-08-14,59661458039,1,Эквайринг,ITEM,0171109584-0862,order_or_item_ref,,3735674506,910584041,EVT-SET-TON-SER-CREAM-ACNE,NOT_AVAILABLE,NOT_AVAILABLE,-1.78,RUB,/v1/finance/accrual/by-day,raw/backfill_v1/finance/accrual_by_day_20260814.json
2026-08-14,59663879020,76,Страхование товара от массовых повреждений,NON_ITEM,,order_or_item_ref,,,,,NOT_AVAILABLE,NOT_AVAILABLE,-14.92,RUB,/v1/finance/accrual/by-day,raw/backfill_v1/finance/accrual_by_day_20260814.json
2026-08-14,59673449487,32,Логистика,POSTING,0199341339-0226-1,posting_number,0199341339-0226-1,2974977988,438775617,EVT-FC-ACNE-50,NOT_AVAILABLE,NOT_AVAILABLE,-66.0,RUB,/v1/finance/accrual/by-day,raw/backfill_v1/finance/accrual_by_day_20260814.json
2026-08-14,59673449487,29,Доставка до места выдачи,POSTING,0199341339-0226-1,posting_number,0199341339-0226-1,2974977988,438775617,EVT-FC-ACNE-50,NOT_AVAILABLE,NOT_AVAILABLE,-11.32,RUB,/v1/finance/accrual/by-day,raw/backfill_v1/finance/accrual_by_day_20260814.json
2026-08-14,59675330834,1,Эквайринг,ITEM,0199341339-0226-1,order_or_item_ref,,2974977988,438775617,EVT-FC-ACNE-50,NOT_AVAILABLE,NOT_AVAILABLE,-9.19,RUB,/v1/finance/accrual/by-day,raw/backfill_v1/finance/accrual_by_day_20260814.json
2026-08-14,59691312272,32,Логистика,POSTING,0136965249-0473-1,posting_number,0136965249-0473-1,3528293526,535581674,EVT-FT-MOIST-150,NOT_AVAILABLE,NOT_AVAILABLE,-75.0,RUB,/v1/finance/accrual/by-day,raw/backfill_v1/finance/accrual_by_day_20260814.json
2026-08-14,59691312272,29,Доставка до места выдачи,POSTING,0136965249-0473-1,posting_number,0136965249-0473-1,3528293526,535581674,EVT-FT-MOIST-150,NOT_AVAILABLE,NOT_AVAILABLE,-8.18,RUB,/v1/finance/accrual/by-day,raw/backfill_v1/finance/accrual_by_day_20260814.json
2026-08-14,59701509382,1,Эквайринг,ITEM,0147594116-0225,order_or_item_ref,,3543342130,535580776,EVT-EP-ENZYME-75,NOT_AVAILABLE,NOT_AVAILABLE,-2.67,RUB,/v1/finance/accrual/by-day,raw/backfill_v1/finance/accrual_by_day_20260814.json
2026-08-14,59713856094,32,Логистика,POSTING,0107139651-0344-2,posting_number,0107139651-0344-2,3733452761,868597351,EVT-SET-4PC-ACNE,NOT_AVAILABLE,NOT_AVAILABLE,-76.0,RUB,/v1/finance/accrual/by-day,raw/backfill_v1/finance/accrual_by_day_20260814.json
2026-08-14,59713856094,29,Доставка до места выдачи,POSTING,0107139651-0344-2,posting_number,0107139651-0344-2,3733452761,868597351,EVT-SET-4PC-ACNE,NOT_AVAILABLE,NOT_AVAILABLE,-11.2,RUB,/v1/finance/accrual/by-day,raw/backfill_v1/finance/accrual_by_day_20260814.json
2026-08-14,59713934555,32,Логистика,POSTING,0225390476-0028-1,posting_number,0225390476-0028-1,2974977988,438775617,EVT-FC-ACNE-50,NOT_AVAILABLE,NOT_AVAILABLE,-69.0,RUB,/v1/finance/accrual/by-day,raw/backfill_v1/finance/accrual_by_day_20260814.json
2026-08-14,59713934555,29,Доставка до места выдачи,POSTING,0225390476-0028-1,posting_number,0225390476-0028-1,2974977988,438775617,EVT-FC-ACNE-50,NOT_AVAILABLE,NOT_AVAILABLE,-6.13,RUB,/v1/finance/accrual/by-day,raw/backfill_v1/finance/accrual_by_day_20260814.json
2026-08-14,59717130311,1,Эквайринг,ITEM,0225390476-0028-1,order_or_item_ref,,2974977988,438775617,EVT-FC-ACNE-50,NOT_AVAILABLE,NOT_AVAILABLE,-7.93,RUB,/v1/finance/accrual/by-day,raw/backfill_v1/finance/accrual_by_day_20260814.json
2026-08-14,59721669236,32,Логистика,POSTING,34101060-0614-1,posting_number,34101060-0614-1,3530427102,535581675,EVT-FT-ACNE-150,NOT_AVAILABLE,NOT_AVAILABLE,-72.0,RUB,/v1/finance/accrual/by-day,raw/backfill_v1/finance/accrual_by_day_20260814.json
2026-08-14,59721669236,29,Доставка до места выдачи,POSTING,34101060-0614-1,posting_number,34101060-0614-1,3530427102,535581675,EVT-FT-ACNE-150,NOT_AVAILABLE,NOT_AVAILABLE,-9.67,RUB,/v1/finance/accrual/by-day,raw/backfill_v1/finance/accrual_by_day_20260814.json
2026-08-14,59727883007,32,Логистика,POSTING,0248037575-0018-1,posting_number,0248037575-0018-1,3530427102,535581675,EVT-FT-ACNE-150,NOT_AVAILABLE,NOT_AVAILABLE,-64.0,RUB,/v1/finance/accrual/by-day,raw/backfill_v1/finance/accrual_by_day_20260814.json
2026-08-14,59727883007,29,Доставка до места выдачи,POSTING,0248037575-0018-1,posting_number,0248037575-0018-1,3530427102,535581675,EVT-FT-ACNE-150,NOT_AVAILABLE,NOT_AVAILABLE,-7.81,RUB,/v1/finance/accrual/by-day,raw/backfill_v1/finance/accrual_by_day_20260814.json
2026-08-14,59731238238,1,Эквайринг,ITEM,0248037575-0018-1,order_or_item_ref,,3530427102,535581675,EVT-FT-ACNE-150,NOT_AVAILABLE,NOT_AVAILABLE,-5.88,RUB,/v1/finance/accrual/by-day,raw/backfill_v1/finance/accrual_by_day_20260814.json
2026-08-14,59775892520,41,Оплата за клик,NON_ITEM,32158299,campaign_id,,,,,NOT_AVAILABLE,NOT_AVAILABLE,-34.46,RUB,/v1/finance/accrual/by-day,raw/backfill_v1/finance/accrual_by_day_20260814.json
2026-08-14,59775892521,41,Оплата за клик,NON_ITEM,32158051,campaign_id,,,,,NOT_AVAILABLE,NOT_AVAILABLE,-128.8,RUB,/v1/finance/accrual/by-day,raw/backfill_v1/finance/accrual_by_day_20260814.json
2026-08-14,59775892522,41,Оплата за клик,NON_ITEM,32157988,campaign_id,,,,,NOT_AVAILABLE,NOT_AVAILABLE,-242.17,RUB,/v1/finance/accrual/by-day,raw/backfill_v1/finance/accrual_by_day_20260814.json
2026-08-14,59775892523,41,Оплата за клик,NON_ITEM,32157965,campaign_id,,,,,NOT_AVAILABLE,NOT_AVAILABLE,-132.11,RUB,/v1/finance/accrual/by-day,raw/backfill_v1/finance/accrual_by_day_20260814.json
2026-08-14,59775892561,41,Оплата за клик,NON_ITEM,32158176,campaign_id,,,,,NOT_AVAILABLE,NOT_AVAILABLE,-98.43,RUB,/v1/finance/accrual/by-day,raw/backfill_v1/finance/accrual_by_day_20260814.json
2026-08-14,59775892562,41,Оплата за клик,NON_ITEM,32158008,campaign_id,,,,,NOT_AVAILABLE,NOT_AVAILABLE,-40.18,RUB,/v1/finance/accrual/by-day,raw/backfill_v1/finance/accrual_by_day_20260814.json
2026-08-14,59775892563,41,Оплата за клик,NON_ITEM,32157919,campaign_id,,,,,NOT_AVAILABLE,NOT_AVAILABLE,-123.12,RUB,/v1/finance/accrual/by-day,raw/backfill_v1/finance/accrual_by_day_20260814.json
2026-08-14,59775892631,41,Оплата за клик,NON_ITEM,33703975,campaign_id,,,,,NOT_AVAILABLE,NOT_AVAILABLE,-83.39,RUB,/v1/finance/accrual/by-day,raw/backfill_v1/finance/accrual_by_day_20260814.json
2026-08-14,59775892632,41,Оплата за клик,NON_ITEM,33678331,campaign_id,,,,,NOT_AVAILABLE,NOT_AVAILABLE,-122.36,RUB,/v1/finance/accrual/by-day,raw/backfill_v1/finance/accrual_by_day_20260814.json
2026-08-14,59775892633,41,Оплата за клик,NON_ITEM,33678288,campaign_id,,,,,NOT_AVAILABLE,NOT_AVAILABLE,-78.75,RUB,/v1/finance/accrual/by-day,raw/backfill_v1/finance/accrual_by_day_20260814.json
2026-08-14,59775892634,41,Оплата за клик,NON_ITEM,33678192,campaign_id,,,,,NOT_AVAILABLE,NOT_AVAILABLE,-27.78,RUB,/v1/finance/accrual/by-day,raw/backfill_v1/finance/accrual_by_day_20260814.json
2026-08-15,59773315216,76,Страхование товара от массовых повреждений,NON_ITEM,,order_or_item_ref,,,,,NOT_AVAILABLE,NOT_AVAILABLE,-14.51,RUB,/v1/finance/accrual/by-day,raw/backfill_v1/finance/accrual_by_day_20260815.json
2026-08-15,59786828331,32,Логистика,POSTING,0184194448-0932-1,posting_number,0184194448-0932-1,1991772098,305101272,EVT-FS-MOIST-30,NOT_AVAILABLE,NOT_AVAILABLE,-60.0,RUB,/v1/finance/accrual/by-day,raw/backfill_v1/finance/accrual_by_day_20260815.json
2026-08-15,59786828331,29,Доставка до места выдачи,POSTING,0184194448-0932-1,posting_number,0184194448-0932-1,1991772098,305101272,EVT-FS-MOIST-30,NOT_AVAILABLE,NOT_AVAILABLE,-7.1,RUB,/v1/finance/accrual/by-day,raw/backfill_v1/finance/accrual_by_day_20260815.json
2026-08-15,59788930098,1,Эквайринг,ITEM,0184194448-0932-1,order_or_item_ref,,1991772098,305101272,EVT-FS-MOIST-30,NOT_AVAILABLE,NOT_AVAILABLE,-7.35,RUB,/v1/finance/accrual/by-day,raw/backfill_v1/finance/accrual_by_day_20260815.json
2026-08-15,59824985670,32,Логистика,POSTING,0171109584-0862-1,posting_number,0171109584-0862-1,3735674506,910584041,EVT-SET-TON-SER-CREAM-ACNE,NOT_AVAILABLE,NOT_AVAILABLE,-70.0,RUB,/v1/finance/accrual/by-day,raw/backfill_v1/finance/accrual_by_day_20260815.json
2026-08-15,59824985670,98,Доставка до места выдачи силами Ozon,POSTING,0171109584-0862-1,posting_number,0171109584-0862-1,3735674506,910584041,EVT-SET-TON-SER-CREAM-ACNE,NOT_AVAILABLE,NOT_AVAILABLE,-25.0,RUB,/v1/finance/accrual/by-day,raw/backfill_v1/finance/accrual_by_day_20260815.json
2026-08-15,59827459800,32,Логистика,POSTING,58544176-0238-1,posting_number,58544176-0238-1,3892518031,593111986,EVT-HC-CHERRY-300,NOT_AVAILABLE,NOT_AVAILABLE,-77.0,RUB,/v1/finance/accrual/by-day,raw/backfill_v1/finance/accrual_by_day_20260815.json
2026-08-15,59827459800,29,Доставка до места выдачи,POSTING,58544176-0238-1,posting_number,58544176-0238-1,3892518031,593111986,EVT-HC-CHERRY-300,NOT_AVAILABLE,NOT_AVAILABLE,-9.23,RUB,/v1/finance/accrual/by-day,raw/backfill_v1/finance/accrual_by_day_20260815.json
2026-08-15,59829904812,1,Эквайринг,ITEM,58544176-0238-1,order_or_item_ref,,3892518031,593111986,EVT-HC-CHERRY-300,NOT_AVAILABLE,NOT_AVAILABLE,-7.77,RUB,/v1/finance/accrual/by-day,raw/backfill_v1/finance/accrual_by_day_20260815.json
2026-08-15,59834894366,32,Логистика,POSTING,95052185-0216-1,posting_number,95052185-0216-1,1994674912,305101361,EVT-FS-ACNE-30,NOT_AVAILABLE,NOT_AVAILABLE,-65.0,RUB,/v1/finance/accrual/by-day,raw/backfill_v1/finance/accrual_by_day_20260815.json
2026-08-15,59834894366,29,Доставка до места выдачи,POSTING,95052185-0216-1,posting_number,95052185-0216-1,1994674912,305101361,EVT-FS-ACNE-30,NOT_AVAILABLE,NOT_AVAILABLE,-9.32,RUB,/v1/finance/accrual/by-day,raw/backfill_v1/finance/accrual_by_day_20260815.json
2026-08-15,59837570937,1,Эквайринг,ITEM,95052185-0216-1,order_or_item_ref,,1994674912,305101361,EVT-FS-ACNE-30,NOT_AVAILABLE,NOT_AVAILABLE,-9.23,RUB,/v1/finance/accrual/by-day,raw/backfill_v1/finance/accrual_by_day_20260815.json
2026-08-15,59838567137,32,Логистика,POSTING,90331413-0218-1,posting_number,90331413-0218-1,3892223191,930334397,EVT-SET-CHERRY-AMBER,NOT_AVAILABLE,NOT_AVAILABLE,-75.0,RUB,/v1/finance/accrual/by-day,raw/backfill_v1/finance/accrual_by_day_20260815.json
2026-08-15,59838567137,29,Доставка до места выдачи,POSTING,90331413-0218-1,posting_number,90331413-0218-1,3892223191,930334397,EVT-SET-CHERRY-AMBER,NOT_AVAILABLE,NOT_AVAILABLE,-11.87,RUB,/v1/finance/accrual/by-day,raw/backfill_v1/finance/accrual_by_day_20260815.json
2026-08-15,59841315857,1,Эквайринг,ITEM,90331413-0218-1,order_or_item_ref,,3892223191,930334397,EVT-SET-CHERRY-AMBER,NOT_AVAILABLE,NOT_AVAILABLE,-9.48,RUB,/v1/finance/accrual/by-day,raw/backfill_v1/finance/accrual_by_day_20260815.json
2026-08-15,59842373436,116,Сбор первых отзывов,ITEM,0171109584-0862-1,order_or_item_ref,,3735674506,910584041,EVT-SET-TON-SER-CREAM-ACNE,NOT_AVAILABLE,NOT_AVAILABLE,-1398.12,RUB,/v1/finance/accrual/by-day,raw/backfill_v1/finance/accrual_by_day_20260815.json
2026-08-15,59846176681,1,Эквайринг,ITEM,0174149519-0230,order_or_item_ref,,3733452761,868597351,EVT-SET-4PC-ACNE,NOT_AVAILABLE,NOT_AVAILABLE,-28.43,RUB,/v1/finance/accrual/by-day,raw/backfill_v1/finance/accrual_by_day_20260815.json
2026-08-15,59856109217,116,Сбор первых отзывов,ITEM,58544176-0238-1,order_or_item_ref,,3892518031,593111986,EVT-HC-CHERRY-300,NOT_AVAILABLE,NOT_AVAILABLE,-498.98,RUB,/v1/finance/accrual/by-day,raw/backfill_v1/finance/accrual_by_day_20260815.json
2026-08-15,59872796603,41,Оплата за клик,NON_ITEM,33703975,campaign_id,,,,,NOT_AVAILABLE,NOT_AVAILABLE,-48.7,RUB,/v1/finance/accrual/by-day,raw/backfill_v1/finance/accrual_by_day_20260815.json
2026-08-15,59872801128,41,Оплата за клик,NON_ITEM,33678288,campaign_id,,,,,NOT_AVAILABLE,NOT_AVAILABLE,-53.13,RUB,/v1/finance/accrual/by-day,raw/backfill_v1/finance/accrual_by_day_20260815.json
2026-08-15,59872801130,41,Оплата за клик,NON_ITEM,33678331,campaign_id,,,,,NOT_AVAILABLE,NOT_AVAILABLE,-81.47,RUB,/v1/finance/accrual/by-day,raw/backfill_v1/finance/accrual_by_day_20260815.json
2026-08-15,59872801235,41,Оплата за клик,NON_ITEM,33678192,campaign_id,,,,,NOT_AVAILABLE,NOT_AVAILABLE,-19.84,RUB,/v1/finance/accrual/by-day,raw/backfill_v1/finance/accrual_by_day_20260815.json
2026-08-15,59872967987,41,Оплата за клик,NON_ITEM,32157988,campaign_id,,,,,NOT_AVAILABLE,NOT_AVAILABLE,-173.48,RUB,/v1/finance/accrual/by-day,raw/backfill_v1/finance/accrual_by_day_20260815.json
2026-08-15,59872967999,41,Оплата за клик,NON_ITEM,32158299,campaign_id,,,,,NOT_AVAILABLE,NOT_AVAILABLE,-113.92,RUB,/v1/finance/accrual/by-day,raw/backfill_v1/finance/accrual_by_day_20260815.json
2026-08-15,59872968000,41,Оплата за клик,NON_ITEM,32158176,campaign_id,,,,,NOT_AVAILABLE,NOT_AVAILABLE,-136.58,RUB,/v1/finance/accrual/by-day,raw/backfill_v1/finance/accrual_by_day_20260815.json
2026-08-15,59872968001,41,Оплата за клик,NON_ITEM,32157965,campaign_id,,,,,NOT_AVAILABLE,NOT_AVAILABLE,-90.74,RUB,/v1/finance/accrual/by-day,raw/backfill_v1/finance/accrual_by_day_20260815.json
2026-08-15,59872968002,41,Оплата за клик,NON_ITEM,32157919,campaign_id,,,,,NOT_AVAILABLE,NOT_AVAILABLE,-65.55,RUB,/v1/finance/accrual/by-day,raw/backfill_v1/finance/accrual_by_day_20260815.json
2026-08-15,59872968017,41,Оплата за клик,NON_ITEM,32158051,campaign_id,,,,,NOT_AVAILABLE,NOT_AVAILABLE,-159.29,RUB,/v1/finance/accrual/by-day,raw/backfill_v1/finance/accrual_by_day_20260815.json
2026-08-15,59872968018,41,Оплата за клик,NON_ITEM,32157947,campaign_id,,,,,NOT_AVAILABLE,NOT_AVAILABLE,-140.7,RUB,/v1/finance/accrual/by-day,raw/backfill_v1/finance/accrual_by_day_20260815.json
2026-08-15,59872968030,41,Оплата за клик,NON_ITEM,32158008,campaign_id,,,,,NOT_AVAILABLE,NOT_AVAILABLE,-72.16,RUB,/v1/finance/accrual/by-day,raw/backfill_v1/finance/accrual_by_day_20260815.json
2026-08-16,59870382774,76,Страхование товара от массовых повреждений,NON_ITEM,,order_or_item_ref,,,,,NOT_AVAILABLE,NOT_AVAILABLE,-14.33,RUB,/v1/finance/accrual/by-day,raw/backfill_v1/finance/accrual_by_day_20260816.json
2026-08-16,59906759545,1,Эквайринг,ITEM,0137845692-0179,order_or_item_ref,,1991772098,305101272,EVT-FS-MOIST-30,NOT_AVAILABLE,NOT_AVAILABLE,-7.62,RUB,/v1/finance/accrual/by-day,raw/backfill_v1/finance/accrual_by_day_20260816.json
2026-08-16,59948632392,71,Вывоз товара со склада силами Ozon,ITEM,sr01-bx20227827979,order_or_item_ref,,3543342130,535580776,EVT-EP-ENZYME-75,NOT_AVAILABLE,NOT_AVAILABLE,-30.0,RUB,/v1/finance/accrual/by-day,raw/backfill_v1/finance/accrual_by_day_20260816.json
2026-08-16,59949075198,79,Временное размещение товара партнерами,ITEM,sr01-bx20227827979,order_or_item_ref,,3543342130,535580776,EVT-EP-ENZYME-75,NOT_AVAILABLE,NOT_AVAILABLE,-48.0,RUB,/v1/finance/accrual/by-day,raw/backfill_v1/finance/accrual_by_day_20260816.json
2026-08-16,59954579490,32,Логистика,POSTING,0179415481-0008-1,posting_number,0179415481-0008-1,3733452761,868597351,EVT-SET-4PC-ACNE,NOT_AVAILABLE,NOT_AVAILABLE,-76.0,RUB,/v1/finance/accrual/by-day,raw/backfill_v1/finance/accrual_by_day_20260816.json
2026-08-16,59954579490,29,Доставка до места выдачи,POSTING,0179415481-0008-1,posting_number,0179415481-0008-1,3733452761,868597351,EVT-SET-4PC-ACNE,NOT_AVAILABLE,NOT_AVAILABLE,-12.57,RUB,/v1/finance/accrual/by-day,raw/backfill_v1/finance/accrual_by_day_20260816.json
2026-08-16,59957365894,1,Эквайринг,ITEM,0179415481-0008-1,order_or_item_ref,,3733452761,868597351,EVT-SET-4PC-ACNE,NOT_AVAILABLE,NOT_AVAILABLE,-28.63,RUB,/v1/finance/accrual/by-day,raw/backfill_v1/finance/accrual_by_day_20260816.json
2026-08-16,59977590427,41,Оплата за клик,NON_ITEM,33678288,campaign_id,,,,,NOT_AVAILABLE,NOT_AVAILABLE,-69.01,RUB,/v1/finance/accrual/by-day,raw/backfill_v1/finance/accrual_by_day_20260816.json
2026-08-16,59977590428,41,Оплата за клик,NON_ITEM,33678331,campaign_id,,,,,NOT_AVAILABLE,NOT_AVAILABLE,-26.51,RUB,/v1/finance/accrual/by-day,raw/backfill_v1/finance/accrual_by_day_20260816.json
2026-08-16,59977590429,41,Оплата за клик,NON_ITEM,33678192,campaign_id,,,,,NOT_AVAILABLE,NOT_AVAILABLE,-5.64,RUB,/v1/finance/accrual/by-day,raw/backfill_v1/finance/accrual_by_day_20260816.json
2026-08-16,59977590433,41,Оплата за клик,NON_ITEM,32158299,campaign_id,,,,,NOT_AVAILABLE,NOT_AVAILABLE,-93.82,RUB,/v1/finance/accrual/by-day,raw/backfill_v1/finance/accrual_by_day_20260816.json
2026-08-16,59977590434,41,Оплата за клик,NON_ITEM,32158176,campaign_id,,,,,NOT_AVAILABLE,NOT_AVAILABLE,-46.35,RUB,/v1/finance/accrual/by-day,raw/backfill_v1/finance/accrual_by_day_20260816.json
2026-08-16,59977590435,41,Оплата за клик,NON_ITEM,32157891,campaign_id,,,,,NOT_AVAILABLE,NOT_AVAILABLE,-316.14,RUB,/v1/finance/accrual/by-day,raw/backfill_v1/finance/accrual_by_day_20260816.json
2026-08-16,59977590436,41,Оплата за клик,NON_ITEM,32158051,campaign_id,,,,,NOT_AVAILABLE,NOT_AVAILABLE,-197.41,RUB,/v1/finance/accrual/by-day,raw/backfill_v1/finance/accrual_by_day_20260816.json
2026-08-16,59977590437,41,Оплата за клик,NON_ITEM,32158008,campaign_id,,,,,NOT_AVAILABLE,NOT_AVAILABLE,-185.94,RUB,/v1/finance/accrual/by-day,raw/backfill_v1/finance/accrual_by_day_20260816.json
2026-08-16,59977590438,41,Оплата за клик,NON_ITEM,32157988,campaign_id,,,,,NOT_AVAILABLE,NOT_AVAILABLE,-28.97,RUB,/v1/finance/accrual/by-day,raw/backfill_v1/finance/accrual_by_day_20260816.json
2026-08-16,59977590439,41,Оплата за клик,NON_ITEM,32157965,campaign_id,,,,,NOT_AVAILABLE,NOT_AVAILABLE,-77.57,RUB,/v1/finance/accrual/by-day,raw/backfill_v1/finance/accrual_by_day_20260816.json
2026-08-16,59977590440,41,Оплата за клик,NON_ITEM,32157947,campaign_id,,,,,NOT_AVAILABLE,NOT_AVAILABLE,-162.09,RUB,/v1/finance/accrual/by-day,raw/backfill_v1/finance/accrual_by_day_20260816.json
2026-08-16,59977590441,41,Оплата за клик,NON_ITEM,32157919,campaign_id,,,,,NOT_AVAILABLE,NOT_AVAILABLE,-46.33,RUB,/v1/finance/accrual/by-day,raw/backfill_v1/finance/accrual_by_day_20260816.json
2026-08-16,59977590666,41,Оплата за клик,NON_ITEM,33703975,campaign_id,,,,,NOT_AVAILABLE,NOT_AVAILABLE,-37.11,RUB,/v1/finance/accrual/by-day,raw/backfill_v1/finance/accrual_by_day_20260816.json
2026-08-17,59974375257,76,Страхование товара от массовых повреждений,NON_ITEM,,order_or_item_ref,,,,,NOT_AVAILABLE,NOT_AVAILABLE,-14.23,RUB,/v1/finance/accrual/by-day,raw/backfill_v1/finance/accrual_by_day_20260817.json
2026-08-17,59980852838,32,Логистика,POSTING,46179118-0187-1,posting_number,46179118-0187-1,1994674912,305101361,EVT-FS-ACNE-30,NOT_AVAILABLE,NOT_AVAILABLE,-61.0,RUB,/v1/finance/accrual/by-day,raw/backfill_v1/finance/accrual_by_day_20260817.json
2026-08-17,59980852838,29,Доставка до места выдачи,POSTING,46179118-0187-1,posting_number,46179118-0187-1,1994674912,305101361,EVT-FS-ACNE-30,NOT_AVAILABLE,NOT_AVAILABLE,-9.86,RUB,/v1/finance/accrual/by-day,raw/backfill_v1/finance/accrual_by_day_20260817.json
2026-08-17,59981516518,1,Эквайринг,ITEM,46179118-0187-1,order_or_item_ref,,1994674912,305101361,EVT-FS-ACNE-30,NOT_AVAILABLE,NOT_AVAILABLE,-6.6,RUB,/v1/finance/accrual/by-day,raw/backfill_v1/finance/accrual_by_day_20260817.json
2026-08-17,59999400792,32,Логистика,POSTING,0147594116-0225-1,posting_number,0147594116-0225-1,3543342130,535580776,EVT-EP-ENZYME-75,NOT_AVAILABLE,NOT_AVAILABLE,-66.0,RUB,/v1/finance/accrual/by-day,raw/backfill_v1/finance/accrual_by_day_20260817.json
2026-08-17,59999400792,29,Доставка до места выдачи,POSTING,0147594116-0225-1,posting_number,0147594116-0225-1,3543342130,535580776,EVT-EP-ENZYME-75,NOT_AVAILABLE,NOT_AVAILABLE,-8.21,RUB,/v1/finance/accrual/by-day,raw/backfill_v1/finance/accrual_by_day_20260817.json
2026-08-17,60011002860,32,Логистика,POSTING,32451649-0162-1,posting_number,32451649-0162-1,1994674912,305101361,EVT-FS-ACNE-30,NOT_AVAILABLE,NOT_AVAILABLE,-59.0,RUB,/v1/finance/accrual/by-day,raw/backfill_v1/finance/accrual_by_day_20260817.json
2026-08-17,60011002860,29,Доставка до места выдачи,POSTING,32451649-0162-1,posting_number,32451649-0162-1,1994674912,305101361,EVT-FS-ACNE-30,NOT_AVAILABLE,NOT_AVAILABLE,-7.14,RUB,/v1/finance/accrual/by-day,raw/backfill_v1/finance/accrual_by_day_20260817.json
2026-08-17,60011088816,32,Логистика,POSTING,32451649-0162-2,posting_number,32451649-0162-2,3530427102,535581675,EVT-FT-ACNE-150,NOT_AVAILABLE,NOT_AVAILABLE,-66.0,RUB,/v1/finance/accrual/by-day,raw/backfill_v1/finance/accrual_by_day_20260817.json
2026-08-17,60011088816,29,Доставка до места выдачи,POSTING,32451649-0162-2,posting_number,32451649-0162-2,3530427102,535581675,EVT-FT-ACNE-150,NOT_AVAILABLE,NOT_AVAILABLE,-7.14,RUB,/v1/finance/accrual/by-day,raw/backfill_v1/finance/accrual_by_day_20260817.json
2026-08-17,60013781191,1,Эквайринг,ITEM,32451649-0162-1,order_or_item_ref,,1994674912,305101361,EVT-FS-ACNE-30,NOT_AVAILABLE,NOT_AVAILABLE,-10.51,RUB,/v1/finance/accrual/by-day,raw/backfill_v1/finance/accrual_by_day_20260817.json
2026-08-17,60013781195,1,Эквайринг,ITEM,32451649-0162-2,order_or_item_ref,,3530427102,535581675,EVT-FT-ACNE-150,NOT_AVAILABLE,NOT_AVAILABLE,-8.95,RUB,/v1/finance/accrual/by-day,raw/backfill_v1/finance/accrual_by_day_20260817.json
2026-08-17,60026898272,1,Эквайринг,ITEM,0214571384-0132,order_or_item_ref,,2974977988,438775617,EVT-FC-ACNE-50,NOT_AVAILABLE,NOT_AVAILABLE,-8.27,RUB,/v1/finance/accrual/by-day,raw/backfill_v1/finance/accrual_by_day_20260817.json
2026-08-17,60033723768,32,Логистика,POSTING,85223382-0071-1,posting_number,85223382-0071-1,3543342130,535580776,EVT-EP-ENZYME-75,NOT_AVAILABLE,NOT_AVAILABLE,-71.0,RUB,/v1/finance/accrual/by-day,raw/backfill_v1/finance/accrual_by_day_20260817.json
2026-08-17,60033723768,29,Доставка до места выдачи,POSTING,85223382-0071-1,posting_number,85223382-0071-1,3543342130,535580776,EVT-EP-ENZYME-75,NOT_AVAILABLE,NOT_AVAILABLE,-12.07,RUB,/v1/finance/accrual/by-day,raw/backfill_v1/finance/accrual_by_day_20260817.json
2026-08-17,60036925343,1,Эквайринг,ITEM,85223382-0071-1,order_or_item_ref,,3543342130,535580776,EVT-EP-ENZYME-75,NOT_AVAILABLE,NOT_AVAILABLE,-6.7,RUB,/v1/finance/accrual/by-day,raw/backfill_v1/finance/accrual_by_day_20260817.json
2026-08-17,60038508739,32,Логистика,POSTING,33084752-0122-3,posting_number,33084752-0122-3,3732641694,567668635,EVT-SET-SER-CREAM-ACNE,NOT_AVAILABLE,NOT_AVAILABLE,-71.0,RUB,/v1/finance/accrual/by-day,raw/backfill_v1/finance/accrual_by_day_20260817.json
2026-08-17,60038508739,29,Доставка до места выдачи,POSTING,33084752-0122-3,posting_number,33084752-0122-3,3732641694,567668635,EVT-SET-SER-CREAM-ACNE,NOT_AVAILABLE,NOT_AVAILABLE,-8.79,RUB,/v1/finance/accrual/by-day,raw/backfill_v1/finance/accrual_by_day_20260817.json
2026-08-17,60059740596,32,Логистика,POSTING,0144640483-1277-1,posting_number,0144640483-1277-1,1994674912,305101361,EVT-FS-ACNE-30,NOT_AVAILABLE,NOT_AVAILABLE,-59.0,RUB,/v1/finance/accrual/by-day,raw/backfill_v1/finance/accrual_by_day_20260817.json
2026-08-17,60059740596,98,Доставка до места выдачи силами Ozon,POSTING,0144640483-1277-1,posting_number,0144640483-1277-1,1994674912,305101361,EVT-FS-ACNE-30,NOT_AVAILABLE,NOT_AVAILABLE,-25.0,RUB,/v1/finance/accrual/by-day,raw/backfill_v1/finance/accrual_by_day_20260817.json
2026-08-17,60063512076,1,Эквайринг,ITEM,0144640483-1277-1,order_or_item_ref,,1994674912,305101361,EVT-FS-ACNE-30,NOT_AVAILABLE,NOT_AVAILABLE,-8.31,RUB,/v1/finance/accrual/by-day,raw/backfill_v1/finance/accrual_by_day_20260817.json
2026-08-17,60083405019,1,Эквайринг,ITEM,0109917285-0093,order_or_item_ref,,1991772098,305101272,EVT-FS-MOIST-30,NOT_AVAILABLE,NOT_AVAILABLE,-7.58,RUB,/v1/finance/accrual/by-day,raw/backfill_v1/finance/accrual_by_day_20260817.json
2026-08-17,60087434820,1,Эквайринг,ITEM,0177187200-0263,order_or_item_ref,,3735674506,910584041,EVT-SET-TON-SER-CREAM-ACNE,NOT_AVAILABLE,NOT_AVAILABLE,-2.1,RUB,/v1/finance/accrual/by-day,raw/backfill_v1/finance/accrual_by_day_20260817.json
2026-08-17,60087539460,1,Эквайринг,ITEM,0231603643-0006,order_or_item_ref,,3930712640,593111985,EVT-HC-AMBER-300,NOT_AVAILABLE,NOT_AVAILABLE,-3.41,RUB,/v1/finance/accrual/by-day,raw/backfill_v1/finance/accrual_by_day_20260817.json
2026-08-17,60088248419,46,Размещение товаров на складах Ozon,NON_ITEM,,order_or_item_ref,,,,,NOT_AVAILABLE,NOT_AVAILABLE,-11.29,RUB,/v1/finance/accrual/by-day,raw/backfill_v1/finance/accrual_by_day_20260817.json
2026-08-17,60093309854,41,Оплата за клик,NON_ITEM,32158299,campaign_id,,,,,NOT_AVAILABLE,NOT_AVAILABLE,-256.87,RUB,/v1/finance/accrual/by-day,raw/backfill_v1/finance/accrual_by_day_20260817.json
2026-08-17,60093309855,41,Оплата за клик,NON_ITEM,32158176,campaign_id,,,,,NOT_AVAILABLE,NOT_AVAILABLE,-68.79,RUB,/v1/finance/accrual/by-day,raw/backfill_v1/finance/accrual_by_day_20260817.json
2026-08-17,60093309856,41,Оплата за клик,NON_ITEM,32157947,campaign_id,,,,,NOT_AVAILABLE,NOT_AVAILABLE,-718.92,RUB,/v1/finance/accrual/by-day,raw/backfill_v1/finance/accrual_by_day_20260817.json
2026-08-17,60093309857,41,Оплата за клик,NON_ITEM,32157965,campaign_id,,,,,NOT_AVAILABLE,NOT_AVAILABLE,-132.96,RUB,/v1/finance/accrual/by-day,raw/backfill_v1/finance/accrual_by_day_20260817.json
2026-08-17,60093309858,41,Оплата за клик,NON_ITEM,32157919,campaign_id,,,,,NOT_AVAILABLE,NOT_AVAILABLE,-38.37,RUB,/v1/finance/accrual/by-day,raw/backfill_v1/finance/accrual_by_day_20260817.json
2026-08-17,60093309950,41,Оплата за клик,NON_ITEM,33703975,campaign_id,,,,,NOT_AVAILABLE,NOT_AVAILABLE,-65.36,RUB,/v1/finance/accrual/by-day,raw/backfill_v1/finance/accrual_by_day_20260817.json
2026-08-17,60093309951,41,Оплата за клик,NON_ITEM,33678331,campaign_id,,,,,NOT_AVAILABLE,NOT_AVAILABLE,-134.3,RUB,/v1/finance/accrual/by-day,raw/backfill_v1/finance/accrual_by_day_20260817.json
2026-08-17,60093309952,41,Оплата за клик,NON_ITEM,33678288,campaign_id,,,,,NOT_AVAILABLE,NOT_AVAILABLE,-61.09,RUB,/v1/finance/accrual/by-day,raw/backfill_v1/finance/accrual_by_day_20260817.json
2026-08-17,60093309953,41,Оплата за клик,NON_ITEM,33678192,campaign_id,,,,,NOT_AVAILABLE,NOT_AVAILABLE,-85.75,RUB,/v1/finance/accrual/by-day,raw/backfill_v1/finance/accrual_by_day_20260817.json
2026-08-17,60093309983,54,Продвижение товара,NON_ITEM,14503166,campaign_id,,,,,NOT_AVAILABLE,NOT_AVAILABLE,-119.2,RUB,/v1/finance/accrual/by-day,raw/backfill_v1/finance/accrual_by_day_20260817.json
2026-08-18,60090177517,76,Страхование товара от массовых повреждений,NON_ITEM,,order_or_item_ref,,,,,NOT_AVAILABLE,NOT_AVAILABLE,-13.78,RUB,/v1/finance/accrual/by-day,raw/backfill_v1/finance/accrual_by_day_20260818.json
2026-08-18,60110856522,32,Логистика,POSTING,0130572096-0432-1,posting_number,0130572096-0432-1,3892345516,930334395,EVT-SET-HAND-CHERRY,NOT_AVAILABLE,NOT_AVAILABLE,-79.0,RUB,/v1/finance/accrual/by-day,raw/backfill_v1/finance/accrual_by_day_20260818.json
2026-08-18,60110856523,59,Обратная логистика,POSTING,0130572096-0432-1,posting_number,0130572096-0432-1,3892345516,930334395,EVT-SET-HAND-CHERRY,NOT_AVAILABLE,NOT_AVAILABLE,-76.0,RUB,/v1/finance/accrual/by-day,raw/backfill_v1/finance/accrual_by_day_20260818.json
2026-08-18,60114363826,1,Эквайринг,ITEM,40042682-0146,order_or_item_ref,,3892410843,930334396,EVT-SET-HAND-AMBER,NOT_AVAILABLE,NOT_AVAILABLE,-9.06,RUB,/v1/finance/accrual/by-day,raw/backfill_v1/finance/accrual_by_day_20260818.json
2026-08-18,60162002974,32,Логистика,POSTING,0214571384-0132-1,posting_number,0214571384-0132-1,2974977988,438775617,EVT-FC-ACNE-50,NOT_AVAILABLE,NOT_AVAILABLE,-66.0,RUB,/v1/finance/accrual/by-day,raw/backfill_v1/finance/accrual_by_day_20260818.json
2026-08-18,60162002974,98,Доставка до места выдачи силами Ozon,POSTING,0214571384-0132-1,posting_number,0214571384-0132-1,2974977988,438775617,EVT-FC-ACNE-50,NOT_AVAILABLE,NOT_AVAILABLE,-25.0,RUB,/v1/finance/accrual/by-day,raw/backfill_v1/finance/accrual_by_day_20260818.json
2026-08-18,60197241059,46,Размещение товаров на складах Ozon,NON_ITEM,,order_or_item_ref,,,,,NOT_AVAILABLE,NOT_AVAILABLE,-43.97,RUB,/v1/finance/accrual/by-day,raw/backfill_v1/finance/accrual_by_day_20260818.json
2026-08-18,60202609099,41,Оплата за клик,NON_ITEM,33703975,campaign_id,,,,,NOT_AVAILABLE,NOT_AVAILABLE,-34.04,RUB,/v1/finance/accrual/by-day,raw/backfill_v1/finance/accrual_by_day_20260818.json
2026-08-18,60202609100,41,Оплата за клик,NON_ITEM,33678288,campaign_id,,,,,NOT_AVAILABLE,NOT_AVAILABLE,-28.99,RUB,/v1/finance/accrual/by-day,raw/backfill_v1/finance/accrual_by_day_20260818.json
2026-08-18,60202609141,41,Оплата за клик,NON_ITEM,33678331,campaign_id,,,,,NOT_AVAILABLE,NOT_AVAILABLE,-170.27,RUB,/v1/finance/accrual/by-day,raw/backfill_v1/finance/accrual_by_day_20260818.json
2026-08-18,60202609142,41,Оплата за клик,NON_ITEM,33678192,campaign_id,,,,,NOT_AVAILABLE,NOT_AVAILABLE,-94.61,RUB,/v1/finance/accrual/by-day,raw/backfill_v1/finance/accrual_by_day_20260818.json
2026-08-18,60202609147,41,Оплата за клик,NON_ITEM,32158299,campaign_id,,,,,NOT_AVAILABLE,NOT_AVAILABLE,-162.52,RUB,/v1/finance/accrual/by-day,raw/backfill_v1/finance/accrual_by_day_20260818.json
2026-08-18,60202609148,41,Оплата за клик,NON_ITEM,32158176,campaign_id,,,,,NOT_AVAILABLE,NOT_AVAILABLE,-131.42,RUB,/v1/finance/accrual/by-day,raw/backfill_v1/finance/accrual_by_day_20260818.json
2026-08-18,60202609149,41,Оплата за клик,NON_ITEM,32157965,campaign_id,,,,,NOT_AVAILABLE,NOT_AVAILABLE,-138.47,RUB,/v1/finance/accrual/by-day,raw/backfill_v1/finance/accrual_by_day_20260818.json
2026-08-18,60202609150,41,Оплата за клик,NON_ITEM,32157947,campaign_id,,,,,NOT_AVAILABLE,NOT_AVAILABLE,-509.45,RUB,/v1/finance/accrual/by-day,raw/backfill_v1/finance/accrual_by_day_20260818.json
2026-08-18,60202609151,41,Оплата за клик,NON_ITEM,32157919,campaign_id,,,,,NOT_AVAILABLE,NOT_AVAILABLE,-32.47,RUB,/v1/finance/accrual/by-day,raw/backfill_v1/finance/accrual_by_day_20260818.json
2026-08-19,60199563317,76,Страхование товара от массовых повреждений,NON_ITEM,,order_or_item_ref,,,,,NOT_AVAILABLE,NOT_AVAILABLE,-13.46,RUB,/v1/finance/accrual/by-day,raw/backfill_v1/finance/accrual_by_day_20260819.json
2026-08-19,60223445291,32,Логистика,POSTING,0105722714-0024-1,posting_number,0105722714-0024-1,3530427102,535581675,EVT-FT-ACNE-150,NOT_AVAILABLE,NOT_AVAILABLE,-66.0,RUB,/v1/finance/accrual/by-day,raw/backfill_v1/finance/accrual_by_day_20260819.json
2026-08-19,60223445291,29,Доставка до места выдачи,POSTING,0105722714-0024-1,posting_number,0105722714-0024-1,3530427102,535581675,EVT-FT-ACNE-150,NOT_AVAILABLE,NOT_AVAILABLE,-12.63,RUB,/v1/finance/accrual/by-day,raw/backfill_v1/finance/accrual_by_day_20260819.json
2026-08-19,60230101729,32,Логистика,POSTING,56465299-1715-1,posting_number,56465299-1715-1,2974977988,438775617,EVT-FC-ACNE-50,NOT_AVAILABLE,NOT_AVAILABLE,-73.0,RUB,/v1/finance/accrual/by-day,raw/backfill_v1/finance/accrual_by_day_20260819.json
2026-08-19,60230101729,29,Доставка до места выдачи,POSTING,56465299-1715-1,posting_number,56465299-1715-1,2974977988,438775617,EVT-FC-ACNE-50,NOT_AVAILABLE,NOT_AVAILABLE,-13.67,RUB,/v1/finance/accrual/by-day,raw/backfill_v1/finance/accrual_by_day_20260819.json
2026-08-19,60230835349,1,Эквайринг,ITEM,67879944-0184,order_or_item_ref,,3733452761,868597351,EVT-SET-4PC-ACNE,NOT_AVAILABLE,NOT_AVAILABLE,-24.45,RUB,/v1/finance/accrual/by-day,raw/backfill_v1/finance/accrual_by_day_20260819.json
2026-08-19,60232380209,1,Эквайринг,ITEM,56465299-1715-1,order_or_item_ref,,2974977988,438775617,EVT-FC-ACNE-50,NOT_AVAILABLE,NOT_AVAILABLE,-9.86,RUB,/v1/finance/accrual/by-day,raw/backfill_v1/finance/accrual_by_day_20260819.json
2026-08-19,60236723154,1,Эквайринг,ITEM,65377661-0395,order_or_item_ref,,4843362212,1083392113,EVT-SET-ACNE-TONIC-SERUM,NOT_AVAILABLE,NOT_AVAILABLE,-10.62,RUB,/v1/finance/accrual/by-day,raw/backfill_v1/finance/accrual_by_day_20260819.json
2026-08-19,60252508682,32,Логистика,POSTING,74808536-0264-1,posting_number,74808536-0264-1,1997079254,252442517,EVT-HC-HAND-300,NOT_AVAILABLE,NOT_AVAILABLE,-74.0,RUB,/v1/finance/accrual/by-day,raw/backfill_v1/finance/accrual_by_day_20260819.json
2026-08-19,60252508682,29,Доставка до места выдачи,POSTING,74808536-0264-1,posting_number,74808536-0264-1,1997079254,252442517,EVT-HC-HAND-300,NOT_AVAILABLE,NOT_AVAILABLE,-9.13,RUB,/v1/finance/accrual/by-day,raw/backfill_v1/finance/accrual_by_day_20260819.json
2026-08-19,60255374035,1,Эквайринг,ITEM,74808536-0264-1,order_or_item_ref,,1997079254,252442517,EVT-HC-HAND-300,NOT_AVAILABLE,NOT_AVAILABLE,-5.1,RUB,/v1/finance/accrual/by-day,raw/backfill_v1/finance/accrual_by_day_20260819.json
2026-08-19,60257813366,32,Логистика,POSTING,51216994-0149-1,posting_number,51216994-0149-1,3892518031,593111986,EVT-HC-CHERRY-300,NOT_AVAILABLE,NOT_AVAILABLE,-77.0,RUB,/v1/finance/accrual/by-day,raw/backfill_v1/finance/accrual_by_day_20260819.json
2026-08-19,60257813366,29,Доставка до места выдачи,POSTING,51216994-0149-1,posting_number,51216994-0149-1,3892518031,593111986,EVT-HC-CHERRY-300,NOT_AVAILABLE,NOT_AVAILABLE,-7.36,RUB,/v1/finance/accrual/by-day,raw/backfill_v1/finance/accrual_by_day_20260819.json
2026-08-19,60260899365,1,Эквайринг,ITEM,51216994-0149-1,order_or_item_ref,,3892518031,593111986,EVT-HC-CHERRY-300,NOT_AVAILABLE,NOT_AVAILABLE,-7.29,RUB,/v1/finance/accrual/by-day,raw/backfill_v1/finance/accrual_by_day_20260819.json
2026-08-19,60275010809,32,Логистика,POSTING,0177187200-0263-11,posting_number,0177187200-0263-11,3735674506,910584041,EVT-SET-TON-SER-CREAM-ACNE,NOT_AVAILABLE,NOT_AVAILABLE,-70.0,RUB,/v1/finance/accrual/by-day,raw/backfill_v1/finance/accrual_by_day_20260819.json
2026-08-19,60275010809,29,Доставка до места выдачи,POSTING,0177187200-0263-11,posting_number,0177187200-0263-11,3735674506,910584041,EVT-SET-TON-SER-CREAM-ACNE,NOT_AVAILABLE,NOT_AVAILABLE,-12.79,RUB,/v1/finance/accrual/by-day,raw/backfill_v1/finance/accrual_by_day_20260819.json
2026-08-19,60283184549,1,Эквайринг,ITEM,47187925-0009,order_or_item_ref,,3735674506,910584041,EVT-SET-TON-SER-CREAM-ACNE,NOT_AVAILABLE,NOT_AVAILABLE,-16.79,RUB,/v1/finance/accrual/by-day,raw/backfill_v1/finance/accrual_by_day_20260819.json
2026-08-19,60293514329,32,Логистика,POSTING,29739629-0172-1,posting_number,29739629-0172-1,3528293526,535581674,EVT-FT-MOIST-150,NOT_AVAILABLE,NOT_AVAILABLE,-64.0,RUB,/v1/finance/accrual/by-day,raw/backfill_v1/finance/accrual_by_day_20260819.json
2026-08-19,60293514329,29,Доставка до места выдачи,POSTING,29739629-0172-1,posting_number,29739629-0172-1,3528293526,535581674,EVT-FT-MOIST-150,NOT_AVAILABLE,NOT_AVAILABLE,-9.2,RUB,/v1/finance/accrual/by-day,raw/backfill_v1/finance/accrual_by_day_20260819.json
2026-08-19,60295906785,1,Эквайринг,ITEM,29739629-0172-1,order_or_item_ref,,3528293526,535581674,EVT-FT-MOIST-150,NOT_AVAILABLE,NOT_AVAILABLE,-6.93,RUB,/v1/finance/accrual/by-day,raw/backfill_v1/finance/accrual_by_day_20260819.json
2026-08-19,60300588587,116,Сбор первых отзывов,ITEM,0177187200-0263-11,order_or_item_ref,,3735674506,910584041,EVT-SET-TON-SER-CREAM-ACNE,NOT_AVAILABLE,NOT_AVAILABLE,-1651.88,RUB,/v1/finance/accrual/by-day,raw/backfill_v1/finance/accrual_by_day_20260819.json
2026-08-19,60302674776,46,Размещение товаров на складах Ozon,NON_ITEM,,order_or_item_ref,,,,,NOT_AVAILABLE,NOT_AVAILABLE,-39.97,RUB,/v1/finance/accrual/by-day,raw/backfill_v1/finance/accrual_by_day_20260819.json
2026-08-19,60308157907,41,Оплата за клик,NON_ITEM,32158176,campaign_id,,,,,NOT_AVAILABLE,NOT_AVAILABLE,-193.94,RUB,/v1/finance/accrual/by-day,raw/backfill_v1/finance/accrual_by_day_20260819.json
2026-08-19,60308157908,41,Оплата за клик,NON_ITEM,32157965,campaign_id,,,,,NOT_AVAILABLE,NOT_AVAILABLE,-100.26,RUB,/v1/finance/accrual/by-day,raw/backfill_v1/finance/accrual_by_day_20260819.json
2026-08-19,60308157909,41,Оплата за клик,NON_ITEM,32157919,campaign_id,,,,,NOT_AVAILABLE,NOT_AVAILABLE,-162.79,RUB,/v1/finance/accrual/by-day,raw/backfill_v1/finance/accrual_by_day_20260819.json
2026-08-19,60308157941,41,Оплата за клик,NON_ITEM,33703975,campaign_id,,,,,NOT_AVAILABLE,NOT_AVAILABLE,-13.77,RUB,/v1/finance/accrual/by-day,raw/backfill_v1/finance/accrual_by_day_20260819.json
2026-08-19,60308157942,41,Оплата за клик,NON_ITEM,33678288,campaign_id,,,,,NOT_AVAILABLE,NOT_AVAILABLE,-4.34,RUB,/v1/finance/accrual/by-day,raw/backfill_v1/finance/accrual_by_day_20260819.json
2026-08-19,60308157943,41,Оплата за клик,NON_ITEM,33678331,campaign_id,,,,,NOT_AVAILABLE,NOT_AVAILABLE,-125.65,RUB,/v1/finance/accrual/by-day,raw/backfill_v1/finance/accrual_by_day_20260819.json
2026-08-19,60308157944,41,Оплата за клик,NON_ITEM,33678192,campaign_id,,,,,NOT_AVAILABLE,NOT_AVAILABLE,-180.2,RUB,/v1/finance/accrual/by-day,raw/backfill_v1/finance/accrual_by_day_20260819.json
2026-08-20,60304626747,76,Страхование товара от массовых повреждений,NON_ITEM,,order_or_item_ref,,,,,NOT_AVAILABLE,NOT_AVAILABLE,-13.17,RUB,/v1/finance/accrual/by-day,raw/backfill_v1/finance/accrual_by_day_20260820.json
2026-08-20,60308051223,32,Логистика,POSTING,58739777-0002-21,posting_number,58739777-0002-21,3733452761,868597351,EVT-SET-4PC-ACNE,NOT_AVAILABLE,NOT_AVAILABLE,-117.0,RUB,/v1/finance/accrual/by-day,raw/backfill_v1/finance/accrual_by_day_20260820.json
2026-08-20,60308051223,29,Доставка до места выдачи,POSTING,58739777-0002-21,posting_number,58739777-0002-21,3733452761,868597351,EVT-SET-4PC-ACNE,NOT_AVAILABLE,NOT_AVAILABLE,-12.41,RUB,/v1/finance/accrual/by-day,raw/backfill_v1/finance/accrual_by_day_20260820.json
2026-08-20,60308728636,1,Эквайринг,ITEM,58739777-0002-21,order_or_item_ref,,3733452761,868597351,EVT-SET-4PC-ACNE,NOT_AVAILABLE,NOT_AVAILABLE,-28.07,RUB,/v1/finance/accrual/by-day,raw/backfill_v1/finance/accrual_by_day_20260820.json
2026-08-20,60324342919,32,Логистика,POSTING,0113334517-0245-1,posting_number,0113334517-0245-1,1991772098,305101272,EVT-FS-MOIST-30,NOT_AVAILABLE,NOT_AVAILABLE,-59.0,RUB,/v1/finance/accrual/by-day,raw/backfill_v1/finance/accrual_by_day_20260820.json
2026-08-20,60324342919,29,Доставка до места выдачи,POSTING,0113334517-0245-1,posting_number,0113334517-0245-1,1991772098,305101272,EVT-FS-MOIST-30,NOT_AVAILABLE,NOT_AVAILABLE,-5.81,RUB,/v1/finance/accrual/by-day,raw/backfill_v1/finance/accrual_by_day_20260820.json
2026-08-20,60326287410,1,Эквайринг,ITEM,0113334517-0245-1,order_or_item_ref,,1991772098,305101272,EVT-FS-MOIST-30,NOT_AVAILABLE,NOT_AVAILABLE,-7.62,RUB,/v1/finance/accrual/by-day,raw/backfill_v1/finance/accrual_by_day_20260820.json
2026-08-20,60330825271,1,Эквайринг,ITEM,0105883992-0314,order_or_item_ref,,2974977988,438775617,EVT-FC-ACNE-50,NOT_AVAILABLE,NOT_AVAILABLE,-8.84,RUB,/v1/finance/accrual/by-day,raw/backfill_v1/finance/accrual_by_day_20260820.json
2026-08-20,60336052430,32,Логистика,POSTING,0148448494-0041-1,posting_number,0148448494-0041-1,3530427102,535581675,EVT-FT-ACNE-150,NOT_AVAILABLE,NOT_AVAILABLE,-64.0,RUB,/v1/finance/accrual/by-day,raw/backfill_v1/finance/accrual_by_day_20260820.json
2026-08-20,60336052430,29,Доставка до места выдачи,POSTING,0148448494-0041-1,posting_number,0148448494-0041-1,3530427102,535581675,EVT-FT-ACNE-150,NOT_AVAILABLE,NOT_AVAILABLE,-8.1,RUB,/v1/finance/accrual/by-day,raw/backfill_v1/finance/accrual_by_day_20260820.json
2026-08-20,60338595473,1,Эквайринг,ITEM,0148448494-0041-1,order_or_item_ref,,3530427102,535581675,EVT-FT-ACNE-150,NOT_AVAILABLE,NOT_AVAILABLE,-4.87,RUB,/v1/finance/accrual/by-day,raw/backfill_v1/finance/accrual_by_day_20260820.json
2026-08-20,60351216690,32,Логистика,POSTING,0183342354-0216-1,posting_number,0183342354-0216-1,1994674912,305101361,EVT-FS-ACNE-30,NOT_AVAILABLE,NOT_AVAILABLE,-65.0,RUB,/v1/finance/accrual/by-day,raw/backfill_v1/finance/accrual_by_day_20260820.json
2026-08-20,60351216691,59,Обратная логистика,POSTING,0183342354-0216-1,posting_number,0183342354-0216-1,1994674912,305101361,EVT-FS-ACNE-30,NOT_AVAILABLE,NOT_AVAILABLE,-56.0,RUB,/v1/finance/accrual/by-day,raw/backfill_v1/finance/accrual_by_day_20260820.json
2026-08-20,60351366132,29,Доставка до места выдачи,POSTING,0183342354-0216-1,posting_number,0183342354-0216-1,1994674912,305101361,EVT-FS-ACNE-30,NOT_AVAILABLE,NOT_AVAILABLE,-8.92,RUB,/v1/finance/accrual/by-day,raw/backfill_v1/finance/accrual_by_day_20260820.json
2026-08-20,60358846280,32,Логистика,POSTING,38095424-0031-1,posting_number,38095424-0031-1,3530427102,535581675,EVT-FT-ACNE-150,NOT_AVAILABLE,NOT_AVAILABLE,-66.0,RUB,/v1/finance/accrual/by-day,raw/backfill_v1/finance/accrual_by_day_20260820.json
2026-08-20,60358846280,29,Доставка до места выдачи,POSTING,38095424-0031-1,posting_number,38095424-0031-1,3530427102,535581675,EVT-FT-ACNE-150,NOT_AVAILABLE,NOT_AVAILABLE,-6.26,RUB,/v1/finance/accrual/by-day,raw/backfill_v1/finance/accrual_by_day_20260820.json
2026-08-20,60360532066,1,Эквайринг,ITEM,31277213-0625,order_or_item_ref,,3530427102,535581675,EVT-FT-ACNE-150,NOT_AVAILABLE,NOT_AVAILABLE,-2.04,RUB,/v1/finance/accrual/by-day,raw/backfill_v1/finance/accrual_by_day_20260820.json
2026-08-20,60362034795,1,Эквайринг,ITEM,38095424-0031-1,order_or_item_ref,,3530427102,535581675,EVT-FT-ACNE-150,NOT_AVAILABLE,NOT_AVAILABLE,-7.58,RUB,/v1/finance/accrual/by-day,raw/backfill_v1/finance/accrual_by_day_20260820.json
2026-08-20,60364108932,32,Логистика,POSTING,0248234521-0019-1,posting_number,0248234521-0019-1,1994674912,305101361,EVT-FS-ACNE-30,NOT_AVAILABLE,NOT_AVAILABLE,-61.0,RUB,/v1/finance/accrual/by-day,raw/backfill_v1/finance/accrual_by_day_20260820.json
2026-08-20,60364108932,29,Доставка до места выдачи,POSTING,0248234521-0019-1,posting_number,0248234521-0019-1,1994674912,305101361,EVT-FS-ACNE-30,NOT_AVAILABLE,NOT_AVAILABLE,-11.01,RUB,/v1/finance/accrual/by-day,raw/backfill_v1/finance/accrual_by_day_20260820.json
2026-08-20,60367488551,1,Эквайринг,ITEM,0248234521-0019-1,order_or_item_ref,,1994674912,305101361,EVT-FS-ACNE-30,NOT_AVAILABLE,NOT_AVAILABLE,-9.1,RUB,/v1/finance/accrual/by-day,raw/backfill_v1/finance/accrual_by_day_20260820.json
2026-08-20,60376354416,32,Логистика,POSTING,76317668-0110-1,posting_number,76317668-0110-1,1997079254,252442517,EVT-HC-HAND-300,NOT_AVAILABLE,NOT_AVAILABLE,-77.0,RUB,/v1/finance/accrual/by-day,raw/backfill_v1/finance/accrual_by_day_20260820.json
2026-08-20,60376354416,29,Доставка до места выдачи,POSTING,76317668-0110-1,posting_number,76317668-0110-1,1997079254,252442517,EVT-HC-HAND-300,NOT_AVAILABLE,NOT_AVAILABLE,-8.54,RUB,/v1/finance/accrual/by-day,raw/backfill_v1/finance/accrual_by_day_20260820.json
2026-08-20,60376375093,32,Логистика,POSTING,76317668-0110-3,posting_number,76317668-0110-3,3892345516,930334395,EVT-SET-HAND-CHERRY,NOT_AVAILABLE,NOT_AVAILABLE,-85.0,RUB,/v1/finance/accrual/by-day,raw/backfill_v1/finance/accrual_by_day_20260820.json
2026-08-20,60376375093,29,Доставка до места выдачи,POSTING,76317668-0110-3,posting_number,76317668-0110-3,3892345516,930334395,EVT-SET-HAND-CHERRY,NOT_AVAILABLE,NOT_AVAILABLE,-8.54,RUB,/v1/finance/accrual/by-day,raw/backfill_v1/finance/accrual_by_day_20260820.json
2026-08-20,60379764259,1,Эквайринг,ITEM,76317668-0110-1,order_or_item_ref,,1997079254,252442517,EVT-HC-HAND-300,NOT_AVAILABLE,NOT_AVAILABLE,-6.42,RUB,/v1/finance/accrual/by-day,raw/backfill_v1/finance/accrual_by_day_20260820.json
2026-08-20,60379764261,1,Эквайринг,ITEM,76317668-0110-3,order_or_item_ref,,3892345516,930334395,EVT-SET-HAND-CHERRY,NOT_AVAILABLE,NOT_AVAILABLE,-14.93,RUB,/v1/finance/accrual/by-day,raw/backfill_v1/finance/accrual_by_day_20260820.json
2026-08-20,60390618499,32,Логистика,POSTING,82007149-0827-1,posting_number,82007149-0827-1,3528293526,535581674,EVT-FT-MOIST-150,NOT_AVAILABLE,NOT_AVAILABLE,-72.0,RUB,/v1/finance/accrual/by-day,raw/backfill_v1/finance/accrual_by_day_20260820.json
2026-08-20,60390618499,29,Доставка до места выдачи,POSTING,82007149-0827-1,posting_number,82007149-0827-1,3528293526,535581674,EVT-FT-MOIST-150,NOT_AVAILABLE,NOT_AVAILABLE,-9.79,RUB,/v1/finance/accrual/by-day,raw/backfill_v1/finance/accrual_by_day_20260820.json
2026-08-20,60391021482,1,Эквайринг,ITEM,43300358-0341,order_or_item_ref,,3892223191,930334397,EVT-SET-CHERRY-AMBER,NOT_AVAILABLE,NOT_AVAILABLE,-1.17,RUB,/v1/finance/accrual/by-day,raw/backfill_v1/finance/accrual_by_day_20260820.json
2026-08-20,60394116621,1,Эквайринг,ITEM,82007149-0827-1,order_or_item_ref,,3528293526,535581674,EVT-FT-MOIST-150,NOT_AVAILABLE,NOT_AVAILABLE,-7.55,RUB,/v1/finance/accrual/by-day,raw/backfill_v1/finance/accrual_by_day_20260820.json
2026-08-20,60406292874,29,Доставка до места выдачи,POSTING,0177623884-0173-1,posting_number,0177623884-0173-1,3733947454,909951444,EVT-SET-ACNE-POWDER-SERUM-CREAM,NOT_AVAILABLE,NOT_AVAILABLE,-20.38,RUB,/v1/finance/accrual/by-day,raw/backfill_v1/finance/accrual_by_day_20260820.json
2026-08-20,60406493754,32,Логистика,POSTING,0177623884-0173-1,posting_number,0177623884-0173-1,3733947454,909951444,EVT-SET-ACNE-POWDER-SERUM-CREAM,NOT_AVAILABLE,NOT_AVAILABLE,-108.0,RUB,/v1/finance/accrual/by-day,raw/backfill_v1/finance/accrual_by_day_20260820.json
2026-08-20,60406493755,59,Обратная логистика,POSTING,0177623884-0173-1,posting_number,0177623884-0173-1,3733947454,909951444,EVT-SET-ACNE-POWDER-SERUM-CREAM,NOT_AVAILABLE,NOT_AVAILABLE,-67.0,RUB,/v1/finance/accrual/by-day,raw/backfill_v1/finance/accrual_by_day_20260820.json
2026-08-20,60407814114,32,Логистика,POSTING,86171999-0518-1,posting_number,86171999-0518-1,3892223191,930334397,EVT-SET-CHERRY-AMBER,NOT_AVAILABLE,NOT_AVAILABLE,-83.0,RUB,/v1/finance/accrual/by-day,raw/backfill_v1/finance/accrual_by_day_20260820.json
2026-08-20,60407814114,29,Доставка до места выдачи,POSTING,86171999-0518-1,posting_number,86171999-0518-1,3892223191,930334397,EVT-SET-CHERRY-AMBER,NOT_AVAILABLE,NOT_AVAILABLE,-8.79,RUB,/v1/finance/accrual/by-day,raw/backfill_v1/finance/accrual_by_day_20260820.json
2026-08-20,60409534108,1,Эквайринг,ITEM,25289427-0285,order_or_item_ref,,1997079254,252442517,EVT-HC-HAND-300,NOT_AVAILABLE,NOT_AVAILABLE,-5.94,RUB,/v1/finance/accrual/by-day,raw/backfill_v1/finance/accrual_by_day_20260820.json
2026-08-20,60412067758,46,Размещение товаров на складах Ozon,NON_ITEM,,order_or_item_ref,,,,,NOT_AVAILABLE,NOT_AVAILABLE,-35.99,RUB,/v1/finance/accrual/by-day,raw/backfill_v1/finance/accrual_by_day_20260820.json
2026-08-20,60417304287,54,Продвижение товара,NON_ITEM,14503166,campaign_id,,,,,NOT_AVAILABLE,NOT_AVAILABLE,-119.2,RUB,/v1/finance/accrual/by-day,raw/backfill_v1/finance/accrual_by_day_20260820.json
2026-08-20,60417304298,41,Оплата за клик,NON_ITEM,33678331,campaign_id,,,,,NOT_AVAILABLE,NOT_AVAILABLE,-271.68,RUB,/v1/finance/accrual/by-day,raw/backfill_v1/finance/accrual_by_day_20260820.json
2026-08-20,60417304299,41,Оплата за клик,NON_ITEM,33678192,campaign_id,,,,,NOT_AVAILABLE,NOT_AVAILABLE,-394.03,RUB,/v1/finance/accrual/by-day,raw/backfill_v1/finance/accrual_by_day_20260820.json
2026-08-20,60417304300,41,Оплата за клик,NON_ITEM,33703975,campaign_id,,,,,NOT_AVAILABLE,NOT_AVAILABLE,-30.05,RUB,/v1/finance/accrual/by-day,raw/backfill_v1/finance/accrual_by_day_20260820.json
2026-08-20,60417304302,41,Оплата за клик,NON_ITEM,33678288,campaign_id,,,,,NOT_AVAILABLE,NOT_AVAILABLE,-75.22,RUB,/v1/finance/accrual/by-day,raw/backfill_v1/finance/accrual_by_day_20260820.json
2026-08-20,60417304303,41,Оплата за клик,NON_ITEM,32158176,campaign_id,,,,,NOT_AVAILABLE,NOT_AVAILABLE,-125.71,RUB,/v1/finance/accrual/by-day,raw/backfill_v1/finance/accrual_by_day_20260820.json
2026-08-20,60417304304,41,Оплата за клик,NON_ITEM,32157947,campaign_id,,,,,NOT_AVAILABLE,NOT_AVAILABLE,-5.02,RUB,/v1/finance/accrual/by-day,raw/backfill_v1/finance/accrual_by_day_20260820.json
2026-08-20,60417304305,41,Оплата за клик,NON_ITEM,32157988,campaign_id,,,,,NOT_AVAILABLE,NOT_AVAILABLE,-281.96,RUB,/v1/finance/accrual/by-day,raw/backfill_v1/finance/accrual_by_day_20260820.json
2026-08-20,60417304306,41,Оплата за клик,NON_ITEM,32157965,campaign_id,,,,,NOT_AVAILABLE,NOT_AVAILABLE,-272.48,RUB,/v1/finance/accrual/by-day,raw/backfill_v1/finance/accrual_by_day_20260820.json
2026-08-20,60417304307,41,Оплата за клик,NON_ITEM,32157919,campaign_id,,,,,NOT_AVAILABLE,NOT_AVAILABLE,-121.13,RUB,/v1/finance/accrual/by-day,raw/backfill_v1/finance/accrual_by_day_20260820.json
2026-08-20,60417304308,41,Оплата за клик,NON_ITEM,32157891,campaign_id,,,,,NOT_AVAILABLE,NOT_AVAILABLE,-105.44,RUB,/v1/finance/accrual/by-day,raw/backfill_v1/finance/accrual_by_day_20260820.json
2026-08-21,60412799766,1,Эквайринг,ITEM,77152971-0050,order_or_item_ref,,3892410843,930334396,EVT-SET-HAND-AMBER,NOT_AVAILABLE,NOT_AVAILABLE,-24.89,RUB,/v1/finance/accrual/by-day,raw/backfill_v1/finance/accrual_by_day_20260821.json
2026-08-21,60413401884,76,Страхование товара от массовых повреждений,NON_ITEM,,order_or_item_ref,,,,,NOT_AVAILABLE,NOT_AVAILABLE,-12.79,RUB,/v1/finance/accrual/by-day,raw/backfill_v1/finance/accrual_by_day_20260821.json
2026-08-21,60440125152,1,Эквайринг,ITEM,0198345921-0130,order_or_item_ref,,3530427102,535581675,EVT-FT-ACNE-150,NOT_AVAILABLE,NOT_AVAILABLE,-5.74,RUB,/v1/finance/accrual/by-day,raw/backfill_v1/finance/accrual_by_day_20260821.json
2026-08-21,60441411178,38,Обеспечение материалами для упаковки товара,ITEM,0150550808-0052-1,order_or_item_ref,,3735674506,910584041,EVT-SET-TON-SER-CREAM-ACNE,NOT_AVAILABLE,NOT_AVAILABLE,-5.0,RUB,/v1/finance/accrual/by-day,raw/backfill_v1/finance/accrual_by_day_20260821.json
2026-08-21,60441411179,39,Упаковка товара партнёрами,ITEM,0150550808-0052-1,order_or_item_ref,,3735674506,910584041,EVT-SET-TON-SER-CREAM-ACNE,NOT_AVAILABLE,NOT_AVAILABLE,-10.0,RUB,/v1/finance/accrual/by-day,raw/backfill_v1/finance/accrual_by_day_20260821.json
2026-08-21,60444327559,32,Логистика,POSTING,0137845692-0179-1,posting_number,0137845692-0179-1,1991772098,305101272,EVT-FS-MOIST-30,NOT_AVAILABLE,NOT_AVAILABLE,-59.0,RUB,/v1/finance/accrual/by-day,raw/backfill_v1/finance/accrual_by_day_20260821.json
2026-08-21,60444327559,98,Доставка до места выдачи силами Ozon,POSTING,0137845692-0179-1,posting_number,0137845692-0179-1,1991772098,305101272,EVT-FS-MOIST-30,NOT_AVAILABLE,NOT_AVAILABLE,-25.0,RUB,/v1/finance/accrual/by-day,raw/backfill_v1/finance/accrual_by_day_20260821.json
2026-08-21,60452534886,32,Логистика,POSTING,47187925-0009-1,posting_number,47187925-0009-1,3735674506,910584041,EVT-SET-TON-SER-CREAM-ACNE,NOT_AVAILABLE,NOT_AVAILABLE,-70.0,RUB,/v1/finance/accrual/by-day,raw/backfill_v1/finance/accrual_by_day_20260821.json
2026-08-21,60452534886,29,Доставка до места выдачи,POSTING,47187925-0009-1,posting_number,47187925-0009-1,3735674506,910584041,EVT-SET-TON-SER-CREAM-ACNE,NOT_AVAILABLE,NOT_AVAILABLE,-10.14,RUB,/v1/finance/accrual/by-day,raw/backfill_v1/finance/accrual_by_day_20260821.json
2026-08-21,60453216341,32,Логистика,POSTING,05429545-0317-1,posting_number,05429545-0317-1,3543342130,535580776,EVT-EP-ENZYME-75,NOT_AVAILABLE,NOT_AVAILABLE,-66.0,RUB,/v1/finance/accrual/by-day,raw/backfill_v1/finance/accrual_by_day_20260821.json
2026-08-21,60453216341,29,Доставка до места выдачи,POSTING,05429545-0317-1,posting_number,05429545-0317-1,3543342130,535580776,EVT-EP-ENZYME-75,NOT_AVAILABLE,NOT_AVAILABLE,-9.64,RUB,/v1/finance/accrual/by-day,raw/backfill_v1/finance/accrual_by_day_20260821.json
2026-08-21,60456029843,1,Эквайринг,ITEM,05429545-0317-1,order_or_item_ref,,3543342130,535580776,EVT-EP-ENZYME-75,NOT_AVAILABLE,NOT_AVAILABLE,-5.77,RUB,/v1/finance/accrual/by-day,raw/backfill_v1/finance/accrual_by_day_20260821.json
2026-08-21,60456727099,32,Логистика,POSTING,0231603643-0006-1,posting_number,0231603643-0006-1,3930712640,593111985,EVT-HC-AMBER-300,NOT_AVAILABLE,NOT_AVAILABLE,-77.0,RUB,/v1/finance/accrual/by-day,raw/backfill_v1/finance/accrual_by_day_20260821.json
2026-08-21,60456727099,98,Доставка до места выдачи силами Ozon,POSTING,0231603643-0006-1,posting_number,0231603643-0006-1,3930712640,593111985,EVT-HC-AMBER-300,NOT_AVAILABLE,NOT_AVAILABLE,-25.0,RUB,/v1/finance/accrual/by-day,raw/backfill_v1/finance/accrual_by_day_20260821.json
2026-08-21,60458416321,32,Логистика,POSTING,58218201-0094-2,posting_number,58218201-0094-2,3735674506,910584041,EVT-SET-TON-SER-CREAM-ACNE,NOT_AVAILABLE,NOT_AVAILABLE,-81.0,RUB,/v1/finance/accrual/by-day,raw/backfill_v1/finance/accrual_by_day_20260821.json
2026-08-21,60458416321,29,Доставка до места выдачи,POSTING,58218201-0094-2,posting_number,58218201-0094-2,3735674506,910584041,EVT-SET-TON-SER-CREAM-ACNE,NOT_AVAILABLE,NOT_AVAILABLE,-5.92,RUB,/v1/finance/accrual/by-day,raw/backfill_v1/finance/accrual_by_day_20260821.json
2026-08-21,60461168802,1,Эквайринг,ITEM,58218201-0094-2,order_or_item_ref,,3735674506,910584041,EVT-SET-TON-SER-CREAM-ACNE,NOT_AVAILABLE,NOT_AVAILABLE,-9.82,RUB,/v1/finance/accrual/by-day,raw/backfill_v1/finance/accrual_by_day_20260821.json
2026-08-21,60470425665,32,Логистика,POSTING,15126239-0026-1,posting_number,15126239-0026-1,3930712640,593111985,EVT-HC-AMBER-300,NOT_AVAILABLE,NOT_AVAILABLE,-77.0,RUB,/v1/finance/accrual/by-day,raw/backfill_v1/finance/accrual_by_day_20260821.json
2026-08-21,60470425665,29,Доставка до места выдачи,POSTING,15126239-0026-1,posting_number,15126239-0026-1,3930712640,593111985,EVT-HC-AMBER-300,NOT_AVAILABLE,NOT_AVAILABLE,-9.88,RUB,/v1/finance/accrual/by-day,raw/backfill_v1/finance/accrual_by_day_20260821.json
2026-08-21,60473605028,1,Эквайринг,ITEM,15126239-0026-1,order_or_item_ref,,3930712640,593111985,EVT-HC-AMBER-300,NOT_AVAILABLE,NOT_AVAILABLE,-7.04,RUB,/v1/finance/accrual/by-day,raw/backfill_v1/finance/accrual_by_day_20260821.json
2026-08-21,60475281451,32,Логистика,POSTING,43300358-0341-1,posting_number,43300358-0341-1,3892223191,930334397,EVT-SET-CHERRY-AMBER,NOT_AVAILABLE,NOT_AVAILABLE,-75.0,RUB,/v1/finance/accrual/by-day,raw/backfill_v1/finance/accrual_by_day_20260821.json
2026-08-21,60475281451,29,Доставка до места выдачи,POSTING,43300358-0341-1,posting_number,43300358-0341-1,3892223191,930334397,EVT-SET-CHERRY-AMBER,NOT_AVAILABLE,NOT_AVAILABLE,-7.32,RUB,/v1/finance/accrual/by-day,raw/backfill_v1/finance/accrual_by_day_20260821.json
2026-08-21,60480407855,32,Логистика,POSTING,32147445-0711-1,posting_number,32147445-0711-1,3732641694,567668635,EVT-SET-SER-CREAM-ACNE,NOT_AVAILABLE,NOT_AVAILABLE,-72.0,RUB,/v1/finance/accrual/by-day,raw/backfill_v1/finance/accrual_by_day_20260821.json
2026-08-21,60480407855,29,Доставка до места выдачи,POSTING,32147445-0711-1,posting_number,32147445-0711-1,3732641694,567668635,EVT-SET-SER-CREAM-ACNE,NOT_AVAILABLE,NOT_AVAILABLE,-10.57,RUB,/v1/finance/accrual/by-day,raw/backfill_v1/finance/accrual_by_day_20260821.json
2026-08-21,60483252105,32,Логистика,POSTING,0105883992-0314-1,posting_number,0105883992-0314-1,2974977988,438775617,EVT-FC-ACNE-50,NOT_AVAILABLE,NOT_AVAILABLE,-72.0,RUB,/v1/finance/accrual/by-day,raw/backfill_v1/finance/accrual_by_day_20260821.json
2026-08-21,60483252105,29,Доставка до места выдачи,POSTING,0105883992-0314-1,posting_number,0105883992-0314-1,2974977988,438775617,EVT-FC-ACNE-50,NOT_AVAILABLE,NOT_AVAILABLE,-9.17,RUB,/v1/finance/accrual/by-day,raw/backfill_v1/finance/accrual_by_day_20260821.json
2026-08-21,60483769198,1,Эквайринг,ITEM,32147445-0711-1,order_or_item_ref,,3732641694,567668635,EVT-SET-SER-CREAM-ACNE,NOT_AVAILABLE,NOT_AVAILABLE,-15.88,RUB,/v1/finance/accrual/by-day,raw/backfill_v1/finance/accrual_by_day_20260821.json
2026-08-21,60485633865,32,Логистика,POSTING,60089518-0388-1,posting_number,60089518-0388-1,3528293526,535581674,EVT-FT-MOIST-150,NOT_AVAILABLE,NOT_AVAILABLE,-73.0,RUB,/v1/finance/accrual/by-day,raw/backfill_v1/finance/accrual_by_day_20260821.json
2026-08-21,60485633865,29,Доставка до места выдачи,POSTING,60089518-0388-1,posting_number,60089518-0388-1,3528293526,535581674,EVT-FT-MOIST-150,NOT_AVAILABLE,NOT_AVAILABLE,-7.73,RUB,/v1/finance/accrual/by-day,raw/backfill_v1/finance/accrual_by_day_20260821.json
2026-08-21,60489062566,1,Эквайринг,ITEM,60089518-0388-1,order_or_item_ref,,3528293526,535581674,EVT-FT-MOIST-150,NOT_AVAILABLE,NOT_AVAILABLE,-6.77,RUB,/v1/finance/accrual/by-day,raw/backfill_v1/finance/accrual_by_day_20260821.json
2026-08-21,60516720799,32,Логистика,POSTING,35321171-0289-6,posting_number,35321171-0289-6,1994674912,305101361,EVT-FS-ACNE-30,NOT_AVAILABLE,NOT_AVAILABLE,-60.0,RUB,/v1/finance/accrual/by-day,raw/backfill_v1/finance/accrual_by_day_20260821.json
2026-08-21,60516720799,29,Доставка до места выдачи,POSTING,35321171-0289-6,posting_number,35321171-0289-6,1994674912,305101361,EVT-FS-ACNE-30,NOT_AVAILABLE,NOT_AVAILABLE,-10.75,RUB,/v1/finance/accrual/by-day,raw/backfill_v1/finance/accrual_by_day_20260821.json
2026-08-21,60516789759,32,Логистика,POSTING,35321171-0289-5,posting_number,35321171-0289-5,3735674506,910584041,EVT-SET-TON-SER-CREAM-ACNE,NOT_AVAILABLE,NOT_AVAILABLE,-77.0,RUB,/v1/finance/accrual/by-day,raw/backfill_v1/finance/accrual_by_day_20260821.json
2026-08-21,60516789759,29,Доставка до места выдачи,POSTING,35321171-0289-5,posting_number,35321171-0289-5,3735674506,910584041,EVT-SET-TON-SER-CREAM-ACNE,NOT_AVAILABLE,NOT_AVAILABLE,-10.88,RUB,/v1/finance/accrual/by-day,raw/backfill_v1/finance/accrual_by_day_20260821.json
2026-08-21,60516824095,32,Логистика,POSTING,35321171-0289-11,posting_number,35321171-0289-11,3543342130,535580776,EVT-EP-ENZYME-75,NOT_AVAILABLE,NOT_AVAILABLE,-72.0,RUB,/v1/finance/accrual/by-day,raw/backfill_v1/finance/accrual_by_day_20260821.json
2026-08-21,60516824095,29,Доставка до места выдачи,POSTING,35321171-0289-11,posting_number,35321171-0289-11,3543342130,535580776,EVT-EP-ENZYME-75,NOT_AVAILABLE,NOT_AVAILABLE,-10.88,RUB,/v1/finance/accrual/by-day,raw/backfill_v1/finance/accrual_by_day_20260821.json
2026-08-21,60516882674,32,Логистика,POSTING,35321171-0289-2,posting_number,35321171-0289-2,2974977988,438775617,EVT-FC-ACNE-50,NOT_AVAILABLE,NOT_AVAILABLE,-72.0,RUB,/v1/finance/accrual/by-day,raw/backfill_v1/finance/accrual_by_day_20260821.json
2026-08-21,60516882674,29,Доставка до места выдачи,POSTING,35321171-0289-2,posting_number,35321171-0289-2,2974977988,438775617,EVT-FC-ACNE-50,NOT_AVAILABLE,NOT_AVAILABLE,-10.88,RUB,/v1/finance/accrual/by-day,raw/backfill_v1/finance/accrual_by_day_20260821.json
2026-08-21,60516894268,32,Логистика,POSTING,35321171-0289-15,posting_number,35321171-0289-15,3530427102,535581675,EVT-FT-ACNE-150,NOT_AVAILABLE,NOT_AVAILABLE,-72.0,RUB,/v1/finance/accrual/by-day,raw/backfill_v1/finance/accrual_by_day_20260821.json
2026-08-21,60516894268,29,Доставка до места выдачи,POSTING,35321171-0289-15,posting_number,35321171-0289-15,3530427102,535581675,EVT-FT-ACNE-150,NOT_AVAILABLE,NOT_AVAILABLE,-10.89,RUB,/v1/finance/accrual/by-day,raw/backfill_v1/finance/accrual_by_day_20260821.json
2026-08-21,60517428085,1,Эквайринг,ITEM,35321171-0289-11,order_or_item_ref,,3543342130,535580776,EVT-EP-ENZYME-75,NOT_AVAILABLE,NOT_AVAILABLE,-7.65,RUB,/v1/finance/accrual/by-day,raw/backfill_v1/finance/accrual_by_day_20260821.json
2026-08-21,60517428087,1,Эквайринг,ITEM,35321171-0289-15,order_or_item_ref,,3530427102,535581675,EVT-FT-ACNE-150,NOT_AVAILABLE,NOT_AVAILABLE,-7.53,RUB,/v1/finance/accrual/by-day,raw/backfill_v1/finance/accrual_by_day_20260821.json
2026-08-21,60517428088,1,Эквайринг,ITEM,35321171-0289-2,order_or_item_ref,,2974977988,438775617,EVT-FC-ACNE-50,NOT_AVAILABLE,NOT_AVAILABLE,-8.88,RUB,/v1/finance/accrual/by-day,raw/backfill_v1/finance/accrual_by_day_20260821.json
2026-08-21,60517428097,1,Эквайринг,ITEM,35321171-0289-5,order_or_item_ref,,3735674506,910584041,EVT-SET-TON-SER-CREAM-ACNE,NOT_AVAILABLE,NOT_AVAILABLE,-16.66,RUB,/v1/finance/accrual/by-day,raw/backfill_v1/finance/accrual_by_day_20260821.json
2026-08-21,60517428100,1,Эквайринг,ITEM,35321171-0289-6,order_or_item_ref,,1994674912,305101361,EVT-FS-ACNE-30,NOT_AVAILABLE,NOT_AVAILABLE,-9.29,RUB,/v1/finance/accrual/by-day,raw/backfill_v1/finance/accrual_by_day_20260821.json
2026-08-21,60517677033,1,Эквайринг,ITEM,0152159323-1117,order_or_item_ref,,2974977988,438775617,EVT-FC-ACNE-50,NOT_AVAILABLE,NOT_AVAILABLE,-10.13,RUB,/v1/finance/accrual/by-day,raw/backfill_v1/finance/accrual_by_day_20260821.json
2026-08-21,60519943744,46,Размещение товаров на складах Ozon,NON_ITEM,,order_or_item_ref,,,,,NOT_AVAILABLE,NOT_AVAILABLE,-30.16,RUB,/v1/finance/accrual/by-day,raw/backfill_v1/finance/accrual_by_day_20260821.json
2026-08-21,60525415994,41,Оплата за клик,NON_ITEM,32158176,campaign_id,,,,,NOT_AVAILABLE,NOT_AVAILABLE,-135.93,RUB,/v1/finance/accrual/by-day,raw/backfill_v1/finance/accrual_by_day_20260821.json
2026-08-21,60525415995,41,Оплата за клик,NON_ITEM,32157965,campaign_id,,,,,NOT_AVAILABLE,NOT_AVAILABLE,-103.74,RUB,/v1/finance/accrual/by-day,raw/backfill_v1/finance/accrual_by_day_20260821.json
2026-08-21,60525415996,41,Оплата за клик,NON_ITEM,32157988,campaign_id,,,,,NOT_AVAILABLE,NOT_AVAILABLE,-113.52,RUB,/v1/finance/accrual/by-day,raw/backfill_v1/finance/accrual_by_day_20260821.json
2026-08-21,60525415997,41,Оплата за клик,NON_ITEM,32157947,campaign_id,,,,,NOT_AVAILABLE,NOT_AVAILABLE,-3.46,RUB,/v1/finance/accrual/by-day,raw/backfill_v1/finance/accrual_by_day_20260821.json
2026-08-21,60525415998,41,Оплата за клик,NON_ITEM,32157919,campaign_id,,,,,NOT_AVAILABLE,NOT_AVAILABLE,-54.38,RUB,/v1/finance/accrual/by-day,raw/backfill_v1/finance/accrual_by_day_20260821.json
2026-08-21,60525415999,41,Оплата за клик,NON_ITEM,32157891,campaign_id,,,,,NOT_AVAILABLE,NOT_AVAILABLE,-152.41,RUB,/v1/finance/accrual/by-day,raw/backfill_v1/finance/accrual_by_day_20260821.json
2026-08-21,60525416064,41,Оплата за клик,NON_ITEM,33703975,campaign_id,,,,,NOT_AVAILABLE,NOT_AVAILABLE,-102.68,RUB,/v1/finance/accrual/by-day,raw/backfill_v1/finance/accrual_by_day_20260821.json
2026-08-21,60525416065,41,Оплата за клик,NON_ITEM,33678331,campaign_id,,,,,NOT_AVAILABLE,NOT_AVAILABLE,-158.99,RUB,/v1/finance/accrual/by-day,raw/backfill_v1/finance/accrual_by_day_20260821.json
2026-08-21,60525416066,41,Оплата за клик,NON_ITEM,33678288,campaign_id,,,,,NOT_AVAILABLE,NOT_AVAILABLE,-5.31,RUB,/v1/finance/accrual/by-day,raw/backfill_v1/finance/accrual_by_day_20260821.json
2026-08-21,60525416067,41,Оплата за клик,NON_ITEM,33678192,campaign_id,,,,,NOT_AVAILABLE,NOT_AVAILABLE,-143.65,RUB,/v1/finance/accrual/by-day,raw/backfill_v1/finance/accrual_by_day_20260821.json
2026-08-22,60521578598,76,Страхование товара от массовых повреждений,NON_ITEM,,order_or_item_ref,,,,,NOT_AVAILABLE,NOT_AVAILABLE,-12.47,RUB,/v1/finance/accrual/by-day,raw/backfill_v1/finance/accrual_by_day_20260822.json
2026-08-22,60542259737,116,Сбор первых отзывов,ITEM,43300358-0341-1,order_or_item_ref,,3892223191,930334397,EVT-SET-CHERRY-AMBER,NOT_AVAILABLE,NOT_AVAILABLE,-922.32,RUB,/v1/finance/accrual/by-day,raw/backfill_v1/finance/accrual_by_day_20260822.json
2026-08-22,60544333156,12,Кросс-докинг,NON_ITEM,2000060679496,order_or_item_ref,,,,,NOT_AVAILABLE,NOT_AVAILABLE,-912.8,RUB,/v1/finance/accrual/by-day,raw/backfill_v1/finance/accrual_by_day_20260822.json
2026-08-22,60547396906,1,Эквайринг,ITEM,69818289-0736,order_or_item_ref,,3930712640,593111985,EVT-HC-AMBER-300,NOT_AVAILABLE,NOT_AVAILABLE,-3.94,RUB,/v1/finance/accrual/by-day,raw/backfill_v1/finance/accrual_by_day_20260822.json
2026-08-22,60569681256,32,Логистика,POSTING,0109917285-0093-1,posting_number,0109917285-0093-1,1991772098,305101272,EVT-FS-MOIST-30,NOT_AVAILABLE,NOT_AVAILABLE,-65.0,RUB,/v1/finance/accrual/by-day,raw/backfill_v1/finance/accrual_by_day_20260822.json
2026-08-22,60569681256,29,Доставка до места выдачи,POSTING,0109917285-0093-1,posting_number,0109917285-0093-1,1991772098,305101272,EVT-FS-MOIST-30,NOT_AVAILABLE,NOT_AVAILABLE,-14.43,RUB,/v1/finance/accrual/by-day,raw/backfill_v1/finance/accrual_by_day_20260822.json
2026-08-22,60614818651,29,Доставка до места выдачи,POSTING,0150550808-0052-1,posting_number,0150550808-0052-1,3735674506,910584041,EVT-SET-TON-SER-CREAM-ACNE,NOT_AVAILABLE,NOT_AVAILABLE,-14.21,RUB,/v1/finance/accrual/by-day,raw/backfill_v1/finance/accrual_by_day_20260822.json
2026-08-22,60614818652,45,"Обработка возвратов, отмен и невыкупов партнёрами",POSTING,0150550808-0052-1,posting_number,0150550808-0052-1,3735674506,910584041,EVT-SET-TON-SER-CREAM-ACNE,NOT_AVAILABLE,NOT_AVAILABLE,-15.0,RUB,/v1/finance/accrual/by-day,raw/backfill_v1/finance/accrual_by_day_20260822.json
2026-08-22,60614908551,32,Логистика,POSTING,0150550808-0052-1,posting_number,0150550808-0052-1,3735674506,910584041,EVT-SET-TON-SER-CREAM-ACNE,NOT_AVAILABLE,NOT_AVAILABLE,-70.0,RUB,/v1/finance/accrual/by-day,raw/backfill_v1/finance/accrual_by_day_20260822.json
2026-08-22,60614908552,59,Обратная логистика,POSTING,0150550808-0052-1,posting_number,0150550808-0052-1,3735674506,910584041,EVT-SET-TON-SER-CREAM-ACNE,NOT_AVAILABLE,NOT_AVAILABLE,-67.0,RUB,/v1/finance/accrual/by-day,raw/backfill_v1/finance/accrual_by_day_20260822.json
2026-08-22,60617299742,46,Размещение товаров на складах Ozon,NON_ITEM,,order_or_item_ref,,,,,NOT_AVAILABLE,NOT_AVAILABLE,-27.99,RUB,/v1/finance/accrual/by-day,raw/backfill_v1/finance/accrual_by_day_20260822.json
2026-08-22,60621991215,41,Оплата за клик,NON_ITEM,32157965,campaign_id,,,,,NOT_AVAILABLE,NOT_AVAILABLE,-189.52,RUB,/v1/finance/accrual/by-day,raw/backfill_v1/finance/accrual_by_day_20260822.json
2026-08-22,60621991216,41,Оплата за клик,NON_ITEM,32158176,campaign_id,,,,,NOT_AVAILABLE,NOT_AVAILABLE,-120.75,RUB,/v1/finance/accrual/by-day,raw/backfill_v1/finance/accrual_by_day_20260822.json
2026-08-22,60621991217,41,Оплата за клик,NON_ITEM,32157988,campaign_id,,,,,NOT_AVAILABLE,NOT_AVAILABLE,-88.37,RUB,/v1/finance/accrual/by-day,raw/backfill_v1/finance/accrual_by_day_20260822.json
2026-08-22,60621991218,41,Оплата за клик,NON_ITEM,32157947,campaign_id,,,,,NOT_AVAILABLE,NOT_AVAILABLE,-15.89,RUB,/v1/finance/accrual/by-day,raw/backfill_v1/finance/accrual_by_day_20260822.json
2026-08-22,60621991219,41,Оплата за клик,NON_ITEM,32157919,campaign_id,,,,,NOT_AVAILABLE,NOT_AVAILABLE,-101.85,RUB,/v1/finance/accrual/by-day,raw/backfill_v1/finance/accrual_by_day_20260822.json
2026-08-22,60621991220,41,Оплата за клик,NON_ITEM,32157891,campaign_id,,,,,NOT_AVAILABLE,NOT_AVAILABLE,-80.9,RUB,/v1/finance/accrual/by-day,raw/backfill_v1/finance/accrual_by_day_20260822.json
2026-08-22,60621991282,41,Оплата за клик,NON_ITEM,33703975,campaign_id,,,,,NOT_AVAILABLE,NOT_AVAILABLE,-23.76,RUB,/v1/finance/accrual/by-day,raw/backfill_v1/finance/accrual_by_day_20260822.json
2026-08-22,60621991301,41,Оплата за клик,NON_ITEM,33678331,campaign_id,,,,,NOT_AVAILABLE,NOT_AVAILABLE,-43.08,RUB,/v1/finance/accrual/by-day,raw/backfill_v1/finance/accrual_by_day_20260822.json
2026-08-22,60621991302,41,Оплата за клик,NON_ITEM,33678192,campaign_id,,,,,NOT_AVAILABLE,NOT_AVAILABLE,-45.89,RUB,/v1/finance/accrual/by-day,raw/backfill_v1/finance/accrual_by_day_20260822.json
2026-08-22,60621991303,41,Оплата за клик,NON_ITEM,33678288,campaign_id,,,,,NOT_AVAILABLE,NOT_AVAILABLE,-16.14,RUB,/v1/finance/accrual/by-day,raw/backfill_v1/finance/accrual_by_day_20260822.json
2026-08-23,60618563373,76,Страхование товара от массовых повреждений,NON_ITEM,,order_or_item_ref,,,,,NOT_AVAILABLE,NOT_AVAILABLE,-14.1,RUB,/v1/finance/accrual/by-day,raw/backfill_v1/finance/accrual_by_day_20260823.json
2026-08-23,60629554386,1,Эквайринг,ITEM,0202291788-0121,order_or_item_ref,,3528293526,535581674,EVT-FT-MOIST-150,NOT_AVAILABLE,NOT_AVAILABLE,-10.45,RUB,/v1/finance/accrual/by-day,raw/backfill_v1/finance/accrual_by_day_20260823.json
2026-08-23,60646226655,32,Логистика,POSTING,67879944-0184-4,posting_number,67879944-0184-4,3733452761,868597351,EVT-SET-4PC-ACNE,NOT_AVAILABLE,NOT_AVAILABLE,-88.0,RUB,/v1/finance/accrual/by-day,raw/backfill_v1/finance/accrual_by_day_20260823.json
2026-08-23,60646226655,29,Доставка до места выдачи,POSTING,67879944-0184-4,posting_number,67879944-0184-4,3733452761,868597351,EVT-SET-4PC-ACNE,NOT_AVAILABLE,NOT_AVAILABLE,-12.0,RUB,/v1/finance/accrual/by-day,raw/backfill_v1/finance/accrual_by_day_20260823.json
2026-08-23,60653992642,32,Логистика,POSTING,49261535-0305-3,posting_number,49261535-0305-3,3892518031,593111986,EVT-HC-CHERRY-300,NOT_AVAILABLE,NOT_AVAILABLE,-77.0,RUB,/v1/finance/accrual/by-day,raw/backfill_v1/finance/accrual_by_day_20260823.json
2026-08-23,60653992642,29,Доставка до места выдачи,POSTING,49261535-0305-3,posting_number,49261535-0305-3,3892518031,593111986,EVT-HC-CHERRY-300,NOT_AVAILABLE,NOT_AVAILABLE,-9.24,RUB,/v1/finance/accrual/by-day,raw/backfill_v1/finance/accrual_by_day_20260823.json
2026-08-23,60656575775,1,Эквайринг,ITEM,49261535-0305-3,order_or_item_ref,,3892518031,593111986,EVT-HC-CHERRY-300,NOT_AVAILABLE,NOT_AVAILABLE,-6.79,RUB,/v1/finance/accrual/by-day,raw/backfill_v1/finance/accrual_by_day_20260823.json
2026-08-23,60695354760,32,Логистика,POSTING,25289427-0285-1,posting_number,25289427-0285-1,1997079254,252442517,EVT-HC-HAND-300,NOT_AVAILABLE,NOT_AVAILABLE,-70.0,RUB,/v1/finance/accrual/by-day,raw/backfill_v1/finance/accrual_by_day_20260823.json
2026-08-23,60695354760,29,Доставка до места выдачи,POSTING,25289427-0285-1,posting_number,25289427-0285-1,1997079254,252442517,EVT-HC-HAND-300,NOT_AVAILABLE,NOT_AVAILABLE,-13.18,RUB,/v1/finance/accrual/by-day,raw/backfill_v1/finance/accrual_by_day_20260823.json
2026-08-23,60695881161,32,Логистика,POSTING,0144640483-1300-1,posting_number,0144640483-1300-1,3543342130,535580776,EVT-EP-ENZYME-75,NOT_AVAILABLE,NOT_AVAILABLE,-66.0,RUB,/v1/finance/accrual/by-day,raw/backfill_v1/finance/accrual_by_day_20260823.json
2026-08-23,60695881161,98,Доставка до места выдачи силами Ozon,POSTING,0144640483-1300-1,posting_number,0144640483-1300-1,3543342130,535580776,EVT-EP-ENZYME-75,NOT_AVAILABLE,NOT_AVAILABLE,-25.0,RUB,/v1/finance/accrual/by-day,raw/backfill_v1/finance/accrual_by_day_20260823.json
2026-08-23,60698312966,1,Эквайринг,ITEM,0144640483-1300-1,order_or_item_ref,,3543342130,535580776,EVT-EP-ENZYME-75,NOT_AVAILABLE,NOT_AVAILABLE,-5.81,RUB,/v1/finance/accrual/by-day,raw/backfill_v1/finance/accrual_by_day_20260823.json
2026-08-23,60721032517,46,Размещение товаров на складах Ozon,NON_ITEM,,order_or_item_ref,,,,,NOT_AVAILABLE,NOT_AVAILABLE,-17.43,RUB,/v1/finance/accrual/by-day,raw/backfill_v1/finance/accrual_by_day_20260823.json
2026-08-23,60726065728,41,Оплата за клик,NON_ITEM,32157965,campaign_id,,,,,NOT_AVAILABLE,NOT_AVAILABLE,-214.37,RUB,/v1/finance/accrual/by-day,raw/backfill_v1/finance/accrual_by_day_20260823.json
2026-08-23,60726065729,41,Оплата за клик,NON_ITEM,32157947,campaign_id,,,,,NOT_AVAILABLE,NOT_AVAILABLE,-32.52,RUB,/v1/finance/accrual/by-day,raw/backfill_v1/finance/accrual_by_day_20260823.json
2026-08-23,60726065730,41,Оплата за клик,NON_ITEM,32158176,campaign_id,,,,,NOT_AVAILABLE,NOT_AVAILABLE,-109.77,RUB,/v1/finance/accrual/by-day,raw/backfill_v1/finance/accrual_by_day_20260823.json
2026-08-23,60726065731,41,Оплата за клик,NON_ITEM,32157988,campaign_id,,,,,NOT_AVAILABLE,NOT_AVAILABLE,-240.19,RUB,/v1/finance/accrual/by-day,raw/backfill_v1/finance/accrual_by_day_20260823.json
2026-08-23,60726065732,41,Оплата за клик,NON_ITEM,32157919,campaign_id,,,,,NOT_AVAILABLE,NOT_AVAILABLE,-100.9,RUB,/v1/finance/accrual/by-day,raw/backfill_v1/finance/accrual_by_day_20260823.json
2026-08-23,60726065733,41,Оплата за клик,NON_ITEM,32157891,campaign_id,,,,,NOT_AVAILABLE,NOT_AVAILABLE,-54.34,RUB,/v1/finance/accrual/by-day,raw/backfill_v1/finance/accrual_by_day_20260823.json
2026-08-23,60726065767,41,Оплата за клик,NON_ITEM,33703975,campaign_id,,,,,NOT_AVAILABLE,NOT_AVAILABLE,-34.37,RUB,/v1/finance/accrual/by-day,raw/backfill_v1/finance/accrual_by_day_20260823.json
2026-08-23,60726065768,41,Оплата за клик,NON_ITEM,33678192,campaign_id,,,,,NOT_AVAILABLE,NOT_AVAILABLE,-74.08,RUB,/v1/finance/accrual/by-day,raw/backfill_v1/finance/accrual_by_day_20260823.json
2026-08-23,60726065771,41,Оплата за клик,NON_ITEM,33678331,campaign_id,,,,,NOT_AVAILABLE,NOT_AVAILABLE,-131.79,RUB,/v1/finance/accrual/by-day,raw/backfill_v1/finance/accrual_by_day_20260823.json
2026-08-23,60726065772,41,Оплата за клик,NON_ITEM,33678288,campaign_id,,,,,NOT_AVAILABLE,NOT_AVAILABLE,-34.45,RUB,/v1/finance/accrual/by-day,raw/backfill_v1/finance/accrual_by_day_20260823.json
2026-08-24,60722467856,76,Страхование товара от массовых повреждений,NON_ITEM,,order_or_item_ref,,,,,NOT_AVAILABLE,NOT_AVAILABLE,-13.88,RUB,/v1/finance/accrual/by-day,raw/backfill_v1/finance/accrual_by_day_20260824.json
2026-08-24,60733827227,32,Логистика,POSTING,0265731650-0014-1,posting_number,0265731650-0014-1,3543342130,535580776,EVT-EP-ENZYME-75,NOT_AVAILABLE,NOT_AVAILABLE,-71.0,RUB,/v1/finance/accrual/by-day,raw/backfill_v1/finance/accrual_by_day_20260824.json
2026-08-24,60733827227,29,Доставка до места выдачи,POSTING,0265731650-0014-1,posting_number,0265731650-0014-1,3543342130,535580776,EVT-EP-ENZYME-75,NOT_AVAILABLE,NOT_AVAILABLE,-7.91,RUB,/v1/finance/accrual/by-day,raw/backfill_v1/finance/accrual_by_day_20260824.json
2026-08-24,60735802382,1,Эквайринг,ITEM,0265731650-0014-1,order_or_item_ref,,3543342130,535580776,EVT-EP-ENZYME-75,NOT_AVAILABLE,NOT_AVAILABLE,-2.86,RUB,/v1/finance/accrual/by-day,raw/backfill_v1/finance/accrual_by_day_20260824.json
2026-08-24,60739759183,32,Логистика,POSTING,40042682-0146-1,posting_number,40042682-0146-1,3892410843,930334396,EVT-SET-HAND-AMBER,NOT_AVAILABLE,NOT_AVAILABLE,-78.0,RUB,/v1/finance/accrual/by-day,raw/backfill_v1/finance/accrual_by_day_20260824.json
2026-08-24,60739759183,29,Доставка до места выдачи,POSTING,40042682-0146-1,posting_number,40042682-0146-1,3892410843,930334396,EVT-SET-HAND-AMBER,NOT_AVAILABLE,NOT_AVAILABLE,-7.2,RUB,/v1/finance/accrual/by-day,raw/backfill_v1/finance/accrual_by_day_20260824.json
2026-08-24,60766241213,32,Логистика,POSTING,81360106-0505-1,posting_number,81360106-0505-1,3543342130,535580776,EVT-EP-ENZYME-75,NOT_AVAILABLE,NOT_AVAILABLE,-72.0,RUB,/v1/finance/accrual/by-day,raw/backfill_v1/finance/accrual_by_day_20260824.json
2026-08-24,60766241213,29,Доставка до места выдачи,POSTING,81360106-0505-1,posting_number,81360106-0505-1,3543342130,535580776,EVT-EP-ENZYME-75,NOT_AVAILABLE,NOT_AVAILABLE,-8.02,RUB,/v1/finance/accrual/by-day,raw/backfill_v1/finance/accrual_by_day_20260824.json
2026-08-24,60769103832,1,Эквайринг,ITEM,81360106-0505-1,order_or_item_ref,,3543342130,535580776,EVT-EP-ENZYME-75,NOT_AVAILABLE,NOT_AVAILABLE,-5.72,RUB,/v1/finance/accrual/by-day,raw/backfill_v1/finance/accrual_by_day_20260824.json
2026-08-24,60776964291,32,Логистика,POSTING,39054746-0061-1,posting_number,39054746-0061-1,3543342130,535580776,EVT-EP-ENZYME-75,NOT_AVAILABLE,NOT_AVAILABLE,-66.0,RUB,/v1/finance/accrual/by-day,raw/backfill_v1/finance/accrual_by_day_20260824.json
2026-08-24,60776964291,29,Доставка до места выдачи,POSTING,39054746-0061-1,posting_number,39054746-0061-1,3543342130,535580776,EVT-EP-ENZYME-75,NOT_AVAILABLE,NOT_AVAILABLE,-16.59,RUB,/v1/finance/accrual/by-day,raw/backfill_v1/finance/accrual_by_day_20260824.json
2026-08-24,60780145235,1,Эквайринг,ITEM,39054746-0061-1,order_or_item_ref,,3543342130,535580776,EVT-EP-ENZYME-75,NOT_AVAILABLE,NOT_AVAILABLE,-3.42,RUB,/v1/finance/accrual/by-day,raw/backfill_v1/finance/accrual_by_day_20260824.json
2026-08-24,60780401960,32,Логистика,POSTING,41472753-0076-1,posting_number,41472753-0076-1,3733947454,909951444,EVT-SET-ACNE-POWDER-SERUM-CREAM,NOT_AVAILABLE,NOT_AVAILABLE,-81.0,RUB,/v1/finance/accrual/by-day,raw/backfill_v1/finance/accrual_by_day_20260824.json
2026-08-24,60780401960,29,Доставка до места выдачи,POSTING,41472753-0076-1,posting_number,41472753-0076-1,3733947454,909951444,EVT-SET-ACNE-POWDER-SERUM-CREAM,NOT_AVAILABLE,NOT_AVAILABLE,-9.23,RUB,/v1/finance/accrual/by-day,raw/backfill_v1/finance/accrual_by_day_20260824.json
2026-08-24,60783193789,1,Эквайринг,ITEM,41472753-0076-1,order_or_item_ref,,3733947454,909951444,EVT-SET-ACNE-POWDER-SERUM-CREAM,NOT_AVAILABLE,NOT_AVAILABLE,-15.42,RUB,/v1/finance/accrual/by-day,raw/backfill_v1/finance/accrual_by_day_20260824.json
2026-08-24,60836017540,1,Эквайринг,ITEM,29020685-0873,order_or_item_ref,,3543342130,535580776,EVT-EP-ENZYME-75,NOT_AVAILABLE,NOT_AVAILABLE,-7.96,RUB,/v1/finance/accrual/by-day,raw/backfill_v1/finance/accrual_by_day_20260824.json
2026-08-24,60836407071,46,Размещение товаров на складах Ozon,NON_ITEM,,order_or_item_ref,,,,,NOT_AVAILABLE,NOT_AVAILABLE,-15.26,RUB,/v1/finance/accrual/by-day,raw/backfill_v1/finance/accrual_by_day_20260824.json
2026-08-24,60841720424,41,Оплата за клик,NON_ITEM,33678192,campaign_id,,,,,NOT_AVAILABLE,NOT_AVAILABLE,-61.96,RUB,/v1/finance/accrual/by-day,raw/backfill_v1/finance/accrual_by_day_20260824.json
2026-08-24,60841720425,41,Оплата за клик,NON_ITEM,33678288,campaign_id,,,,,NOT_AVAILABLE,NOT_AVAILABLE,-1.0,RUB,/v1/finance/accrual/by-day,raw/backfill_v1/finance/accrual_by_day_20260824.json
2026-08-24,60841720428,41,Оплата за клик,NON_ITEM,32158176,campaign_id,,,,,NOT_AVAILABLE,NOT_AVAILABLE,-62.54,RUB,/v1/finance/accrual/by-day,raw/backfill_v1/finance/accrual_by_day_20260824.json
2026-08-24,60841720429,41,Оплата за клик,NON_ITEM,32157965,campaign_id,,,,,NOT_AVAILABLE,NOT_AVAILABLE,-190.49,RUB,/v1/finance/accrual/by-day,raw/backfill_v1/finance/accrual_by_day_20260824.json
2026-08-24,60841720430,41,Оплата за клик,NON_ITEM,32157919,campaign_id,,,,,NOT_AVAILABLE,NOT_AVAILABLE,-113.72,RUB,/v1/finance/accrual/by-day,raw/backfill_v1/finance/accrual_by_day_20260824.json
2026-08-24,60841720431,41,Оплата за клик,NON_ITEM,32157988,campaign_id,,,,,NOT_AVAILABLE,NOT_AVAILABLE,-88.45,RUB,/v1/finance/accrual/by-day,raw/backfill_v1/finance/accrual_by_day_20260824.json
2026-08-24,60841720432,41,Оплата за клик,NON_ITEM,32157947,campaign_id,,,,,NOT_AVAILABLE,NOT_AVAILABLE,-3.37,RUB,/v1/finance/accrual/by-day,raw/backfill_v1/finance/accrual_by_day_20260824.json
2026-08-24,60841720433,41,Оплата за клик,NON_ITEM,32157891,campaign_id,,,,,NOT_AVAILABLE,NOT_AVAILABLE,-130.9,RUB,/v1/finance/accrual/by-day,raw/backfill_v1/finance/accrual_by_day_20260824.json
2026-08-24,60841720468,41,Оплата за клик,NON_ITEM,33703975,campaign_id,,,,,NOT_AVAILABLE,NOT_AVAILABLE,-41.94,RUB,/v1/finance/accrual/by-day,raw/backfill_v1/finance/accrual_by_day_20260824.json
2026-08-24,60841720470,41,Оплата за клик,NON_ITEM,33678331,campaign_id,,,,,NOT_AVAILABLE,NOT_AVAILABLE,-63.79,RUB,/v1/finance/accrual/by-day,raw/backfill_v1/finance/accrual_by_day_20260824.json
2026-08-25,60838038839,76,Страхование товара от массовых повреждений,NON_ITEM,,order_or_item_ref,,,,,NOT_AVAILABLE,NOT_AVAILABLE,-13.66,RUB,/v1/finance/accrual/by-day,raw/backfill_v1/finance/accrual_by_day_20260825.json
2026-08-25,60848452977,32,Логистика,POSTING,31277213-0625-2,posting_number,31277213-0625-2,3530427102,535581675,EVT-FT-ACNE-150,NOT_AVAILABLE,NOT_AVAILABLE,-66.0,RUB,/v1/finance/accrual/by-day,raw/backfill_v1/finance/accrual_by_day_20260825.json
2026-08-25,60848452977,29,Доставка до места выдачи,POSTING,31277213-0625-2,posting_number,31277213-0625-2,3530427102,535581675,EVT-FT-ACNE-150,NOT_AVAILABLE,NOT_AVAILABLE,-11.49,RUB,/v1/finance/accrual/by-day,raw/backfill_v1/finance/accrual_by_day_20260825.json
2026-08-25,60853614349,32,Логистика,POSTING,0198345921-0130-23,posting_number,0198345921-0130-23,3530427102,535581675,EVT-FT-ACNE-150,NOT_AVAILABLE,NOT_AVAILABLE,-66.0,RUB,/v1/finance/accrual/by-day,raw/backfill_v1/finance/accrual_by_day_20260825.json
2026-08-25,60853614349,98,Доставка до места выдачи силами Ozon,POSTING,0198345921-0130-23,posting_number,0198345921-0130-23,3530427102,535581675,EVT-FT-ACNE-150,NOT_AVAILABLE,NOT_AVAILABLE,-25.0,RUB,/v1/finance/accrual/by-day,raw/backfill_v1/finance/accrual_by_day_20260825.json
2026-08-25,60855158236,32,Логистика,POSTING,0152159323-1117-1,posting_number,0152159323-1117-1,2974977988,438775617,EVT-FC-ACNE-50,NOT_AVAILABLE,NOT_AVAILABLE,-66.0,RUB,/v1/finance/accrual/by-day,raw/backfill_v1/finance/accrual_by_day_20260825.json
2026-08-25,60855158236,29,Доставка до места выдачи,POSTING,0152159323-1117-1,posting_number,0152159323-1117-1,2974977988,438775617,EVT-FC-ACNE-50,NOT_AVAILABLE,NOT_AVAILABLE,-6.22,RUB,/v1/finance/accrual/by-day,raw/backfill_v1/finance/accrual_by_day_20260825.json
2026-08-25,60922818958,32,Логистика,POSTING,11471894-0423-1,posting_number,11471894-0423-1,3735183318,910330849,EVT-SET-MOIST-TONIC-SERUM,NOT_AVAILABLE,NOT_AVAILABLE,-77.0,RUB,/v1/finance/accrual/by-day,raw/backfill_v1/finance/accrual_by_day_20260825.json
2026-08-25,60922818958,29,Доставка до места выдачи,POSTING,11471894-0423-1,posting_number,11471894-0423-1,3735183318,910330849,EVT-SET-MOIST-TONIC-SERUM,NOT_AVAILABLE,NOT_AVAILABLE,-8.63,RUB,/v1/finance/accrual/by-day,raw/backfill_v1/finance/accrual_by_day_20260825.json
2026-08-25,60926537414,1,Эквайринг,ITEM,11471894-0423-1,order_or_item_ref,,3735183318,910330849,EVT-SET-MOIST-TONIC-SERUM,NOT_AVAILABLE,NOT_AVAILABLE,-10.97,RUB,/v1/finance/accrual/by-day,raw/backfill_v1/finance/accrual_by_day_20260825.json
2026-08-25,60930530125,32,Логистика,POSTING,81103807-0022-1,posting_number,81103807-0022-1,3735183318,910330849,EVT-SET-MOIST-TONIC-SERUM,NOT_AVAILABLE,NOT_AVAILABLE,-74.0,RUB,/v1/finance/accrual/by-day,raw/backfill_v1/finance/accrual_by_day_20260825.json
2026-08-25,60930530125,29,Доставка до места выдачи,POSTING,81103807-0022-1,posting_number,81103807-0022-1,3735183318,910330849,EVT-SET-MOIST-TONIC-SERUM,NOT_AVAILABLE,NOT_AVAILABLE,-8.76,RUB,/v1/finance/accrual/by-day,raw/backfill_v1/finance/accrual_by_day_20260825.json
2026-08-25,60933760115,1,Эквайринг,ITEM,81103807-0022-1,order_or_item_ref,,3735183318,910330849,EVT-SET-MOIST-TONIC-SERUM,NOT_AVAILABLE,NOT_AVAILABLE,-8.8,RUB,/v1/finance/accrual/by-day,raw/backfill_v1/finance/accrual_by_day_20260825.json
2026-08-25,60934468383,32,Логистика,POSTING,50251336-0172-1,posting_number,50251336-0172-1,1991772098,305101272,EVT-FS-MOIST-30,NOT_AVAILABLE,NOT_AVAILABLE,-59.0,RUB,/v1/finance/accrual/by-day,raw/backfill_v1/finance/accrual_by_day_20260825.json
2026-08-25,60934468383,98,Доставка до места выдачи силами Ozon,POSTING,50251336-0172-1,posting_number,50251336-0172-1,1991772098,305101272,EVT-FS-MOIST-30,NOT_AVAILABLE,NOT_AVAILABLE,-25.0,RUB,/v1/finance/accrual/by-day,raw/backfill_v1/finance/accrual_by_day_20260825.json
2026-08-25,60937482364,1,Эквайринг,ITEM,50251336-0172-1,order_or_item_ref,,1991772098,305101272,EVT-FS-MOIST-30,NOT_AVAILABLE,NOT_AVAILABLE,-5.87,RUB,/v1/finance/accrual/by-day,raw/backfill_v1/finance/accrual_by_day_20260825.json
2026-08-25,60938636430,32,Логистика,POSTING,69818289-0736-1,posting_number,69818289-0736-1,3930712640,593111985,EVT-HC-AMBER-300,NOT_AVAILABLE,NOT_AVAILABLE,-77.0,RUB,/v1/finance/accrual/by-day,raw/backfill_v1/finance/accrual_by_day_20260825.json
2026-08-25,60938636430,29,Доставка до места выдачи,POSTING,69818289-0736-1,posting_number,69818289-0736-1,3930712640,593111985,EVT-HC-AMBER-300,NOT_AVAILABLE,NOT_AVAILABLE,-12.55,RUB,/v1/finance/accrual/by-day,raw/backfill_v1/finance/accrual_by_day_20260825.json
2026-08-25,60950010911,46,Размещение товаров на складах Ozon,NON_ITEM,,order_or_item_ref,,,,,NOT_AVAILABLE,NOT_AVAILABLE,-7.99,RUB,/v1/finance/accrual/by-day,raw/backfill_v1/finance/accrual_by_day_20260825.json
2026-08-25,60955336655,41,Оплата за клик,NON_ITEM,33678192,campaign_id,,,,,NOT_AVAILABLE,NOT_AVAILABLE,-61.15,RUB,/v1/finance/accrual/by-day,raw/backfill_v1/finance/accrual_by_day_20260825.json
2026-08-25,60955336668,41,Оплата за клик,NON_ITEM,32158051,campaign_id,,,,,NOT_AVAILABLE,NOT_AVAILABLE,-1226.6,RUB,/v1/finance/accrual/by-day,raw/backfill_v1/finance/accrual_by_day_20260825.json
2026-08-25,60955336669,41,Оплата за клик,NON_ITEM,32157919,campaign_id,,,,,NOT_AVAILABLE,NOT_AVAILABLE,-85.12,RUB,/v1/finance/accrual/by-day,raw/backfill_v1/finance/accrual_by_day_20260825.json
2026-08-25,60955336670,41,Оплата за клик,NON_ITEM,32158008,campaign_id,,,,,NOT_AVAILABLE,NOT_AVAILABLE,-567.15,RUB,/v1/finance/accrual/by-day,raw/backfill_v1/finance/accrual_by_day_20260825.json
2026-08-25,60955336671,41,Оплата за клик,NON_ITEM,32157965,campaign_id,,,,,NOT_AVAILABLE,NOT_AVAILABLE,-29.7,RUB,/v1/finance/accrual/by-day,raw/backfill_v1/finance/accrual_by_day_20260825.json
2026-08-25,60955336672,41,Оплата за клик,NON_ITEM,32157947,campaign_id,,,,,NOT_AVAILABLE,NOT_AVAILABLE,-7.65,RUB,/v1/finance/accrual/by-day,raw/backfill_v1/finance/accrual_by_day_20260825.json
2026-08-25,60955336706,41,Оплата за клик,NON_ITEM,33678288,campaign_id,,,,,NOT_AVAILABLE,NOT_AVAILABLE,-178.94,RUB,/v1/finance/accrual/by-day,raw/backfill_v1/finance/accrual_by_day_20260825.json
2026-08-25,60955336707,41,Оплата за клик,NON_ITEM,33703975,campaign_id,,,,,NOT_AVAILABLE,NOT_AVAILABLE,-54.14,RUB,/v1/finance/accrual/by-day,raw/backfill_v1/finance/accrual_by_day_20260825.json
2026-08-25,60955336708,41,Оплата за клик,NON_ITEM,33678331,campaign_id,,,,,NOT_AVAILABLE,NOT_AVAILABLE,-14.22,RUB,/v1/finance/accrual/by-day,raw/backfill_v1/finance/accrual_by_day_20260825.json
2026-08-25,60955336869,41,Оплата за клик,NON_ITEM,32158176,campaign_id,,,,,NOT_AVAILABLE,NOT_AVAILABLE,-30.44,RUB,/v1/finance/accrual/by-day,raw/backfill_v1/finance/accrual_by_day_20260825.json
2026-08-25,60955336870,41,Оплата за клик,NON_ITEM,32157988,campaign_id,,,,,NOT_AVAILABLE,NOT_AVAILABLE,-227.88,RUB,/v1/finance/accrual/by-day,raw/backfill_v1/finance/accrual_by_day_20260825.json
2026-08-25,60955336871,41,Оплата за клик,NON_ITEM,32157891,campaign_id,,,,,NOT_AVAILABLE,NOT_AVAILABLE,-56.07,RUB,/v1/finance/accrual/by-day,raw/backfill_v1/finance/accrual_by_day_20260825.json
2026-08-26,60951083629,1,Эквайринг,ITEM,0104137108-0267,order_or_item_ref,,3892518031,593111986,EVT-HC-CHERRY-300,NOT_AVAILABLE,NOT_AVAILABLE,-8.11,RUB,/v1/finance/accrual/by-day,raw/backfill_v1/finance/accrual_by_day_20260826.json
2026-08-26,60951774233,76,Страхование товара от массовых повреждений,NON_ITEM,,order_or_item_ref,,,,,NOT_AVAILABLE,NOT_AVAILABLE,-14.01,RUB,/v1/finance/accrual/by-day,raw/backfill_v1/finance/accrual_by_day_20260826.json
2026-08-26,60953708028,1,Эквайринг,ITEM,0123934165-0014,order_or_item_ref,,3528293526,535581674,EVT-FT-MOIST-150,NOT_AVAILABLE,NOT_AVAILABLE,-0.69,RUB,/v1/finance/accrual/by-day,raw/backfill_v1/finance/accrual_by_day_20260826.json
2026-08-26,60970174130,29,Доставка до места выдачи,POSTING,0184760543-0086-1,posting_number,0184760543-0086-1,3892518031,593111986,EVT-HC-CHERRY-300,NOT_AVAILABLE,NOT_AVAILABLE,-7.23,RUB,/v1/finance/accrual/by-day,raw/backfill_v1/finance/accrual_by_day_20260826.json
2026-08-26,60970224973,32,Логистика,POSTING,0184760543-0086-1,posting_number,0184760543-0086-1,3892518031,593111986,EVT-HC-CHERRY-300,NOT_AVAILABLE,NOT_AVAILABLE,-70.0,RUB,/v1/finance/accrual/by-day,raw/backfill_v1/finance/accrual_by_day_20260826.json
2026-08-26,60970224974,59,Обратная логистика,POSTING,0184760543-0086-1,posting_number,0184760543-0086-1,3892518031,593111986,EVT-HC-CHERRY-300,NOT_AVAILABLE,NOT_AVAILABLE,-67.0,RUB,/v1/finance/accrual/by-day,raw/backfill_v1/finance/accrual_by_day_20260826.json
2026-08-26,61024224310,32,Логистика,POSTING,29020685-0873-47,posting_number,29020685-0873-47,3543342130,535580776,EVT-EP-ENZYME-75,NOT_AVAILABLE,NOT_AVAILABLE,-64.0,RUB,/v1/finance/accrual/by-day,raw/backfill_v1/finance/accrual_by_day_20260826.json
2026-08-26,61024224310,29,Доставка до места выдачи,POSTING,29020685-0873-47,posting_number,29020685-0873-47,3543342130,535580776,EVT-EP-ENZYME-75,NOT_AVAILABLE,NOT_AVAILABLE,-12.77,RUB,/v1/finance/accrual/by-day,raw/backfill_v1/finance/accrual_by_day_20260826.json
2026-08-26,61030138182,32,Логистика,POSTING,0133327504-0175-1,posting_number,0133327504-0175-1,3892345516,930334395,EVT-SET-HAND-CHERRY,NOT_AVAILABLE,NOT_AVAILABLE,-79.0,RUB,/v1/finance/accrual/by-day,raw/backfill_v1/finance/accrual_by_day_20260826.json
2026-08-26,61030138182,29,Доставка до места выдачи,POSTING,0133327504-0175-1,posting_number,0133327504-0175-1,3892345516,930334395,EVT-SET-HAND-CHERRY,NOT_AVAILABLE,NOT_AVAILABLE,-6.85,RUB,/v1/finance/accrual/by-day,raw/backfill_v1/finance/accrual_by_day_20260826.json
2026-08-26,61034124592,1,Эквайринг,ITEM,0133327504-0175-1,order_or_item_ref,,3892345516,930334395,EVT-SET-HAND-CHERRY,NOT_AVAILABLE,NOT_AVAILABLE,-14.15,RUB,/v1/finance/accrual/by-day,raw/backfill_v1/finance/accrual_by_day_20260826.json
2026-08-26,61035160146,32,Логистика,POSTING,32590483-0097-1,posting_number,32590483-0097-1,1997079254,252442517,EVT-HC-HAND-300,NOT_AVAILABLE,NOT_AVAILABLE,-135.04,RUB,/v1/finance/accrual/by-day,raw/backfill_v1/finance/accrual_by_day_20260826.json
2026-08-26,61035160146,29,Доставка до места выдачи,POSTING,32590483-0097-1,posting_number,32590483-0097-1,1997079254,252442517,EVT-HC-HAND-300,NOT_AVAILABLE,NOT_AVAILABLE,-12.31,RUB,/v1/finance/accrual/by-day,raw/backfill_v1/finance/accrual_by_day_20260826.json
2026-08-26,61038902958,1,Эквайринг,ITEM,32590483-0097-1,order_or_item_ref,,1997079254,252442517,EVT-HC-HAND-300,NOT_AVAILABLE,NOT_AVAILABLE,-4.14,RUB,/v1/finance/accrual/by-day,raw/backfill_v1/finance/accrual_by_day_20260826.json
2026-08-26,61057189033,1,Эквайринг,ITEM,0110060926-0198,order_or_item_ref,,3892345516,930334395,EVT-SET-HAND-CHERRY,NOT_AVAILABLE,NOT_AVAILABLE,-16.34,RUB,/v1/finance/accrual/by-day,raw/backfill_v1/finance/accrual_by_day_20260826.json
2026-08-26,61062043246,1,Эквайринг,ITEM,18408324-0404,order_or_item_ref,,2974977988,438775617,EVT-FC-ACNE-50,NOT_AVAILABLE,NOT_AVAILABLE,-9.27,RUB,/v1/finance/accrual/by-day,raw/backfill_v1/finance/accrual_by_day_20260826.json
2026-08-26,61062074238,46,Размещение товаров на складах Ozon,NON_ITEM,,order_or_item_ref,,,,,NOT_AVAILABLE,NOT_AVAILABLE,-17.43,RUB,/v1/finance/accrual/by-day,raw/backfill_v1/finance/accrual_by_day_20260826.json
2026-08-26,61067704299,41,Оплата за клик,NON_ITEM,33703975,campaign_id,,,,,NOT_AVAILABLE,NOT_AVAILABLE,-168.7,RUB,/v1/finance/accrual/by-day,raw/backfill_v1/finance/accrual_by_day_20260826.json
2026-08-26,61067704300,41,Оплата за клик,NON_ITEM,33678288,campaign_id,,,,,NOT_AVAILABLE,NOT_AVAILABLE,-258.78,RUB,/v1/finance/accrual/by-day,raw/backfill_v1/finance/accrual_by_day_20260826.json
2026-08-26,61067704301,41,Оплата за клик,NON_ITEM,33678192,campaign_id,,,,,NOT_AVAILABLE,NOT_AVAILABLE,-17.34,RUB,/v1/finance/accrual/by-day,raw/backfill_v1/finance/accrual_by_day_20260826.json
2026-08-26,61067704310,41,Оплата за клик,NON_ITEM,32157919,campaign_id,,,,,NOT_AVAILABLE,NOT_AVAILABLE,-182.54,RUB,/v1/finance/accrual/by-day,raw/backfill_v1/finance/accrual_by_day_20260826.json
2026-08-26,61067704311,41,Оплата за клик,NON_ITEM,32157891,campaign_id,,,,,NOT_AVAILABLE,NOT_AVAILABLE,-54.34,RUB,/v1/finance/accrual/by-day,raw/backfill_v1/finance/accrual_by_day_20260826.json
2026-08-26,61067704312,41,Оплата за клик,NON_ITEM,32158176,campaign_id,,,,,NOT_AVAILABLE,NOT_AVAILABLE,-30.31,RUB,/v1/finance/accrual/by-day,raw/backfill_v1/finance/accrual_by_day_20260826.json
2026-08-26,61067704313,41,Оплата за клик,NON_ITEM,32157947,campaign_id,,,,,NOT_AVAILABLE,NOT_AVAILABLE,-51.9,RUB,/v1/finance/accrual/by-day,raw/backfill_v1/finance/accrual_by_day_20260826.json
2026-08-26,61067704530,41,Оплата за клик,NON_ITEM,32157988,campaign_id,,,,,NOT_AVAILABLE,NOT_AVAILABLE,-429.76,RUB,/v1/finance/accrual/by-day,raw/backfill_v1/finance/accrual_by_day_20260826.json
2026-08-26,61067704544,41,Оплата за клик,NON_ITEM,32158051,campaign_id,,,,,NOT_AVAILABLE,NOT_AVAILABLE,-581.22,RUB,/v1/finance/accrual/by-day,raw/backfill_v1/finance/accrual_by_day_20260826.json
2026-08-26,61067704552,41,Оплата за клик,NON_ITEM,32157965,campaign_id,,,,,NOT_AVAILABLE,NOT_AVAILABLE,-83.61,RUB,/v1/finance/accrual/by-day,raw/backfill_v1/finance/accrual_by_day_20260826.json
2026-08-26,61067704557,41,Оплата за клик,NON_ITEM,32158008,campaign_id,,,,,NOT_AVAILABLE,NOT_AVAILABLE,-151.74,RUB,/v1/finance/accrual/by-day,raw/backfill_v1/finance/accrual_by_day_20260826.json
2026-08-27,61063810000,76,Страхование товара от массовых повреждений,NON_ITEM,,order_or_item_ref,,,,,NOT_AVAILABLE,NOT_AVAILABLE,-45.65,RUB,/v1/finance/accrual/by-day,raw/backfill_v1/finance/accrual_by_day_20260827.json
2026-08-27,61085020617,32,Логистика,POSTING,0181184258-0004-1,posting_number,0181184258-0004-1,3733452761,868597351,EVT-SET-4PC-ACNE,NOT_AVAILABLE,NOT_AVAILABLE,-74.0,RUB,/v1/finance/accrual/by-day,raw/backfill_v1/finance/accrual_by_day_20260827.json
2026-08-27,61085020617,29,Доставка до места выдачи,POSTING,0181184258-0004-1,posting_number,0181184258-0004-1,3733452761,868597351,EVT-SET-4PC-ACNE,NOT_AVAILABLE,NOT_AVAILABLE,-8.28,RUB,/v1/finance/accrual/by-day,raw/backfill_v1/finance/accrual_by_day_20260827.json
2026-08-27,61087098618,1,Эквайринг,ITEM,0181184258-0004-1,order_or_item_ref,,3733452761,868597351,EVT-SET-4PC-ACNE,NOT_AVAILABLE,NOT_AVAILABLE,-23.18,RUB,/v1/finance/accrual/by-day,raw/backfill_v1/finance/accrual_by_day_20260827.json
2026-08-27,61094412786,32,Логистика,POSTING,45787713-0006-1,posting_number,45787713-0006-1,1994674912,305101361,EVT-FS-ACNE-30,NOT_AVAILABLE,NOT_AVAILABLE,-60.0,RUB,/v1/finance/accrual/by-day,raw/backfill_v1/finance/accrual_by_day_20260827.json
2026-08-27,61094412786,29,Доставка до места выдачи,POSTING,45787713-0006-1,posting_number,45787713-0006-1,1994674912,305101361,EVT-FS-ACNE-30,NOT_AVAILABLE,NOT_AVAILABLE,-7.91,RUB,/v1/finance/accrual/by-day,raw/backfill_v1/finance/accrual_by_day_20260827.json
2026-08-27,61096750988,1,Эквайринг,ITEM,45787713-0006-1,order_or_item_ref,,1994674912,305101361,EVT-FS-ACNE-30,NOT_AVAILABLE,NOT_AVAILABLE,-8.61,RUB,/v1/finance/accrual/by-day,raw/backfill_v1/finance/accrual_by_day_20260827.json
2026-08-27,61145433102,32,Логистика,POSTING,66461262-0191-1,posting_number,66461262-0191-1,1997079254,252442517,EVT-HC-HAND-300,NOT_AVAILABLE,NOT_AVAILABLE,-70.0,RUB,/v1/finance/accrual/by-day,raw/backfill_v1/finance/accrual_by_day_20260827.json
2026-08-27,61145433102,29,Доставка до места выдачи,POSTING,66461262-0191-1,posting_number,66461262-0191-1,1997079254,252442517,EVT-HC-HAND-300,NOT_AVAILABLE,NOT_AVAILABLE,-12.99,RUB,/v1/finance/accrual/by-day,raw/backfill_v1/finance/accrual_by_day_20260827.json
2026-08-27,61149027042,1,Эквайринг,ITEM,66461262-0191-1,order_or_item_ref,,1997079254,252442517,EVT-HC-HAND-300,NOT_AVAILABLE,NOT_AVAILABLE,-5.89,RUB,/v1/finance/accrual/by-day,raw/backfill_v1/finance/accrual_by_day_20260827.json
2026-08-27,61171584235,1,Эквайринг,ITEM,0124734158-0043,order_or_item_ref,,3530427102,535581675,EVT-FT-ACNE-150,NOT_AVAILABLE,NOT_AVAILABLE,-7.11,RUB,/v1/finance/accrual/by-day,raw/backfill_v1/finance/accrual_by_day_20260827.json
2026-08-27,61173508510,46,Размещение товаров на складах Ozon,NON_ITEM,,order_or_item_ref,,,,,NOT_AVAILABLE,NOT_AVAILABLE,-17.43,RUB,/v1/finance/accrual/by-day,raw/backfill_v1/finance/accrual_by_day_20260827.json
2026-08-27,61178696252,41,Оплата за клик,NON_ITEM,33703975,campaign_id,,,,,NOT_AVAILABLE,NOT_AVAILABLE,-117.27,RUB,/v1/finance/accrual/by-day,raw/backfill_v1/finance/accrual_by_day_20260827.json
2026-08-27,61178696253,41,Оплата за клик,NON_ITEM,33678192,campaign_id,,,,,NOT_AVAILABLE,NOT_AVAILABLE,-12.15,RUB,/v1/finance/accrual/by-day,raw/backfill_v1/finance/accrual_by_day_20260827.json
2026-08-27,61178696255,41,Оплата за клик,NON_ITEM,32157965,campaign_id,,,,,NOT_AVAILABLE,NOT_AVAILABLE,-75.79,RUB,/v1/finance/accrual/by-day,raw/backfill_v1/finance/accrual_by_day_20260827.json
2026-08-27,61178696256,41,Оплата за клик,NON_ITEM,32157947,campaign_id,,,,,NOT_AVAILABLE,NOT_AVAILABLE,-21.7,RUB,/v1/finance/accrual/by-day,raw/backfill_v1/finance/accrual_by_day_20260827.json
2026-08-27,61178696257,41,Оплата за клик,NON_ITEM,32157919,campaign_id,,,,,NOT_AVAILABLE,NOT_AVAILABLE,-187.99,RUB,/v1/finance/accrual/by-day,raw/backfill_v1/finance/accrual_by_day_20260827.json
2026-08-27,61178696258,41,Оплата за клик,NON_ITEM,32158176,campaign_id,,,,,NOT_AVAILABLE,NOT_AVAILABLE,-11.62,RUB,/v1/finance/accrual/by-day,raw/backfill_v1/finance/accrual_by_day_20260827.json
2026-08-27,61178696259,41,Оплата за клик,NON_ITEM,32157988,campaign_id,,,,,NOT_AVAILABLE,NOT_AVAILABLE,-367.51,RUB,/v1/finance/accrual/by-day,raw/backfill_v1/finance/accrual_by_day_20260827.json
2026-08-27,61178696260,41,Оплата за клик,NON_ITEM,32157891,campaign_id,,,,,NOT_AVAILABLE,NOT_AVAILABLE,-51.23,RUB,/v1/finance/accrual/by-day,raw/backfill_v1/finance/accrual_by_day_20260827.json
2026-08-27,61178696325,41,Оплата за клик,NON_ITEM,33678288,campaign_id,,,,,NOT_AVAILABLE,NOT_AVAILABLE,-64.09,RUB,/v1/finance/accrual/by-day,raw/backfill_v1/finance/accrual_by_day_20260827.json
2026-08-28,61176059815,32,Логистика,POSTING,0134787616-0161-2,posting_number,0134787616-0161-2,3530427102,535581675,EVT-FT-ACNE-150,NOT_AVAILABLE,NOT_AVAILABLE,-66.0,RUB,/v1/finance/accrual/by-day,raw/backfill_v1/finance/accrual_by_day_20260828.json
2026-08-28,61176059816,59,Обратная логистика,POSTING,0134787616-0161-2,posting_number,0134787616-0161-2,3530427102,535581675,EVT-FT-ACNE-150,NOT_AVAILABLE,NOT_AVAILABLE,-75.0,RUB,/v1/finance/accrual/by-day,raw/backfill_v1/finance/accrual_by_day_20260828.json
2026-08-28,61176114967,29,Доставка до места выдачи,POSTING,0134787616-0161-2,posting_number,0134787616-0161-2,3530427102,535581675,EVT-FT-ACNE-150,NOT_AVAILABLE,NOT_AVAILABLE,-11.62,RUB,/v1/finance/accrual/by-day,raw/backfill_v1/finance/accrual_by_day_20260828.json
2026-08-28,61177051836,76,Страхование товара от массовых повреждений,NON_ITEM,,order_or_item_ref,,,,,NOT_AVAILABLE,NOT_AVAILABLE,-45.04,RUB,/v1/finance/accrual/by-day,raw/backfill_v1/finance/accrual_by_day_20260828.json
2026-08-28,61198070544,32,Логистика,POSTING,18408324-0404-3,posting_number,18408324-0404-3,2974977988,438775617,EVT-FC-ACNE-50,NOT_AVAILABLE,NOT_AVAILABLE,-69.0,RUB,/v1/finance/accrual/by-day,raw/backfill_v1/finance/accrual_by_day_20260828.json
2026-08-28,61198070544,29,Доставка до места выдачи,POSTING,18408324-0404-3,posting_number,18408324-0404-3,2974977988,438775617,EVT-FC-ACNE-50,NOT_AVAILABLE,NOT_AVAILABLE,-8.25,RUB,/v1/finance/accrual/by-day,raw/backfill_v1/finance/accrual_by_day_20260828.json
2026-08-28,61218703850,32,Логистика,POSTING,0123272455-0170-1,posting_number,0123272455-0170-1,3528293526,535581674,EVT-FT-MOIST-150,NOT_AVAILABLE,NOT_AVAILABLE,-66.0,RUB,/v1/finance/accrual/by-day,raw/backfill_v1/finance/accrual_by_day_20260828.json
2026-08-28,61218703850,29,Доставка до места выдачи,POSTING,0123272455-0170-1,posting_number,0123272455-0170-1,3528293526,535581674,EVT-FT-MOIST-150,NOT_AVAILABLE,NOT_AVAILABLE,-9.27,RUB,/v1/finance/accrual/by-day,raw/backfill_v1/finance/accrual_by_day_20260828.json
2026-08-28,61221260662,1,Эквайринг,ITEM,0123272455-0170-1,order_or_item_ref,,3528293526,535581674,EVT-FT-MOIST-150,NOT_AVAILABLE,NOT_AVAILABLE,-7.11,RUB,/v1/finance/accrual/by-day,raw/backfill_v1/finance/accrual_by_day_20260828.json
2026-08-28,61231572197,32,Логистика,POSTING,0102968538-0535-1,posting_number,0102968538-0535-1,3735183318,910330849,EVT-SET-MOIST-TONIC-SERUM,NOT_AVAILABLE,NOT_AVAILABLE,-77.0,RUB,/v1/finance/accrual/by-day,raw/backfill_v1/finance/accrual_by_day_20260828.json
2026-08-28,61231572197,29,Доставка до места выдачи,POSTING,0102968538-0535-1,posting_number,0102968538-0535-1,3735183318,910330849,EVT-SET-MOIST-TONIC-SERUM,NOT_AVAILABLE,NOT_AVAILABLE,-9.83,RUB,/v1/finance/accrual/by-day,raw/backfill_v1/finance/accrual_by_day_20260828.json
2026-08-28,61233954251,32,Логистика,POSTING,98953119-0321-1,posting_number,98953119-0321-1,3892518031,593111986,EVT-HC-CHERRY-300,NOT_AVAILABLE,NOT_AVAILABLE,-70.0,RUB,/v1/finance/accrual/by-day,raw/backfill_v1/finance/accrual_by_day_20260828.json
2026-08-28,61233954251,29,Доставка до места выдачи,POSTING,98953119-0321-1,posting_number,98953119-0321-1,3892518031,593111986,EVT-HC-CHERRY-300,NOT_AVAILABLE,NOT_AVAILABLE,-6.85,RUB,/v1/finance/accrual/by-day,raw/backfill_v1/finance/accrual_by_day_20260828.json
2026-08-28,61234610642,1,Эквайринг,ITEM,0102968538-0535-1,order_or_item_ref,,3735183318,910330849,EVT-SET-MOIST-TONIC-SERUM,NOT_AVAILABLE,NOT_AVAILABLE,-10.58,RUB,/v1/finance/accrual/by-day,raw/backfill_v1/finance/accrual_by_day_20260828.json
2026-08-28,61236966225,1,Эквайринг,ITEM,98953119-0321-1,order_or_item_ref,,3892518031,593111986,EVT-HC-CHERRY-300,NOT_AVAILABLE,NOT_AVAILABLE,-8.65,RUB,/v1/finance/accrual/by-day,raw/backfill_v1/finance/accrual_by_day_20260828.json
2026-08-28,61256828480,32,Логистика,POSTING,82358868-0686-1,posting_number,82358868-0686-1,3530427102,535581675,EVT-FT-ACNE-150,NOT_AVAILABLE,NOT_AVAILABLE,-69.0,RUB,/v1/finance/accrual/by-day,raw/backfill_v1/finance/accrual_by_day_20260828.json
2026-08-28,61256828480,29,Доставка до места выдачи,POSTING,82358868-0686-1,posting_number,82358868-0686-1,3530427102,535581675,EVT-FT-ACNE-150,NOT_AVAILABLE,NOT_AVAILABLE,-7.03,RUB,/v1/finance/accrual/by-day,raw/backfill_v1/finance/accrual_by_day_20260828.json
2026-08-28,61258574585,32,Логистика,POSTING,34851774-1572-1,posting_number,34851774-1572-1,3530427102,535581675,EVT-FT-ACNE-150,NOT_AVAILABLE,NOT_AVAILABLE,-66.0,RUB,/v1/finance/accrual/by-day,raw/backfill_v1/finance/accrual_by_day_20260828.json
2026-08-28,61258574585,29,Доставка до места выдачи,POSTING,34851774-1572-1,posting_number,34851774-1572-1,3530427102,535581675,EVT-FT-ACNE-150,NOT_AVAILABLE,NOT_AVAILABLE,-6.84,RUB,/v1/finance/accrual/by-day,raw/backfill_v1/finance/accrual_by_day_20260828.json
2026-08-28,61258633526,32,Логистика,POSTING,34851774-1572-3,posting_number,34851774-1572-3,2974977988,438775617,EVT-FC-ACNE-50,NOT_AVAILABLE,NOT_AVAILABLE,-66.0,RUB,/v1/finance/accrual/by-day,raw/backfill_v1/finance/accrual_by_day_20260828.json
2026-08-28,61258633526,29,Доставка до места выдачи,POSTING,34851774-1572-3,posting_number,34851774-1572-3,2974977988,438775617,EVT-FC-ACNE-50,NOT_AVAILABLE,NOT_AVAILABLE,-6.84,RUB,/v1/finance/accrual/by-day,raw/backfill_v1/finance/accrual_by_day_20260828.json
2026-08-28,61260313395,1,Эквайринг,ITEM,82358868-0686-1,order_or_item_ref,,3530427102,535581675,EVT-FT-ACNE-150,NOT_AVAILABLE,NOT_AVAILABLE,-5.7,RUB,/v1/finance/accrual/by-day,raw/backfill_v1/finance/accrual_by_day_20260828.json
2026-08-28,61262137691,1,Эквайринг,ITEM,34851774-1572-1,order_or_item_ref,,3530427102,535581675,EVT-FT-ACNE-150,NOT_AVAILABLE,NOT_AVAILABLE,-3.42,RUB,/v1/finance/accrual/by-day,raw/backfill_v1/finance/accrual_by_day_20260828.json
2026-08-28,61262137692,1,Эквайринг,ITEM,34851774-1572-3,order_or_item_ref,,2974977988,438775617,EVT-FC-ACNE-50,NOT_AVAILABLE,NOT_AVAILABLE,-3.93,RUB,/v1/finance/accrual/by-day,raw/backfill_v1/finance/accrual_by_day_20260828.json
2026-08-28,61284135764,46,Размещение товаров на складах Ozon,NON_ITEM,,order_or_item_ref,,,,,NOT_AVAILABLE,NOT_AVAILABLE,-10.17,RUB,/v1/finance/accrual/by-day,raw/backfill_v1/finance/accrual_by_day_20260828.json
2026-08-28,61288364688,41,Оплата за клик,NON_ITEM,33703975,campaign_id,,,,,NOT_AVAILABLE,NOT_AVAILABLE,-194.25,RUB,/v1/finance/accrual/by-day,raw/backfill_v1/finance/accrual_by_day_20260828.json
2026-08-28,61288373537,41,Оплата за клик,NON_ITEM,33678192,campaign_id,,,,,NOT_AVAILABLE,NOT_AVAILABLE,-22.08,RUB,/v1/finance/accrual/by-day,raw/backfill_v1/finance/accrual_by_day_20260828.json
2026-08-28,61288373815,41,Оплата за клик,NON_ITEM,33678288,campaign_id,,,,,NOT_AVAILABLE,NOT_AVAILABLE,-343.1,RUB,/v1/finance/accrual/by-day,raw/backfill_v1/finance/accrual_by_day_20260828.json
2026-08-28,61288498771,41,Оплата за клик,NON_ITEM,32158176,campaign_id,,,,,NOT_AVAILABLE,NOT_AVAILABLE,-36.56,RUB,/v1/finance/accrual/by-day,raw/backfill_v1/finance/accrual_by_day_20260828.json
2026-08-28,61288498772,41,Оплата за клик,NON_ITEM,32157965,campaign_id,,,,,NOT_AVAILABLE,NOT_AVAILABLE,-38.3,RUB,/v1/finance/accrual/by-day,raw/backfill_v1/finance/accrual_by_day_20260828.json
2026-08-28,61288498773,41,Оплата за клик,NON_ITEM,32157891,campaign_id,,,,,NOT_AVAILABLE,NOT_AVAILABLE,-35.08,RUB,/v1/finance/accrual/by-day,raw/backfill_v1/finance/accrual_by_day_20260828.json
2026-08-28,61288508775,41,Оплата за клик,NON_ITEM,32157919,campaign_id,,,,,NOT_AVAILABLE,NOT_AVAILABLE,-246.2,RUB,/v1/finance/accrual/by-day,raw/backfill_v1/finance/accrual_by_day_20260828.json
2026-08-28,61288508800,41,Оплата за клик,NON_ITEM,32157988,campaign_id,,,,,NOT_AVAILABLE,NOT_AVAILABLE,-584.13,RUB,/v1/finance/accrual/by-day,raw/backfill_v1/finance/accrual_by_day_20260828.json
2026-08-28,61288508848,41,Оплата за клик,NON_ITEM,32157947,campaign_id,,,,,NOT_AVAILABLE,NOT_AVAILABLE,-99.3,RUB,/v1/finance/accrual/by-day,raw/backfill_v1/finance/accrual_by_day_20260828.json
2026-08-29,61284331130,1,Эквайринг,ITEM,0163969630-0044,order_or_item_ref,,1997079254,252442517,EVT-HC-HAND-300,NOT_AVAILABLE,NOT_AVAILABLE,-1.8,RUB,/v1/finance/accrual/by-day,raw/backfill_v1/finance/accrual_by_day_20260829.json
2026-08-29,61285559995,76,Страхование товара от массовых повреждений,NON_ITEM,,order_or_item_ref,,,,,NOT_AVAILABLE,NOT_AVAILABLE,-44.34,RUB,/v1/finance/accrual/by-day,raw/backfill_v1/finance/accrual_by_day_20260829.json
2026-08-29,61290017511,32,Логистика,POSTING,65377661-0395-1,posting_number,65377661-0395-1,4843362212,1083392113,EVT-SET-ACNE-TONIC-SERUM,NOT_AVAILABLE,NOT_AVAILABLE,-99.0,RUB,/v1/finance/accrual/by-day,raw/backfill_v1/finance/accrual_by_day_20260829.json
2026-08-29,61290017511,29,Доставка до места выдачи,POSTING,65377661-0395-1,posting_number,65377661-0395-1,4843362212,1083392113,EVT-SET-ACNE-TONIC-SERUM,NOT_AVAILABLE,NOT_AVAILABLE,-11.52,RUB,/v1/finance/accrual/by-day,raw/backfill_v1/finance/accrual_by_day_20260829.json
2026-08-29,61296303327,1,Эквайринг,ITEM,0109640754-0177,order_or_item_ref,,3530427102,535581675,EVT-FT-ACNE-150,NOT_AVAILABLE,NOT_AVAILABLE,-5.95,RUB,/v1/finance/accrual/by-day,raw/backfill_v1/finance/accrual_by_day_20260829.json
2026-08-29,61299089360,32,Логистика,POSTING,0174149519-0230-4,posting_number,0174149519-0230-4,3733452761,868597351,EVT-SET-4PC-ACNE,NOT_AVAILABLE,NOT_AVAILABLE,-76.0,RUB,/v1/finance/accrual/by-day,raw/backfill_v1/finance/accrual_by_day_20260829.json
2026-08-29,61299089360,98,Доставка до места выдачи силами Ozon,POSTING,0174149519-0230-4,posting_number,0174149519-0230-4,3733452761,868597351,EVT-SET-4PC-ACNE,NOT_AVAILABLE,NOT_AVAILABLE,-25.0,RUB,/v1/finance/accrual/by-day,raw/backfill_v1/finance/accrual_by_day_20260829.json
2026-08-29,61308383274,32,Логистика,POSTING,80431242-0097-1,posting_number,80431242-0097-1,3735183318,910330849,EVT-SET-MOIST-TONIC-SERUM,NOT_AVAILABLE,NOT_AVAILABLE,-77.0,RUB,/v1/finance/accrual/by-day,raw/backfill_v1/finance/accrual_by_day_20260829.json
2026-08-29,61308383274,29,Доставка до места выдачи,POSTING,80431242-0097-1,posting_number,80431242-0097-1,3735183318,910330849,EVT-SET-MOIST-TONIC-SERUM,NOT_AVAILABLE,NOT_AVAILABLE,-9.85,RUB,/v1/finance/accrual/by-day,raw/backfill_v1/finance/accrual_by_day_20260829.json
2026-08-29,61310201425,77,Обработка товара,NON_ITEM,2000060679496,order_or_item_ref,,,,,NOT_AVAILABLE,NOT_AVAILABLE,-191.0,RUB,/v1/finance/accrual/by-day,raw/backfill_v1/finance/accrual_by_day_20260829.json
2026-08-29,61310201426,77,Обработка товара,NON_ITEM,2000060679496,order_or_item_ref,,,,,NOT_AVAILABLE,NOT_AVAILABLE,-50.0,RUB,/v1/finance/accrual/by-day,raw/backfill_v1/finance/accrual_by_day_20260829.json
2026-08-29,61310837284,1,Эквайринг,ITEM,80431242-0097-1,order_or_item_ref,,3735183318,910330849,EVT-SET-MOIST-TONIC-SERUM,NOT_AVAILABLE,NOT_AVAILABLE,-10.49,RUB,/v1/finance/accrual/by-day,raw/backfill_v1/finance/accrual_by_day_20260829.json
2026-08-29,61317230985,32,Логистика,POSTING,0102968538-0529-1,posting_number,0102968538-0529-1,3735183318,910330849,EVT-SET-MOIST-TONIC-SERUM,NOT_AVAILABLE,NOT_AVAILABLE,-77.0,RUB,/v1/finance/accrual/by-day,raw/backfill_v1/finance/accrual_by_day_20260829.json
2026-08-29,61317230986,59,Обратная логистика,POSTING,0102968538-0529-1,posting_number,0102968538-0529-1,3735183318,910330849,EVT-SET-MOIST-TONIC-SERUM,NOT_AVAILABLE,NOT_AVAILABLE,-67.0,RUB,/v1/finance/accrual/by-day,raw/backfill_v1/finance/accrual_by_day_20260829.json
2026-08-29,61330413466,1,Эквайринг,ITEM,0234218933-0020,order_or_item_ref,,2974977988,438775617,EVT-FC-ACNE-50,NOT_AVAILABLE,NOT_AVAILABLE,-6.24,RUB,/v1/finance/accrual/by-day,raw/backfill_v1/finance/accrual_by_day_20260829.json
2026-08-29,61331000621,1,Эквайринг,ITEM,0214571384-0137,order_or_item_ref,,1997079254,252442517,EVT-HC-HAND-300,NOT_AVAILABLE,NOT_AVAILABLE,-5.5,RUB,/v1/finance/accrual/by-day,raw/backfill_v1/finance/accrual_by_day_20260829.json
2026-08-29,61350350409,32,Логистика,POSTING,0183342354-0245-3,posting_number,0183342354-0245-3,1994674912,305101361,EVT-FS-ACNE-30,NOT_AVAILABLE,NOT_AVAILABLE,-65.0,RUB,/v1/finance/accrual/by-day,raw/backfill_v1/finance/accrual_by_day_20260829.json
2026-08-29,61350350409,29,Доставка до места выдачи,POSTING,0183342354-0245-3,posting_number,0183342354-0245-3,1994674912,305101361,EVT-FS-ACNE-30,NOT_AVAILABLE,NOT_AVAILABLE,-8.73,RUB,/v1/finance/accrual/by-day,raw/backfill_v1/finance/accrual_by_day_20260829.json
2026-08-29,61353239654,1,Эквайринг,ITEM,0183342354-0245-3,order_or_item_ref,,1994674912,305101361,EVT-FS-ACNE-30,NOT_AVAILABLE,NOT_AVAILABLE,-9.44,RUB,/v1/finance/accrual/by-day,raw/backfill_v1/finance/accrual_by_day_20260829.json
2026-08-29,61368207751,32,Логистика,POSTING,36898487-0174-1,posting_number,36898487-0174-1,3530427102,535581675,EVT-FT-ACNE-150,NOT_AVAILABLE,NOT_AVAILABLE,-66.0,RUB,/v1/finance/accrual/by-day,raw/backfill_v1/finance/accrual_by_day_20260829.json
2026-08-29,61368207751,29,Доставка до места выдачи,POSTING,36898487-0174-1,posting_number,36898487-0174-1,3530427102,535581675,EVT-FT-ACNE-150,NOT_AVAILABLE,NOT_AVAILABLE,-11.53,RUB,/v1/finance/accrual/by-day,raw/backfill_v1/finance/accrual_by_day_20260829.json
2026-08-29,61370929097,1,Эквайринг,ITEM,36898487-0174-1,order_or_item_ref,,3530427102,535581675,EVT-FT-ACNE-150,NOT_AVAILABLE,NOT_AVAILABLE,-7.93,RUB,/v1/finance/accrual/by-day,raw/backfill_v1/finance/accrual_by_day_20260829.json
2026-08-29,61381684172,1,Эквайринг,ITEM,25313150-0288,order_or_item_ref,,1994674912,305101361,EVT-FS-ACNE-30,NOT_AVAILABLE,NOT_AVAILABLE,-8.72,RUB,/v1/finance/accrual/by-day,raw/backfill_v1/finance/accrual_by_day_20260829.json
2026-08-29,61385242804,46,Размещение товаров на складах Ozon,NON_ITEM,,order_or_item_ref,,,,,NOT_AVAILABLE,NOT_AVAILABLE,-17.45,RUB,/v1/finance/accrual/by-day,raw/backfill_v1/finance/accrual_by_day_20260829.json
2026-08-29,61389502968,41,Оплата за клик,NON_ITEM,33703975,campaign_id,,,,,NOT_AVAILABLE,NOT_AVAILABLE,-69.7,RUB,/v1/finance/accrual/by-day,raw/backfill_v1/finance/accrual_by_day_20260829.json
2026-08-29,61389524612,41,Оплата за клик,NON_ITEM,33678288,campaign_id,,,,,NOT_AVAILABLE,NOT_AVAILABLE,-428.31,RUB,/v1/finance/accrual/by-day,raw/backfill_v1/finance/accrual_by_day_20260829.json
2026-08-29,61389524613,41,Оплата за клик,NON_ITEM,33678192,campaign_id,,,,,NOT_AVAILABLE,NOT_AVAILABLE,-17.16,RUB,/v1/finance/accrual/by-day,raw/backfill_v1/finance/accrual_by_day_20260829.json
2026-08-29,61389608051,41,Оплата за клик,NON_ITEM,32157919,campaign_id,,,,,NOT_AVAILABLE,NOT_AVAILABLE,-377.22,RUB,/v1/finance/accrual/by-day,raw/backfill_v1/finance/accrual_by_day_20260829.json
2026-08-29,61389608052,41,Оплата за клик,NON_ITEM,32157891,campaign_id,,,,,NOT_AVAILABLE,NOT_AVAILABLE,-12.64,RUB,/v1/finance/accrual/by-day,raw/backfill_v1/finance/accrual_by_day_20260829.json
2026-08-29,61389627171,41,Оплата за клик,NON_ITEM,32158176,campaign_id,,,,,NOT_AVAILABLE,NOT_AVAILABLE,-35.73,RUB,/v1/finance/accrual/by-day,raw/backfill_v1/finance/accrual_by_day_20260829.json
2026-08-29,61389627172,41,Оплата за клик,NON_ITEM,32157988,campaign_id,,,,,NOT_AVAILABLE,NOT_AVAILABLE,-313.47,RUB,/v1/finance/accrual/by-day,raw/backfill_v1/finance/accrual_by_day_20260829.json
2026-08-29,61389627173,41,Оплата за клик,NON_ITEM,32157965,campaign_id,,,,,NOT_AVAILABLE,NOT_AVAILABLE,-68.7,RUB,/v1/finance/accrual/by-day,raw/backfill_v1/finance/accrual_by_day_20260829.json
2026-08-29,61389627174,41,Оплата за клик,NON_ITEM,32157947,campaign_id,,,,,NOT_AVAILABLE,NOT_AVAILABLE,-48.81,RUB,/v1/finance/accrual/by-day,raw/backfill_v1/finance/accrual_by_day_20260829.json
2026-08-30,61386802313,76,Страхование товара от массовых повреждений,NON_ITEM,,order_or_item_ref,,,,,NOT_AVAILABLE,NOT_AVAILABLE,-43.15,RUB,/v1/finance/accrual/by-day,raw/backfill_v1/finance/accrual_by_day_20260830.json
2026-08-30,61392962442,32,Логистика,POSTING,43430799-0100-1,posting_number,43430799-0100-1,1994674912,305101361,EVT-FS-ACNE-30,NOT_AVAILABLE,NOT_AVAILABLE,-65.0,RUB,/v1/finance/accrual/by-day,raw/backfill_v1/finance/accrual_by_day_20260830.json
2026-08-30,61392962443,59,Обратная логистика,POSTING,43430799-0100-1,posting_number,43430799-0100-1,1994674912,305101361,EVT-FS-ACNE-30,NOT_AVAILABLE,NOT_AVAILABLE,-56.0,RUB,/v1/finance/accrual/by-day,raw/backfill_v1/finance/accrual_by_day_20260830.json
2026-08-30,61393116076,29,Доставка до места выдачи,POSTING,43430799-0100-1,posting_number,43430799-0100-1,1994674912,305101361,EVT-FS-ACNE-30,NOT_AVAILABLE,NOT_AVAILABLE,-14.46,RUB,/v1/finance/accrual/by-day,raw/backfill_v1/finance/accrual_by_day_20260830.json
2026-08-30,61394525008,32,Логистика,POSTING,0123934165-0014-1,posting_number,0123934165-0014-1,3528293526,535581674,EVT-FT-MOIST-150,NOT_AVAILABLE,NOT_AVAILABLE,-71.0,RUB,/v1/finance/accrual/by-day,raw/backfill_v1/finance/accrual_by_day_20260830.json
2026-08-30,61394525008,29,Доставка до места выдачи,POSTING,0123934165-0014-1,posting_number,0123934165-0014-1,3528293526,535581674,EVT-FT-MOIST-150,NOT_AVAILABLE,NOT_AVAILABLE,-10.72,RUB,/v1/finance/accrual/by-day,raw/backfill_v1/finance/accrual_by_day_20260830.json
2026-08-30,61460037857,32,Логистика,POSTING,0124734158-0043-1,posting_number,0124734158-0043-1,3530427102,535581675,EVT-FT-ACNE-150,NOT_AVAILABLE,NOT_AVAILABLE,-63.0,RUB,/v1/finance/accrual/by-day,raw/backfill_v1/finance/accrual_by_day_20260830.json
2026-08-30,61460037857,29,Доставка до места выдачи,POSTING,0124734158-0043-1,posting_number,0124734158-0043-1,3530427102,535581675,EVT-FT-ACNE-150,NOT_AVAILABLE,NOT_AVAILABLE,-15.24,RUB,/v1/finance/accrual/by-day,raw/backfill_v1/finance/accrual_by_day_20260830.json
2026-08-30,61492299818,1,Эквайринг,ITEM,0211562374-0016,order_or_item_ref,,3735674506,910584041,EVT-SET-TON-SER-CREAM-ACNE,NOT_AVAILABLE,NOT_AVAILABLE,-13.39,RUB,/v1/finance/accrual/by-day,raw/backfill_v1/finance/accrual_by_day_20260830.json
2026-08-30,61492965772,1,Эквайринг,ITEM,65177856-0210,order_or_item_ref,,3735183318,910330849,EVT-SET-MOIST-TONIC-SERUM,NOT_AVAILABLE,NOT_AVAILABLE,-8.56,RUB,/v1/finance/accrual/by-day,raw/backfill_v1/finance/accrual_by_day_20260830.json
2026-08-30,61495106538,1,Эквайринг,ITEM,0107420423-0414,order_or_item_ref,,3530427102,535581675,EVT-FT-ACNE-150,NOT_AVAILABLE,NOT_AVAILABLE,-7.44,RUB,/v1/finance/accrual/by-day,raw/backfill_v1/finance/accrual_by_day_20260830.json
2026-08-30,61496292673,46,Размещение товаров на складах Ozon,NON_ITEM,,order_or_item_ref,,,,,NOT_AVAILABLE,NOT_AVAILABLE,-4.36,RUB,/v1/finance/accrual/by-day,raw/backfill_v1/finance/accrual_by_day_20260830.json
2026-08-30,61500611223,41,Оплата за клик,NON_ITEM,33703975,campaign_id,,,,,NOT_AVAILABLE,NOT_AVAILABLE,-339.78,RUB,/v1/finance/accrual/by-day,raw/backfill_v1/finance/accrual_by_day_20260830.json
2026-08-30,61500615715,41,Оплата за клик,NON_ITEM,33678192,campaign_id,,,,,NOT_AVAILABLE,NOT_AVAILABLE,-42.52,RUB,/v1/finance/accrual/by-day,raw/backfill_v1/finance/accrual_by_day_20260830.json
2026-08-30,61500629247,41,Оплата за клик,NON_ITEM,33678288,campaign_id,,,,,NOT_AVAILABLE,NOT_AVAILABLE,-82.49,RUB,/v1/finance/accrual/by-day,raw/backfill_v1/finance/accrual_by_day_20260830.json
2026-08-30,61500730978,41,Оплата за клик,NON_ITEM,32158176,campaign_id,,,,,NOT_AVAILABLE,NOT_AVAILABLE,-22.31,RUB,/v1/finance/accrual/by-day,raw/backfill_v1/finance/accrual_by_day_20260830.json
2026-08-30,61500730979,41,Оплата за клик,NON_ITEM,32158008,campaign_id,,,,,NOT_AVAILABLE,NOT_AVAILABLE,-194.31,RUB,/v1/finance/accrual/by-day,raw/backfill_v1/finance/accrual_by_day_20260830.json
2026-08-30,61500730980,41,Оплата за клик,NON_ITEM,32157919,campaign_id,,,,,NOT_AVAILABLE,NOT_AVAILABLE,-221.93,RUB,/v1/finance/accrual/by-day,raw/backfill_v1/finance/accrual_by_day_20260830.json
2026-08-30,61500743225,41,Оплата за клик,NON_ITEM,32158051,campaign_id,,,,,NOT_AVAILABLE,NOT_AVAILABLE,-241.62,RUB,/v1/finance/accrual/by-day,raw/backfill_v1/finance/accrual_by_day_20260830.json
2026-08-30,61500743226,41,Оплата за клик,NON_ITEM,32157891,campaign_id,,,,,NOT_AVAILABLE,NOT_AVAILABLE,-265.19,RUB,/v1/finance/accrual/by-day,raw/backfill_v1/finance/accrual_by_day_20260830.json
2026-08-30,61500743452,41,Оплата за клик,NON_ITEM,32157965,campaign_id,,,,,NOT_AVAILABLE,NOT_AVAILABLE,-74.86,RUB,/v1/finance/accrual/by-day,raw/backfill_v1/finance/accrual_by_day_20260830.json
2026-08-30,61500743494,41,Оплата за клик,NON_ITEM,32157947,campaign_id,,,,,NOT_AVAILABLE,NOT_AVAILABLE,-49.65,RUB,/v1/finance/accrual/by-day,raw/backfill_v1/finance/accrual_by_day_20260830.json
2026-08-30,61500743515,41,Оплата за клик,NON_ITEM,32157988,campaign_id,,,,,NOT_AVAILABLE,NOT_AVAILABLE,-236.02,RUB,/v1/finance/accrual/by-day,raw/backfill_v1/finance/accrual_by_day_20260830.json
2026-08-31,61497772847,76,Страхование товара от массовых повреждений,NON_ITEM,,order_or_item_ref,,,,,NOT_AVAILABLE,NOT_AVAILABLE,-42.89,RUB,/v1/finance/accrual/by-day,raw/backfill_v1/finance/accrual_by_day_20260831.json
2026-08-31,61504266550,1,Эквайринг,ITEM,0211562374-0019,order_or_item_ref,,3735674506,910584041,EVT-SET-TON-SER-CREAM-ACNE,NOT_AVAILABLE,NOT_AVAILABLE,-13.3,RUB,/v1/finance/accrual/by-day,raw/backfill_v1/finance/accrual_by_day_20260831.json
2026-08-31,61507226347,1,Эквайринг,ITEM,0105389229-0046,order_or_item_ref,,3528293526,535581674,EVT-FT-MOIST-150,NOT_AVAILABLE,NOT_AVAILABLE,-5.57,RUB,/v1/finance/accrual/by-day,raw/backfill_v1/finance/accrual_by_day_20260831.json
2026-08-31,61546093990,116,Сбор первых отзывов,ITEM,86171999-0518-1,order_or_item_ref,,3892223191,930334397,EVT-SET-CHERRY-AMBER,NOT_AVAILABLE,NOT_AVAILABLE,-894.26,RUB,/v1/finance/accrual/by-day,raw/backfill_v1/finance/accrual_by_day_20260831.json
2026-08-31,61557118028,32,Логистика,POSTING,0124323525-0091-1,posting_number,0124323525-0091-1,1997079254,252442517,EVT-HC-HAND-300,NOT_AVAILABLE,NOT_AVAILABLE,-70.0,RUB,/v1/finance/accrual/by-day,raw/backfill_v1/finance/accrual_by_day_20260831.json
2026-08-31,61557118028,29,Доставка до места выдачи,POSTING,0124323525-0091-1,posting_number,0124323525-0091-1,1997079254,252442517,EVT-HC-HAND-300,NOT_AVAILABLE,NOT_AVAILABLE,-6.44,RUB,/v1/finance/accrual/by-day,raw/backfill_v1/finance/accrual_by_day_20260831.json
2026-08-31,61560334444,1,Эквайринг,ITEM,0124323525-0091-1,order_or_item_ref,,1997079254,252442517,EVT-HC-HAND-300,NOT_AVAILABLE,NOT_AVAILABLE,-4.98,RUB,/v1/finance/accrual/by-day,raw/backfill_v1/finance/accrual_by_day_20260831.json
