date,marketing_cost_type,campaign_id,ozon_sku,offer_id,internal_sku,cash_cost_rub,product_cogs_cost_rub,total_marketing_cost_rub,evidence_status,primary_source,finance_type_id,source_raw_file
2026-06-01,CPC_MEDIA,27251978,NOT_APPLICABLE,NOT_APPLICABLE,NOT_APPLICABLE,73.46,NOT_APPLICABLE,73.46,CONFIRMED_SPEND,Seller API /v1/finance/accrual/by-day,41,raw/backfill_v1/finance/accrual_by_day_20260601.json
2026-06-01,CPC_MEDIA,27307535,NOT_APPLICABLE,NOT_APPLICABLE,NOT_APPLICABLE,14.34,NOT_APPLICABLE,14.34,CONFIRMED_SPEND,Seller API /v1/finance/accrual/by-day,41,raw/backfill_v1/finance/accrual_by_day_20260601.json
2026-06-01,CPC_MEDIA,27307598,NOT_APPLICABLE,NOT_APPLICABLE,NOT_APPLICABLE,16.41,NOT_APPLICABLE,16.41,CONFIRMED_SPEND,Seller API /v1/finance/accrual/by-day,41,raw/backfill_v1/finance/accrual_by_day_20260601.json
2026-06-01,CPC_MEDIA,27443733,NOT_APPLICABLE,NOT_APPLICABLE,NOT_APPLICABLE,64.31,NOT_APPLICABLE,64.31,CONFIRMED_SPEND,Seller API /v1/finance/accrual/by-day,41,raw/backfill_v1/finance/accrual_by_day_20260601.json
2026-06-02,CPC_MEDIA,27251978,NOT_APPLICABLE,NOT_APPLICABLE,NOT_APPLICABLE,70.63,NOT_APPLICABLE,70.63,CONFIRMED_SPEND,Seller API /v1/finance/accrual/by-day,41,raw/backfill_v1/finance/accrual_by_day_20260602.json
2026-06-02,CPC_MEDIA,27307535,NOT_APPLICABLE,NOT_APPLICABLE,NOT_APPLICABLE,43.26,NOT_APPLICABLE,43.26,CONFIRMED_SPEND,Seller API /v1/finance/accrual/by-day,41,raw/backfill_v1/finance/accrual_by_day_20260602.json
2026-06-02,CPC_MEDIA,27307598,NOT_APPLICABLE,NOT_APPLICABLE,NOT_APPLICABLE,31.28,NOT_APPLICABLE,31.28,CONFIRMED_SPEND,Seller API /v1/finance/accrual/by-day,41,raw/backfill_v1/finance/accrual_by_day_20260602.json
2026-06-02,CPC_MEDIA,27443733,NOT_APPLICABLE,NOT_APPLICABLE,NOT_APPLICABLE,52.57,NOT_APPLICABLE,52.57,CONFIRMED_SPEND,Seller API /v1/finance/accrual/by-day,41,raw/backfill_v1/finance/accrual_by_day_20260602.json
2026-06-03,CPC_MEDIA,27251978,NOT_APPLICABLE,NOT_APPLICABLE,NOT_APPLICABLE,50.82,NOT_APPLICABLE,50.82,CONFIRMED_SPEND,Seller API /v1/finance/accrual/by-day,41,raw/backfill_v1/finance/accrual_by_day_20260603.json
2026-06-03,CPC_MEDIA,27307535,NOT_APPLICABLE,NOT_APPLICABLE,NOT_APPLICABLE,40.0,NOT_APPLICABLE,40.0,CONFIRMED_SPEND,Seller API /v1/finance/accrual/by-day,41,raw/backfill_v1/finance/accrual_by_day_20260603.json
2026-06-03,CPC_MEDIA,27307598,NOT_APPLICABLE,NOT_APPLICABLE,NOT_APPLICABLE,19.5,NOT_APPLICABLE,19.5,CONFIRMED_SPEND,Seller API /v1/finance/accrual/by-day,41,raw/backfill_v1/finance/accrual_by_day_20260603.json
2026-06-03,CPC_MEDIA,27443733,NOT_APPLICABLE,NOT_APPLICABLE,NOT_APPLICABLE,46.8,NOT_APPLICABLE,46.8,CONFIRMED_SPEND,Seller API /v1/finance/accrual/by-day,41,raw/backfill_v1/finance/accrual_by_day_20260603.json
2026-06-04,CPC_MEDIA,27251978,NOT_APPLICABLE,NOT_APPLICABLE,NOT_APPLICABLE,44.47,NOT_APPLICABLE,44.47,CONFIRMED_SPEND,Seller API /v1/finance/accrual/by-day,41,raw/backfill_v1/finance/accrual_by_day_20260604.json
2026-06-04,CPC_MEDIA,27307535,NOT_APPLICABLE,NOT_APPLICABLE,NOT_APPLICABLE,6.99,NOT_APPLICABLE,6.99,CONFIRMED_SPEND,Seller API /v1/finance/accrual/by-day,41,raw/backfill_v1/finance/accrual_by_day_20260604.json
2026-06-04,CPC_MEDIA,27307598,NOT_APPLICABLE,NOT_APPLICABLE,NOT_APPLICABLE,28.45,NOT_APPLICABLE,28.45,CONFIRMED_SPEND,Seller API /v1/finance/accrual/by-day,41,raw/backfill_v1/finance/accrual_by_day_20260604.json
2026-06-04,CPC_MEDIA,27443733,NOT_APPLICABLE,NOT_APPLICABLE,NOT_APPLICABLE,59.98,NOT_APPLICABLE,59.98,CONFIRMED_SPEND,Seller API /v1/finance/accrual/by-day,41,raw/backfill_v1/finance/accrual_by_day_20260604.json
2026-06-05,CPC_MEDIA,27251978,NOT_APPLICABLE,NOT_APPLICABLE,NOT_APPLICABLE,51.69,NOT_APPLICABLE,51.69,CONFIRMED_SPEND,Seller API /v1/finance/accrual/by-day,41,raw/backfill_v1/finance/accrual_by_day_20260605.json
2026-06-05,CPC_MEDIA,27307535,NOT_APPLICABLE,NOT_APPLICABLE,NOT_APPLICABLE,25.8,NOT_APPLICABLE,25.8,CONFIRMED_SPEND,Seller API /v1/finance/accrual/by-day,41,raw/backfill_v1/finance/accrual_by_day_20260605.json
2026-06-05,CPC_MEDIA,27307598,NOT_APPLICABLE,NOT_APPLICABLE,NOT_APPLICABLE,45.64,NOT_APPLICABLE,45.64,CONFIRMED_SPEND,Seller API /v1/finance/accrual/by-day,41,raw/backfill_v1/finance/accrual_by_day_20260605.json
2026-06-05,CPC_MEDIA,27443733,NOT_APPLICABLE,NOT_APPLICABLE,NOT_APPLICABLE,62.84,NOT_APPLICABLE,62.84,CONFIRMED_SPEND,Seller API /v1/finance/accrual/by-day,41,raw/backfill_v1/finance/accrual_by_day_20260605.json
2026-06-06,CPC_MEDIA,27251978,NOT_APPLICABLE,NOT_APPLICABLE,NOT_APPLICABLE,73.69,NOT_APPLICABLE,73.69,CONFIRMED_SPEND,Seller API /v1/finance/accrual/by-day,41,raw/backfill_v1/finance/accrual_by_day_20260606.json
2026-06-06,CPC_MEDIA,27307535,NOT_APPLICABLE,NOT_APPLICABLE,NOT_APPLICABLE,75.99,NOT_APPLICABLE,75.99,CONFIRMED_SPEND,Seller API /v1/finance/accrual/by-day,41,raw/backfill_v1/finance/accrual_by_day_20260606.json
2026-06-06,CPC_MEDIA,27307598,NOT_APPLICABLE,NOT_APPLICABLE,NOT_APPLICABLE,101.01,NOT_APPLICABLE,101.01,CONFIRMED_SPEND,Seller API /v1/finance/accrual/by-day,41,raw/backfill_v1/finance/accrual_by_day_20260606.json
2026-06-06,CPC_MEDIA,27443733,NOT_APPLICABLE,NOT_APPLICABLE,NOT_APPLICABLE,123.27,NOT_APPLICABLE,123.27,CONFIRMED_SPEND,Seller API /v1/finance/accrual/by-day,41,raw/backfill_v1/finance/accrual_by_day_20260606.json
2026-06-07,CPC_MEDIA,27251978,NOT_APPLICABLE,NOT_APPLICABLE,NOT_APPLICABLE,92.16,NOT_APPLICABLE,92.16,CONFIRMED_SPEND,Seller API /v1/finance/accrual/by-day,41,raw/backfill_v1/finance/accrual_by_day_20260607.json
2026-06-07,CPC_MEDIA,27307535,NOT_APPLICABLE,NOT_APPLICABLE,NOT_APPLICABLE,126.84,NOT_APPLICABLE,126.84,CONFIRMED_SPEND,Seller API /v1/finance/accrual/by-day,41,raw/backfill_v1/finance/accrual_by_day_20260607.json
2026-06-07,CPC_MEDIA,27307598,NOT_APPLICABLE,NOT_APPLICABLE,NOT_APPLICABLE,61.54,NOT_APPLICABLE,61.54,CONFIRMED_SPEND,Seller API /v1/finance/accrual/by-day,41,raw/backfill_v1/finance/accrual_by_day_20260607.json
2026-06-07,CPC_MEDIA,27443733,NOT_APPLICABLE,NOT_APPLICABLE,NOT_APPLICABLE,168.17,NOT_APPLICABLE,168.17,CONFIRMED_SPEND,Seller API /v1/finance/accrual/by-day,41,raw/backfill_v1/finance/accrual_by_day_20260607.json
2026-06-08,CPC_MEDIA,27251978,NOT_APPLICABLE,NOT_APPLICABLE,NOT_APPLICABLE,84.95,NOT_APPLICABLE,84.95,CONFIRMED_SPEND,Seller API /v1/finance/accrual/by-day,41,raw/backfill_v1/finance/accrual_by_day_20260608.json
2026-06-08,CPC_MEDIA,27307535,NOT_APPLICABLE,NOT_APPLICABLE,NOT_APPLICABLE,61.93,NOT_APPLICABLE,61.93,CONFIRMED_SPEND,Seller API /v1/finance/accrual/by-day,41,raw/backfill_v1/finance/accrual_by_day_20260608.json
2026-06-08,CPC_MEDIA,27307598,NOT_APPLICABLE,NOT_APPLICABLE,NOT_APPLICABLE,28.47,NOT_APPLICABLE,28.47,CONFIRMED_SPEND,Seller API /v1/finance/accrual/by-day,41,raw/backfill_v1/finance/accrual_by_day_20260608.json
2026-06-08,CPC_MEDIA,27443733,NOT_APPLICABLE,NOT_APPLICABLE,NOT_APPLICABLE,131.2,NOT_APPLICABLE,131.2,CONFIRMED_SPEND,Seller API /v1/finance/accrual/by-day,41,raw/backfill_v1/finance/accrual_by_day_20260608.json
2026-06-08,SEARCH_PROMO_CPO,14503166,NOT_APPLICABLE,NOT_APPLICABLE,NOT_APPLICABLE,168.0,NOT_APPLICABLE,168.0,CONFIRMED_SPEND,Seller API /v1/finance/accrual/by-day,54,raw/backfill_v1/finance/accrual_by_day_20260608.json
2026-06-09,CPC_MEDIA,27251978,NOT_APPLICABLE,NOT_APPLICABLE,NOT_APPLICABLE,111.13,NOT_APPLICABLE,111.13,CONFIRMED_SPEND,Seller API /v1/finance/accrual/by-day,41,raw/backfill_v1/finance/accrual_by_day_20260609.json
2026-06-09,CPC_MEDIA,27307535,NOT_APPLICABLE,NOT_APPLICABLE,NOT_APPLICABLE,58.95,NOT_APPLICABLE,58.95,CONFIRMED_SPEND,Seller API /v1/finance/accrual/by-day,41,raw/backfill_v1/finance/accrual_by_day_20260609.json
2026-06-09,CPC_MEDIA,27307598,NOT_APPLICABLE,NOT_APPLICABLE,NOT_APPLICABLE,19.84,NOT_APPLICABLE,19.84,CONFIRMED_SPEND,Seller API /v1/finance/accrual/by-day,41,raw/backfill_v1/finance/accrual_by_day_20260609.json
2026-06-09,CPC_MEDIA,27443733,NOT_APPLICABLE,NOT_APPLICABLE,NOT_APPLICABLE,159.4,NOT_APPLICABLE,159.4,CONFIRMED_SPEND,Seller API /v1/finance/accrual/by-day,41,raw/backfill_v1/finance/accrual_by_day_20260609.json
2026-06-09,SEARCH_PROMO_CPO,14503166,NOT_APPLICABLE,NOT_APPLICABLE,NOT_APPLICABLE,163.0,NOT_APPLICABLE,163.0,CONFIRMED_SPEND,Seller API /v1/finance/accrual/by-day,54,raw/backfill_v1/finance/accrual_by_day_20260609.json
2026-06-10,CPC_MEDIA,27251978,NOT_APPLICABLE,NOT_APPLICABLE,NOT_APPLICABLE,49.79,NOT_APPLICABLE,49.79,CONFIRMED_SPEND,Seller API /v1/finance/accrual/by-day,41,raw/backfill_v1/finance/accrual_by_day_20260610.json
2026-06-10,CPC_MEDIA,27307535,NOT_APPLICABLE,NOT_APPLICABLE,NOT_APPLICABLE,102.7,NOT_APPLICABLE,102.7,CONFIRMED_SPEND,Seller API /v1/finance/accrual/by-day,41,raw/backfill_v1/finance/accrual_by_day_20260610.json
2026-06-10,CPC_MEDIA,27307598,NOT_APPLICABLE,NOT_APPLICABLE,NOT_APPLICABLE,32.29,NOT_APPLICABLE,32.29,CONFIRMED_SPEND,Seller API /v1/finance/accrual/by-day,41,raw/backfill_v1/finance/accrual_by_day_20260610.json
2026-06-10,CPC_MEDIA,27443733,NOT_APPLICABLE,NOT_APPLICABLE,NOT_APPLICABLE,264.54,NOT_APPLICABLE,264.54,CONFIRMED_SPEND,Seller API /v1/finance/accrual/by-day,41,raw/backfill_v1/finance/accrual_by_day_20260610.json
2026-06-11,CPC_MEDIA,27251978,NOT_APPLICABLE,NOT_APPLICABLE,NOT_APPLICABLE,81.83,NOT_APPLICABLE,81.83,CONFIRMED_SPEND,Seller API /v1/finance/accrual/by-day,41,raw/backfill_v1/finance/accrual_by_day_20260611.json
2026-06-11,CPC_MEDIA,27307535,NOT_APPLICABLE,NOT_APPLICABLE,NOT_APPLICABLE,91.9,NOT_APPLICABLE,91.9,CONFIRMED_SPEND,Seller API /v1/finance/accrual/by-day,41,raw/backfill_v1/finance/accrual_by_day_20260611.json
2026-06-11,CPC_MEDIA,27307598,NOT_APPLICABLE,NOT_APPLICABLE,NOT_APPLICABLE,29.68,NOT_APPLICABLE,29.68,CONFIRMED_SPEND,Seller API /v1/finance/accrual/by-day,41,raw/backfill_v1/finance/accrual_by_day_20260611.json
2026-06-11,CPC_MEDIA,27443733,NOT_APPLICABLE,NOT_APPLICABLE,NOT_APPLICABLE,207.12,NOT_APPLICABLE,207.12,CONFIRMED_SPEND,Seller API /v1/finance/accrual/by-day,41,raw/backfill_v1/finance/accrual_by_day_20260611.json
2026-06-12,CPC_MEDIA,27251978,NOT_APPLICABLE,NOT_APPLICABLE,NOT_APPLICABLE,56.39,NOT_APPLICABLE,56.39,CONFIRMED_SPEND,Seller API /v1/finance/accrual/by-day,41,raw/backfill_v1/finance/accrual_by_day_20260612.json
2026-06-12,CPC_MEDIA,27307535,NOT_APPLICABLE,NOT_APPLICABLE,NOT_APPLICABLE,82.02,NOT_APPLICABLE,82.02,CONFIRMED_SPEND,Seller API /v1/finance/accrual/by-day,41,raw/backfill_v1/finance/accrual_by_day_20260612.json
2026-06-12,CPC_MEDIA,27307598,NOT_APPLICABLE,NOT_APPLICABLE,NOT_APPLICABLE,10.18,NOT_APPLICABLE,10.18,CONFIRMED_SPEND,Seller API /v1/finance/accrual/by-day,41,raw/backfill_v1/finance/accrual_by_day_20260612.json
2026-06-12,CPC_MEDIA,27443733,NOT_APPLICABLE,NOT_APPLICABLE,NOT_APPLICABLE,331.8,NOT_APPLICABLE,331.8,CONFIRMED_SPEND,Seller API /v1/finance/accrual/by-day,41,raw/backfill_v1/finance/accrual_by_day_20260612.json
2026-06-12,SEARCH_PROMO_CPO,14503166,NOT_APPLICABLE,NOT_APPLICABLE,NOT_APPLICABLE,360.0,NOT_APPLICABLE,360.0,CONFIRMED_SPEND,Seller API /v1/finance/accrual/by-day,54,raw/backfill_v1/finance/accrual_by_day_20260612.json
2026-06-13,CPC_MEDIA,27251978,NOT_APPLICABLE,NOT_APPLICABLE,NOT_APPLICABLE,106.17,NOT_APPLICABLE,106.17,CONFIRMED_SPEND,Seller API /v1/finance/accrual/by-day,41,raw/backfill_v1/finance/accrual_by_day_20260613.json
2026-06-13,CPC_MEDIA,27307535,NOT_APPLICABLE,NOT_APPLICABLE,NOT_APPLICABLE,130.49,NOT_APPLICABLE,130.49,CONFIRMED_SPEND,Seller API /v1/finance/accrual/by-day,41,raw/backfill_v1/finance/accrual_by_day_20260613.json
2026-06-13,CPC_MEDIA,27307598,NOT_APPLICABLE,NOT_APPLICABLE,NOT_APPLICABLE,3.89,NOT_APPLICABLE,3.89,CONFIRMED_SPEND,Seller API /v1/finance/accrual/by-day,41,raw/backfill_v1/finance/accrual_by_day_20260613.json
2026-06-13,CPC_MEDIA,27443733,NOT_APPLICABLE,NOT_APPLICABLE,NOT_APPLICABLE,288.02,NOT_APPLICABLE,288.02,CONFIRMED_SPEND,Seller API /v1/finance/accrual/by-day,41,raw/backfill_v1/finance/accrual_by_day_20260613.json
2026-06-14,CPC_MEDIA,27251978,NOT_APPLICABLE,NOT_APPLICABLE,NOT_APPLICABLE,79.83,NOT_APPLICABLE,79.83,CONFIRMED_SPEND,Seller API /v1/finance/accrual/by-day,41,raw/backfill_v1/finance/accrual_by_day_20260614.json
2026-06-14,CPC_MEDIA,27307535,NOT_APPLICABLE,NOT_APPLICABLE,NOT_APPLICABLE,119.88,NOT_APPLICABLE,119.88,CONFIRMED_SPEND,Seller API /v1/finance/accrual/by-day,41,raw/backfill_v1/finance/accrual_by_day_20260614.json
2026-06-14,CPC_MEDIA,27307598,NOT_APPLICABLE,NOT_APPLICABLE,NOT_APPLICABLE,26.05,NOT_APPLICABLE,26.05,CONFIRMED_SPEND,Seller API /v1/finance/accrual/by-day,41,raw/backfill_v1/finance/accrual_by_day_20260614.json
2026-06-14,CPC_MEDIA,27443733,NOT_APPLICABLE,NOT_APPLICABLE,NOT_APPLICABLE,158.27,NOT_APPLICABLE,158.27,CONFIRMED_SPEND,Seller API /v1/finance/accrual/by-day,41,raw/backfill_v1/finance/accrual_by_day_20260614.json
2026-06-15,CPC_MEDIA,27251978,NOT_APPLICABLE,NOT_APPLICABLE,NOT_APPLICABLE,53.92,NOT_APPLICABLE,53.92,CONFIRMED_SPEND,Seller API /v1/finance/accrual/by-day,41,raw/backfill_v1/finance/accrual_by_day_20260615.json
2026-06-15,CPC_MEDIA,27307535,NOT_APPLICABLE,NOT_APPLICABLE,NOT_APPLICABLE,104.25,NOT_APPLICABLE,104.25,CONFIRMED_SPEND,Seller API /v1/finance/accrual/by-day,41,raw/backfill_v1/finance/accrual_by_day_20260615.json
2026-06-15,CPC_MEDIA,27443733,NOT_APPLICABLE,NOT_APPLICABLE,NOT_APPLICABLE,137.19,NOT_APPLICABLE,137.19,CONFIRMED_SPEND,Seller API /v1/finance/accrual/by-day,41,raw/backfill_v1/finance/accrual_by_day_20260615.json
2026-06-16,CPC_MEDIA,27251978,NOT_APPLICABLE,NOT_APPLICABLE,NOT_APPLICABLE,40.89,NOT_APPLICABLE,40.89,CONFIRMED_SPEND,Seller API /v1/finance/accrual/by-day,41,raw/backfill_v1/finance/accrual_by_day_20260616.json
2026-06-16,CPC_MEDIA,27307535,NOT_APPLICABLE,NOT_APPLICABLE,NOT_APPLICABLE,78.71,NOT_APPLICABLE,78.71,CONFIRMED_SPEND,Seller API /v1/finance/accrual/by-day,41,raw/backfill_v1/finance/accrual_by_day_20260616.json
2026-06-16,CPC_MEDIA,27307598,NOT_APPLICABLE,NOT_APPLICABLE,NOT_APPLICABLE,3.18,NOT_APPLICABLE,3.18,CONFIRMED_SPEND,Seller API /v1/finance/accrual/by-day,41,raw/backfill_v1/finance/accrual_by_day_20260616.json
2026-06-16,CPC_MEDIA,27443733,NOT_APPLICABLE,NOT_APPLICABLE,NOT_APPLICABLE,108.79,NOT_APPLICABLE,108.79,CONFIRMED_SPEND,Seller API /v1/finance/accrual/by-day,41,raw/backfill_v1/finance/accrual_by_day_20260616.json
2026-06-16,SEARCH_PROMO_CPO,14503166,NOT_APPLICABLE,NOT_APPLICABLE,NOT_APPLICABLE,105.0,NOT_APPLICABLE,105.0,CONFIRMED_SPEND,Seller API /v1/finance/accrual/by-day,54,raw/backfill_v1/finance/accrual_by_day_20260616.json
2026-06-17,CPC_MEDIA,27251978,NOT_APPLICABLE,NOT_APPLICABLE,NOT_APPLICABLE,41.05,NOT_APPLICABLE,41.05,CONFIRMED_SPEND,Seller API /v1/finance/accrual/by-day,41,raw/backfill_v1/finance/accrual_by_day_20260617.json
2026-06-17,CPC_MEDIA,27307535,NOT_APPLICABLE,NOT_APPLICABLE,NOT_APPLICABLE,97.75,NOT_APPLICABLE,97.75,CONFIRMED_SPEND,Seller API /v1/finance/accrual/by-day,41,raw/backfill_v1/finance/accrual_by_day_20260617.json
2026-06-17,CPC_MEDIA,27307598,NOT_APPLICABLE,NOT_APPLICABLE,NOT_APPLICABLE,28.02,NOT_APPLICABLE,28.02,CONFIRMED_SPEND,Seller API /v1/finance/accrual/by-day,41,raw/backfill_v1/finance/accrual_by_day_20260617.json
2026-06-17,CPC_MEDIA,27443733,NOT_APPLICABLE,NOT_APPLICABLE,NOT_APPLICABLE,161.71,NOT_APPLICABLE,161.71,CONFIRMED_SPEND,Seller API /v1/finance/accrual/by-day,41,raw/backfill_v1/finance/accrual_by_day_20260617.json
2026-06-18,CPC_MEDIA,27251978,NOT_APPLICABLE,NOT_APPLICABLE,NOT_APPLICABLE,25.52,NOT_APPLICABLE,25.52,CONFIRMED_SPEND,Seller API /v1/finance/accrual/by-day,41,raw/backfill_v1/finance/accrual_by_day_20260618.json
2026-06-18,CPC_MEDIA,27307535,NOT_APPLICABLE,NOT_APPLICABLE,NOT_APPLICABLE,50.22,NOT_APPLICABLE,50.22,CONFIRMED_SPEND,Seller API /v1/finance/accrual/by-day,41,raw/backfill_v1/finance/accrual_by_day_20260618.json
2026-06-18,CPC_MEDIA,27307598,NOT_APPLICABLE,NOT_APPLICABLE,NOT_APPLICABLE,40.64,NOT_APPLICABLE,40.64,CONFIRMED_SPEND,Seller API /v1/finance/accrual/by-day,41,raw/backfill_v1/finance/accrual_by_day_20260618.json
2026-06-18,CPC_MEDIA,27443733,NOT_APPLICABLE,NOT_APPLICABLE,NOT_APPLICABLE,174.14,NOT_APPLICABLE,174.14,CONFIRMED_SPEND,Seller API /v1/finance/accrual/by-day,41,raw/backfill_v1/finance/accrual_by_day_20260618.json
2026-06-19,CPC_MEDIA,27251978,NOT_APPLICABLE,NOT_APPLICABLE,NOT_APPLICABLE,55.49,NOT_APPLICABLE,55.49,CONFIRMED_SPEND,Seller API /v1/finance/accrual/by-day,41,raw/backfill_v1/finance/accrual_by_day_20260619.json
2026-06-19,CPC_MEDIA,27307535,NOT_APPLICABLE,NOT_APPLICABLE,NOT_APPLICABLE,37.88,NOT_APPLICABLE,37.88,CONFIRMED_SPEND,Seller API /v1/finance/accrual/by-day,41,raw/backfill_v1/finance/accrual_by_day_20260619.json
2026-06-19,CPC_MEDIA,27307598,NOT_APPLICABLE,NOT_APPLICABLE,NOT_APPLICABLE,32.06,NOT_APPLICABLE,32.06,CONFIRMED_SPEND,Seller API /v1/finance/accrual/by-day,41,raw/backfill_v1/finance/accrual_by_day_20260619.json
2026-06-19,CPC_MEDIA,27443733,NOT_APPLICABLE,NOT_APPLICABLE,NOT_APPLICABLE,123.54,NOT_APPLICABLE,123.54,CONFIRMED_SPEND,Seller API /v1/finance/accrual/by-day,41,raw/backfill_v1/finance/accrual_by_day_20260619.json
2026-06-20,CPC_MEDIA,27251978,NOT_APPLICABLE,NOT_APPLICABLE,NOT_APPLICABLE,77.13,NOT_APPLICABLE,77.13,CONFIRMED_SPEND,Seller API /v1/finance/accrual/by-day,41,raw/backfill_v1/finance/accrual_by_day_20260620.json
2026-06-20,CPC_MEDIA,27307535,NOT_APPLICABLE,NOT_APPLICABLE,NOT_APPLICABLE,29.22,NOT_APPLICABLE,29.22,CONFIRMED_SPEND,Seller API /v1/finance/accrual/by-day,41,raw/backfill_v1/finance/accrual_by_day_20260620.json
2026-06-20,CPC_MEDIA,27307598,NOT_APPLICABLE,NOT_APPLICABLE,NOT_APPLICABLE,16.58,NOT_APPLICABLE,16.58,CONFIRMED_SPEND,Seller API /v1/finance/accrual/by-day,41,raw/backfill_v1/finance/accrual_by_day_20260620.json
2026-06-20,CPC_MEDIA,27443733,NOT_APPLICABLE,NOT_APPLICABLE,NOT_APPLICABLE,127.92,NOT_APPLICABLE,127.92,CONFIRMED_SPEND,Seller API /v1/finance/accrual/by-day,41,raw/backfill_v1/finance/accrual_by_day_20260620.json
2026-06-21,CPC_MEDIA,27251978,NOT_APPLICABLE,NOT_APPLICABLE,NOT_APPLICABLE,40.89,NOT_APPLICABLE,40.89,CONFIRMED_SPEND,Seller API /v1/finance/accrual/by-day,41,raw/backfill_v1/finance/accrual_by_day_20260621.json
2026-06-21,CPC_MEDIA,27307535,NOT_APPLICABLE,NOT_APPLICABLE,NOT_APPLICABLE,55.33,NOT_APPLICABLE,55.33,CONFIRMED_SPEND,Seller API /v1/finance/accrual/by-day,41,raw/backfill_v1/finance/accrual_by_day_20260621.json
2026-06-21,CPC_MEDIA,27307598,NOT_APPLICABLE,NOT_APPLICABLE,NOT_APPLICABLE,35.72,NOT_APPLICABLE,35.72,CONFIRMED_SPEND,Seller API /v1/finance/accrual/by-day,41,raw/backfill_v1/finance/accrual_by_day_20260621.json
2026-06-21,CPC_MEDIA,27443733,NOT_APPLICABLE,NOT_APPLICABLE,NOT_APPLICABLE,168.06,NOT_APPLICABLE,168.06,CONFIRMED_SPEND,Seller API /v1/finance/accrual/by-day,41,raw/backfill_v1/finance/accrual_by_day_20260621.json
2026-06-22,CPC_MEDIA,27251978,NOT_APPLICABLE,NOT_APPLICABLE,NOT_APPLICABLE,47.58,NOT_APPLICABLE,47.58,CONFIRMED_SPEND,Seller API /v1/finance/accrual/by-day,41,raw/backfill_v1/finance/accrual_by_day_20260622.json
2026-06-22,CPC_MEDIA,27307535,NOT_APPLICABLE,NOT_APPLICABLE,NOT_APPLICABLE,120.75,NOT_APPLICABLE,120.75,CONFIRMED_SPEND,Seller API /v1/finance/accrual/by-day,41,raw/backfill_v1/finance/accrual_by_day_20260622.json
2026-06-22,CPC_MEDIA,27307598,NOT_APPLICABLE,NOT_APPLICABLE,NOT_APPLICABLE,40.19,NOT_APPLICABLE,40.19,CONFIRMED_SPEND,Seller API /v1/finance/accrual/by-day,41,raw/backfill_v1/finance/accrual_by_day_20260622.json
2026-06-22,CPC_MEDIA,27443733,NOT_APPLICABLE,NOT_APPLICABLE,NOT_APPLICABLE,210.81,NOT_APPLICABLE,210.81,CONFIRMED_SPEND,Seller API /v1/finance/accrual/by-day,41,raw/backfill_v1/finance/accrual_by_day_20260622.json
2026-06-23,CPC_MEDIA,27251978,NOT_APPLICABLE,NOT_APPLICABLE,NOT_APPLICABLE,32.94,NOT_APPLICABLE,32.94,CONFIRMED_SPEND,Seller API /v1/finance/accrual/by-day,41,raw/backfill_v1/finance/accrual_by_day_20260623.json
2026-06-23,CPC_MEDIA,27307535,NOT_APPLICABLE,NOT_APPLICABLE,NOT_APPLICABLE,43.12,NOT_APPLICABLE,43.12,CONFIRMED_SPEND,Seller API /v1/finance/accrual/by-day,41,raw/backfill_v1/finance/accrual_by_day_20260623.json
2026-06-23,CPC_MEDIA,27307598,NOT_APPLICABLE,NOT_APPLICABLE,NOT_APPLICABLE,61.49,NOT_APPLICABLE,61.49,CONFIRMED_SPEND,Seller API /v1/finance/accrual/by-day,41,raw/backfill_v1/finance/accrual_by_day_20260623.json
2026-06-23,CPC_MEDIA,27443733,NOT_APPLICABLE,NOT_APPLICABLE,NOT_APPLICABLE,110.13,NOT_APPLICABLE,110.13,CONFIRMED_SPEND,Seller API /v1/finance/accrual/by-day,41,raw/backfill_v1/finance/accrual_by_day_20260623.json
2026-06-24,CPC_MEDIA,27251978,NOT_APPLICABLE,NOT_APPLICABLE,NOT_APPLICABLE,109.79,NOT_APPLICABLE,109.79,CONFIRMED_SPEND,Seller API /v1/finance/accrual/by-day,41,raw/backfill_v1/finance/accrual_by_day_20260624.json
2026-06-24,CPC_MEDIA,27307535,NOT_APPLICABLE,NOT_APPLICABLE,NOT_APPLICABLE,110.94,NOT_APPLICABLE,110.94,CONFIRMED_SPEND,Seller API /v1/finance/accrual/by-day,41,raw/backfill_v1/finance/accrual_by_day_20260624.json
2026-06-24,CPC_MEDIA,27307598,NOT_APPLICABLE,NOT_APPLICABLE,NOT_APPLICABLE,57.14,NOT_APPLICABLE,57.14,CONFIRMED_SPEND,Seller API /v1/finance/accrual/by-day,41,raw/backfill_v1/finance/accrual_by_day_20260624.json
2026-06-24,CPC_MEDIA,27443733,NOT_APPLICABLE,NOT_APPLICABLE,NOT_APPLICABLE,317.87,NOT_APPLICABLE,317.87,CONFIRMED_SPEND,Seller API /v1/finance/accrual/by-day,41,raw/backfill_v1/finance/accrual_by_day_20260624.json
2026-06-24,SEARCH_PROMO_CPO,14503166,NOT_APPLICABLE,NOT_APPLICABLE,NOT_APPLICABLE,243.0,NOT_APPLICABLE,243.0,CONFIRMED_SPEND,Seller API /v1/finance/accrual/by-day,54,raw/backfill_v1/finance/accrual_by_day_20260624.json
2026-06-25,CPC_MEDIA,27251978,NOT_APPLICABLE,NOT_APPLICABLE,NOT_APPLICABLE,131.49,NOT_APPLICABLE,131.49,CONFIRMED_SPEND,Seller API /v1/finance/accrual/by-day,41,raw/backfill_v1/finance/accrual_by_day_20260625.json
2026-06-25,CPC_MEDIA,27307535,NOT_APPLICABLE,NOT_APPLICABLE,NOT_APPLICABLE,61.09,NOT_APPLICABLE,61.09,CONFIRMED_SPEND,Seller API /v1/finance/accrual/by-day,41,raw/backfill_v1/finance/accrual_by_day_20260625.json
2026-06-25,CPC_MEDIA,27307598,NOT_APPLICABLE,NOT_APPLICABLE,NOT_APPLICABLE,74.59,NOT_APPLICABLE,74.59,CONFIRMED_SPEND,Seller API /v1/finance/accrual/by-day,41,raw/backfill_v1/finance/accrual_by_day_20260625.json
2026-06-25,CPC_MEDIA,27443733,NOT_APPLICABLE,NOT_APPLICABLE,NOT_APPLICABLE,244.83,NOT_APPLICABLE,244.83,CONFIRMED_SPEND,Seller API /v1/finance/accrual/by-day,41,raw/backfill_v1/finance/accrual_by_day_20260625.json
2026-06-26,CPC_MEDIA,27251978,NOT_APPLICABLE,NOT_APPLICABLE,NOT_APPLICABLE,57.67,NOT_APPLICABLE,57.67,CONFIRMED_SPEND,Seller API /v1/finance/accrual/by-day,41,raw/backfill_v1/finance/accrual_by_day_20260626.json
2026-06-26,CPC_MEDIA,27307598,NOT_APPLICABLE,NOT_APPLICABLE,NOT_APPLICABLE,57.28,NOT_APPLICABLE,57.28,CONFIRMED_SPEND,Seller API /v1/finance/accrual/by-day,41,raw/backfill_v1/finance/accrual_by_day_20260626.json
2026-06-26,CPC_MEDIA,27443733,NOT_APPLICABLE,NOT_APPLICABLE,NOT_APPLICABLE,122.66,NOT_APPLICABLE,122.66,CONFIRMED_SPEND,Seller API /v1/finance/accrual/by-day,41,raw/backfill_v1/finance/accrual_by_day_20260626.json
2026-06-27,CPC_MEDIA,27251978,NOT_APPLICABLE,NOT_APPLICABLE,NOT_APPLICABLE,69.01,NOT_APPLICABLE,69.01,CONFIRMED_SPEND,Seller API /v1/finance/accrual/by-day,41,raw/backfill_v1/finance/accrual_by_day_20260627.json
2026-06-27,CPC_MEDIA,27307535,NOT_APPLICABLE,NOT_APPLICABLE,NOT_APPLICABLE,50.5,NOT_APPLICABLE,50.5,CONFIRMED_SPEND,Seller API /v1/finance/accrual/by-day,41,raw/backfill_v1/finance/accrual_by_day_20260627.json
2026-06-27,CPC_MEDIA,27307598,NOT_APPLICABLE,NOT_APPLICABLE,NOT_APPLICABLE,65.3,NOT_APPLICABLE,65.3,CONFIRMED_SPEND,Seller API /v1/finance/accrual/by-day,41,raw/backfill_v1/finance/accrual_by_day_20260627.json
2026-06-27,CPC_MEDIA,27443733,NOT_APPLICABLE,NOT_APPLICABLE,NOT_APPLICABLE,290.86,NOT_APPLICABLE,290.86,CONFIRMED_SPEND,Seller API /v1/finance/accrual/by-day,41,raw/backfill_v1/finance/accrual_by_day_20260627.json
2026-06-28,CPC_MEDIA,27251978,NOT_APPLICABLE,NOT_APPLICABLE,NOT_APPLICABLE,60.59,NOT_APPLICABLE,60.59,CONFIRMED_SPEND,Seller API /v1/finance/accrual/by-day,41,raw/backfill_v1/finance/accrual_by_day_20260628.json
2026-06-28,CPC_MEDIA,27307535,NOT_APPLICABLE,NOT_APPLICABLE,NOT_APPLICABLE,69.92,NOT_APPLICABLE,69.92,CONFIRMED_SPEND,Seller API /v1/finance/accrual/by-day,41,raw/backfill_v1/finance/accrual_by_day_20260628.json
2026-06-28,CPC_MEDIA,27307598,NOT_APPLICABLE,NOT_APPLICABLE,NOT_APPLICABLE,64.19,NOT_APPLICABLE,64.19,CONFIRMED_SPEND,Seller API /v1/finance/accrual/by-day,41,raw/backfill_v1/finance/accrual_by_day_20260628.json
2026-06-28,CPC_MEDIA,27443733,NOT_APPLICABLE,NOT_APPLICABLE,NOT_APPLICABLE,246.56,NOT_APPLICABLE,246.56,CONFIRMED_SPEND,Seller API /v1/finance/accrual/by-day,41,raw/backfill_v1/finance/accrual_by_day_20260628.json
2026-06-29,CPC_MEDIA,27251978,NOT_APPLICABLE,NOT_APPLICABLE,NOT_APPLICABLE,90.9,NOT_APPLICABLE,90.9,CONFIRMED_SPEND,Seller API /v1/finance/accrual/by-day,41,raw/backfill_v1/finance/accrual_by_day_20260629.json
2026-06-29,CPC_MEDIA,27307535,NOT_APPLICABLE,NOT_APPLICABLE,NOT_APPLICABLE,51.4,NOT_APPLICABLE,51.4,CONFIRMED_SPEND,Seller API /v1/finance/accrual/by-day,41,raw/backfill_v1/finance/accrual_by_day_20260629.json
2026-06-29,CPC_MEDIA,27307598,NOT_APPLICABLE,NOT_APPLICABLE,NOT_APPLICABLE,74.04,NOT_APPLICABLE,74.04,CONFIRMED_SPEND,Seller API /v1/finance/accrual/by-day,41,raw/backfill_v1/finance/accrual_by_day_20260629.json
2026-06-29,CPC_MEDIA,27443733,NOT_APPLICABLE,NOT_APPLICABLE,NOT_APPLICABLE,286.6,NOT_APPLICABLE,286.6,CONFIRMED_SPEND,Seller API /v1/finance/accrual/by-day,41,raw/backfill_v1/finance/accrual_by_day_20260629.json
2026-06-30,CPC_MEDIA,27251978,NOT_APPLICABLE,NOT_APPLICABLE,NOT_APPLICABLE,67.38,NOT_APPLICABLE,67.38,CONFIRMED_SPEND,Seller API /v1/finance/accrual/by-day,41,raw/backfill_v1/finance/accrual_by_day_20260630.json
2026-06-30,CPC_MEDIA,27307535,NOT_APPLICABLE,NOT_APPLICABLE,NOT_APPLICABLE,110.87,NOT_APPLICABLE,110.87,CONFIRMED_SPEND,Seller API /v1/finance/accrual/by-day,41,raw/backfill_v1/finance/accrual_by_day_20260630.json
2026-06-30,CPC_MEDIA,27307598,NOT_APPLICABLE,NOT_APPLICABLE,NOT_APPLICABLE,155.43,NOT_APPLICABLE,155.43,CONFIRMED_SPEND,Seller API /v1/finance/accrual/by-day,41,raw/backfill_v1/finance/accrual_by_day_20260630.json
2026-06-30,CPC_MEDIA,27443733,NOT_APPLICABLE,NOT_APPLICABLE,NOT_APPLICABLE,364.33,NOT_APPLICABLE,364.33,CONFIRMED_SPEND,Seller API /v1/finance/accrual/by-day,41,raw/backfill_v1/finance/accrual_by_day_20260630.json
2026-07-01,CPC_MEDIA,27251978,NOT_APPLICABLE,NOT_APPLICABLE,NOT_APPLICABLE,64.26,NOT_APPLICABLE,64.26,CONFIRMED_SPEND,Seller API /v1/finance/accrual/by-day,41,raw/backfill_v1/finance/accrual_by_day_20260701.json
2026-07-01,CPC_MEDIA,27307535,NOT_APPLICABLE,NOT_APPLICABLE,NOT_APPLICABLE,102.63,NOT_APPLICABLE,102.63,CONFIRMED_SPEND,Seller API /v1/finance/accrual/by-day,41,raw/backfill_v1/finance/accrual_by_day_20260701.json
2026-07-01,CPC_MEDIA,27307598,NOT_APPLICABLE,NOT_APPLICABLE,NOT_APPLICABLE,140.4,NOT_APPLICABLE,140.4,CONFIRMED_SPEND,Seller API /v1/finance/accrual/by-day,41,raw/backfill_v1/finance/accrual_by_day_20260701.json
2026-07-01,CPC_MEDIA,27443733,NOT_APPLICABLE,NOT_APPLICABLE,NOT_APPLICABLE,312.73,NOT_APPLICABLE,312.73,CONFIRMED_SPEND,Seller API /v1/finance/accrual/by-day,41,raw/backfill_v1/finance/accrual_by_day_20260701.json
2026-07-02,CPC_MEDIA,27251978,NOT_APPLICABLE,NOT_APPLICABLE,NOT_APPLICABLE,39.66,NOT_APPLICABLE,39.66,CONFIRMED_SPEND,Seller API /v1/finance/accrual/by-day,41,raw/backfill_v1/finance/accrual_by_day_20260702.json
2026-07-02,CPC_MEDIA,27307535,NOT_APPLICABLE,NOT_APPLICABLE,NOT_APPLICABLE,116.53,NOT_APPLICABLE,116.53,CONFIRMED_SPEND,Seller API /v1/finance/accrual/by-day,41,raw/backfill_v1/finance/accrual_by_day_20260702.json
2026-07-02,CPC_MEDIA,27307598,NOT_APPLICABLE,NOT_APPLICABLE,NOT_APPLICABLE,551.75,NOT_APPLICABLE,551.75,CONFIRMED_SPEND,Seller API /v1/finance/accrual/by-day,41,raw/backfill_v1/finance/accrual_by_day_20260702.json
2026-07-02,CPC_MEDIA,27443733,NOT_APPLICABLE,NOT_APPLICABLE,NOT_APPLICABLE,453.58,NOT_APPLICABLE,453.58,CONFIRMED_SPEND,Seller API /v1/finance/accrual/by-day,41,raw/backfill_v1/finance/accrual_by_day_20260702.json
2026-07-03,CPC_MEDIA,27251978,NOT_APPLICABLE,NOT_APPLICABLE,NOT_APPLICABLE,119.13,NOT_APPLICABLE,119.13,CONFIRMED_SPEND,Seller API /v1/finance/accrual/by-day,41,raw/backfill_v1/finance/accrual_by_day_20260703.json
2026-07-03,CPC_MEDIA,27307535,NOT_APPLICABLE,NOT_APPLICABLE,NOT_APPLICABLE,132.03,NOT_APPLICABLE,132.03,CONFIRMED_SPEND,Seller API /v1/finance/accrual/by-day,41,raw/backfill_v1/finance/accrual_by_day_20260703.json
2026-07-03,CPC_MEDIA,27307598,NOT_APPLICABLE,NOT_APPLICABLE,NOT_APPLICABLE,609.04,NOT_APPLICABLE,609.04,CONFIRMED_SPEND,Seller API /v1/finance/accrual/by-day,41,raw/backfill_v1/finance/accrual_by_day_20260703.json
2026-07-03,CPC_MEDIA,27443733,NOT_APPLICABLE,NOT_APPLICABLE,NOT_APPLICABLE,440.21,NOT_APPLICABLE,440.21,CONFIRMED_SPEND,Seller API /v1/finance/accrual/by-day,41,raw/backfill_v1/finance/accrual_by_day_20260703.json
2026-07-04,CPC_MEDIA,27251978,NOT_APPLICABLE,NOT_APPLICABLE,NOT_APPLICABLE,169.75,NOT_APPLICABLE,169.75,CONFIRMED_SPEND,Seller API /v1/finance/accrual/by-day,41,raw/backfill_v1/finance/accrual_by_day_20260704.json
2026-07-04,CPC_MEDIA,27307535,NOT_APPLICABLE,NOT_APPLICABLE,NOT_APPLICABLE,178.84,NOT_APPLICABLE,178.84,CONFIRMED_SPEND,Seller API /v1/finance/accrual/by-day,41,raw/backfill_v1/finance/accrual_by_day_20260704.json
2026-07-04,CPC_MEDIA,27307598,NOT_APPLICABLE,NOT_APPLICABLE,NOT_APPLICABLE,657.54,NOT_APPLICABLE,657.54,CONFIRMED_SPEND,Seller API /v1/finance/accrual/by-day,41,raw/backfill_v1/finance/accrual_by_day_20260704.json
2026-07-04,CPC_MEDIA,27443733,NOT_APPLICABLE,NOT_APPLICABLE,NOT_APPLICABLE,556.42,NOT_APPLICABLE,556.42,CONFIRMED_SPEND,Seller API /v1/finance/accrual/by-day,41,raw/backfill_v1/finance/accrual_by_day_20260704.json
2026-07-05,CPC_MEDIA,27251978,NOT_APPLICABLE,NOT_APPLICABLE,NOT_APPLICABLE,499.78,NOT_APPLICABLE,499.78,CONFIRMED_SPEND,Seller API /v1/finance/accrual/by-day,41,raw/backfill_v1/finance/accrual_by_day_20260705.json
2026-07-05,CPC_MEDIA,27307535,NOT_APPLICABLE,NOT_APPLICABLE,NOT_APPLICABLE,378.8,NOT_APPLICABLE,378.8,CONFIRMED_SPEND,Seller API /v1/finance/accrual/by-day,41,raw/backfill_v1/finance/accrual_by_day_20260705.json
2026-07-05,CPC_MEDIA,27307598,NOT_APPLICABLE,NOT_APPLICABLE,NOT_APPLICABLE,659.38,NOT_APPLICABLE,659.38,CONFIRMED_SPEND,Seller API /v1/finance/accrual/by-day,41,raw/backfill_v1/finance/accrual_by_day_20260705.json
2026-07-05,CPC_MEDIA,27443733,NOT_APPLICABLE,NOT_APPLICABLE,NOT_APPLICABLE,1755.53,NOT_APPLICABLE,1755.53,CONFIRMED_SPEND,Seller API /v1/finance/accrual/by-day,41,raw/backfill_v1/finance/accrual_by_day_20260705.json
2026-07-06,CPC_MEDIA,27251978,NOT_APPLICABLE,NOT_APPLICABLE,NOT_APPLICABLE,232.55,NOT_APPLICABLE,232.55,CONFIRMED_SPEND,Seller API /v1/finance/accrual/by-day,41,raw/backfill_v1/finance/accrual_by_day_20260706.json
2026-07-06,CPC_MEDIA,27307535,NOT_APPLICABLE,NOT_APPLICABLE,NOT_APPLICABLE,245.41,NOT_APPLICABLE,245.41,CONFIRMED_SPEND,Seller API /v1/finance/accrual/by-day,41,raw/backfill_v1/finance/accrual_by_day_20260706.json
2026-07-06,CPC_MEDIA,27307598,NOT_APPLICABLE,NOT_APPLICABLE,NOT_APPLICABLE,494.32,NOT_APPLICABLE,494.32,CONFIRMED_SPEND,Seller API /v1/finance/accrual/by-day,41,raw/backfill_v1/finance/accrual_by_day_20260706.json
2026-07-06,CPC_MEDIA,27443733,NOT_APPLICABLE,NOT_APPLICABLE,NOT_APPLICABLE,1331.39,NOT_APPLICABLE,1331.39,CONFIRMED_SPEND,Seller API /v1/finance/accrual/by-day,41,raw/backfill_v1/finance/accrual_by_day_20260706.json
2026-07-11,CPC_MEDIA,32157965,NOT_APPLICABLE,NOT_APPLICABLE,NOT_APPLICABLE,17.86,NOT_APPLICABLE,17.86,CONFIRMED_SPEND,Seller API /v1/finance/accrual/by-day,41,raw/backfill_v1/finance/accrual_by_day_20260711.json
2026-07-11,CPC_MEDIA,32157988,NOT_APPLICABLE,NOT_APPLICABLE,NOT_APPLICABLE,6.96,NOT_APPLICABLE,6.96,CONFIRMED_SPEND,Seller API /v1/finance/accrual/by-day,41,raw/backfill_v1/finance/accrual_by_day_20260711.json
2026-07-11,CPC_MEDIA,32158008,NOT_APPLICABLE,NOT_APPLICABLE,NOT_APPLICABLE,8.1,NOT_APPLICABLE,8.1,CONFIRMED_SPEND,Seller API /v1/finance/accrual/by-day,41,raw/backfill_v1/finance/accrual_by_day_20260711.json
2026-07-11,CPC_MEDIA,32158051,NOT_APPLICABLE,NOT_APPLICABLE,NOT_APPLICABLE,19.71,NOT_APPLICABLE,19.71,CONFIRMED_SPEND,Seller API /v1/finance/accrual/by-day,41,raw/backfill_v1/finance/accrual_by_day_20260711.json
2026-07-11,CPC_MEDIA,32158176,NOT_APPLICABLE,NOT_APPLICABLE,NOT_APPLICABLE,2.88,NOT_APPLICABLE,2.88,CONFIRMED_SPEND,Seller API /v1/finance/accrual/by-day,41,raw/backfill_v1/finance/accrual_by_day_20260711.json
2026-07-12,CPC_MEDIA,32157891,NOT_APPLICABLE,NOT_APPLICABLE,NOT_APPLICABLE,4.54,NOT_APPLICABLE,4.54,CONFIRMED_SPEND,Seller API /v1/finance/accrual/by-day,41,raw/backfill_v1/finance/accrual_by_day_20260712.json
2026-07-12,CPC_MEDIA,32157947,NOT_APPLICABLE,NOT_APPLICABLE,NOT_APPLICABLE,3.82,NOT_APPLICABLE,3.82,CONFIRMED_SPEND,Seller API /v1/finance/accrual/by-day,41,raw/backfill_v1/finance/accrual_by_day_20260712.json
2026-07-12,CPC_MEDIA,32157965,NOT_APPLICABLE,NOT_APPLICABLE,NOT_APPLICABLE,48.53,NOT_APPLICABLE,48.53,CONFIRMED_SPEND,Seller API /v1/finance/accrual/by-day,41,raw/backfill_v1/finance/accrual_by_day_20260712.json
2026-07-12,CPC_MEDIA,32157988,NOT_APPLICABLE,NOT_APPLICABLE,NOT_APPLICABLE,3.99,NOT_APPLICABLE,3.99,CONFIRMED_SPEND,Seller API /v1/finance/accrual/by-day,41,raw/backfill_v1/finance/accrual_by_day_20260712.json
2026-07-12,CPC_MEDIA,32158008,NOT_APPLICABLE,NOT_APPLICABLE,NOT_APPLICABLE,17.64,NOT_APPLICABLE,17.64,CONFIRMED_SPEND,Seller API /v1/finance/accrual/by-day,41,raw/backfill_v1/finance/accrual_by_day_20260712.json
2026-07-12,CPC_MEDIA,32158051,NOT_APPLICABLE,NOT_APPLICABLE,NOT_APPLICABLE,36.56,NOT_APPLICABLE,36.56,CONFIRMED_SPEND,Seller API /v1/finance/accrual/by-day,41,raw/backfill_v1/finance/accrual_by_day_20260712.json
2026-07-12,CPC_MEDIA,32158176,NOT_APPLICABLE,NOT_APPLICABLE,NOT_APPLICABLE,27.22,NOT_APPLICABLE,27.22,CONFIRMED_SPEND,Seller API /v1/finance/accrual/by-day,41,raw/backfill_v1/finance/accrual_by_day_20260712.json
2026-07-13,CPC_MEDIA,32157891,NOT_APPLICABLE,NOT_APPLICABLE,NOT_APPLICABLE,40.85,NOT_APPLICABLE,40.85,CONFIRMED_SPEND,Seller API /v1/finance/accrual/by-day,41,raw/backfill_v1/finance/accrual_by_day_20260713.json
2026-07-13,CPC_MEDIA,32157919,NOT_APPLICABLE,NOT_APPLICABLE,NOT_APPLICABLE,25.83,NOT_APPLICABLE,25.83,CONFIRMED_SPEND,Seller API /v1/finance/accrual/by-day,41,raw/backfill_v1/finance/accrual_by_day_20260713.json
2026-07-13,CPC_MEDIA,32157965,NOT_APPLICABLE,NOT_APPLICABLE,NOT_APPLICABLE,22.81,NOT_APPLICABLE,22.81,CONFIRMED_SPEND,Seller API /v1/finance/accrual/by-day,41,raw/backfill_v1/finance/accrual_by_day_20260713.json
2026-07-13,CPC_MEDIA,32157988,NOT_APPLICABLE,NOT_APPLICABLE,NOT_APPLICABLE,2.58,NOT_APPLICABLE,2.58,CONFIRMED_SPEND,Seller API /v1/finance/accrual/by-day,41,raw/backfill_v1/finance/accrual_by_day_20260713.json
2026-07-13,CPC_MEDIA,32158008,NOT_APPLICABLE,NOT_APPLICABLE,NOT_APPLICABLE,11.42,NOT_APPLICABLE,11.42,CONFIRMED_SPEND,Seller API /v1/finance/accrual/by-day,41,raw/backfill_v1/finance/accrual_by_day_20260713.json
2026-07-13,CPC_MEDIA,32158051,NOT_APPLICABLE,NOT_APPLICABLE,NOT_APPLICABLE,26.78,NOT_APPLICABLE,26.78,CONFIRMED_SPEND,Seller API /v1/finance/accrual/by-day,41,raw/backfill_v1/finance/accrual_by_day_20260713.json
2026-07-13,CPC_MEDIA,32158176,NOT_APPLICABLE,NOT_APPLICABLE,NOT_APPLICABLE,4.46,NOT_APPLICABLE,4.46,CONFIRMED_SPEND,Seller API /v1/finance/accrual/by-day,41,raw/backfill_v1/finance/accrual_by_day_20260713.json
2026-07-13,CPC_MEDIA,32158299,NOT_APPLICABLE,NOT_APPLICABLE,NOT_APPLICABLE,1.0,NOT_APPLICABLE,1.0,CONFIRMED_SPEND,Seller API /v1/finance/accrual/by-day,41,raw/backfill_v1/finance/accrual_by_day_20260713.json
2026-07-14,CPC_MEDIA,32157891,NOT_APPLICABLE,NOT_APPLICABLE,NOT_APPLICABLE,28.17,NOT_APPLICABLE,28.17,CONFIRMED_SPEND,Seller API /v1/finance/accrual/by-day,41,raw/backfill_v1/finance/accrual_by_day_20260714.json
2026-07-14,CPC_MEDIA,32157919,NOT_APPLICABLE,NOT_APPLICABLE,NOT_APPLICABLE,41.32,NOT_APPLICABLE,41.32,CONFIRMED_SPEND,Seller API /v1/finance/accrual/by-day,41,raw/backfill_v1/finance/accrual_by_day_20260714.json
2026-07-14,CPC_MEDIA,32157947,NOT_APPLICABLE,NOT_APPLICABLE,NOT_APPLICABLE,5.96,NOT_APPLICABLE,5.96,CONFIRMED_SPEND,Seller API /v1/finance/accrual/by-day,41,raw/backfill_v1/finance/accrual_by_day_20260714.json
2026-07-14,CPC_MEDIA,32157965,NOT_APPLICABLE,NOT_APPLICABLE,NOT_APPLICABLE,46.36,NOT_APPLICABLE,46.36,CONFIRMED_SPEND,Seller API /v1/finance/accrual/by-day,41,raw/backfill_v1/finance/accrual_by_day_20260714.json
2026-07-14,CPC_MEDIA,32157988,NOT_APPLICABLE,NOT_APPLICABLE,NOT_APPLICABLE,24.6,NOT_APPLICABLE,24.6,CONFIRMED_SPEND,Seller API /v1/finance/accrual/by-day,41,raw/backfill_v1/finance/accrual_by_day_20260714.json
2026-07-14,CPC_MEDIA,32158008,NOT_APPLICABLE,NOT_APPLICABLE,NOT_APPLICABLE,26.56,NOT_APPLICABLE,26.56,CONFIRMED_SPEND,Seller API /v1/finance/accrual/by-day,41,raw/backfill_v1/finance/accrual_by_day_20260714.json
2026-07-14,CPC_MEDIA,32158051,NOT_APPLICABLE,NOT_APPLICABLE,NOT_APPLICABLE,30.75,NOT_APPLICABLE,30.75,CONFIRMED_SPEND,Seller API /v1/finance/accrual/by-day,41,raw/backfill_v1/finance/accrual_by_day_20260714.json
2026-07-14,CPC_MEDIA,32158176,NOT_APPLICABLE,NOT_APPLICABLE,NOT_APPLICABLE,96.54,NOT_APPLICABLE,96.54,CONFIRMED_SPEND,Seller API /v1/finance/accrual/by-day,41,raw/backfill_v1/finance/accrual_by_day_20260714.json
2026-07-14,CPC_MEDIA,32158299,NOT_APPLICABLE,NOT_APPLICABLE,NOT_APPLICABLE,24.65,NOT_APPLICABLE,24.65,CONFIRMED_SPEND,Seller API /v1/finance/accrual/by-day,41,raw/backfill_v1/finance/accrual_by_day_20260714.json
2026-07-15,CPC_MEDIA,32157891,NOT_APPLICABLE,NOT_APPLICABLE,NOT_APPLICABLE,67.95,NOT_APPLICABLE,67.95,CONFIRMED_SPEND,Seller API /v1/finance/accrual/by-day,41,raw/backfill_v1/finance/accrual_by_day_20260715.json
2026-07-15,CPC_MEDIA,32157919,NOT_APPLICABLE,NOT_APPLICABLE,NOT_APPLICABLE,37.93,NOT_APPLICABLE,37.93,CONFIRMED_SPEND,Seller API /v1/finance/accrual/by-day,41,raw/backfill_v1/finance/accrual_by_day_20260715.json
2026-07-15,CPC_MEDIA,32157947,NOT_APPLICABLE,NOT_APPLICABLE,NOT_APPLICABLE,7.94,NOT_APPLICABLE,7.94,CONFIRMED_SPEND,Seller API /v1/finance/accrual/by-day,41,raw/backfill_v1/finance/accrual_by_day_20260715.json
2026-07-15,CPC_MEDIA,32157965,NOT_APPLICABLE,NOT_APPLICABLE,NOT_APPLICABLE,73.88,NOT_APPLICABLE,73.88,CONFIRMED_SPEND,Seller API /v1/finance/accrual/by-day,41,raw/backfill_v1/finance/accrual_by_day_20260715.json
2026-07-15,CPC_MEDIA,32157988,NOT_APPLICABLE,NOT_APPLICABLE,NOT_APPLICABLE,4.82,NOT_APPLICABLE,4.82,CONFIRMED_SPEND,Seller API /v1/finance/accrual/by-day,41,raw/backfill_v1/finance/accrual_by_day_20260715.json
2026-07-15,CPC_MEDIA,32158008,NOT_APPLICABLE,NOT_APPLICABLE,NOT_APPLICABLE,51.69,NOT_APPLICABLE,51.69,CONFIRMED_SPEND,Seller API /v1/finance/accrual/by-day,41,raw/backfill_v1/finance/accrual_by_day_20260715.json
2026-07-15,CPC_MEDIA,32158051,NOT_APPLICABLE,NOT_APPLICABLE,NOT_APPLICABLE,97.6,NOT_APPLICABLE,97.6,CONFIRMED_SPEND,Seller API /v1/finance/accrual/by-day,41,raw/backfill_v1/finance/accrual_by_day_20260715.json
2026-07-15,CPC_MEDIA,32158176,NOT_APPLICABLE,NOT_APPLICABLE,NOT_APPLICABLE,142.7,NOT_APPLICABLE,142.7,CONFIRMED_SPEND,Seller API /v1/finance/accrual/by-day,41,raw/backfill_v1/finance/accrual_by_day_20260715.json
2026-07-15,CPC_MEDIA,32158299,NOT_APPLICABLE,NOT_APPLICABLE,NOT_APPLICABLE,52.58,NOT_APPLICABLE,52.58,CONFIRMED_SPEND,Seller API /v1/finance/accrual/by-day,41,raw/backfill_v1/finance/accrual_by_day_20260715.json
2026-07-16,CPC_MEDIA,32157891,NOT_APPLICABLE,NOT_APPLICABLE,NOT_APPLICABLE,115.6,NOT_APPLICABLE,115.6,CONFIRMED_SPEND,Seller API /v1/finance/accrual/by-day,41,raw/backfill_v1/finance/accrual_by_day_20260716.json
2026-07-16,CPC_MEDIA,32157919,NOT_APPLICABLE,NOT_APPLICABLE,NOT_APPLICABLE,52.07,NOT_APPLICABLE,52.07,CONFIRMED_SPEND,Seller API /v1/finance/accrual/by-day,41,raw/backfill_v1/finance/accrual_by_day_20260716.json
2026-07-16,CPC_MEDIA,32157947,NOT_APPLICABLE,NOT_APPLICABLE,NOT_APPLICABLE,29.33,NOT_APPLICABLE,29.33,CONFIRMED_SPEND,Seller API /v1/finance/accrual/by-day,41,raw/backfill_v1/finance/accrual_by_day_20260716.json
2026-07-16,CPC_MEDIA,32157965,NOT_APPLICABLE,NOT_APPLICABLE,NOT_APPLICABLE,43.17,NOT_APPLICABLE,43.17,CONFIRMED_SPEND,Seller API /v1/finance/accrual/by-day,41,raw/backfill_v1/finance/accrual_by_day_20260716.json
2026-07-16,CPC_MEDIA,32157988,NOT_APPLICABLE,NOT_APPLICABLE,NOT_APPLICABLE,41.17,NOT_APPLICABLE,41.17,CONFIRMED_SPEND,Seller API /v1/finance/accrual/by-day,41,raw/backfill_v1/finance/accrual_by_day_20260716.json
2026-07-16,CPC_MEDIA,32158008,NOT_APPLICABLE,NOT_APPLICABLE,NOT_APPLICABLE,100.92,NOT_APPLICABLE,100.92,CONFIRMED_SPEND,Seller API /v1/finance/accrual/by-day,41,raw/backfill_v1/finance/accrual_by_day_20260716.json
2026-07-16,CPC_MEDIA,32158051,NOT_APPLICABLE,NOT_APPLICABLE,NOT_APPLICABLE,172.87,NOT_APPLICABLE,172.87,CONFIRMED_SPEND,Seller API /v1/finance/accrual/by-day,41,raw/backfill_v1/finance/accrual_by_day_20260716.json
2026-07-16,CPC_MEDIA,32158176,NOT_APPLICABLE,NOT_APPLICABLE,NOT_APPLICABLE,127.83,NOT_APPLICABLE,127.83,CONFIRMED_SPEND,Seller API /v1/finance/accrual/by-day,41,raw/backfill_v1/finance/accrual_by_day_20260716.json
2026-07-16,CPC_MEDIA,32158299,NOT_APPLICABLE,NOT_APPLICABLE,NOT_APPLICABLE,60.66,NOT_APPLICABLE,60.66,CONFIRMED_SPEND,Seller API /v1/finance/accrual/by-day,41,raw/backfill_v1/finance/accrual_by_day_20260716.json
2026-07-17,CPC_MEDIA,32157891,NOT_APPLICABLE,NOT_APPLICABLE,NOT_APPLICABLE,98.13,NOT_APPLICABLE,98.13,CONFIRMED_SPEND,Seller API /v1/finance/accrual/by-day,41,raw/backfill_v1/finance/accrual_by_day_20260717.json
2026-07-17,CPC_MEDIA,32157919,NOT_APPLICABLE,NOT_APPLICABLE,NOT_APPLICABLE,64.46,NOT_APPLICABLE,64.46,CONFIRMED_SPEND,Seller API /v1/finance/accrual/by-day,41,raw/backfill_v1/finance/accrual_by_day_20260717.json
2026-07-17,CPC_MEDIA,32157947,NOT_APPLICABLE,NOT_APPLICABLE,NOT_APPLICABLE,83.03,NOT_APPLICABLE,83.03,CONFIRMED_SPEND,Seller API /v1/finance/accrual/by-day,41,raw/backfill_v1/finance/accrual_by_day_20260717.json
2026-07-17,CPC_MEDIA,32157965,NOT_APPLICABLE,NOT_APPLICABLE,NOT_APPLICABLE,62.55,NOT_APPLICABLE,62.55,CONFIRMED_SPEND,Seller API /v1/finance/accrual/by-day,41,raw/backfill_v1/finance/accrual_by_day_20260717.json
2026-07-17,CPC_MEDIA,32157988,NOT_APPLICABLE,NOT_APPLICABLE,NOT_APPLICABLE,129.26,NOT_APPLICABLE,129.26,CONFIRMED_SPEND,Seller API /v1/finance/accrual/by-day,41,raw/backfill_v1/finance/accrual_by_day_20260717.json
2026-07-17,CPC_MEDIA,32158008,NOT_APPLICABLE,NOT_APPLICABLE,NOT_APPLICABLE,102.39,NOT_APPLICABLE,102.39,CONFIRMED_SPEND,Seller API /v1/finance/accrual/by-day,41,raw/backfill_v1/finance/accrual_by_day_20260717.json
2026-07-17,CPC_MEDIA,32158051,NOT_APPLICABLE,NOT_APPLICABLE,NOT_APPLICABLE,142.76,NOT_APPLICABLE,142.76,CONFIRMED_SPEND,Seller API /v1/finance/accrual/by-day,41,raw/backfill_v1/finance/accrual_by_day_20260717.json
2026-07-17,CPC_MEDIA,32158176,NOT_APPLICABLE,NOT_APPLICABLE,NOT_APPLICABLE,137.18,NOT_APPLICABLE,137.18,CONFIRMED_SPEND,Seller API /v1/finance/accrual/by-day,41,raw/backfill_v1/finance/accrual_by_day_20260717.json
2026-07-17,CPC_MEDIA,32158299,NOT_APPLICABLE,NOT_APPLICABLE,NOT_APPLICABLE,54.9,NOT_APPLICABLE,54.9,CONFIRMED_SPEND,Seller API /v1/finance/accrual/by-day,41,raw/backfill_v1/finance/accrual_by_day_20260717.json
2026-07-18,CPC_MEDIA,32157891,NOT_APPLICABLE,NOT_APPLICABLE,NOT_APPLICABLE,122.22,NOT_APPLICABLE,122.22,CONFIRMED_SPEND,Seller API /v1/finance/accrual/by-day,41,raw/backfill_v1/finance/accrual_by_day_20260718.json
2026-07-18,CPC_MEDIA,32157919,NOT_APPLICABLE,NOT_APPLICABLE,NOT_APPLICABLE,46.93,NOT_APPLICABLE,46.93,CONFIRMED_SPEND,Seller API /v1/finance/accrual/by-day,41,raw/backfill_v1/finance/accrual_by_day_20260718.json
2026-07-18,CPC_MEDIA,32157947,NOT_APPLICABLE,NOT_APPLICABLE,NOT_APPLICABLE,51.77,NOT_APPLICABLE,51.77,CONFIRMED_SPEND,Seller API /v1/finance/accrual/by-day,41,raw/backfill_v1/finance/accrual_by_day_20260718.json
2026-07-18,CPC_MEDIA,32157965,NOT_APPLICABLE,NOT_APPLICABLE,NOT_APPLICABLE,295.18,NOT_APPLICABLE,295.18,CONFIRMED_SPEND,Seller API /v1/finance/accrual/by-day,41,raw/backfill_v1/finance/accrual_by_day_20260718.json
2026-07-18,CPC_MEDIA,32157988,NOT_APPLICABLE,NOT_APPLICABLE,NOT_APPLICABLE,112.53,NOT_APPLICABLE,112.53,CONFIRMED_SPEND,Seller API /v1/finance/accrual/by-day,41,raw/backfill_v1/finance/accrual_by_day_20260718.json
2026-07-18,CPC_MEDIA,32158008,NOT_APPLICABLE,NOT_APPLICABLE,NOT_APPLICABLE,73.42,NOT_APPLICABLE,73.42,CONFIRMED_SPEND,Seller API /v1/finance/accrual/by-day,41,raw/backfill_v1/finance/accrual_by_day_20260718.json
2026-07-18,CPC_MEDIA,32158051,NOT_APPLICABLE,NOT_APPLICABLE,NOT_APPLICABLE,154.45,NOT_APPLICABLE,154.45,CONFIRMED_SPEND,Seller API /v1/finance/accrual/by-day,41,raw/backfill_v1/finance/accrual_by_day_20260718.json
2026-07-18,CPC_MEDIA,32158176,NOT_APPLICABLE,NOT_APPLICABLE,NOT_APPLICABLE,268.19,NOT_APPLICABLE,268.19,CONFIRMED_SPEND,Seller API /v1/finance/accrual/by-day,41,raw/backfill_v1/finance/accrual_by_day_20260718.json
2026-07-18,CPC_MEDIA,32158299,NOT_APPLICABLE,NOT_APPLICABLE,NOT_APPLICABLE,183.28,NOT_APPLICABLE,183.28,CONFIRMED_SPEND,Seller API /v1/finance/accrual/by-day,41,raw/backfill_v1/finance/accrual_by_day_20260718.json
2026-07-19,CPC_MEDIA,32157891,NOT_APPLICABLE,NOT_APPLICABLE,NOT_APPLICABLE,184.16,NOT_APPLICABLE,184.16,CONFIRMED_SPEND,Seller API /v1/finance/accrual/by-day,41,raw/backfill_v1/finance/accrual_by_day_20260719.json
2026-07-19,CPC_MEDIA,32157919,NOT_APPLICABLE,NOT_APPLICABLE,NOT_APPLICABLE,33.67,NOT_APPLICABLE,33.67,CONFIRMED_SPEND,Seller API /v1/finance/accrual/by-day,41,raw/backfill_v1/finance/accrual_by_day_20260719.json
2026-07-19,CPC_MEDIA,32157947,NOT_APPLICABLE,NOT_APPLICABLE,NOT_APPLICABLE,39.99,NOT_APPLICABLE,39.99,CONFIRMED_SPEND,Seller API /v1/finance/accrual/by-day,41,raw/backfill_v1/finance/accrual_by_day_20260719.json
2026-07-19,CPC_MEDIA,32157965,NOT_APPLICABLE,NOT_APPLICABLE,NOT_APPLICABLE,74.05,NOT_APPLICABLE,74.05,CONFIRMED_SPEND,Seller API /v1/finance/accrual/by-day,41,raw/backfill_v1/finance/accrual_by_day_20260719.json
2026-07-19,CPC_MEDIA,32157988,NOT_APPLICABLE,NOT_APPLICABLE,NOT_APPLICABLE,132.2,NOT_APPLICABLE,132.2,CONFIRMED_SPEND,Seller API /v1/finance/accrual/by-day,41,raw/backfill_v1/finance/accrual_by_day_20260719.json
2026-07-19,CPC_MEDIA,32158008,NOT_APPLICABLE,NOT_APPLICABLE,NOT_APPLICABLE,105.99,NOT_APPLICABLE,105.99,CONFIRMED_SPEND,Seller API /v1/finance/accrual/by-day,41,raw/backfill_v1/finance/accrual_by_day_20260719.json
2026-07-19,CPC_MEDIA,32158051,NOT_APPLICABLE,NOT_APPLICABLE,NOT_APPLICABLE,138.0,NOT_APPLICABLE,138.0,CONFIRMED_SPEND,Seller API /v1/finance/accrual/by-day,41,raw/backfill_v1/finance/accrual_by_day_20260719.json
2026-07-19,CPC_MEDIA,32158176,NOT_APPLICABLE,NOT_APPLICABLE,NOT_APPLICABLE,118.08,NOT_APPLICABLE,118.08,CONFIRMED_SPEND,Seller API /v1/finance/accrual/by-day,41,raw/backfill_v1/finance/accrual_by_day_20260719.json
2026-07-19,CPC_MEDIA,32158299,NOT_APPLICABLE,NOT_APPLICABLE,NOT_APPLICABLE,143.02,NOT_APPLICABLE,143.02,CONFIRMED_SPEND,Seller API /v1/finance/accrual/by-day,41,raw/backfill_v1/finance/accrual_by_day_20260719.json
2026-07-20,CPC_MEDIA,32157891,NOT_APPLICABLE,NOT_APPLICABLE,NOT_APPLICABLE,134.89,NOT_APPLICABLE,134.89,CONFIRMED_SPEND,Seller API /v1/finance/accrual/by-day,41,raw/backfill_v1/finance/accrual_by_day_20260720.json
2026-07-20,CPC_MEDIA,32157919,NOT_APPLICABLE,NOT_APPLICABLE,NOT_APPLICABLE,26.63,NOT_APPLICABLE,26.63,CONFIRMED_SPEND,Seller API /v1/finance/accrual/by-day,41,raw/backfill_v1/finance/accrual_by_day_20260720.json
2026-07-20,CPC_MEDIA,32157947,NOT_APPLICABLE,NOT_APPLICABLE,NOT_APPLICABLE,128.21,NOT_APPLICABLE,128.21,CONFIRMED_SPEND,Seller API /v1/finance/accrual/by-day,41,raw/backfill_v1/finance/accrual_by_day_20260720.json
2026-07-20,CPC_MEDIA,32157965,NOT_APPLICABLE,NOT_APPLICABLE,NOT_APPLICABLE,54.29,NOT_APPLICABLE,54.29,CONFIRMED_SPEND,Seller API /v1/finance/accrual/by-day,41,raw/backfill_v1/finance/accrual_by_day_20260720.json
2026-07-20,CPC_MEDIA,32157988,NOT_APPLICABLE,NOT_APPLICABLE,NOT_APPLICABLE,83.07,NOT_APPLICABLE,83.07,CONFIRMED_SPEND,Seller API /v1/finance/accrual/by-day,41,raw/backfill_v1/finance/accrual_by_day_20260720.json
2026-07-20,CPC_MEDIA,32158008,NOT_APPLICABLE,NOT_APPLICABLE,NOT_APPLICABLE,173.15,NOT_APPLICABLE,173.15,CONFIRMED_SPEND,Seller API /v1/finance/accrual/by-day,41,raw/backfill_v1/finance/accrual_by_day_20260720.json
2026-07-20,CPC_MEDIA,32158051,NOT_APPLICABLE,NOT_APPLICABLE,NOT_APPLICABLE,196.68,NOT_APPLICABLE,196.68,CONFIRMED_SPEND,Seller API /v1/finance/accrual/by-day,41,raw/backfill_v1/finance/accrual_by_day_20260720.json
2026-07-20,CPC_MEDIA,32158176,NOT_APPLICABLE,NOT_APPLICABLE,NOT_APPLICABLE,195.28,NOT_APPLICABLE,195.28,CONFIRMED_SPEND,Seller API /v1/finance/accrual/by-day,41,raw/backfill_v1/finance/accrual_by_day_20260720.json
2026-07-20,CPC_MEDIA,32158299,NOT_APPLICABLE,NOT_APPLICABLE,NOT_APPLICABLE,182.25,NOT_APPLICABLE,182.25,CONFIRMED_SPEND,Seller API /v1/finance/accrual/by-day,41,raw/backfill_v1/finance/accrual_by_day_20260720.json
2026-07-21,CPC_MEDIA,32157891,NOT_APPLICABLE,NOT_APPLICABLE,NOT_APPLICABLE,59.71,NOT_APPLICABLE,59.71,CONFIRMED_SPEND,Seller API /v1/finance/accrual/by-day,41,raw/backfill_v1/finance/accrual_by_day_20260721.json
2026-07-21,CPC_MEDIA,32157919,NOT_APPLICABLE,NOT_APPLICABLE,NOT_APPLICABLE,59.04,NOT_APPLICABLE,59.04,CONFIRMED_SPEND,Seller API /v1/finance/accrual/by-day,41,raw/backfill_v1/finance/accrual_by_day_20260721.json
2026-07-21,CPC_MEDIA,32157947,NOT_APPLICABLE,NOT_APPLICABLE,NOT_APPLICABLE,137.82,NOT_APPLICABLE,137.82,CONFIRMED_SPEND,Seller API /v1/finance/accrual/by-day,41,raw/backfill_v1/finance/accrual_by_day_20260721.json
2026-07-21,CPC_MEDIA,32157965,NOT_APPLICABLE,NOT_APPLICABLE,NOT_APPLICABLE,105.93,NOT_APPLICABLE,105.93,CONFIRMED_SPEND,Seller API /v1/finance/accrual/by-day,41,raw/backfill_v1/finance/accrual_by_day_20260721.json
2026-07-21,CPC_MEDIA,32157988,NOT_APPLICABLE,NOT_APPLICABLE,NOT_APPLICABLE,144.53,NOT_APPLICABLE,144.53,CONFIRMED_SPEND,Seller API /v1/finance/accrual/by-day,41,raw/backfill_v1/finance/accrual_by_day_20260721.json
2026-07-21,CPC_MEDIA,32158008,NOT_APPLICABLE,NOT_APPLICABLE,NOT_APPLICABLE,187.1,NOT_APPLICABLE,187.1,CONFIRMED_SPEND,Seller API /v1/finance/accrual/by-day,41,raw/backfill_v1/finance/accrual_by_day_20260721.json
2026-07-21,CPC_MEDIA,32158051,NOT_APPLICABLE,NOT_APPLICABLE,NOT_APPLICABLE,123.3,NOT_APPLICABLE,123.3,CONFIRMED_SPEND,Seller API /v1/finance/accrual/by-day,41,raw/backfill_v1/finance/accrual_by_day_20260721.json
2026-07-21,CPC_MEDIA,32158176,NOT_APPLICABLE,NOT_APPLICABLE,NOT_APPLICABLE,298.68,NOT_APPLICABLE,298.68,CONFIRMED_SPEND,Seller API /v1/finance/accrual/by-day,41,raw/backfill_v1/finance/accrual_by_day_20260721.json
2026-07-21,CPC_MEDIA,32158299,NOT_APPLICABLE,NOT_APPLICABLE,NOT_APPLICABLE,117.29,NOT_APPLICABLE,117.29,CONFIRMED_SPEND,Seller API /v1/finance/accrual/by-day,41,raw/backfill_v1/finance/accrual_by_day_20260721.json
2026-07-22,CPC_MEDIA,32157891,NOT_APPLICABLE,NOT_APPLICABLE,NOT_APPLICABLE,94.29,NOT_APPLICABLE,94.29,CONFIRMED_SPEND,Seller API /v1/finance/accrual/by-day,41,raw/backfill_v1/finance/accrual_by_day_20260722.json
2026-07-22,CPC_MEDIA,32157919,NOT_APPLICABLE,NOT_APPLICABLE,NOT_APPLICABLE,191.63,NOT_APPLICABLE,191.63,CONFIRMED_SPEND,Seller API /v1/finance/accrual/by-day,41,raw/backfill_v1/finance/accrual_by_day_20260722.json
2026-07-22,CPC_MEDIA,32157947,NOT_APPLICABLE,NOT_APPLICABLE,NOT_APPLICABLE,10.68,NOT_APPLICABLE,10.68,CONFIRMED_SPEND,Seller API /v1/finance/accrual/by-day,41,raw/backfill_v1/finance/accrual_by_day_20260722.json
2026-07-22,CPC_MEDIA,32157965,NOT_APPLICABLE,NOT_APPLICABLE,NOT_APPLICABLE,18.41,NOT_APPLICABLE,18.41,CONFIRMED_SPEND,Seller API /v1/finance/accrual/by-day,41,raw/backfill_v1/finance/accrual_by_day_20260722.json
2026-07-22,CPC_MEDIA,32157988,NOT_APPLICABLE,NOT_APPLICABLE,NOT_APPLICABLE,339.01,NOT_APPLICABLE,339.01,CONFIRMED_SPEND,Seller API /v1/finance/accrual/by-day,41,raw/backfill_v1/finance/accrual_by_day_20260722.json
2026-07-22,CPC_MEDIA,32158008,NOT_APPLICABLE,NOT_APPLICABLE,NOT_APPLICABLE,82.94,NOT_APPLICABLE,82.94,CONFIRMED_SPEND,Seller API /v1/finance/accrual/by-day,41,raw/backfill_v1/finance/accrual_by_day_20260722.json
2026-07-22,CPC_MEDIA,32158051,NOT_APPLICABLE,NOT_APPLICABLE,NOT_APPLICABLE,85.84,NOT_APPLICABLE,85.84,CONFIRMED_SPEND,Seller API /v1/finance/accrual/by-day,41,raw/backfill_v1/finance/accrual_by_day_20260722.json
2026-07-22,CPC_MEDIA,32158176,NOT_APPLICABLE,NOT_APPLICABLE,NOT_APPLICABLE,60.52,NOT_APPLICABLE,60.52,CONFIRMED_SPEND,Seller API /v1/finance/accrual/by-day,41,raw/backfill_v1/finance/accrual_by_day_20260722.json
2026-07-22,CPC_MEDIA,32158299,NOT_APPLICABLE,NOT_APPLICABLE,NOT_APPLICABLE,100.29,NOT_APPLICABLE,100.29,CONFIRMED_SPEND,Seller API /v1/finance/accrual/by-day,41,raw/backfill_v1/finance/accrual_by_day_20260722.json
2026-07-23,CPC_MEDIA,32157891,NOT_APPLICABLE,NOT_APPLICABLE,NOT_APPLICABLE,69.12,NOT_APPLICABLE,69.12,CONFIRMED_SPEND,Seller API /v1/finance/accrual/by-day,41,raw/backfill_v1/finance/accrual_by_day_20260723.json
2026-07-23,CPC_MEDIA,32157919,NOT_APPLICABLE,NOT_APPLICABLE,NOT_APPLICABLE,110.33,NOT_APPLICABLE,110.33,CONFIRMED_SPEND,Seller API /v1/finance/accrual/by-day,41,raw/backfill_v1/finance/accrual_by_day_20260723.json
2026-07-23,CPC_MEDIA,32157947,NOT_APPLICABLE,NOT_APPLICABLE,NOT_APPLICABLE,64.6,NOT_APPLICABLE,64.6,CONFIRMED_SPEND,Seller API /v1/finance/accrual/by-day,41,raw/backfill_v1/finance/accrual_by_day_20260723.json
2026-07-23,CPC_MEDIA,32157965,NOT_APPLICABLE,NOT_APPLICABLE,NOT_APPLICABLE,25.88,NOT_APPLICABLE,25.88,CONFIRMED_SPEND,Seller API /v1/finance/accrual/by-day,41,raw/backfill_v1/finance/accrual_by_day_20260723.json
2026-07-23,CPC_MEDIA,32157988,NOT_APPLICABLE,NOT_APPLICABLE,NOT_APPLICABLE,119.69,NOT_APPLICABLE,119.69,CONFIRMED_SPEND,Seller API /v1/finance/accrual/by-day,41,raw/backfill_v1/finance/accrual_by_day_20260723.json
2026-07-23,CPC_MEDIA,32158008,NOT_APPLICABLE,NOT_APPLICABLE,NOT_APPLICABLE,54.16,NOT_APPLICABLE,54.16,CONFIRMED_SPEND,Seller API /v1/finance/accrual/by-day,41,raw/backfill_v1/finance/accrual_by_day_20260723.json
2026-07-23,CPC_MEDIA,32158051,NOT_APPLICABLE,NOT_APPLICABLE,NOT_APPLICABLE,152.21,NOT_APPLICABLE,152.21,CONFIRMED_SPEND,Seller API /v1/finance/accrual/by-day,41,raw/backfill_v1/finance/accrual_by_day_20260723.json
2026-07-23,CPC_MEDIA,32158176,NOT_APPLICABLE,NOT_APPLICABLE,NOT_APPLICABLE,70.18,NOT_APPLICABLE,70.18,CONFIRMED_SPEND,Seller API /v1/finance/accrual/by-day,41,raw/backfill_v1/finance/accrual_by_day_20260723.json
2026-07-23,CPC_MEDIA,32158299,NOT_APPLICABLE,NOT_APPLICABLE,NOT_APPLICABLE,126.9,NOT_APPLICABLE,126.9,CONFIRMED_SPEND,Seller API /v1/finance/accrual/by-day,41,raw/backfill_v1/finance/accrual_by_day_20260723.json
2026-07-24,CPC_MEDIA,32157891,NOT_APPLICABLE,NOT_APPLICABLE,NOT_APPLICABLE,87.37,NOT_APPLICABLE,87.37,CONFIRMED_SPEND,Seller API /v1/finance/accrual/by-day,41,raw/backfill_v1/finance/accrual_by_day_20260724.json
2026-07-24,CPC_MEDIA,32157919,NOT_APPLICABLE,NOT_APPLICABLE,NOT_APPLICABLE,55.01,NOT_APPLICABLE,55.01,CONFIRMED_SPEND,Seller API /v1/finance/accrual/by-day,41,raw/backfill_v1/finance/accrual_by_day_20260724.json
2026-07-24,CPC_MEDIA,32157947,NOT_APPLICABLE,NOT_APPLICABLE,NOT_APPLICABLE,98.19,NOT_APPLICABLE,98.19,CONFIRMED_SPEND,Seller API /v1/finance/accrual/by-day,41,raw/backfill_v1/finance/accrual_by_day_20260724.json
2026-07-24,CPC_MEDIA,32157965,NOT_APPLICABLE,NOT_APPLICABLE,NOT_APPLICABLE,54.32,NOT_APPLICABLE,54.32,CONFIRMED_SPEND,Seller API /v1/finance/accrual/by-day,41,raw/backfill_v1/finance/accrual_by_day_20260724.json
2026-07-24,CPC_MEDIA,32157988,NOT_APPLICABLE,NOT_APPLICABLE,NOT_APPLICABLE,184.35,NOT_APPLICABLE,184.35,CONFIRMED_SPEND,Seller API /v1/finance/accrual/by-day,41,raw/backfill_v1/finance/accrual_by_day_20260724.json
2026-07-24,CPC_MEDIA,32158008,NOT_APPLICABLE,NOT_APPLICABLE,NOT_APPLICABLE,93.8,NOT_APPLICABLE,93.8,CONFIRMED_SPEND,Seller API /v1/finance/accrual/by-day,41,raw/backfill_v1/finance/accrual_by_day_20260724.json
2026-07-24,CPC_MEDIA,32158051,NOT_APPLICABLE,NOT_APPLICABLE,NOT_APPLICABLE,102.19,NOT_APPLICABLE,102.19,CONFIRMED_SPEND,Seller API /v1/finance/accrual/by-day,41,raw/backfill_v1/finance/accrual_by_day_20260724.json
2026-07-24,CPC_MEDIA,32158176,NOT_APPLICABLE,NOT_APPLICABLE,NOT_APPLICABLE,118.94,NOT_APPLICABLE,118.94,CONFIRMED_SPEND,Seller API /v1/finance/accrual/by-day,41,raw/backfill_v1/finance/accrual_by_day_20260724.json
2026-07-24,CPC_MEDIA,32158299,NOT_APPLICABLE,NOT_APPLICABLE,NOT_APPLICABLE,59.79,NOT_APPLICABLE,59.79,CONFIRMED_SPEND,Seller API /v1/finance/accrual/by-day,41,raw/backfill_v1/finance/accrual_by_day_20260724.json
2026-07-25,CPC_MEDIA,32157891,NOT_APPLICABLE,NOT_APPLICABLE,NOT_APPLICABLE,50.54,NOT_APPLICABLE,50.54,CONFIRMED_SPEND,Seller API /v1/finance/accrual/by-day,41,raw/backfill_v1/finance/accrual_by_day_20260725.json
2026-07-25,CPC_MEDIA,32157919,NOT_APPLICABLE,NOT_APPLICABLE,NOT_APPLICABLE,86.9,NOT_APPLICABLE,86.9,CONFIRMED_SPEND,Seller API /v1/finance/accrual/by-day,41,raw/backfill_v1/finance/accrual_by_day_20260725.json
2026-07-25,CPC_MEDIA,32157947,NOT_APPLICABLE,NOT_APPLICABLE,NOT_APPLICABLE,92.64,NOT_APPLICABLE,92.64,CONFIRMED_SPEND,Seller API /v1/finance/accrual/by-day,41,raw/backfill_v1/finance/accrual_by_day_20260725.json
2026-07-25,CPC_MEDIA,32157965,NOT_APPLICABLE,NOT_APPLICABLE,NOT_APPLICABLE,118.25,NOT_APPLICABLE,118.25,CONFIRMED_SPEND,Seller API /v1/finance/accrual/by-day,41,raw/backfill_v1/finance/accrual_by_day_20260725.json
2026-07-25,CPC_MEDIA,32157988,NOT_APPLICABLE,NOT_APPLICABLE,NOT_APPLICABLE,192.34,NOT_APPLICABLE,192.34,CONFIRMED_SPEND,Seller API /v1/finance/accrual/by-day,41,raw/backfill_v1/finance/accrual_by_day_20260725.json
2026-07-25,CPC_MEDIA,32158008,NOT_APPLICABLE,NOT_APPLICABLE,NOT_APPLICABLE,75.8,NOT_APPLICABLE,75.8,CONFIRMED_SPEND,Seller API /v1/finance/accrual/by-day,41,raw/backfill_v1/finance/accrual_by_day_20260725.json
2026-07-25,CPC_MEDIA,32158051,NOT_APPLICABLE,NOT_APPLICABLE,NOT_APPLICABLE,81.46,NOT_APPLICABLE,81.46,CONFIRMED_SPEND,Seller API /v1/finance/accrual/by-day,41,raw/backfill_v1/finance/accrual_by_day_20260725.json
2026-07-25,CPC_MEDIA,32158176,NOT_APPLICABLE,NOT_APPLICABLE,NOT_APPLICABLE,57.29,NOT_APPLICABLE,57.29,CONFIRMED_SPEND,Seller API /v1/finance/accrual/by-day,41,raw/backfill_v1/finance/accrual_by_day_20260725.json
2026-07-25,CPC_MEDIA,32158299,NOT_APPLICABLE,NOT_APPLICABLE,NOT_APPLICABLE,36.43,NOT_APPLICABLE,36.43,CONFIRMED_SPEND,Seller API /v1/finance/accrual/by-day,41,raw/backfill_v1/finance/accrual_by_day_20260725.json
2026-07-26,CPC_MEDIA,32157891,NOT_APPLICABLE,NOT_APPLICABLE,NOT_APPLICABLE,180.19,NOT_APPLICABLE,180.19,CONFIRMED_SPEND,Seller API /v1/finance/accrual/by-day,41,raw/backfill_v1/finance/accrual_by_day_20260726.json
2026-07-26,CPC_MEDIA,32157919,NOT_APPLICABLE,NOT_APPLICABLE,NOT_APPLICABLE,101.92,NOT_APPLICABLE,101.92,CONFIRMED_SPEND,Seller API /v1/finance/accrual/by-day,41,raw/backfill_v1/finance/accrual_by_day_20260726.json
2026-07-26,CPC_MEDIA,32157947,NOT_APPLICABLE,NOT_APPLICABLE,NOT_APPLICABLE,143.94,NOT_APPLICABLE,143.94,CONFIRMED_SPEND,Seller API /v1/finance/accrual/by-day,41,raw/backfill_v1/finance/accrual_by_day_20260726.json
2026-07-26,CPC_MEDIA,32157965,NOT_APPLICABLE,NOT_APPLICABLE,NOT_APPLICABLE,67.85,NOT_APPLICABLE,67.85,CONFIRMED_SPEND,Seller API /v1/finance/accrual/by-day,41,raw/backfill_v1/finance/accrual_by_day_20260726.json
2026-07-26,CPC_MEDIA,32157988,NOT_APPLICABLE,NOT_APPLICABLE,NOT_APPLICABLE,228.07,NOT_APPLICABLE,228.07,CONFIRMED_SPEND,Seller API /v1/finance/accrual/by-day,41,raw/backfill_v1/finance/accrual_by_day_20260726.json
2026-07-26,CPC_MEDIA,32158008,NOT_APPLICABLE,NOT_APPLICABLE,NOT_APPLICABLE,137.97,NOT_APPLICABLE,137.97,CONFIRMED_SPEND,Seller API /v1/finance/accrual/by-day,41,raw/backfill_v1/finance/accrual_by_day_20260726.json
2026-07-26,CPC_MEDIA,32158051,NOT_APPLICABLE,NOT_APPLICABLE,NOT_APPLICABLE,132.48,NOT_APPLICABLE,132.48,CONFIRMED_SPEND,Seller API /v1/finance/accrual/by-day,41,raw/backfill_v1/finance/accrual_by_day_20260726.json
2026-07-26,CPC_MEDIA,32158176,NOT_APPLICABLE,NOT_APPLICABLE,NOT_APPLICABLE,103.71,NOT_APPLICABLE,103.71,CONFIRMED_SPEND,Seller API /v1/finance/accrual/by-day,41,raw/backfill_v1/finance/accrual_by_day_20260726.json
2026-07-26,CPC_MEDIA,32158299,NOT_APPLICABLE,NOT_APPLICABLE,NOT_APPLICABLE,80.95,NOT_APPLICABLE,80.95,CONFIRMED_SPEND,Seller API /v1/finance/accrual/by-day,41,raw/backfill_v1/finance/accrual_by_day_20260726.json
2026-07-27,CPC_MEDIA,32157891,NOT_APPLICABLE,NOT_APPLICABLE,NOT_APPLICABLE,100.72,NOT_APPLICABLE,100.72,CONFIRMED_SPEND,Seller API /v1/finance/accrual/by-day,41,raw/backfill_v1/finance/accrual_by_day_20260727.json
2026-07-27,CPC_MEDIA,32157919,NOT_APPLICABLE,NOT_APPLICABLE,NOT_APPLICABLE,15.31,NOT_APPLICABLE,15.31,CONFIRMED_SPEND,Seller API /v1/finance/accrual/by-day,41,raw/backfill_v1/finance/accrual_by_day_20260727.json
2026-07-27,CPC_MEDIA,32157947,NOT_APPLICABLE,NOT_APPLICABLE,NOT_APPLICABLE,138.53,NOT_APPLICABLE,138.53,CONFIRMED_SPEND,Seller API /v1/finance/accrual/by-day,41,raw/backfill_v1/finance/accrual_by_day_20260727.json
2026-07-27,CPC_MEDIA,32157965,NOT_APPLICABLE,NOT_APPLICABLE,NOT_APPLICABLE,86.35,NOT_APPLICABLE,86.35,CONFIRMED_SPEND,Seller API /v1/finance/accrual/by-day,41,raw/backfill_v1/finance/accrual_by_day_20260727.json
2026-07-27,CPC_MEDIA,32157988,NOT_APPLICABLE,NOT_APPLICABLE,NOT_APPLICABLE,159.54,NOT_APPLICABLE,159.54,CONFIRMED_SPEND,Seller API /v1/finance/accrual/by-day,41,raw/backfill_v1/finance/accrual_by_day_20260727.json
2026-07-27,CPC_MEDIA,32158008,NOT_APPLICABLE,NOT_APPLICABLE,NOT_APPLICABLE,153.62,NOT_APPLICABLE,153.62,CONFIRMED_SPEND,Seller API /v1/finance/accrual/by-day,41,raw/backfill_v1/finance/accrual_by_day_20260727.json
2026-07-27,CPC_MEDIA,32158051,NOT_APPLICABLE,NOT_APPLICABLE,NOT_APPLICABLE,127.78,NOT_APPLICABLE,127.78,CONFIRMED_SPEND,Seller API /v1/finance/accrual/by-day,41,raw/backfill_v1/finance/accrual_by_day_20260727.json
2026-07-27,CPC_MEDIA,32158176,NOT_APPLICABLE,NOT_APPLICABLE,NOT_APPLICABLE,46.05,NOT_APPLICABLE,46.05,CONFIRMED_SPEND,Seller API /v1/finance/accrual/by-day,41,raw/backfill_v1/finance/accrual_by_day_20260727.json
2026-07-27,CPC_MEDIA,32158299,NOT_APPLICABLE,NOT_APPLICABLE,NOT_APPLICABLE,104.88,NOT_APPLICABLE,104.88,CONFIRMED_SPEND,Seller API /v1/finance/accrual/by-day,41,raw/backfill_v1/finance/accrual_by_day_20260727.json
2026-07-27,FIRST_REVIEW_PROMO,NOT_APPLICABLE,3892518031,593111986,EVT-HC-CHERRY-300,512.4,NOT_APPLICABLE,512.4,CONFIRMED_SPEND,Seller API /v1/finance/accrual/by-day,116,raw/backfill_v1/finance/accrual_by_day_20260727.json
2026-07-28,CPC_MEDIA,32157891,NOT_APPLICABLE,NOT_APPLICABLE,NOT_APPLICABLE,144.6,NOT_APPLICABLE,144.6,CONFIRMED_SPEND,Seller API /v1/finance/accrual/by-day,41,raw/backfill_v1/finance/accrual_by_day_20260728.json
2026-07-28,CPC_MEDIA,32157919,NOT_APPLICABLE,NOT_APPLICABLE,NOT_APPLICABLE,24.0,NOT_APPLICABLE,24.0,CONFIRMED_SPEND,Seller API /v1/finance/accrual/by-day,41,raw/backfill_v1/finance/accrual_by_day_20260728.json
2026-07-28,CPC_MEDIA,32157947,NOT_APPLICABLE,NOT_APPLICABLE,NOT_APPLICABLE,276.19,NOT_APPLICABLE,276.19,CONFIRMED_SPEND,Seller API /v1/finance/accrual/by-day,41,raw/backfill_v1/finance/accrual_by_day_20260728.json
2026-07-28,CPC_MEDIA,32157965,NOT_APPLICABLE,NOT_APPLICABLE,NOT_APPLICABLE,256.81,NOT_APPLICABLE,256.81,CONFIRMED_SPEND,Seller API /v1/finance/accrual/by-day,41,raw/backfill_v1/finance/accrual_by_day_20260728.json
2026-07-28,CPC_MEDIA,32157988,NOT_APPLICABLE,NOT_APPLICABLE,NOT_APPLICABLE,317.34,NOT_APPLICABLE,317.34,CONFIRMED_SPEND,Seller API /v1/finance/accrual/by-day,41,raw/backfill_v1/finance/accrual_by_day_20260728.json
2026-07-28,CPC_MEDIA,32158008,NOT_APPLICABLE,NOT_APPLICABLE,NOT_APPLICABLE,245.47,NOT_APPLICABLE,245.47,CONFIRMED_SPEND,Seller API /v1/finance/accrual/by-day,41,raw/backfill_v1/finance/accrual_by_day_20260728.json
2026-07-28,CPC_MEDIA,32158051,NOT_APPLICABLE,NOT_APPLICABLE,NOT_APPLICABLE,135.28,NOT_APPLICABLE,135.28,CONFIRMED_SPEND,Seller API /v1/finance/accrual/by-day,41,raw/backfill_v1/finance/accrual_by_day_20260728.json
2026-07-28,CPC_MEDIA,32158176,NOT_APPLICABLE,NOT_APPLICABLE,NOT_APPLICABLE,252.33,NOT_APPLICABLE,252.33,CONFIRMED_SPEND,Seller API /v1/finance/accrual/by-day,41,raw/backfill_v1/finance/accrual_by_day_20260728.json
2026-07-28,CPC_MEDIA,32158299,NOT_APPLICABLE,NOT_APPLICABLE,NOT_APPLICABLE,149.06,NOT_APPLICABLE,149.06,CONFIRMED_SPEND,Seller API /v1/finance/accrual/by-day,41,raw/backfill_v1/finance/accrual_by_day_20260728.json
2026-07-29,CPC_MEDIA,32157891,NOT_APPLICABLE,NOT_APPLICABLE,NOT_APPLICABLE,352.25,NOT_APPLICABLE,352.25,CONFIRMED_SPEND,Seller API /v1/finance/accrual/by-day,41,raw/backfill_v1/finance/accrual_by_day_20260729.json
2026-07-29,CPC_MEDIA,32157919,NOT_APPLICABLE,NOT_APPLICABLE,NOT_APPLICABLE,115.56,NOT_APPLICABLE,115.56,CONFIRMED_SPEND,Seller API /v1/finance/accrual/by-day,41,raw/backfill_v1/finance/accrual_by_day_20260729.json
2026-07-29,CPC_MEDIA,32157947,NOT_APPLICABLE,NOT_APPLICABLE,NOT_APPLICABLE,154.53,NOT_APPLICABLE,154.53,CONFIRMED_SPEND,Seller API /v1/finance/accrual/by-day,41,raw/backfill_v1/finance/accrual_by_day_20260729.json
2026-07-29,CPC_MEDIA,32157965,NOT_APPLICABLE,NOT_APPLICABLE,NOT_APPLICABLE,189.04,NOT_APPLICABLE,189.04,CONFIRMED_SPEND,Seller API /v1/finance/accrual/by-day,41,raw/backfill_v1/finance/accrual_by_day_20260729.json
2026-07-29,CPC_MEDIA,32157988,NOT_APPLICABLE,NOT_APPLICABLE,NOT_APPLICABLE,262.05,NOT_APPLICABLE,262.05,CONFIRMED_SPEND,Seller API /v1/finance/accrual/by-day,41,raw/backfill_v1/finance/accrual_by_day_20260729.json
2026-07-29,CPC_MEDIA,32158008,NOT_APPLICABLE,NOT_APPLICABLE,NOT_APPLICABLE,150.44,NOT_APPLICABLE,150.44,CONFIRMED_SPEND,Seller API /v1/finance/accrual/by-day,41,raw/backfill_v1/finance/accrual_by_day_20260729.json
2026-07-29,CPC_MEDIA,32158051,NOT_APPLICABLE,NOT_APPLICABLE,NOT_APPLICABLE,200.88,NOT_APPLICABLE,200.88,CONFIRMED_SPEND,Seller API /v1/finance/accrual/by-day,41,raw/backfill_v1/finance/accrual_by_day_20260729.json
2026-07-29,CPC_MEDIA,32158176,NOT_APPLICABLE,NOT_APPLICABLE,NOT_APPLICABLE,142.46,NOT_APPLICABLE,142.46,CONFIRMED_SPEND,Seller API /v1/finance/accrual/by-day,41,raw/backfill_v1/finance/accrual_by_day_20260729.json
2026-07-29,CPC_MEDIA,32158299,NOT_APPLICABLE,NOT_APPLICABLE,NOT_APPLICABLE,206.87,NOT_APPLICABLE,206.87,CONFIRMED_SPEND,Seller API /v1/finance/accrual/by-day,41,raw/backfill_v1/finance/accrual_by_day_20260729.json
2026-07-30,CPC_MEDIA,32157891,NOT_APPLICABLE,NOT_APPLICABLE,NOT_APPLICABLE,371.07,NOT_APPLICABLE,371.07,CONFIRMED_SPEND,Seller API /v1/finance/accrual/by-day,41,raw/backfill_v1/finance/accrual_by_day_20260730.json
2026-07-30,CPC_MEDIA,32157919,NOT_APPLICABLE,NOT_APPLICABLE,NOT_APPLICABLE,192.04,NOT_APPLICABLE,192.04,CONFIRMED_SPEND,Seller API /v1/finance/accrual/by-day,41,raw/backfill_v1/finance/accrual_by_day_20260730.json
2026-07-30,CPC_MEDIA,32157947,NOT_APPLICABLE,NOT_APPLICABLE,NOT_APPLICABLE,334.79,NOT_APPLICABLE,334.79,CONFIRMED_SPEND,Seller API /v1/finance/accrual/by-day,41,raw/backfill_v1/finance/accrual_by_day_20260730.json
2026-07-30,CPC_MEDIA,32157965,NOT_APPLICABLE,NOT_APPLICABLE,NOT_APPLICABLE,299.1,NOT_APPLICABLE,299.1,CONFIRMED_SPEND,Seller API /v1/finance/accrual/by-day,41,raw/backfill_v1/finance/accrual_by_day_20260730.json
2026-07-30,CPC_MEDIA,32157988,NOT_APPLICABLE,NOT_APPLICABLE,NOT_APPLICABLE,262.16,NOT_APPLICABLE,262.16,CONFIRMED_SPEND,Seller API /v1/finance/accrual/by-day,41,raw/backfill_v1/finance/accrual_by_day_20260730.json
2026-07-30,CPC_MEDIA,32158008,NOT_APPLICABLE,NOT_APPLICABLE,NOT_APPLICABLE,195.26,NOT_APPLICABLE,195.26,CONFIRMED_SPEND,Seller API /v1/finance/accrual/by-day,41,raw/backfill_v1/finance/accrual_by_day_20260730.json
2026-07-30,CPC_MEDIA,32158051,NOT_APPLICABLE,NOT_APPLICABLE,NOT_APPLICABLE,53.94,NOT_APPLICABLE,53.94,CONFIRMED_SPEND,Seller API /v1/finance/accrual/by-day,41,raw/backfill_v1/finance/accrual_by_day_20260730.json
2026-07-30,CPC_MEDIA,32158176,NOT_APPLICABLE,NOT_APPLICABLE,NOT_APPLICABLE,221.53,NOT_APPLICABLE,221.53,CONFIRMED_SPEND,Seller API /v1/finance/accrual/by-day,41,raw/backfill_v1/finance/accrual_by_day_20260730.json
2026-07-30,CPC_MEDIA,32158299,NOT_APPLICABLE,NOT_APPLICABLE,NOT_APPLICABLE,67.98,NOT_APPLICABLE,67.98,CONFIRMED_SPEND,Seller API /v1/finance/accrual/by-day,41,raw/backfill_v1/finance/accrual_by_day_20260730.json
2026-07-30,CPC_MEDIA,33678220,NOT_APPLICABLE,NOT_APPLICABLE,NOT_APPLICABLE,3.73,NOT_APPLICABLE,3.73,CONFIRMED_SPEND,Seller API /v1/finance/accrual/by-day,41,raw/backfill_v1/finance/accrual_by_day_20260730.json
2026-07-30,CPC_MEDIA,33678288,NOT_APPLICABLE,NOT_APPLICABLE,NOT_APPLICABLE,1.0,NOT_APPLICABLE,1.0,CONFIRMED_SPEND,Seller API /v1/finance/accrual/by-day,41,raw/backfill_v1/finance/accrual_by_day_20260730.json
2026-07-30,CPC_MEDIA,33703975,NOT_APPLICABLE,NOT_APPLICABLE,NOT_APPLICABLE,119.4,NOT_APPLICABLE,119.4,CONFIRMED_SPEND,Seller API /v1/finance/accrual/by-day,41,raw/backfill_v1/finance/accrual_by_day_20260730.json
2026-07-31,CPC_MEDIA,32157891,NOT_APPLICABLE,NOT_APPLICABLE,NOT_APPLICABLE,216.63,NOT_APPLICABLE,216.63,CONFIRMED_SPEND,Seller API /v1/finance/accrual/by-day,41,raw/backfill_v1/finance/accrual_by_day_20260731.json
2026-07-31,CPC_MEDIA,32157919,NOT_APPLICABLE,NOT_APPLICABLE,NOT_APPLICABLE,98.05,NOT_APPLICABLE,98.05,CONFIRMED_SPEND,Seller API /v1/finance/accrual/by-day,41,raw/backfill_v1/finance/accrual_by_day_20260731.json
2026-07-31,CPC_MEDIA,32157947,NOT_APPLICABLE,NOT_APPLICABLE,NOT_APPLICABLE,250.38,NOT_APPLICABLE,250.38,CONFIRMED_SPEND,Seller API /v1/finance/accrual/by-day,41,raw/backfill_v1/finance/accrual_by_day_20260731.json
2026-07-31,CPC_MEDIA,32157965,NOT_APPLICABLE,NOT_APPLICABLE,NOT_APPLICABLE,248.8,NOT_APPLICABLE,248.8,CONFIRMED_SPEND,Seller API /v1/finance/accrual/by-day,41,raw/backfill_v1/finance/accrual_by_day_20260731.json
2026-07-31,CPC_MEDIA,32157988,NOT_APPLICABLE,NOT_APPLICABLE,NOT_APPLICABLE,294.1,NOT_APPLICABLE,294.1,CONFIRMED_SPEND,Seller API /v1/finance/accrual/by-day,41,raw/backfill_v1/finance/accrual_by_day_20260731.json
2026-07-31,CPC_MEDIA,32158008,NOT_APPLICABLE,NOT_APPLICABLE,NOT_APPLICABLE,232.29,NOT_APPLICABLE,232.29,CONFIRMED_SPEND,Seller API /v1/finance/accrual/by-day,41,raw/backfill_v1/finance/accrual_by_day_20260731.json
2026-07-31,CPC_MEDIA,32158176,NOT_APPLICABLE,NOT_APPLICABLE,NOT_APPLICABLE,282.38,NOT_APPLICABLE,282.38,CONFIRMED_SPEND,Seller API /v1/finance/accrual/by-day,41,raw/backfill_v1/finance/accrual_by_day_20260731.json
2026-07-31,CPC_MEDIA,33678288,NOT_APPLICABLE,NOT_APPLICABLE,NOT_APPLICABLE,2.67,NOT_APPLICABLE,2.67,CONFIRMED_SPEND,Seller API /v1/finance/accrual/by-day,41,raw/backfill_v1/finance/accrual_by_day_20260731.json
2026-07-31,CPC_MEDIA,33703975,NOT_APPLICABLE,NOT_APPLICABLE,NOT_APPLICABLE,206.94,NOT_APPLICABLE,206.94,CONFIRMED_SPEND,Seller API /v1/finance/accrual/by-day,41,raw/backfill_v1/finance/accrual_by_day_20260731.json
2026-08-01,CPC_MEDIA,32157891,NOT_APPLICABLE,NOT_APPLICABLE,NOT_APPLICABLE,220.79,NOT_APPLICABLE,220.79,CONFIRMED_SPEND,Seller API /v1/finance/accrual/by-day,41,raw/backfill_v1/finance/accrual_by_day_20260801.json
2026-08-01,CPC_MEDIA,32157919,NOT_APPLICABLE,NOT_APPLICABLE,NOT_APPLICABLE,131.61,NOT_APPLICABLE,131.61,CONFIRMED_SPEND,Seller API /v1/finance/accrual/by-day,41,raw/backfill_v1/finance/accrual_by_day_20260801.json
2026-08-01,CPC_MEDIA,32157947,NOT_APPLICABLE,NOT_APPLICABLE,NOT_APPLICABLE,149.23,NOT_APPLICABLE,149.23,CONFIRMED_SPEND,Seller API /v1/finance/accrual/by-day,41,raw/backfill_v1/finance/accrual_by_day_20260801.json
2026-08-01,CPC_MEDIA,32157965,NOT_APPLICABLE,NOT_APPLICABLE,NOT_APPLICABLE,157.77,NOT_APPLICABLE,157.77,CONFIRMED_SPEND,Seller API /v1/finance/accrual/by-day,41,raw/backfill_v1/finance/accrual_by_day_20260801.json
2026-08-01,CPC_MEDIA,32157988,NOT_APPLICABLE,NOT_APPLICABLE,NOT_APPLICABLE,149.72,NOT_APPLICABLE,149.72,CONFIRMED_SPEND,Seller API /v1/finance/accrual/by-day,41,raw/backfill_v1/finance/accrual_by_day_20260801.json
2026-08-01,CPC_MEDIA,32158008,NOT_APPLICABLE,NOT_APPLICABLE,NOT_APPLICABLE,152.16,NOT_APPLICABLE,152.16,CONFIRMED_SPEND,Seller API /v1/finance/accrual/by-day,41,raw/backfill_v1/finance/accrual_by_day_20260801.json
2026-08-01,CPC_MEDIA,32158176,NOT_APPLICABLE,NOT_APPLICABLE,NOT_APPLICABLE,146.6,NOT_APPLICABLE,146.6,CONFIRMED_SPEND,Seller API /v1/finance/accrual/by-day,41,raw/backfill_v1/finance/accrual_by_day_20260801.json
2026-08-01,CPC_MEDIA,33678220,NOT_APPLICABLE,NOT_APPLICABLE,NOT_APPLICABLE,5.84,NOT_APPLICABLE,5.84,CONFIRMED_SPEND,Seller API /v1/finance/accrual/by-day,41,raw/backfill_v1/finance/accrual_by_day_20260801.json
2026-08-01,CPC_MEDIA,33678288,NOT_APPLICABLE,NOT_APPLICABLE,NOT_APPLICABLE,1.0,NOT_APPLICABLE,1.0,CONFIRMED_SPEND,Seller API /v1/finance/accrual/by-day,41,raw/backfill_v1/finance/accrual_by_day_20260801.json
2026-08-01,CPC_MEDIA,33703975,NOT_APPLICABLE,NOT_APPLICABLE,NOT_APPLICABLE,209.22,NOT_APPLICABLE,209.22,CONFIRMED_SPEND,Seller API /v1/finance/accrual/by-day,41,raw/backfill_v1/finance/accrual_by_day_20260801.json
2026-08-02,CPC_MEDIA,32157891,NOT_APPLICABLE,NOT_APPLICABLE,NOT_APPLICABLE,230.09,NOT_APPLICABLE,230.09,CONFIRMED_SPEND,Seller API /v1/finance/accrual/by-day,41,raw/backfill_v1/finance/accrual_by_day_20260802.json
2026-08-02,CPC_MEDIA,32157919,NOT_APPLICABLE,NOT_APPLICABLE,NOT_APPLICABLE,119.63,NOT_APPLICABLE,119.63,CONFIRMED_SPEND,Seller API /v1/finance/accrual/by-day,41,raw/backfill_v1/finance/accrual_by_day_20260802.json
2026-08-02,CPC_MEDIA,32157947,NOT_APPLICABLE,NOT_APPLICABLE,NOT_APPLICABLE,213.73,NOT_APPLICABLE,213.73,CONFIRMED_SPEND,Seller API /v1/finance/accrual/by-day,41,raw/backfill_v1/finance/accrual_by_day_20260802.json
2026-08-02,CPC_MEDIA,32157965,NOT_APPLICABLE,NOT_APPLICABLE,NOT_APPLICABLE,235.73,NOT_APPLICABLE,235.73,CONFIRMED_SPEND,Seller API /v1/finance/accrual/by-day,41,raw/backfill_v1/finance/accrual_by_day_20260802.json
2026-08-02,CPC_MEDIA,32157988,NOT_APPLICABLE,NOT_APPLICABLE,NOT_APPLICABLE,194.53,NOT_APPLICABLE,194.53,CONFIRMED_SPEND,Seller API /v1/finance/accrual/by-day,41,raw/backfill_v1/finance/accrual_by_day_20260802.json
2026-08-02,CPC_MEDIA,32158008,NOT_APPLICABLE,NOT_APPLICABLE,NOT_APPLICABLE,129.28,NOT_APPLICABLE,129.28,CONFIRMED_SPEND,Seller API /v1/finance/accrual/by-day,41,raw/backfill_v1/finance/accrual_by_day_20260802.json
2026-08-02,CPC_MEDIA,32158051,NOT_APPLICABLE,NOT_APPLICABLE,NOT_APPLICABLE,170.35,NOT_APPLICABLE,170.35,CONFIRMED_SPEND,Seller API /v1/finance/accrual/by-day,41,raw/backfill_v1/finance/accrual_by_day_20260802.json
2026-08-02,CPC_MEDIA,32158176,NOT_APPLICABLE,NOT_APPLICABLE,NOT_APPLICABLE,202.08,NOT_APPLICABLE,202.08,CONFIRMED_SPEND,Seller API /v1/finance/accrual/by-day,41,raw/backfill_v1/finance/accrual_by_day_20260802.json
2026-08-02,CPC_MEDIA,33678220,NOT_APPLICABLE,NOT_APPLICABLE,NOT_APPLICABLE,35.13,NOT_APPLICABLE,35.13,CONFIRMED_SPEND,Seller API /v1/finance/accrual/by-day,41,raw/backfill_v1/finance/accrual_by_day_20260802.json
2026-08-02,CPC_MEDIA,33678288,NOT_APPLICABLE,NOT_APPLICABLE,NOT_APPLICABLE,49.84,NOT_APPLICABLE,49.84,CONFIRMED_SPEND,Seller API /v1/finance/accrual/by-day,41,raw/backfill_v1/finance/accrual_by_day_20260802.json
2026-08-02,CPC_MEDIA,33703975,NOT_APPLICABLE,NOT_APPLICABLE,NOT_APPLICABLE,202.43,NOT_APPLICABLE,202.43,CONFIRMED_SPEND,Seller API /v1/finance/accrual/by-day,41,raw/backfill_v1/finance/accrual_by_day_20260802.json
2026-08-03,CPC_MEDIA,32157891,NOT_APPLICABLE,NOT_APPLICABLE,NOT_APPLICABLE,190.76,NOT_APPLICABLE,190.76,CONFIRMED_SPEND,Seller API /v1/finance/accrual/by-day,41,raw/backfill_v1/finance/accrual_by_day_20260803.json
2026-08-03,CPC_MEDIA,32157919,NOT_APPLICABLE,NOT_APPLICABLE,NOT_APPLICABLE,165.17,NOT_APPLICABLE,165.17,CONFIRMED_SPEND,Seller API /v1/finance/accrual/by-day,41,raw/backfill_v1/finance/accrual_by_day_20260803.json
2026-08-03,CPC_MEDIA,32157947,NOT_APPLICABLE,NOT_APPLICABLE,NOT_APPLICABLE,14.61,NOT_APPLICABLE,14.61,CONFIRMED_SPEND,Seller API /v1/finance/accrual/by-day,41,raw/backfill_v1/finance/accrual_by_day_20260803.json
2026-08-03,CPC_MEDIA,32157965,NOT_APPLICABLE,NOT_APPLICABLE,NOT_APPLICABLE,174.65,NOT_APPLICABLE,174.65,CONFIRMED_SPEND,Seller API /v1/finance/accrual/by-day,41,raw/backfill_v1/finance/accrual_by_day_20260803.json
2026-08-03,CPC_MEDIA,32157988,NOT_APPLICABLE,NOT_APPLICABLE,NOT_APPLICABLE,147.31,NOT_APPLICABLE,147.31,CONFIRMED_SPEND,Seller API /v1/finance/accrual/by-day,41,raw/backfill_v1/finance/accrual_by_day_20260803.json
2026-08-03,CPC_MEDIA,32158051,NOT_APPLICABLE,NOT_APPLICABLE,NOT_APPLICABLE,199.32,NOT_APPLICABLE,199.32,CONFIRMED_SPEND,Seller API /v1/finance/accrual/by-day,41,raw/backfill_v1/finance/accrual_by_day_20260803.json
2026-08-03,CPC_MEDIA,32158176,NOT_APPLICABLE,NOT_APPLICABLE,NOT_APPLICABLE,281.51,NOT_APPLICABLE,281.51,CONFIRMED_SPEND,Seller API /v1/finance/accrual/by-day,41,raw/backfill_v1/finance/accrual_by_day_20260803.json
2026-08-03,CPC_MEDIA,32158299,NOT_APPLICABLE,NOT_APPLICABLE,NOT_APPLICABLE,42.38,NOT_APPLICABLE,42.38,CONFIRMED_SPEND,Seller API /v1/finance/accrual/by-day,41,raw/backfill_v1/finance/accrual_by_day_20260803.json
2026-08-03,CPC_MEDIA,33678220,NOT_APPLICABLE,NOT_APPLICABLE,NOT_APPLICABLE,24.37,NOT_APPLICABLE,24.37,CONFIRMED_SPEND,Seller API /v1/finance/accrual/by-day,41,raw/backfill_v1/finance/accrual_by_day_20260803.json
2026-08-03,CPC_MEDIA,33678288,NOT_APPLICABLE,NOT_APPLICABLE,NOT_APPLICABLE,159.55,NOT_APPLICABLE,159.55,CONFIRMED_SPEND,Seller API /v1/finance/accrual/by-day,41,raw/backfill_v1/finance/accrual_by_day_20260803.json
2026-08-03,CPC_MEDIA,33703975,NOT_APPLICABLE,NOT_APPLICABLE,NOT_APPLICABLE,240.71,NOT_APPLICABLE,240.71,CONFIRMED_SPEND,Seller API /v1/finance/accrual/by-day,41,raw/backfill_v1/finance/accrual_by_day_20260803.json
2026-08-03,FIRST_REVIEW_PROMO,NOT_APPLICABLE,3892518031,593111986,EVT-HC-CHERRY-300,514.84,NOT_APPLICABLE,514.84,CONFIRMED_SPEND,Seller API /v1/finance/accrual/by-day,116,raw/backfill_v1/finance/accrual_by_day_20260803.json
2026-08-03,FIRST_REVIEW_PROMO,NOT_APPLICABLE,3892223191,930334397,EVT-SET-CHERRY-AMBER,927.2,NOT_APPLICABLE,927.2,CONFIRMED_SPEND,Seller API /v1/finance/accrual/by-day,116,raw/backfill_v1/finance/accrual_by_day_20260803.json
2026-08-04,CPC_MEDIA,32157891,NOT_APPLICABLE,NOT_APPLICABLE,NOT_APPLICABLE,51.72,NOT_APPLICABLE,51.72,CONFIRMED_SPEND,Seller API /v1/finance/accrual/by-day,41,raw/backfill_v1/finance/accrual_by_day_20260804.json
2026-08-04,CPC_MEDIA,32157919,NOT_APPLICABLE,NOT_APPLICABLE,NOT_APPLICABLE,160.29,NOT_APPLICABLE,160.29,CONFIRMED_SPEND,Seller API /v1/finance/accrual/by-day,41,raw/backfill_v1/finance/accrual_by_day_20260804.json
2026-08-04,CPC_MEDIA,32157947,NOT_APPLICABLE,NOT_APPLICABLE,NOT_APPLICABLE,160.94,NOT_APPLICABLE,160.94,CONFIRMED_SPEND,Seller API /v1/finance/accrual/by-day,41,raw/backfill_v1/finance/accrual_by_day_20260804.json
2026-08-04,CPC_MEDIA,32157965,NOT_APPLICABLE,NOT_APPLICABLE,NOT_APPLICABLE,229.43,NOT_APPLICABLE,229.43,CONFIRMED_SPEND,Seller API /v1/finance/accrual/by-day,41,raw/backfill_v1/finance/accrual_by_day_20260804.json
2026-08-04,CPC_MEDIA,32157988,NOT_APPLICABLE,NOT_APPLICABLE,NOT_APPLICABLE,193.68,NOT_APPLICABLE,193.68,CONFIRMED_SPEND,Seller API /v1/finance/accrual/by-day,41,raw/backfill_v1/finance/accrual_by_day_20260804.json
2026-08-04,CPC_MEDIA,32158008,NOT_APPLICABLE,NOT_APPLICABLE,NOT_APPLICABLE,130.95,NOT_APPLICABLE,130.95,CONFIRMED_SPEND,Seller API /v1/finance/accrual/by-day,41,raw/backfill_v1/finance/accrual_by_day_20260804.json
2026-08-04,CPC_MEDIA,32158051,NOT_APPLICABLE,NOT_APPLICABLE,NOT_APPLICABLE,247.74,NOT_APPLICABLE,247.74,CONFIRMED_SPEND,Seller API /v1/finance/accrual/by-day,41,raw/backfill_v1/finance/accrual_by_day_20260804.json
2026-08-04,CPC_MEDIA,32158176,NOT_APPLICABLE,NOT_APPLICABLE,NOT_APPLICABLE,194.27,NOT_APPLICABLE,194.27,CONFIRMED_SPEND,Seller API /v1/finance/accrual/by-day,41,raw/backfill_v1/finance/accrual_by_day_20260804.json
2026-08-04,CPC_MEDIA,32158299,NOT_APPLICABLE,NOT_APPLICABLE,NOT_APPLICABLE,71.21,NOT_APPLICABLE,71.21,CONFIRMED_SPEND,Seller API /v1/finance/accrual/by-day,41,raw/backfill_v1/finance/accrual_by_day_20260804.json
2026-08-04,CPC_MEDIA,33678192,NOT_APPLICABLE,NOT_APPLICABLE,NOT_APPLICABLE,90.78,NOT_APPLICABLE,90.78,CONFIRMED_SPEND,Seller API /v1/finance/accrual/by-day,41,raw/backfill_v1/finance/accrual_by_day_20260804.json
2026-08-04,CPC_MEDIA,33678220,NOT_APPLICABLE,NOT_APPLICABLE,NOT_APPLICABLE,15.06,NOT_APPLICABLE,15.06,CONFIRMED_SPEND,Seller API /v1/finance/accrual/by-day,41,raw/backfill_v1/finance/accrual_by_day_20260804.json
2026-08-04,CPC_MEDIA,33678288,NOT_APPLICABLE,NOT_APPLICABLE,NOT_APPLICABLE,215.02,NOT_APPLICABLE,215.02,CONFIRMED_SPEND,Seller API /v1/finance/accrual/by-day,41,raw/backfill_v1/finance/accrual_by_day_20260804.json
2026-08-04,CPC_MEDIA,33703975,NOT_APPLICABLE,NOT_APPLICABLE,NOT_APPLICABLE,536.58,NOT_APPLICABLE,536.58,CONFIRMED_SPEND,Seller API /v1/finance/accrual/by-day,41,raw/backfill_v1/finance/accrual_by_day_20260804.json
2026-08-05,CPC_MEDIA,32157891,NOT_APPLICABLE,NOT_APPLICABLE,NOT_APPLICABLE,138.57,NOT_APPLICABLE,138.57,CONFIRMED_SPEND,Seller API /v1/finance/accrual/by-day,41,raw/backfill_v1/finance/accrual_by_day_20260805.json
2026-08-05,CPC_MEDIA,32157919,NOT_APPLICABLE,NOT_APPLICABLE,NOT_APPLICABLE,149.44,NOT_APPLICABLE,149.44,CONFIRMED_SPEND,Seller API /v1/finance/accrual/by-day,41,raw/backfill_v1/finance/accrual_by_day_20260805.json
2026-08-05,CPC_MEDIA,32157947,NOT_APPLICABLE,NOT_APPLICABLE,NOT_APPLICABLE,224.54,NOT_APPLICABLE,224.54,CONFIRMED_SPEND,Seller API /v1/finance/accrual/by-day,41,raw/backfill_v1/finance/accrual_by_day_20260805.json
2026-08-05,CPC_MEDIA,32157965,NOT_APPLICABLE,NOT_APPLICABLE,NOT_APPLICABLE,177.08,NOT_APPLICABLE,177.08,CONFIRMED_SPEND,Seller API /v1/finance/accrual/by-day,41,raw/backfill_v1/finance/accrual_by_day_20260805.json
2026-08-05,CPC_MEDIA,32157988,NOT_APPLICABLE,NOT_APPLICABLE,NOT_APPLICABLE,211.21,NOT_APPLICABLE,211.21,CONFIRMED_SPEND,Seller API /v1/finance/accrual/by-day,41,raw/backfill_v1/finance/accrual_by_day_20260805.json
2026-08-05,CPC_MEDIA,32158008,NOT_APPLICABLE,NOT_APPLICABLE,NOT_APPLICABLE,60.92,NOT_APPLICABLE,60.92,CONFIRMED_SPEND,Seller API /v1/finance/accrual/by-day,41,raw/backfill_v1/finance/accrual_by_day_20260805.json
2026-08-05,CPC_MEDIA,32158051,NOT_APPLICABLE,NOT_APPLICABLE,NOT_APPLICABLE,97.41,NOT_APPLICABLE,97.41,CONFIRMED_SPEND,Seller API /v1/finance/accrual/by-day,41,raw/backfill_v1/finance/accrual_by_day_20260805.json
2026-08-05,CPC_MEDIA,32158176,NOT_APPLICABLE,NOT_APPLICABLE,NOT_APPLICABLE,161.97,NOT_APPLICABLE,161.97,CONFIRMED_SPEND,Seller API /v1/finance/accrual/by-day,41,raw/backfill_v1/finance/accrual_by_day_20260805.json
2026-08-05,CPC_MEDIA,32158299,NOT_APPLICABLE,NOT_APPLICABLE,NOT_APPLICABLE,146.3,NOT_APPLICABLE,146.3,CONFIRMED_SPEND,Seller API /v1/finance/accrual/by-day,41,raw/backfill_v1/finance/accrual_by_day_20260805.json
2026-08-05,CPC_MEDIA,33678192,NOT_APPLICABLE,NOT_APPLICABLE,NOT_APPLICABLE,115.15,NOT_APPLICABLE,115.15,CONFIRMED_SPEND,Seller API /v1/finance/accrual/by-day,41,raw/backfill_v1/finance/accrual_by_day_20260805.json
2026-08-05,CPC_MEDIA,33678220,NOT_APPLICABLE,NOT_APPLICABLE,NOT_APPLICABLE,48.75,NOT_APPLICABLE,48.75,CONFIRMED_SPEND,Seller API /v1/finance/accrual/by-day,41,raw/backfill_v1/finance/accrual_by_day_20260805.json
2026-08-05,CPC_MEDIA,33678288,NOT_APPLICABLE,NOT_APPLICABLE,NOT_APPLICABLE,151.89,NOT_APPLICABLE,151.89,CONFIRMED_SPEND,Seller API /v1/finance/accrual/by-day,41,raw/backfill_v1/finance/accrual_by_day_20260805.json
2026-08-06,CPC_MEDIA,32157891,NOT_APPLICABLE,NOT_APPLICABLE,NOT_APPLICABLE,208.25,NOT_APPLICABLE,208.25,CONFIRMED_SPEND,Seller API /v1/finance/accrual/by-day,41,raw/backfill_v1/finance/accrual_by_day_20260806.json
2026-08-06,CPC_MEDIA,32157919,NOT_APPLICABLE,NOT_APPLICABLE,NOT_APPLICABLE,101.05,NOT_APPLICABLE,101.05,CONFIRMED_SPEND,Seller API /v1/finance/accrual/by-day,41,raw/backfill_v1/finance/accrual_by_day_20260806.json
2026-08-06,CPC_MEDIA,32157947,NOT_APPLICABLE,NOT_APPLICABLE,NOT_APPLICABLE,208.35,NOT_APPLICABLE,208.35,CONFIRMED_SPEND,Seller API /v1/finance/accrual/by-day,41,raw/backfill_v1/finance/accrual_by_day_20260806.json
2026-08-06,CPC_MEDIA,32157965,NOT_APPLICABLE,NOT_APPLICABLE,NOT_APPLICABLE,131.66,NOT_APPLICABLE,131.66,CONFIRMED_SPEND,Seller API /v1/finance/accrual/by-day,41,raw/backfill_v1/finance/accrual_by_day_20260806.json
2026-08-06,CPC_MEDIA,32157988,NOT_APPLICABLE,NOT_APPLICABLE,NOT_APPLICABLE,5.84,NOT_APPLICABLE,5.84,CONFIRMED_SPEND,Seller API /v1/finance/accrual/by-day,41,raw/backfill_v1/finance/accrual_by_day_20260806.json
2026-08-06,CPC_MEDIA,32158051,NOT_APPLICABLE,NOT_APPLICABLE,NOT_APPLICABLE,144.98,NOT_APPLICABLE,144.98,CONFIRMED_SPEND,Seller API /v1/finance/accrual/by-day,41,raw/backfill_v1/finance/accrual_by_day_20260806.json
2026-08-06,CPC_MEDIA,32158176,NOT_APPLICABLE,NOT_APPLICABLE,NOT_APPLICABLE,145.19,NOT_APPLICABLE,145.19,CONFIRMED_SPEND,Seller API /v1/finance/accrual/by-day,41,raw/backfill_v1/finance/accrual_by_day_20260806.json
2026-08-06,CPC_MEDIA,32158299,NOT_APPLICABLE,NOT_APPLICABLE,NOT_APPLICABLE,204.83,NOT_APPLICABLE,204.83,CONFIRMED_SPEND,Seller API /v1/finance/accrual/by-day,41,raw/backfill_v1/finance/accrual_by_day_20260806.json
2026-08-06,CPC_MEDIA,33678220,NOT_APPLICABLE,NOT_APPLICABLE,NOT_APPLICABLE,259.89,NOT_APPLICABLE,259.89,CONFIRMED_SPEND,Seller API /v1/finance/accrual/by-day,41,raw/backfill_v1/finance/accrual_by_day_20260806.json
2026-08-06,CPC_MEDIA,33678288,NOT_APPLICABLE,NOT_APPLICABLE,NOT_APPLICABLE,132.04,NOT_APPLICABLE,132.04,CONFIRMED_SPEND,Seller API /v1/finance/accrual/by-day,41,raw/backfill_v1/finance/accrual_by_day_20260806.json
2026-08-07,CPC_MEDIA,32157919,NOT_APPLICABLE,NOT_APPLICABLE,NOT_APPLICABLE,149.73,NOT_APPLICABLE,149.73,CONFIRMED_SPEND,Seller API /v1/finance/accrual/by-day,41,raw/backfill_v1/finance/accrual_by_day_20260807.json
2026-08-07,CPC_MEDIA,32157965,NOT_APPLICABLE,NOT_APPLICABLE,NOT_APPLICABLE,67.89,NOT_APPLICABLE,67.89,CONFIRMED_SPEND,Seller API /v1/finance/accrual/by-day,41,raw/backfill_v1/finance/accrual_by_day_20260807.json
2026-08-07,CPC_MEDIA,32158051,NOT_APPLICABLE,NOT_APPLICABLE,NOT_APPLICABLE,486.4,NOT_APPLICABLE,486.4,CONFIRMED_SPEND,Seller API /v1/finance/accrual/by-day,41,raw/backfill_v1/finance/accrual_by_day_20260807.json
2026-08-07,CPC_MEDIA,32158176,NOT_APPLICABLE,NOT_APPLICABLE,NOT_APPLICABLE,25.44,NOT_APPLICABLE,25.44,CONFIRMED_SPEND,Seller API /v1/finance/accrual/by-day,41,raw/backfill_v1/finance/accrual_by_day_20260807.json
2026-08-07,CPC_MEDIA,33678220,NOT_APPLICABLE,NOT_APPLICABLE,NOT_APPLICABLE,385.03,NOT_APPLICABLE,385.03,CONFIRMED_SPEND,Seller API /v1/finance/accrual/by-day,41,raw/backfill_v1/finance/accrual_by_day_20260807.json
2026-08-07,CPC_MEDIA,33678288,NOT_APPLICABLE,NOT_APPLICABLE,NOT_APPLICABLE,61.02,NOT_APPLICABLE,61.02,CONFIRMED_SPEND,Seller API /v1/finance/accrual/by-day,41,raw/backfill_v1/finance/accrual_by_day_20260807.json
2026-08-07,CPC_MEDIA,33703975,NOT_APPLICABLE,NOT_APPLICABLE,NOT_APPLICABLE,20.15,NOT_APPLICABLE,20.15,CONFIRMED_SPEND,Seller API /v1/finance/accrual/by-day,41,raw/backfill_v1/finance/accrual_by_day_20260807.json
2026-08-08,CPC_MEDIA,32157919,NOT_APPLICABLE,NOT_APPLICABLE,NOT_APPLICABLE,103.32,NOT_APPLICABLE,103.32,CONFIRMED_SPEND,Seller API /v1/finance/accrual/by-day,41,raw/backfill_v1/finance/accrual_by_day_20260808.json
2026-08-08,CPC_MEDIA,32157965,NOT_APPLICABLE,NOT_APPLICABLE,NOT_APPLICABLE,68.36,NOT_APPLICABLE,68.36,CONFIRMED_SPEND,Seller API /v1/finance/accrual/by-day,41,raw/backfill_v1/finance/accrual_by_day_20260808.json
2026-08-08,CPC_MEDIA,32158051,NOT_APPLICABLE,NOT_APPLICABLE,NOT_APPLICABLE,302.73,NOT_APPLICABLE,302.73,CONFIRMED_SPEND,Seller API /v1/finance/accrual/by-day,41,raw/backfill_v1/finance/accrual_by_day_20260808.json
2026-08-08,CPC_MEDIA,32158176,NOT_APPLICABLE,NOT_APPLICABLE,NOT_APPLICABLE,77.71,NOT_APPLICABLE,77.71,CONFIRMED_SPEND,Seller API /v1/finance/accrual/by-day,41,raw/backfill_v1/finance/accrual_by_day_20260808.json
2026-08-08,CPC_MEDIA,33678220,NOT_APPLICABLE,NOT_APPLICABLE,NOT_APPLICABLE,406.09,NOT_APPLICABLE,406.09,CONFIRMED_SPEND,Seller API /v1/finance/accrual/by-day,41,raw/backfill_v1/finance/accrual_by_day_20260808.json
2026-08-08,CPC_MEDIA,33678288,NOT_APPLICABLE,NOT_APPLICABLE,NOT_APPLICABLE,18.27,NOT_APPLICABLE,18.27,CONFIRMED_SPEND,Seller API /v1/finance/accrual/by-day,41,raw/backfill_v1/finance/accrual_by_day_20260808.json
2026-08-08,CPC_MEDIA,33703975,NOT_APPLICABLE,NOT_APPLICABLE,NOT_APPLICABLE,7.98,NOT_APPLICABLE,7.98,CONFIRMED_SPEND,Seller API /v1/finance/accrual/by-day,41,raw/backfill_v1/finance/accrual_by_day_20260808.json
2026-08-08,FIRST_REVIEW_PROMO,NOT_APPLICABLE,3930712640,593111985,EVT-HC-AMBER-300,375.76,NOT_APPLICABLE,375.76,CONFIRMED_SPEND,Seller API /v1/finance/accrual/by-day,116,raw/backfill_v1/finance/accrual_by_day_20260808.json
2026-08-08,FIRST_REVIEW_PROMO,NOT_APPLICABLE,3735674506,910584041,EVT-SET-TON-SER-CREAM-ACNE,1331.02,NOT_APPLICABLE,1331.02,CONFIRMED_SPEND,Seller API /v1/finance/accrual/by-day,116,raw/backfill_v1/finance/accrual_by_day_20260808.json
2026-08-09,CPC_MEDIA,32157891,NOT_APPLICABLE,NOT_APPLICABLE,NOT_APPLICABLE,34.99,NOT_APPLICABLE,34.99,CONFIRMED_SPEND,Seller API /v1/finance/accrual/by-day,41,raw/backfill_v1/finance/accrual_by_day_20260809.json
2026-08-09,CPC_MEDIA,32157919,NOT_APPLICABLE,NOT_APPLICABLE,NOT_APPLICABLE,43.27,NOT_APPLICABLE,43.27,CONFIRMED_SPEND,Seller API /v1/finance/accrual/by-day,41,raw/backfill_v1/finance/accrual_by_day_20260809.json
2026-08-09,CPC_MEDIA,32157965,NOT_APPLICABLE,NOT_APPLICABLE,NOT_APPLICABLE,106.45,NOT_APPLICABLE,106.45,CONFIRMED_SPEND,Seller API /v1/finance/accrual/by-day,41,raw/backfill_v1/finance/accrual_by_day_20260809.json
2026-08-09,CPC_MEDIA,32158051,NOT_APPLICABLE,NOT_APPLICABLE,NOT_APPLICABLE,327.26,NOT_APPLICABLE,327.26,CONFIRMED_SPEND,Seller API /v1/finance/accrual/by-day,41,raw/backfill_v1/finance/accrual_by_day_20260809.json
2026-08-09,CPC_MEDIA,32158176,NOT_APPLICABLE,NOT_APPLICABLE,NOT_APPLICABLE,116.36,NOT_APPLICABLE,116.36,CONFIRMED_SPEND,Seller API /v1/finance/accrual/by-day,41,raw/backfill_v1/finance/accrual_by_day_20260809.json
2026-08-09,CPC_MEDIA,33678220,NOT_APPLICABLE,NOT_APPLICABLE,NOT_APPLICABLE,253.04,NOT_APPLICABLE,253.04,CONFIRMED_SPEND,Seller API /v1/finance/accrual/by-day,41,raw/backfill_v1/finance/accrual_by_day_20260809.json
2026-08-09,CPC_MEDIA,33678288,NOT_APPLICABLE,NOT_APPLICABLE,NOT_APPLICABLE,57.7,NOT_APPLICABLE,57.7,CONFIRMED_SPEND,Seller API /v1/finance/accrual/by-day,41,raw/backfill_v1/finance/accrual_by_day_20260809.json
2026-08-09,CPC_MEDIA,33703975,NOT_APPLICABLE,NOT_APPLICABLE,NOT_APPLICABLE,61.63,NOT_APPLICABLE,61.63,CONFIRMED_SPEND,Seller API /v1/finance/accrual/by-day,41,raw/backfill_v1/finance/accrual_by_day_20260809.json
2026-08-09,FIRST_REVIEW_PROMO,NOT_APPLICABLE,3930712640,593111985,EVT-HC-AMBER-300,402.6,NOT_APPLICABLE,402.6,CONFIRMED_SPEND,Seller API /v1/finance/accrual/by-day,116,raw/backfill_v1/finance/accrual_by_day_20260809.json
2026-08-10,CPC_MEDIA,32157891,NOT_APPLICABLE,NOT_APPLICABLE,NOT_APPLICABLE,191.73,NOT_APPLICABLE,191.73,CONFIRMED_SPEND,Seller API /v1/finance/accrual/by-day,41,raw/backfill_v1/finance/accrual_by_day_20260810.json
2026-08-10,CPC_MEDIA,32157919,NOT_APPLICABLE,NOT_APPLICABLE,NOT_APPLICABLE,87.92,NOT_APPLICABLE,87.92,CONFIRMED_SPEND,Seller API /v1/finance/accrual/by-day,41,raw/backfill_v1/finance/accrual_by_day_20260810.json
2026-08-10,CPC_MEDIA,32157947,NOT_APPLICABLE,NOT_APPLICABLE,NOT_APPLICABLE,33.6,NOT_APPLICABLE,33.6,CONFIRMED_SPEND,Seller API /v1/finance/accrual/by-day,41,raw/backfill_v1/finance/accrual_by_day_20260810.json
2026-08-10,CPC_MEDIA,32157965,NOT_APPLICABLE,NOT_APPLICABLE,NOT_APPLICABLE,142.06,NOT_APPLICABLE,142.06,CONFIRMED_SPEND,Seller API /v1/finance/accrual/by-day,41,raw/backfill_v1/finance/accrual_by_day_20260810.json
2026-08-10,CPC_MEDIA,32158051,NOT_APPLICABLE,NOT_APPLICABLE,NOT_APPLICABLE,219.27,NOT_APPLICABLE,219.27,CONFIRMED_SPEND,Seller API /v1/finance/accrual/by-day,41,raw/backfill_v1/finance/accrual_by_day_20260810.json
2026-08-10,CPC_MEDIA,32158176,NOT_APPLICABLE,NOT_APPLICABLE,NOT_APPLICABLE,48.95,NOT_APPLICABLE,48.95,CONFIRMED_SPEND,Seller API /v1/finance/accrual/by-day,41,raw/backfill_v1/finance/accrual_by_day_20260810.json
2026-08-10,CPC_MEDIA,33678220,NOT_APPLICABLE,NOT_APPLICABLE,NOT_APPLICABLE,121.34,NOT_APPLICABLE,121.34,CONFIRMED_SPEND,Seller API /v1/finance/accrual/by-day,41,raw/backfill_v1/finance/accrual_by_day_20260810.json
2026-08-10,CPC_MEDIA,33678288,NOT_APPLICABLE,NOT_APPLICABLE,NOT_APPLICABLE,38.88,NOT_APPLICABLE,38.88,CONFIRMED_SPEND,Seller API /v1/finance/accrual/by-day,41,raw/backfill_v1/finance/accrual_by_day_20260810.json
2026-08-10,CPC_MEDIA,33703975,NOT_APPLICABLE,NOT_APPLICABLE,NOT_APPLICABLE,43.3,NOT_APPLICABLE,43.3,CONFIRMED_SPEND,Seller API /v1/finance/accrual/by-day,41,raw/backfill_v1/finance/accrual_by_day_20260810.json
2026-08-10,FIRST_REVIEW_PROMO,NOT_APPLICABLE,3930712640,593111985,EVT-HC-AMBER-300,433.1,NOT_APPLICABLE,433.1,CONFIRMED_SPEND,Seller API /v1/finance/accrual/by-day,116,raw/backfill_v1/finance/accrual_by_day_20260810.json
2026-08-11,CPC_MEDIA,32157891,NOT_APPLICABLE,NOT_APPLICABLE,NOT_APPLICABLE,83.18,NOT_APPLICABLE,83.18,CONFIRMED_SPEND,Seller API /v1/finance/accrual/by-day,41,raw/backfill_v1/finance/accrual_by_day_20260811.json
2026-08-11,CPC_MEDIA,32157947,NOT_APPLICABLE,NOT_APPLICABLE,NOT_APPLICABLE,175.97,NOT_APPLICABLE,175.97,CONFIRMED_SPEND,Seller API /v1/finance/accrual/by-day,41,raw/backfill_v1/finance/accrual_by_day_20260811.json
2026-08-11,CPC_MEDIA,32157965,NOT_APPLICABLE,NOT_APPLICABLE,NOT_APPLICABLE,289.19,NOT_APPLICABLE,289.19,CONFIRMED_SPEND,Seller API /v1/finance/accrual/by-day,41,raw/backfill_v1/finance/accrual_by_day_20260811.json
2026-08-11,CPC_MEDIA,32158051,NOT_APPLICABLE,NOT_APPLICABLE,NOT_APPLICABLE,196.3,NOT_APPLICABLE,196.3,CONFIRMED_SPEND,Seller API /v1/finance/accrual/by-day,41,raw/backfill_v1/finance/accrual_by_day_20260811.json
2026-08-11,CPC_MEDIA,32158176,NOT_APPLICABLE,NOT_APPLICABLE,NOT_APPLICABLE,96.47,NOT_APPLICABLE,96.47,CONFIRMED_SPEND,Seller API /v1/finance/accrual/by-day,41,raw/backfill_v1/finance/accrual_by_day_20260811.json
2026-08-11,CPC_MEDIA,33678220,NOT_APPLICABLE,NOT_APPLICABLE,NOT_APPLICABLE,202.37,NOT_APPLICABLE,202.37,CONFIRMED_SPEND,Seller API /v1/finance/accrual/by-day,41,raw/backfill_v1/finance/accrual_by_day_20260811.json
2026-08-11,CPC_MEDIA,33678288,NOT_APPLICABLE,NOT_APPLICABLE,NOT_APPLICABLE,64.97,NOT_APPLICABLE,64.97,CONFIRMED_SPEND,Seller API /v1/finance/accrual/by-day,41,raw/backfill_v1/finance/accrual_by_day_20260811.json
2026-08-11,CPC_MEDIA,33703975,NOT_APPLICABLE,NOT_APPLICABLE,NOT_APPLICABLE,54.66,NOT_APPLICABLE,54.66,CONFIRMED_SPEND,Seller API /v1/finance/accrual/by-day,41,raw/backfill_v1/finance/accrual_by_day_20260811.json
2026-08-12,CPC_MEDIA,32157891,NOT_APPLICABLE,NOT_APPLICABLE,NOT_APPLICABLE,453.99,NOT_APPLICABLE,453.99,CONFIRMED_SPEND,Seller API /v1/finance/accrual/by-day,41,raw/backfill_v1/finance/accrual_by_day_20260812.json
2026-08-12,CPC_MEDIA,32157919,NOT_APPLICABLE,NOT_APPLICABLE,NOT_APPLICABLE,46.58,NOT_APPLICABLE,46.58,CONFIRMED_SPEND,Seller API /v1/finance/accrual/by-day,41,raw/backfill_v1/finance/accrual_by_day_20260812.json
2026-08-12,CPC_MEDIA,32157947,NOT_APPLICABLE,NOT_APPLICABLE,NOT_APPLICABLE,380.16,NOT_APPLICABLE,380.16,CONFIRMED_SPEND,Seller API /v1/finance/accrual/by-day,41,raw/backfill_v1/finance/accrual_by_day_20260812.json
2026-08-12,CPC_MEDIA,32157965,NOT_APPLICABLE,NOT_APPLICABLE,NOT_APPLICABLE,365.56,NOT_APPLICABLE,365.56,CONFIRMED_SPEND,Seller API /v1/finance/accrual/by-day,41,raw/backfill_v1/finance/accrual_by_day_20260812.json
2026-08-12,CPC_MEDIA,32157988,NOT_APPLICABLE,NOT_APPLICABLE,NOT_APPLICABLE,286.08,NOT_APPLICABLE,286.08,CONFIRMED_SPEND,Seller API /v1/finance/accrual/by-day,41,raw/backfill_v1/finance/accrual_by_day_20260812.json
2026-08-12,CPC_MEDIA,32158176,NOT_APPLICABLE,NOT_APPLICABLE,NOT_APPLICABLE,59.79,NOT_APPLICABLE,59.79,CONFIRMED_SPEND,Seller API /v1/finance/accrual/by-day,41,raw/backfill_v1/finance/accrual_by_day_20260812.json
2026-08-12,CPC_MEDIA,33678192,NOT_APPLICABLE,NOT_APPLICABLE,NOT_APPLICABLE,224.27,NOT_APPLICABLE,224.27,CONFIRMED_SPEND,Seller API /v1/finance/accrual/by-day,41,raw/backfill_v1/finance/accrual_by_day_20260812.json
2026-08-12,CPC_MEDIA,33678288,NOT_APPLICABLE,NOT_APPLICABLE,NOT_APPLICABLE,19.08,NOT_APPLICABLE,19.08,CONFIRMED_SPEND,Seller API /v1/finance/accrual/by-day,41,raw/backfill_v1/finance/accrual_by_day_20260812.json
2026-08-12,CPC_MEDIA,33703975,NOT_APPLICABLE,NOT_APPLICABLE,NOT_APPLICABLE,68.76,NOT_APPLICABLE,68.76,CONFIRMED_SPEND,Seller API /v1/finance/accrual/by-day,41,raw/backfill_v1/finance/accrual_by_day_20260812.json
2026-08-13,CPC_MEDIA,32157891,NOT_APPLICABLE,NOT_APPLICABLE,NOT_APPLICABLE,307.37,NOT_APPLICABLE,307.37,CONFIRMED_SPEND,Seller API /v1/finance/accrual/by-day,41,raw/backfill_v1/finance/accrual_by_day_20260813.json
2026-08-13,CPC_MEDIA,32157919,NOT_APPLICABLE,NOT_APPLICABLE,NOT_APPLICABLE,29.94,NOT_APPLICABLE,29.94,CONFIRMED_SPEND,Seller API /v1/finance/accrual/by-day,41,raw/backfill_v1/finance/accrual_by_day_20260813.json
2026-08-13,CPC_MEDIA,32157965,NOT_APPLICABLE,NOT_APPLICABLE,NOT_APPLICABLE,49.99,NOT_APPLICABLE,49.99,CONFIRMED_SPEND,Seller API /v1/finance/accrual/by-day,41,raw/backfill_v1/finance/accrual_by_day_20260813.json
2026-08-13,CPC_MEDIA,32157988,NOT_APPLICABLE,NOT_APPLICABLE,NOT_APPLICABLE,358.83,NOT_APPLICABLE,358.83,CONFIRMED_SPEND,Seller API /v1/finance/accrual/by-day,41,raw/backfill_v1/finance/accrual_by_day_20260813.json
2026-08-13,CPC_MEDIA,32158051,NOT_APPLICABLE,NOT_APPLICABLE,NOT_APPLICABLE,157.34,NOT_APPLICABLE,157.34,CONFIRMED_SPEND,Seller API /v1/finance/accrual/by-day,41,raw/backfill_v1/finance/accrual_by_day_20260813.json
2026-08-13,CPC_MEDIA,32158176,NOT_APPLICABLE,NOT_APPLICABLE,NOT_APPLICABLE,57.44,NOT_APPLICABLE,57.44,CONFIRMED_SPEND,Seller API /v1/finance/accrual/by-day,41,raw/backfill_v1/finance/accrual_by_day_20260813.json
2026-08-13,CPC_MEDIA,33678288,NOT_APPLICABLE,NOT_APPLICABLE,NOT_APPLICABLE,75.78,NOT_APPLICABLE,75.78,CONFIRMED_SPEND,Seller API /v1/finance/accrual/by-day,41,raw/backfill_v1/finance/accrual_by_day_20260813.json
2026-08-13,CPC_MEDIA,33703975,NOT_APPLICABLE,NOT_APPLICABLE,NOT_APPLICABLE,89.99,NOT_APPLICABLE,89.99,CONFIRMED_SPEND,Seller API /v1/finance/accrual/by-day,41,raw/backfill_v1/finance/accrual_by_day_20260813.json
2026-08-14,CPC_MEDIA,32157919,NOT_APPLICABLE,NOT_APPLICABLE,NOT_APPLICABLE,123.12,NOT_APPLICABLE,123.12,CONFIRMED_SPEND,Seller API /v1/finance/accrual/by-day,41,raw/backfill_v1/finance/accrual_by_day_20260814.json
2026-08-14,CPC_MEDIA,32157965,NOT_APPLICABLE,NOT_APPLICABLE,NOT_APPLICABLE,132.11,NOT_APPLICABLE,132.11,CONFIRMED_SPEND,Seller API /v1/finance/accrual/by-day,41,raw/backfill_v1/finance/accrual_by_day_20260814.json
2026-08-14,CPC_MEDIA,32157988,NOT_APPLICABLE,NOT_APPLICABLE,NOT_APPLICABLE,242.17,NOT_APPLICABLE,242.17,CONFIRMED_SPEND,Seller API /v1/finance/accrual/by-day,41,raw/backfill_v1/finance/accrual_by_day_20260814.json
2026-08-14,CPC_MEDIA,32158008,NOT_APPLICABLE,NOT_APPLICABLE,NOT_APPLICABLE,40.18,NOT_APPLICABLE,40.18,CONFIRMED_SPEND,Seller API /v1/finance/accrual/by-day,41,raw/backfill_v1/finance/accrual_by_day_20260814.json
2026-08-14,CPC_MEDIA,32158051,NOT_APPLICABLE,NOT_APPLICABLE,NOT_APPLICABLE,128.8,NOT_APPLICABLE,128.8,CONFIRMED_SPEND,Seller API /v1/finance/accrual/by-day,41,raw/backfill_v1/finance/accrual_by_day_20260814.json
2026-08-14,CPC_MEDIA,32158176,NOT_APPLICABLE,NOT_APPLICABLE,NOT_APPLICABLE,98.43,NOT_APPLICABLE,98.43,CONFIRMED_SPEND,Seller API /v1/finance/accrual/by-day,41,raw/backfill_v1/finance/accrual_by_day_20260814.json
2026-08-14,CPC_MEDIA,32158299,NOT_APPLICABLE,NOT_APPLICABLE,NOT_APPLICABLE,34.46,NOT_APPLICABLE,34.46,CONFIRMED_SPEND,Seller API /v1/finance/accrual/by-day,41,raw/backfill_v1/finance/accrual_by_day_20260814.json
2026-08-14,CPC_MEDIA,33678192,NOT_APPLICABLE,NOT_APPLICABLE,NOT_APPLICABLE,27.78,NOT_APPLICABLE,27.78,CONFIRMED_SPEND,Seller API /v1/finance/accrual/by-day,41,raw/backfill_v1/finance/accrual_by_day_20260814.json
2026-08-14,CPC_MEDIA,33678288,NOT_APPLICABLE,NOT_APPLICABLE,NOT_APPLICABLE,78.75,NOT_APPLICABLE,78.75,CONFIRMED_SPEND,Seller API /v1/finance/accrual/by-day,41,raw/backfill_v1/finance/accrual_by_day_20260814.json
2026-08-14,CPC_MEDIA,33678331,NOT_APPLICABLE,NOT_APPLICABLE,NOT_APPLICABLE,122.36,NOT_APPLICABLE,122.36,CONFIRMED_SPEND,Seller API /v1/finance/accrual/by-day,41,raw/backfill_v1/finance/accrual_by_day_20260814.json
2026-08-14,CPC_MEDIA,33703975,NOT_APPLICABLE,NOT_APPLICABLE,NOT_APPLICABLE,83.39,NOT_APPLICABLE,83.39,CONFIRMED_SPEND,Seller API /v1/finance/accrual/by-day,41,raw/backfill_v1/finance/accrual_by_day_20260814.json
2026-08-15,CPC_MEDIA,32157919,NOT_APPLICABLE,NOT_APPLICABLE,NOT_APPLICABLE,65.55,NOT_APPLICABLE,65.55,CONFIRMED_SPEND,Seller API /v1/finance/accrual/by-day,41,raw/backfill_v1/finance/accrual_by_day_20260815.json
2026-08-15,CPC_MEDIA,32157947,NOT_APPLICABLE,NOT_APPLICABLE,NOT_APPLICABLE,140.7,NOT_APPLICABLE,140.7,CONFIRMED_SPEND,Seller API /v1/finance/accrual/by-day,41,raw/backfill_v1/finance/accrual_by_day_20260815.json
2026-08-15,CPC_MEDIA,32157965,NOT_APPLICABLE,NOT_APPLICABLE,NOT_APPLICABLE,90.74,NOT_APPLICABLE,90.74,CONFIRMED_SPEND,Seller API /v1/finance/accrual/by-day,41,raw/backfill_v1/finance/accrual_by_day_20260815.json
2026-08-15,CPC_MEDIA,32157988,NOT_APPLICABLE,NOT_APPLICABLE,NOT_APPLICABLE,173.48,NOT_APPLICABLE,173.48,CONFIRMED_SPEND,Seller API /v1/finance/accrual/by-day,41,raw/backfill_v1/finance/accrual_by_day_20260815.json
2026-08-15,CPC_MEDIA,32158008,NOT_APPLICABLE,NOT_APPLICABLE,NOT_APPLICABLE,72.16,NOT_APPLICABLE,72.16,CONFIRMED_SPEND,Seller API /v1/finance/accrual/by-day,41,raw/backfill_v1/finance/accrual_by_day_20260815.json
2026-08-15,CPC_MEDIA,32158051,NOT_APPLICABLE,NOT_APPLICABLE,NOT_APPLICABLE,159.29,NOT_APPLICABLE,159.29,CONFIRMED_SPEND,Seller API /v1/finance/accrual/by-day,41,raw/backfill_v1/finance/accrual_by_day_20260815.json
2026-08-15,CPC_MEDIA,32158176,NOT_APPLICABLE,NOT_APPLICABLE,NOT_APPLICABLE,136.58,NOT_APPLICABLE,136.58,CONFIRMED_SPEND,Seller API /v1/finance/accrual/by-day,41,raw/backfill_v1/finance/accrual_by_day_20260815.json
2026-08-15,CPC_MEDIA,32158299,NOT_APPLICABLE,NOT_APPLICABLE,NOT_APPLICABLE,113.92,NOT_APPLICABLE,113.92,CONFIRMED_SPEND,Seller API /v1/finance/accrual/by-day,41,raw/backfill_v1/finance/accrual_by_day_20260815.json
2026-08-15,CPC_MEDIA,33678192,NOT_APPLICABLE,NOT_APPLICABLE,NOT_APPLICABLE,19.84,NOT_APPLICABLE,19.84,CONFIRMED_SPEND,Seller API /v1/finance/accrual/by-day,41,raw/backfill_v1/finance/accrual_by_day_20260815.json
2026-08-15,CPC_MEDIA,33678288,NOT_APPLICABLE,NOT_APPLICABLE,NOT_APPLICABLE,53.13,NOT_APPLICABLE,53.13,CONFIRMED_SPEND,Seller API /v1/finance/accrual/by-day,41,raw/backfill_v1/finance/accrual_by_day_20260815.json
2026-08-15,CPC_MEDIA,33678331,NOT_APPLICABLE,NOT_APPLICABLE,NOT_APPLICABLE,81.47,NOT_APPLICABLE,81.47,CONFIRMED_SPEND,Seller API /v1/finance/accrual/by-day,41,raw/backfill_v1/finance/accrual_by_day_20260815.json
2026-08-15,CPC_MEDIA,33703975,NOT_APPLICABLE,NOT_APPLICABLE,NOT_APPLICABLE,48.7,NOT_APPLICABLE,48.7,CONFIRMED_SPEND,Seller API /v1/finance/accrual/by-day,41,raw/backfill_v1/finance/accrual_by_day_20260815.json
2026-08-15,FIRST_REVIEW_PROMO,NOT_APPLICABLE,3735674506,910584041,EVT-SET-TON-SER-CREAM-ACNE,1398.12,NOT_APPLICABLE,1398.12,CONFIRMED_SPEND,Seller API /v1/finance/accrual/by-day,116,raw/backfill_v1/finance/accrual_by_day_20260815.json
2026-08-15,FIRST_REVIEW_PROMO,NOT_APPLICABLE,3892518031,593111986,EVT-HC-CHERRY-300,498.98,NOT_APPLICABLE,498.98,CONFIRMED_SPEND,Seller API /v1/finance/accrual/by-day,116,raw/backfill_v1/finance/accrual_by_day_20260815.json
2026-08-16,CPC_MEDIA,32157891,NOT_APPLICABLE,NOT_APPLICABLE,NOT_APPLICABLE,316.14,NOT_APPLICABLE,316.14,CONFIRMED_SPEND,Seller API /v1/finance/accrual/by-day,41,raw/backfill_v1/finance/accrual_by_day_20260816.json
2026-08-16,CPC_MEDIA,32157919,NOT_APPLICABLE,NOT_APPLICABLE,NOT_APPLICABLE,46.33,NOT_APPLICABLE,46.33,CONFIRMED_SPEND,Seller API /v1/finance/accrual/by-day,41,raw/backfill_v1/finance/accrual_by_day_20260816.json
2026-08-16,CPC_MEDIA,32157947,NOT_APPLICABLE,NOT_APPLICABLE,NOT_APPLICABLE,162.09,NOT_APPLICABLE,162.09,CONFIRMED_SPEND,Seller API /v1/finance/accrual/by-day,41,raw/backfill_v1/finance/accrual_by_day_20260816.json
2026-08-16,CPC_MEDIA,32157965,NOT_APPLICABLE,NOT_APPLICABLE,NOT_APPLICABLE,77.57,NOT_APPLICABLE,77.57,CONFIRMED_SPEND,Seller API /v1/finance/accrual/by-day,41,raw/backfill_v1/finance/accrual_by_day_20260816.json
2026-08-16,CPC_MEDIA,32157988,NOT_APPLICABLE,NOT_APPLICABLE,NOT_APPLICABLE,28.97,NOT_APPLICABLE,28.97,CONFIRMED_SPEND,Seller API /v1/finance/accrual/by-day,41,raw/backfill_v1/finance/accrual_by_day_20260816.json
2026-08-16,CPC_MEDIA,32158008,NOT_APPLICABLE,NOT_APPLICABLE,NOT_APPLICABLE,185.94,NOT_APPLICABLE,185.94,CONFIRMED_SPEND,Seller API /v1/finance/accrual/by-day,41,raw/backfill_v1/finance/accrual_by_day_20260816.json
2026-08-16,CPC_MEDIA,32158051,NOT_APPLICABLE,NOT_APPLICABLE,NOT_APPLICABLE,197.41,NOT_APPLICABLE,197.41,CONFIRMED_SPEND,Seller API /v1/finance/accrual/by-day,41,raw/backfill_v1/finance/accrual_by_day_20260816.json
2026-08-16,CPC_MEDIA,32158176,NOT_APPLICABLE,NOT_APPLICABLE,NOT_APPLICABLE,46.35,NOT_APPLICABLE,46.35,CONFIRMED_SPEND,Seller API /v1/finance/accrual/by-day,41,raw/backfill_v1/finance/accrual_by_day_20260816.json
2026-08-16,CPC_MEDIA,32158299,NOT_APPLICABLE,NOT_APPLICABLE,NOT_APPLICABLE,93.82,NOT_APPLICABLE,93.82,CONFIRMED_SPEND,Seller API /v1/finance/accrual/by-day,41,raw/backfill_v1/finance/accrual_by_day_20260816.json
2026-08-16,CPC_MEDIA,33678192,NOT_APPLICABLE,NOT_APPLICABLE,NOT_APPLICABLE,5.64,NOT_APPLICABLE,5.64,CONFIRMED_SPEND,Seller API /v1/finance/accrual/by-day,41,raw/backfill_v1/finance/accrual_by_day_20260816.json
2026-08-16,CPC_MEDIA,33678288,NOT_APPLICABLE,NOT_APPLICABLE,NOT_APPLICABLE,69.01,NOT_APPLICABLE,69.01,CONFIRMED_SPEND,Seller API /v1/finance/accrual/by-day,41,raw/backfill_v1/finance/accrual_by_day_20260816.json
2026-08-16,CPC_MEDIA,33678331,NOT_APPLICABLE,NOT_APPLICABLE,NOT_APPLICABLE,26.51,NOT_APPLICABLE,26.51,CONFIRMED_SPEND,Seller API /v1/finance/accrual/by-day,41,raw/backfill_v1/finance/accrual_by_day_20260816.json
2026-08-16,CPC_MEDIA,33703975,NOT_APPLICABLE,NOT_APPLICABLE,NOT_APPLICABLE,37.11,NOT_APPLICABLE,37.11,CONFIRMED_SPEND,Seller API /v1/finance/accrual/by-day,41,raw/backfill_v1/finance/accrual_by_day_20260816.json
2026-08-17,CPC_MEDIA,32157919,NOT_APPLICABLE,NOT_APPLICABLE,NOT_APPLICABLE,38.37,NOT_APPLICABLE,38.37,CONFIRMED_SPEND,Seller API /v1/finance/accrual/by-day,41,raw/backfill_v1/finance/accrual_by_day_20260817.json
2026-08-17,CPC_MEDIA,32157947,NOT_APPLICABLE,NOT_APPLICABLE,NOT_APPLICABLE,718.92,NOT_APPLICABLE,718.92,CONFIRMED_SPEND,Seller API /v1/finance/accrual/by-day,41,raw/backfill_v1/finance/accrual_by_day_20260817.json
2026-08-17,CPC_MEDIA,32157965,NOT_APPLICABLE,NOT_APPLICABLE,NOT_APPLICABLE,132.96,NOT_APPLICABLE,132.96,CONFIRMED_SPEND,Seller API /v1/finance/accrual/by-day,41,raw/backfill_v1/finance/accrual_by_day_20260817.json
2026-08-17,CPC_MEDIA,32158176,NOT_APPLICABLE,NOT_APPLICABLE,NOT_APPLICABLE,68.79,NOT_APPLICABLE,68.79,CONFIRMED_SPEND,Seller API /v1/finance/accrual/by-day,41,raw/backfill_v1/finance/accrual_by_day_20260817.json
2026-08-17,CPC_MEDIA,32158299,NOT_APPLICABLE,NOT_APPLICABLE,NOT_APPLICABLE,256.87,NOT_APPLICABLE,256.87,CONFIRMED_SPEND,Seller API /v1/finance/accrual/by-day,41,raw/backfill_v1/finance/accrual_by_day_20260817.json
2026-08-17,CPC_MEDIA,33678192,NOT_APPLICABLE,NOT_APPLICABLE,NOT_APPLICABLE,85.75,NOT_APPLICABLE,85.75,CONFIRMED_SPEND,Seller API /v1/finance/accrual/by-day,41,raw/backfill_v1/finance/accrual_by_day_20260817.json
2026-08-17,CPC_MEDIA,33678288,NOT_APPLICABLE,NOT_APPLICABLE,NOT_APPLICABLE,61.09,NOT_APPLICABLE,61.09,CONFIRMED_SPEND,Seller API /v1/finance/accrual/by-day,41,raw/backfill_v1/finance/accrual_by_day_20260817.json
2026-08-17,CPC_MEDIA,33678331,NOT_APPLICABLE,NOT_APPLICABLE,NOT_APPLICABLE,134.3,NOT_APPLICABLE,134.3,CONFIRMED_SPEND,Seller API /v1/finance/accrual/by-day,41,raw/backfill_v1/finance/accrual_by_day_20260817.json
2026-08-17,CPC_MEDIA,33703975,NOT_APPLICABLE,NOT_APPLICABLE,NOT_APPLICABLE,65.36,NOT_APPLICABLE,65.36,CONFIRMED_SPEND,Seller API /v1/finance/accrual/by-day,41,raw/backfill_v1/finance/accrual_by_day_20260817.json
2026-08-17,SEARCH_PROMO_CPO,14503166,NOT_APPLICABLE,NOT_APPLICABLE,NOT_APPLICABLE,119.2,NOT_APPLICABLE,119.2,CONFIRMED_SPEND,Seller API /v1/finance/accrual/by-day,54,raw/backfill_v1/finance/accrual_by_day_20260817.json
2026-08-18,CPC_MEDIA,32157919,NOT_APPLICABLE,NOT_APPLICABLE,NOT_APPLICABLE,32.47,NOT_APPLICABLE,32.47,CONFIRMED_SPEND,Seller API /v1/finance/accrual/by-day,41,raw/backfill_v1/finance/accrual_by_day_20260818.json
2026-08-18,CPC_MEDIA,32157947,NOT_APPLICABLE,NOT_APPLICABLE,NOT_APPLICABLE,509.45,NOT_APPLICABLE,509.45,CONFIRMED_SPEND,Seller API /v1/finance/accrual/by-day,41,raw/backfill_v1/finance/accrual_by_day_20260818.json
2026-08-18,CPC_MEDIA,32157965,NOT_APPLICABLE,NOT_APPLICABLE,NOT_APPLICABLE,138.47,NOT_APPLICABLE,138.47,CONFIRMED_SPEND,Seller API /v1/finance/accrual/by-day,41,raw/backfill_v1/finance/accrual_by_day_20260818.json
2026-08-18,CPC_MEDIA,32158176,NOT_APPLICABLE,NOT_APPLICABLE,NOT_APPLICABLE,131.42,NOT_APPLICABLE,131.42,CONFIRMED_SPEND,Seller API /v1/finance/accrual/by-day,41,raw/backfill_v1/finance/accrual_by_day_20260818.json
2026-08-18,CPC_MEDIA,32158299,NOT_APPLICABLE,NOT_APPLICABLE,NOT_APPLICABLE,162.52,NOT_APPLICABLE,162.52,CONFIRMED_SPEND,Seller API /v1/finance/accrual/by-day,41,raw/backfill_v1/finance/accrual_by_day_20260818.json
2026-08-18,CPC_MEDIA,33678192,NOT_APPLICABLE,NOT_APPLICABLE,NOT_APPLICABLE,94.61,NOT_APPLICABLE,94.61,CONFIRMED_SPEND,Seller API /v1/finance/accrual/by-day,41,raw/backfill_v1/finance/accrual_by_day_20260818.json
2026-08-18,CPC_MEDIA,33678288,NOT_APPLICABLE,NOT_APPLICABLE,NOT_APPLICABLE,28.99,NOT_APPLICABLE,28.99,CONFIRMED_SPEND,Seller API /v1/finance/accrual/by-day,41,raw/backfill_v1/finance/accrual_by_day_20260818.json
2026-08-18,CPC_MEDIA,33678331,NOT_APPLICABLE,NOT_APPLICABLE,NOT_APPLICABLE,170.27,NOT_APPLICABLE,170.27,CONFIRMED_SPEND,Seller API /v1/finance/accrual/by-day,41,raw/backfill_v1/finance/accrual_by_day_20260818.json
2026-08-18,CPC_MEDIA,33703975,NOT_APPLICABLE,NOT_APPLICABLE,NOT_APPLICABLE,34.04,NOT_APPLICABLE,34.04,CONFIRMED_SPEND,Seller API /v1/finance/accrual/by-day,41,raw/backfill_v1/finance/accrual_by_day_20260818.json
2026-08-19,CPC_MEDIA,32157919,NOT_APPLICABLE,NOT_APPLICABLE,NOT_APPLICABLE,162.79,NOT_APPLICABLE,162.79,CONFIRMED_SPEND,Seller API /v1/finance/accrual/by-day,41,raw/backfill_v1/finance/accrual_by_day_20260819.json
2026-08-19,CPC_MEDIA,32157965,NOT_APPLICABLE,NOT_APPLICABLE,NOT_APPLICABLE,100.26,NOT_APPLICABLE,100.26,CONFIRMED_SPEND,Seller API /v1/finance/accrual/by-day,41,raw/backfill_v1/finance/accrual_by_day_20260819.json
2026-08-19,CPC_MEDIA,32158176,NOT_APPLICABLE,NOT_APPLICABLE,NOT_APPLICABLE,193.94,NOT_APPLICABLE,193.94,CONFIRMED_SPEND,Seller API /v1/finance/accrual/by-day,41,raw/backfill_v1/finance/accrual_by_day_20260819.json
2026-08-19,CPC_MEDIA,33678192,NOT_APPLICABLE,NOT_APPLICABLE,NOT_APPLICABLE,180.2,NOT_APPLICABLE,180.2,CONFIRMED_SPEND,Seller API /v1/finance/accrual/by-day,41,raw/backfill_v1/finance/accrual_by_day_20260819.json
2026-08-19,CPC_MEDIA,33678288,NOT_APPLICABLE,NOT_APPLICABLE,NOT_APPLICABLE,4.34,NOT_APPLICABLE,4.34,CONFIRMED_SPEND,Seller API /v1/finance/accrual/by-day,41,raw/backfill_v1/finance/accrual_by_day_20260819.json
2026-08-19,CPC_MEDIA,33678331,NOT_APPLICABLE,NOT_APPLICABLE,NOT_APPLICABLE,125.65,NOT_APPLICABLE,125.65,CONFIRMED_SPEND,Seller API /v1/finance/accrual/by-day,41,raw/backfill_v1/finance/accrual_by_day_20260819.json
2026-08-19,CPC_MEDIA,33703975,NOT_APPLICABLE,NOT_APPLICABLE,NOT_APPLICABLE,13.77,NOT_APPLICABLE,13.77,CONFIRMED_SPEND,Seller API /v1/finance/accrual/by-day,41,raw/backfill_v1/finance/accrual_by_day_20260819.json
2026-08-19,FIRST_REVIEW_PROMO,NOT_APPLICABLE,3735674506,910584041,EVT-SET-TON-SER-CREAM-ACNE,1651.88,NOT_APPLICABLE,1651.88,CONFIRMED_SPEND,Seller API /v1/finance/accrual/by-day,116,raw/backfill_v1/finance/accrual_by_day_20260819.json
2026-08-20,CPC_MEDIA,32157891,NOT_APPLICABLE,NOT_APPLICABLE,NOT_APPLICABLE,105.44,NOT_APPLICABLE,105.44,CONFIRMED_SPEND,Seller API /v1/finance/accrual/by-day,41,raw/backfill_v1/finance/accrual_by_day_20260820.json
2026-08-20,CPC_MEDIA,32157919,NOT_APPLICABLE,NOT_APPLICABLE,NOT_APPLICABLE,121.13,NOT_APPLICABLE,121.13,CONFIRMED_SPEND,Seller API /v1/finance/accrual/by-day,41,raw/backfill_v1/finance/accrual_by_day_20260820.json
2026-08-20,CPC_MEDIA,32157947,NOT_APPLICABLE,NOT_APPLICABLE,NOT_APPLICABLE,5.02,NOT_APPLICABLE,5.02,CONFIRMED_SPEND,Seller API /v1/finance/accrual/by-day,41,raw/backfill_v1/finance/accrual_by_day_20260820.json
2026-08-20,CPC_MEDIA,32157965,NOT_APPLICABLE,NOT_APPLICABLE,NOT_APPLICABLE,272.48,NOT_APPLICABLE,272.48,CONFIRMED_SPEND,Seller API /v1/finance/accrual/by-day,41,raw/backfill_v1/finance/accrual_by_day_20260820.json
2026-08-20,CPC_MEDIA,32157988,NOT_APPLICABLE,NOT_APPLICABLE,NOT_APPLICABLE,281.96,NOT_APPLICABLE,281.96,CONFIRMED_SPEND,Seller API /v1/finance/accrual/by-day,41,raw/backfill_v1/finance/accrual_by_day_20260820.json
2026-08-20,CPC_MEDIA,32158176,NOT_APPLICABLE,NOT_APPLICABLE,NOT_APPLICABLE,125.71,NOT_APPLICABLE,125.71,CONFIRMED_SPEND,Seller API /v1/finance/accrual/by-day,41,raw/backfill_v1/finance/accrual_by_day_20260820.json
2026-08-20,CPC_MEDIA,33678192,NOT_APPLICABLE,NOT_APPLICABLE,NOT_APPLICABLE,394.03,NOT_APPLICABLE,394.03,CONFIRMED_SPEND,Seller API /v1/finance/accrual/by-day,41,raw/backfill_v1/finance/accrual_by_day_20260820.json
2026-08-20,CPC_MEDIA,33678288,NOT_APPLICABLE,NOT_APPLICABLE,NOT_APPLICABLE,75.22,NOT_APPLICABLE,75.22,CONFIRMED_SPEND,Seller API /v1/finance/accrual/by-day,41,raw/backfill_v1/finance/accrual_by_day_20260820.json
2026-08-20,CPC_MEDIA,33678331,NOT_APPLICABLE,NOT_APPLICABLE,NOT_APPLICABLE,271.68,NOT_APPLICABLE,271.68,CONFIRMED_SPEND,Seller API /v1/finance/accrual/by-day,41,raw/backfill_v1/finance/accrual_by_day_20260820.json
2026-08-20,CPC_MEDIA,33703975,NOT_APPLICABLE,NOT_APPLICABLE,NOT_APPLICABLE,30.05,NOT_APPLICABLE,30.05,CONFIRMED_SPEND,Seller API /v1/finance/accrual/by-day,41,raw/backfill_v1/finance/accrual_by_day_20260820.json
2026-08-20,SEARCH_PROMO_CPO,14503166,NOT_APPLICABLE,NOT_APPLICABLE,NOT_APPLICABLE,119.2,NOT_APPLICABLE,119.2,CONFIRMED_SPEND,Seller API /v1/finance/accrual/by-day,54,raw/backfill_v1/finance/accrual_by_day_20260820.json
2026-08-21,CPC_MEDIA,32157891,NOT_APPLICABLE,NOT_APPLICABLE,NOT_APPLICABLE,152.41,NOT_APPLICABLE,152.41,CONFIRMED_SPEND,Seller API /v1/finance/accrual/by-day,41,raw/backfill_v1/finance/accrual_by_day_20260821.json
2026-08-21,CPC_MEDIA,32157919,NOT_APPLICABLE,NOT_APPLICABLE,NOT_APPLICABLE,54.38,NOT_APPLICABLE,54.38,CONFIRMED_SPEND,Seller API /v1/finance/accrual/by-day,41,raw/backfill_v1/finance/accrual_by_day_20260821.json
2026-08-21,CPC_MEDIA,32157947,NOT_APPLICABLE,NOT_APPLICABLE,NOT_APPLICABLE,3.46,NOT_APPLICABLE,3.46,CONFIRMED_SPEND,Seller API /v1/finance/accrual/by-day,41,raw/backfill_v1/finance/accrual_by_day_20260821.json
2026-08-21,CPC_MEDIA,32157965,NOT_APPLICABLE,NOT_APPLICABLE,NOT_APPLICABLE,103.74,NOT_APPLICABLE,103.74,CONFIRMED_SPEND,Seller API /v1/finance/accrual/by-day,41,raw/backfill_v1/finance/accrual_by_day_20260821.json
2026-08-21,CPC_MEDIA,32157988,NOT_APPLICABLE,NOT_APPLICABLE,NOT_APPLICABLE,113.52,NOT_APPLICABLE,113.52,CONFIRMED_SPEND,Seller API /v1/finance/accrual/by-day,41,raw/backfill_v1/finance/accrual_by_day_20260821.json
2026-08-21,CPC_MEDIA,32158176,NOT_APPLICABLE,NOT_APPLICABLE,NOT_APPLICABLE,135.93,NOT_APPLICABLE,135.93,CONFIRMED_SPEND,Seller API /v1/finance/accrual/by-day,41,raw/backfill_v1/finance/accrual_by_day_20260821.json
2026-08-21,CPC_MEDIA,33678192,NOT_APPLICABLE,NOT_APPLICABLE,NOT_APPLICABLE,143.65,NOT_APPLICABLE,143.65,CONFIRMED_SPEND,Seller API /v1/finance/accrual/by-day,41,raw/backfill_v1/finance/accrual_by_day_20260821.json
2026-08-21,CPC_MEDIA,33678288,NOT_APPLICABLE,NOT_APPLICABLE,NOT_APPLICABLE,5.31,NOT_APPLICABLE,5.31,CONFIRMED_SPEND,Seller API /v1/finance/accrual/by-day,41,raw/backfill_v1/finance/accrual_by_day_20260821.json
2026-08-21,CPC_MEDIA,33678331,NOT_APPLICABLE,NOT_APPLICABLE,NOT_APPLICABLE,158.99,NOT_APPLICABLE,158.99,CONFIRMED_SPEND,Seller API /v1/finance/accrual/by-day,41,raw/backfill_v1/finance/accrual_by_day_20260821.json
2026-08-21,CPC_MEDIA,33703975,NOT_APPLICABLE,NOT_APPLICABLE,NOT_APPLICABLE,102.68,NOT_APPLICABLE,102.68,CONFIRMED_SPEND,Seller API /v1/finance/accrual/by-day,41,raw/backfill_v1/finance/accrual_by_day_20260821.json
2026-08-22,CPC_MEDIA,32157891,NOT_APPLICABLE,NOT_APPLICABLE,NOT_APPLICABLE,80.9,NOT_APPLICABLE,80.9,CONFIRMED_SPEND,Seller API /v1/finance/accrual/by-day,41,raw/backfill_v1/finance/accrual_by_day_20260822.json
2026-08-22,CPC_MEDIA,32157919,NOT_APPLICABLE,NOT_APPLICABLE,NOT_APPLICABLE,101.85,NOT_APPLICABLE,101.85,CONFIRMED_SPEND,Seller API /v1/finance/accrual/by-day,41,raw/backfill_v1/finance/accrual_by_day_20260822.json
2026-08-22,CPC_MEDIA,32157947,NOT_APPLICABLE,NOT_APPLICABLE,NOT_APPLICABLE,15.89,NOT_APPLICABLE,15.89,CONFIRMED_SPEND,Seller API /v1/finance/accrual/by-day,41,raw/backfill_v1/finance/accrual_by_day_20260822.json
2026-08-22,CPC_MEDIA,32157965,NOT_APPLICABLE,NOT_APPLICABLE,NOT_APPLICABLE,189.52,NOT_APPLICABLE,189.52,CONFIRMED_SPEND,Seller API /v1/finance/accrual/by-day,41,raw/backfill_v1/finance/accrual_by_day_20260822.json
2026-08-22,CPC_MEDIA,32157988,NOT_APPLICABLE,NOT_APPLICABLE,NOT_APPLICABLE,88.37,NOT_APPLICABLE,88.37,CONFIRMED_SPEND,Seller API /v1/finance/accrual/by-day,41,raw/backfill_v1/finance/accrual_by_day_20260822.json
2026-08-22,CPC_MEDIA,32158176,NOT_APPLICABLE,NOT_APPLICABLE,NOT_APPLICABLE,120.75,NOT_APPLICABLE,120.75,CONFIRMED_SPEND,Seller API /v1/finance/accrual/by-day,41,raw/backfill_v1/finance/accrual_by_day_20260822.json
2026-08-22,CPC_MEDIA,33678192,NOT_APPLICABLE,NOT_APPLICABLE,NOT_APPLICABLE,45.89,NOT_APPLICABLE,45.89,CONFIRMED_SPEND,Seller API /v1/finance/accrual/by-day,41,raw/backfill_v1/finance/accrual_by_day_20260822.json
2026-08-22,CPC_MEDIA,33678288,NOT_APPLICABLE,NOT_APPLICABLE,NOT_APPLICABLE,16.14,NOT_APPLICABLE,16.14,CONFIRMED_SPEND,Seller API /v1/finance/accrual/by-day,41,raw/backfill_v1/finance/accrual_by_day_20260822.json
2026-08-22,CPC_MEDIA,33678331,NOT_APPLICABLE,NOT_APPLICABLE,NOT_APPLICABLE,43.08,NOT_APPLICABLE,43.08,CONFIRMED_SPEND,Seller API /v1/finance/accrual/by-day,41,raw/backfill_v1/finance/accrual_by_day_20260822.json
2026-08-22,CPC_MEDIA,33703975,NOT_APPLICABLE,NOT_APPLICABLE,NOT_APPLICABLE,23.76,NOT_APPLICABLE,23.76,CONFIRMED_SPEND,Seller API /v1/finance/accrual/by-day,41,raw/backfill_v1/finance/accrual_by_day_20260822.json
2026-08-22,FIRST_REVIEW_PROMO,NOT_APPLICABLE,3892223191,930334397,EVT-SET-CHERRY-AMBER,922.32,NOT_APPLICABLE,922.32,CONFIRMED_SPEND,Seller API /v1/finance/accrual/by-day,116,raw/backfill_v1/finance/accrual_by_day_20260822.json
2026-08-23,CPC_MEDIA,32157891,NOT_APPLICABLE,NOT_APPLICABLE,NOT_APPLICABLE,54.34,NOT_APPLICABLE,54.34,CONFIRMED_SPEND,Seller API /v1/finance/accrual/by-day,41,raw/backfill_v1/finance/accrual_by_day_20260823.json
2026-08-23,CPC_MEDIA,32157919,NOT_APPLICABLE,NOT_APPLICABLE,NOT_APPLICABLE,100.9,NOT_APPLICABLE,100.9,CONFIRMED_SPEND,Seller API /v1/finance/accrual/by-day,41,raw/backfill_v1/finance/accrual_by_day_20260823.json
2026-08-23,CPC_MEDIA,32157947,NOT_APPLICABLE,NOT_APPLICABLE,NOT_APPLICABLE,32.52,NOT_APPLICABLE,32.52,CONFIRMED_SPEND,Seller API /v1/finance/accrual/by-day,41,raw/backfill_v1/finance/accrual_by_day_20260823.json
2026-08-23,CPC_MEDIA,32157965,NOT_APPLICABLE,NOT_APPLICABLE,NOT_APPLICABLE,214.37,NOT_APPLICABLE,214.37,CONFIRMED_SPEND,Seller API /v1/finance/accrual/by-day,41,raw/backfill_v1/finance/accrual_by_day_20260823.json
2026-08-23,CPC_MEDIA,32157988,NOT_APPLICABLE,NOT_APPLICABLE,NOT_APPLICABLE,240.19,NOT_APPLICABLE,240.19,CONFIRMED_SPEND,Seller API /v1/finance/accrual/by-day,41,raw/backfill_v1/finance/accrual_by_day_20260823.json
2026-08-23,CPC_MEDIA,32158176,NOT_APPLICABLE,NOT_APPLICABLE,NOT_APPLICABLE,109.77,NOT_APPLICABLE,109.77,CONFIRMED_SPEND,Seller API /v1/finance/accrual/by-day,41,raw/backfill_v1/finance/accrual_by_day_20260823.json
2026-08-23,CPC_MEDIA,33678192,NOT_APPLICABLE,NOT_APPLICABLE,NOT_APPLICABLE,74.08,NOT_APPLICABLE,74.08,CONFIRMED_SPEND,Seller API /v1/finance/accrual/by-day,41,raw/backfill_v1/finance/accrual_by_day_20260823.json
2026-08-23,CPC_MEDIA,33678288,NOT_APPLICABLE,NOT_APPLICABLE,NOT_APPLICABLE,34.45,NOT_APPLICABLE,34.45,CONFIRMED_SPEND,Seller API /v1/finance/accrual/by-day,41,raw/backfill_v1/finance/accrual_by_day_20260823.json
2026-08-23,CPC_MEDIA,33678331,NOT_APPLICABLE,NOT_APPLICABLE,NOT_APPLICABLE,131.79,NOT_APPLICABLE,131.79,CONFIRMED_SPEND,Seller API /v1/finance/accrual/by-day,41,raw/backfill_v1/finance/accrual_by_day_20260823.json
2026-08-23,CPC_MEDIA,33703975,NOT_APPLICABLE,NOT_APPLICABLE,NOT_APPLICABLE,34.37,NOT_APPLICABLE,34.37,CONFIRMED_SPEND,Seller API /v1/finance/accrual/by-day,41,raw/backfill_v1/finance/accrual_by_day_20260823.json
2026-08-24,CPC_MEDIA,32157891,NOT_APPLICABLE,NOT_APPLICABLE,NOT_APPLICABLE,130.9,NOT_APPLICABLE,130.9,CONFIRMED_SPEND,Seller API /v1/finance/accrual/by-day,41,raw/backfill_v1/finance/accrual_by_day_20260824.json
2026-08-24,CPC_MEDIA,32157919,NOT_APPLICABLE,NOT_APPLICABLE,NOT_APPLICABLE,113.72,NOT_APPLICABLE,113.72,CONFIRMED_SPEND,Seller API /v1/finance/accrual/by-day,41,raw/backfill_v1/finance/accrual_by_day_20260824.json
2026-08-24,CPC_MEDIA,32157947,NOT_APPLICABLE,NOT_APPLICABLE,NOT_APPLICABLE,3.37,NOT_APPLICABLE,3.37,CONFIRMED_SPEND,Seller API /v1/finance/accrual/by-day,41,raw/backfill_v1/finance/accrual_by_day_20260824.json
2026-08-24,CPC_MEDIA,32157965,NOT_APPLICABLE,NOT_APPLICABLE,NOT_APPLICABLE,190.49,NOT_APPLICABLE,190.49,CONFIRMED_SPEND,Seller API /v1/finance/accrual/by-day,41,raw/backfill_v1/finance/accrual_by_day_20260824.json
2026-08-24,CPC_MEDIA,32157988,NOT_APPLICABLE,NOT_APPLICABLE,NOT_APPLICABLE,88.45,NOT_APPLICABLE,88.45,CONFIRMED_SPEND,Seller API /v1/finance/accrual/by-day,41,raw/backfill_v1/finance/accrual_by_day_20260824.json
2026-08-24,CPC_MEDIA,32158176,NOT_APPLICABLE,NOT_APPLICABLE,NOT_APPLICABLE,62.54,NOT_APPLICABLE,62.54,CONFIRMED_SPEND,Seller API /v1/finance/accrual/by-day,41,raw/backfill_v1/finance/accrual_by_day_20260824.json
2026-08-24,CPC_MEDIA,33678192,NOT_APPLICABLE,NOT_APPLICABLE,NOT_APPLICABLE,61.96,NOT_APPLICABLE,61.96,CONFIRMED_SPEND,Seller API /v1/finance/accrual/by-day,41,raw/backfill_v1/finance/accrual_by_day_20260824.json
2026-08-24,CPC_MEDIA,33678288,NOT_APPLICABLE,NOT_APPLICABLE,NOT_APPLICABLE,1.0,NOT_APPLICABLE,1.0,CONFIRMED_SPEND,Seller API /v1/finance/accrual/by-day,41,raw/backfill_v1/finance/accrual_by_day_20260824.json
2026-08-24,CPC_MEDIA,33678331,NOT_APPLICABLE,NOT_APPLICABLE,NOT_APPLICABLE,63.79,NOT_APPLICABLE,63.79,CONFIRMED_SPEND,Seller API /v1/finance/accrual/by-day,41,raw/backfill_v1/finance/accrual_by_day_20260824.json
2026-08-24,CPC_MEDIA,33703975,NOT_APPLICABLE,NOT_APPLICABLE,NOT_APPLICABLE,41.94,NOT_APPLICABLE,41.94,CONFIRMED_SPEND,Seller API /v1/finance/accrual/by-day,41,raw/backfill_v1/finance/accrual_by_day_20260824.json
2026-08-25,CPC_MEDIA,32157891,NOT_APPLICABLE,NOT_APPLICABLE,NOT_APPLICABLE,56.07,NOT_APPLICABLE,56.07,CONFIRMED_SPEND,Seller API /v1/finance/accrual/by-day,41,raw/backfill_v1/finance/accrual_by_day_20260825.json
2026-08-25,CPC_MEDIA,32157919,NOT_APPLICABLE,NOT_APPLICABLE,NOT_APPLICABLE,85.12,NOT_APPLICABLE,85.12,CONFIRMED_SPEND,Seller API /v1/finance/accrual/by-day,41,raw/backfill_v1/finance/accrual_by_day_20260825.json
2026-08-25,CPC_MEDIA,32157947,NOT_APPLICABLE,NOT_APPLICABLE,NOT_APPLICABLE,7.65,NOT_APPLICABLE,7.65,CONFIRMED_SPEND,Seller API /v1/finance/accrual/by-day,41,raw/backfill_v1/finance/accrual_by_day_20260825.json
2026-08-25,CPC_MEDIA,32157965,NOT_APPLICABLE,NOT_APPLICABLE,NOT_APPLICABLE,29.7,NOT_APPLICABLE,29.7,CONFIRMED_SPEND,Seller API /v1/finance/accrual/by-day,41,raw/backfill_v1/finance/accrual_by_day_20260825.json
2026-08-25,CPC_MEDIA,32157988,NOT_APPLICABLE,NOT_APPLICABLE,NOT_APPLICABLE,227.88,NOT_APPLICABLE,227.88,CONFIRMED_SPEND,Seller API /v1/finance/accrual/by-day,41,raw/backfill_v1/finance/accrual_by_day_20260825.json
2026-08-25,CPC_MEDIA,32158008,NOT_APPLICABLE,NOT_APPLICABLE,NOT_APPLICABLE,567.15,NOT_APPLICABLE,567.15,CONFIRMED_SPEND,Seller API /v1/finance/accrual/by-day,41,raw/backfill_v1/finance/accrual_by_day_20260825.json
2026-08-25,CPC_MEDIA,32158051,NOT_APPLICABLE,NOT_APPLICABLE,NOT_APPLICABLE,1226.6,NOT_APPLICABLE,1226.6,CONFIRMED_SPEND,Seller API /v1/finance/accrual/by-day,41,raw/backfill_v1/finance/accrual_by_day_20260825.json
2026-08-25,CPC_MEDIA,32158176,NOT_APPLICABLE,NOT_APPLICABLE,NOT_APPLICABLE,30.44,NOT_APPLICABLE,30.44,CONFIRMED_SPEND,Seller API /v1/finance/accrual/by-day,41,raw/backfill_v1/finance/accrual_by_day_20260825.json
2026-08-25,CPC_MEDIA,33678192,NOT_APPLICABLE,NOT_APPLICABLE,NOT_APPLICABLE,61.15,NOT_APPLICABLE,61.15,CONFIRMED_SPEND,Seller API /v1/finance/accrual/by-day,41,raw/backfill_v1/finance/accrual_by_day_20260825.json
2026-08-25,CPC_MEDIA,33678288,NOT_APPLICABLE,NOT_APPLICABLE,NOT_APPLICABLE,178.94,NOT_APPLICABLE,178.94,CONFIRMED_SPEND,Seller API /v1/finance/accrual/by-day,41,raw/backfill_v1/finance/accrual_by_day_20260825.json
2026-08-25,CPC_MEDIA,33678331,NOT_APPLICABLE,NOT_APPLICABLE,NOT_APPLICABLE,14.22,NOT_APPLICABLE,14.22,CONFIRMED_SPEND,Seller API /v1/finance/accrual/by-day,41,raw/backfill_v1/finance/accrual_by_day_20260825.json
2026-08-25,CPC_MEDIA,33703975,NOT_APPLICABLE,NOT_APPLICABLE,NOT_APPLICABLE,54.14,NOT_APPLICABLE,54.14,CONFIRMED_SPEND,Seller API /v1/finance/accrual/by-day,41,raw/backfill_v1/finance/accrual_by_day_20260825.json
2026-08-26,CPC_MEDIA,32157891,NOT_APPLICABLE,NOT_APPLICABLE,NOT_APPLICABLE,54.34,NOT_APPLICABLE,54.34,CONFIRMED_SPEND,Seller API /v1/finance/accrual/by-day,41,raw/backfill_v1/finance/accrual_by_day_20260826.json
2026-08-26,CPC_MEDIA,32157919,NOT_APPLICABLE,NOT_APPLICABLE,NOT_APPLICABLE,182.54,NOT_APPLICABLE,182.54,CONFIRMED_SPEND,Seller API /v1/finance/accrual/by-day,41,raw/backfill_v1/finance/accrual_by_day_20260826.json
2026-08-26,CPC_MEDIA,32157947,NOT_APPLICABLE,NOT_APPLICABLE,NOT_APPLICABLE,51.9,NOT_APPLICABLE,51.9,CONFIRMED_SPEND,Seller API /v1/finance/accrual/by-day,41,raw/backfill_v1/finance/accrual_by_day_20260826.json
2026-08-26,CPC_MEDIA,32157965,NOT_APPLICABLE,NOT_APPLICABLE,NOT_APPLICABLE,83.61,NOT_APPLICABLE,83.61,CONFIRMED_SPEND,Seller API /v1/finance/accrual/by-day,41,raw/backfill_v1/finance/accrual_by_day_20260826.json
2026-08-26,CPC_MEDIA,32157988,NOT_APPLICABLE,NOT_APPLICABLE,NOT_APPLICABLE,429.76,NOT_APPLICABLE,429.76,CONFIRMED_SPEND,Seller API /v1/finance/accrual/by-day,41,raw/backfill_v1/finance/accrual_by_day_20260826.json
2026-08-26,CPC_MEDIA,32158008,NOT_APPLICABLE,NOT_APPLICABLE,NOT_APPLICABLE,151.74,NOT_APPLICABLE,151.74,CONFIRMED_SPEND,Seller API /v1/finance/accrual/by-day,41,raw/backfill_v1/finance/accrual_by_day_20260826.json
2026-08-26,CPC_MEDIA,32158051,NOT_APPLICABLE,NOT_APPLICABLE,NOT_APPLICABLE,581.22,NOT_APPLICABLE,581.22,CONFIRMED_SPEND,Seller API /v1/finance/accrual/by-day,41,raw/backfill_v1/finance/accrual_by_day_20260826.json
2026-08-26,CPC_MEDIA,32158176,NOT_APPLICABLE,NOT_APPLICABLE,NOT_APPLICABLE,30.31,NOT_APPLICABLE,30.31,CONFIRMED_SPEND,Seller API /v1/finance/accrual/by-day,41,raw/backfill_v1/finance/accrual_by_day_20260826.json
2026-08-26,CPC_MEDIA,33678192,NOT_APPLICABLE,NOT_APPLICABLE,NOT_APPLICABLE,17.34,NOT_APPLICABLE,17.34,CONFIRMED_SPEND,Seller API /v1/finance/accrual/by-day,41,raw/backfill_v1/finance/accrual_by_day_20260826.json
2026-08-26,CPC_MEDIA,33678288,NOT_APPLICABLE,NOT_APPLICABLE,NOT_APPLICABLE,258.78,NOT_APPLICABLE,258.78,CONFIRMED_SPEND,Seller API /v1/finance/accrual/by-day,41,raw/backfill_v1/finance/accrual_by_day_20260826.json
2026-08-26,CPC_MEDIA,33703975,NOT_APPLICABLE,NOT_APPLICABLE,NOT_APPLICABLE,168.7,NOT_APPLICABLE,168.7,CONFIRMED_SPEND,Seller API /v1/finance/accrual/by-day,41,raw/backfill_v1/finance/accrual_by_day_20260826.json
2026-08-27,CPC_MEDIA,32157891,NOT_APPLICABLE,NOT_APPLICABLE,NOT_APPLICABLE,51.23,NOT_APPLICABLE,51.23,CONFIRMED_SPEND,Seller API /v1/finance/accrual/by-day,41,raw/backfill_v1/finance/accrual_by_day_20260827.json
2026-08-27,CPC_MEDIA,32157919,NOT_APPLICABLE,NOT_APPLICABLE,NOT_APPLICABLE,187.99,NOT_APPLICABLE,187.99,CONFIRMED_SPEND,Seller API /v1/finance/accrual/by-day,41,raw/backfill_v1/finance/accrual_by_day_20260827.json
2026-08-27,CPC_MEDIA,32157947,NOT_APPLICABLE,NOT_APPLICABLE,NOT_APPLICABLE,21.7,NOT_APPLICABLE,21.7,CONFIRMED_SPEND,Seller API /v1/finance/accrual/by-day,41,raw/backfill_v1/finance/accrual_by_day_20260827.json
2026-08-27,CPC_MEDIA,32157965,NOT_APPLICABLE,NOT_APPLICABLE,NOT_APPLICABLE,75.79,NOT_APPLICABLE,75.79,CONFIRMED_SPEND,Seller API /v1/finance/accrual/by-day,41,raw/backfill_v1/finance/accrual_by_day_20260827.json
2026-08-27,CPC_MEDIA,32157988,NOT_APPLICABLE,NOT_APPLICABLE,NOT_APPLICABLE,367.51,NOT_APPLICABLE,367.51,CONFIRMED_SPEND,Seller API /v1/finance/accrual/by-day,41,raw/backfill_v1/finance/accrual_by_day_20260827.json
2026-08-27,CPC_MEDIA,32158176,NOT_APPLICABLE,NOT_APPLICABLE,NOT_APPLICABLE,11.62,NOT_APPLICABLE,11.62,CONFIRMED_SPEND,Seller API /v1/finance/accrual/by-day,41,raw/backfill_v1/finance/accrual_by_day_20260827.json
2026-08-27,CPC_MEDIA,33678192,NOT_APPLICABLE,NOT_APPLICABLE,NOT_APPLICABLE,12.15,NOT_APPLICABLE,12.15,CONFIRMED_SPEND,Seller API /v1/finance/accrual/by-day,41,raw/backfill_v1/finance/accrual_by_day_20260827.json
2026-08-27,CPC_MEDIA,33678288,NOT_APPLICABLE,NOT_APPLICABLE,NOT_APPLICABLE,64.09,NOT_APPLICABLE,64.09,CONFIRMED_SPEND,Seller API /v1/finance/accrual/by-day,41,raw/backfill_v1/finance/accrual_by_day_20260827.json
2026-08-27,CPC_MEDIA,33703975,NOT_APPLICABLE,NOT_APPLICABLE,NOT_APPLICABLE,117.27,NOT_APPLICABLE,117.27,CONFIRMED_SPEND,Seller API /v1/finance/accrual/by-day,41,raw/backfill_v1/finance/accrual_by_day_20260827.json
2026-08-28,CPC_MEDIA,32157891,NOT_APPLICABLE,NOT_APPLICABLE,NOT_APPLICABLE,35.08,NOT_APPLICABLE,35.08,CONFIRMED_SPEND,Seller API /v1/finance/accrual/by-day,41,raw/backfill_v1/finance/accrual_by_day_20260828.json
2026-08-28,CPC_MEDIA,32157919,NOT_APPLICABLE,NOT_APPLICABLE,NOT_APPLICABLE,246.2,NOT_APPLICABLE,246.2,CONFIRMED_SPEND,Seller API /v1/finance/accrual/by-day,41,raw/backfill_v1/finance/accrual_by_day_20260828.json
2026-08-28,CPC_MEDIA,32157947,NOT_APPLICABLE,NOT_APPLICABLE,NOT_APPLICABLE,99.3,NOT_APPLICABLE,99.3,CONFIRMED_SPEND,Seller API /v1/finance/accrual/by-day,41,raw/backfill_v1/finance/accrual_by_day_20260828.json
2026-08-28,CPC_MEDIA,32157965,NOT_APPLICABLE,NOT_APPLICABLE,NOT_APPLICABLE,38.3,NOT_APPLICABLE,38.3,CONFIRMED_SPEND,Seller API /v1/finance/accrual/by-day,41,raw/backfill_v1/finance/accrual_by_day_20260828.json
2026-08-28,CPC_MEDIA,32157988,NOT_APPLICABLE,NOT_APPLICABLE,NOT_APPLICABLE,584.13,NOT_APPLICABLE,584.13,CONFIRMED_SPEND,Seller API /v1/finance/accrual/by-day,41,raw/backfill_v1/finance/accrual_by_day_20260828.json
2026-08-28,CPC_MEDIA,32158176,NOT_APPLICABLE,NOT_APPLICABLE,NOT_APPLICABLE,36.56,NOT_APPLICABLE,36.56,CONFIRMED_SPEND,Seller API /v1/finance/accrual/by-day,41,raw/backfill_v1/finance/accrual_by_day_20260828.json
2026-08-28,CPC_MEDIA,33678192,NOT_APPLICABLE,NOT_APPLICABLE,NOT_APPLICABLE,22.08,NOT_APPLICABLE,22.08,CONFIRMED_SPEND,Seller API /v1/finance/accrual/by-day,41,raw/backfill_v1/finance/accrual_by_day_20260828.json
2026-08-28,CPC_MEDIA,33678288,NOT_APPLICABLE,NOT_APPLICABLE,NOT_APPLICABLE,343.1,NOT_APPLICABLE,343.1,CONFIRMED_SPEND,Seller API /v1/finance/accrual/by-day,41,raw/backfill_v1/finance/accrual_by_day_20260828.json
2026-08-28,CPC_MEDIA,33703975,NOT_APPLICABLE,NOT_APPLICABLE,NOT_APPLICABLE,194.25,NOT_APPLICABLE,194.25,CONFIRMED_SPEND,Seller API /v1/finance/accrual/by-day,41,raw/backfill_v1/finance/accrual_by_day_20260828.json
2026-08-29,CPC_MEDIA,32157891,NOT_APPLICABLE,NOT_APPLICABLE,NOT_APPLICABLE,12.64,NOT_APPLICABLE,12.64,CONFIRMED_SPEND,Seller API /v1/finance/accrual/by-day,41,raw/backfill_v1/finance/accrual_by_day_20260829.json
2026-08-29,CPC_MEDIA,32157919,NOT_APPLICABLE,NOT_APPLICABLE,NOT_APPLICABLE,377.22,NOT_APPLICABLE,377.22,CONFIRMED_SPEND,Seller API /v1/finance/accrual/by-day,41,raw/backfill_v1/finance/accrual_by_day_20260829.json
2026-08-29,CPC_MEDIA,32157947,NOT_APPLICABLE,NOT_APPLICABLE,NOT_APPLICABLE,48.81,NOT_APPLICABLE,48.81,CONFIRMED_SPEND,Seller API /v1/finance/accrual/by-day,41,raw/backfill_v1/finance/accrual_by_day_20260829.json
2026-08-29,CPC_MEDIA,32157965,NOT_APPLICABLE,NOT_APPLICABLE,NOT_APPLICABLE,68.7,NOT_APPLICABLE,68.7,CONFIRMED_SPEND,Seller API /v1/finance/accrual/by-day,41,raw/backfill_v1/finance/accrual_by_day_20260829.json
2026-08-29,CPC_MEDIA,32157988,NOT_APPLICABLE,NOT_APPLICABLE,NOT_APPLICABLE,313.47,NOT_APPLICABLE,313.47,CONFIRMED_SPEND,Seller API /v1/finance/accrual/by-day,41,raw/backfill_v1/finance/accrual_by_day_20260829.json
2026-08-29,CPC_MEDIA,32158176,NOT_APPLICABLE,NOT_APPLICABLE,NOT_APPLICABLE,35.73,NOT_APPLICABLE,35.73,CONFIRMED_SPEND,Seller API /v1/finance/accrual/by-day,41,raw/backfill_v1/finance/accrual_by_day_20260829.json
2026-08-29,CPC_MEDIA,33678192,NOT_APPLICABLE,NOT_APPLICABLE,NOT_APPLICABLE,17.16,NOT_APPLICABLE,17.16,CONFIRMED_SPEND,Seller API /v1/finance/accrual/by-day,41,raw/backfill_v1/finance/accrual_by_day_20260829.json
2026-08-29,CPC_MEDIA,33678288,NOT_APPLICABLE,NOT_APPLICABLE,NOT_APPLICABLE,428.31,NOT_APPLICABLE,428.31,CONFIRMED_SPEND,Seller API /v1/finance/accrual/by-day,41,raw/backfill_v1/finance/accrual_by_day_20260829.json
2026-08-29,CPC_MEDIA,33703975,NOT_APPLICABLE,NOT_APPLICABLE,NOT_APPLICABLE,69.7,NOT_APPLICABLE,69.7,CONFIRMED_SPEND,Seller API /v1/finance/accrual/by-day,41,raw/backfill_v1/finance/accrual_by_day_20260829.json
2026-08-30,CPC_MEDIA,32157891,NOT_APPLICABLE,NOT_APPLICABLE,NOT_APPLICABLE,265.19,NOT_APPLICABLE,265.19,CONFIRMED_SPEND,Seller API /v1/finance/accrual/by-day,41,raw/backfill_v1/finance/accrual_by_day_20260830.json
2026-08-30,CPC_MEDIA,32157919,NOT_APPLICABLE,NOT_APPLICABLE,NOT_APPLICABLE,221.93,NOT_APPLICABLE,221.93,CONFIRMED_SPEND,Seller API /v1/finance/accrual/by-day,41,raw/backfill_v1/finance/accrual_by_day_20260830.json
2026-08-30,CPC_MEDIA,32157947,NOT_APPLICABLE,NOT_APPLICABLE,NOT_APPLICABLE,49.65,NOT_APPLICABLE,49.65,CONFIRMED_SPEND,Seller API /v1/finance/accrual/by-day,41,raw/backfill_v1/finance/accrual_by_day_20260830.json
2026-08-30,CPC_MEDIA,32157965,NOT_APPLICABLE,NOT_APPLICABLE,NOT_APPLICABLE,74.86,NOT_APPLICABLE,74.86,CONFIRMED_SPEND,Seller API /v1/finance/accrual/by-day,41,raw/backfill_v1/finance/accrual_by_day_20260830.json
2026-08-30,CPC_MEDIA,32157988,NOT_APPLICABLE,NOT_APPLICABLE,NOT_APPLICABLE,236.02,NOT_APPLICABLE,236.02,CONFIRMED_SPEND,Seller API /v1/finance/accrual/by-day,41,raw/backfill_v1/finance/accrual_by_day_20260830.json
2026-08-30,CPC_MEDIA,32158008,NOT_APPLICABLE,NOT_APPLICABLE,NOT_APPLICABLE,194.31,NOT_APPLICABLE,194.31,CONFIRMED_SPEND,Seller API /v1/finance/accrual/by-day,41,raw/backfill_v1/finance/accrual_by_day_20260830.json
2026-08-30,CPC_MEDIA,32158051,NOT_APPLICABLE,NOT_APPLICABLE,NOT_APPLICABLE,241.62,NOT_APPLICABLE,241.62,CONFIRMED_SPEND,Seller API /v1/finance/accrual/by-day,41,raw/backfill_v1/finance/accrual_by_day_20260830.json
2026-08-30,CPC_MEDIA,32158176,NOT_APPLICABLE,NOT_APPLICABLE,NOT_APPLICABLE,22.31,NOT_APPLICABLE,22.31,CONFIRMED_SPEND,Seller API /v1/finance/accrual/by-day,41,raw/backfill_v1/finance/accrual_by_day_20260830.json
2026-08-30,CPC_MEDIA,33678192,NOT_APPLICABLE,NOT_APPLICABLE,NOT_APPLICABLE,42.52,NOT_APPLICABLE,42.52,CONFIRMED_SPEND,Seller API /v1/finance/accrual/by-day,41,raw/backfill_v1/finance/accrual_by_day_20260830.json
2026-08-30,CPC_MEDIA,33678288,NOT_APPLICABLE,NOT_APPLICABLE,NOT_APPLICABLE,82.49,NOT_APPLICABLE,82.49,CONFIRMED_SPEND,Seller API /v1/finance/accrual/by-day,41,raw/backfill_v1/finance/accrual_by_day_20260830.json
2026-08-30,CPC_MEDIA,33703975,NOT_APPLICABLE,NOT_APPLICABLE,NOT_APPLICABLE,339.78,NOT_APPLICABLE,339.78,CONFIRMED_SPEND,Seller API /v1/finance/accrual/by-day,41,raw/backfill_v1/finance/accrual_by_day_20260830.json
2026-08-31,FIRST_REVIEW_PROMO,NOT_APPLICABLE,3892223191,930334397,EVT-SET-CHERRY-AMBER,894.26,NOT_APPLICABLE,894.26,CONFIRMED_SPEND,Seller API /v1/finance/accrual/by-day,116,raw/backfill_v1/finance/accrual_by_day_20260831.json
PERIOD_TOTAL,REF_BLOGGER_PLATFORM_FEE,ALL,NOT_APPLICABLE,NOT_APPLICABLE,NOT_APPLICABLE,0,NOT_APPLICABLE,0,CONFIRMED_ZERO_DIRECT_SPEND,Performance API + accrual/by-day,NOT_FOUND,см. LOG.md Stage 1.7
PERIOD_TOTAL,REF_BLOGGER_PRODUCT_COGS,NOT_APPLICABLE,NOT_APPLICABLE,NOT_APPLICABLE,NOT_APPLICABLE,NULL,NULL,NULL,NOT_PROVEN,/v3/posting/fbo/list financial_data,NOT_FOUND,raw/backfill_v1/seller/posting_fbo_*.json
PERIOD_TOTAL,REF_VK_PLATFORM_FEE,ALL,NOT_APPLICABLE,NOT_APPLICABLE,NOT_APPLICABLE,0,NOT_APPLICABLE,0,CONFIRMED_ZERO_DIRECT_SPEND,Performance API + accrual/by-day,NOT_FOUND,см. LOG.md Stage 1.7
PERIOD_TOTAL,REF_VK_PRODUCT_COGS,NOT_APPLICABLE,NOT_APPLICABLE,NOT_APPLICABLE,NOT_APPLICABLE,NULL,NULL,NULL,NOT_PROVEN,/v3/posting/fbo/list financial_data,NOT_FOUND,raw/backfill_v1/seller/posting_fbo_*.json
