date,campaign_id,campaign_group,campaign_state_current,ozon_sku,offer_id,internal_sku,expense_rub,impressions,clicks,cart_adds,orders,revenue_promo_rub,ordered_total_rub,drr_promo_pct,drr_total_pct,attribution_level,source_raw_file
2026-06-01,27251978,EVETIS_CPC_LEGACY,ARCHIVED,3530427102,535581675,EVT-FT-ACNE-150,46.31,374,15,0,1,730.0,0.0,6.3,0.0,SKU_ACTUAL,raw/backfill_v1/performance/sku_spend/27251978_01.06.2026-31.07.2026.csv
2026-06-01,27251978,EVETIS_CPC_LEGACY,ARCHIVED,3735674506,910584041,EVT-SET-TON-SER-CREAM-ACNE,16.76,155,3,0,0,0.0,0.0,0.0,0.0,SKU_ACTUAL,raw/backfill_v1/performance/sku_spend/27251978_01.06.2026-31.07.2026.csv
2026-06-01,27307535,EVETIS_CPC_LEGACY,ARCHIVED,1997079254,252442517,EVT-HC-HAND-300,14.34,217,4,0,0,0.0,0.0,0.0,0.0,SKU_ACTUAL,raw/backfill_v1/performance/sku_spend/27307535_01.06.2026-31.07.2026.csv
2026-06-01,27307535,EVETIS_CPC_LEGACY,ARCHIVED,3892518031,593111986,EVT-HC-CHERRY-300,0.0,69,0,0,0,0.0,0.0,0.0,0.0,SKU_ACTUAL,raw/backfill_v1/performance/sku_spend/27307535_01.06.2026-31.07.2026.csv
2026-06-01,27307535,EVETIS_CPC_LEGACY,ARCHIVED,3930712640,593111985,EVT-HC-AMBER-300,0.0,71,0,0,0,0.0,0.0,0.0,0.0,SKU_ACTUAL,raw/backfill_v1/performance/sku_spend/27307535_01.06.2026-31.07.2026.csv
2026-06-01,27307598,EVETIS_CPC_LEGACY,ARCHIVED,3528293526,535581674,EVT-FT-MOIST-150,16.41,280,8,0,0,0.0,0.0,0.0,0.0,SKU_ACTUAL,raw/backfill_v1/performance/sku_spend/27307598_01.06.2026-31.07.2026.csv
2026-06-01,27443733,EVETIS_CPC_LEGACY,ARCHIVED,3732641694,567668635,EVT-SET-SER-CREAM-ACNE,4.38,62,2,1,0,0.0,0.0,0.0,0.0,SKU_ACTUAL,raw/backfill_v1/performance/sku_spend/27443733_01.06.2026-31.07.2026.csv
2026-06-01,27443733,EVETIS_CPC_LEGACY,ARCHIVED,3733452761,868597351,EVT-SET-4PC-ACNE,26.81,122,10,1,0,0.0,0.0,0.0,0.0,SKU_ACTUAL,raw/backfill_v1/performance/sku_spend/27443733_01.06.2026-31.07.2026.csv
2026-06-01,27443733,EVETIS_CPC_LEGACY,ARCHIVED,3733947454,909951444,EVT-SET-ACNE-POWDER-SERUM-CREAM,7.1,36,2,1,0,0.0,0.0,0.0,0.0,SKU_ACTUAL,raw/backfill_v1/performance/sku_spend/27443733_01.06.2026-31.07.2026.csv
2026-06-01,27443733,EVETIS_CPC_LEGACY,ARCHIVED,3892223191,930334397,EVT-SET-CHERRY-AMBER,24.68,66,6,1,0,0.0,0.0,0.0,0.0,SKU_ACTUAL,raw/backfill_v1/performance/sku_spend/27443733_01.06.2026-31.07.2026.csv
2026-06-02,27251978,EVETIS_CPC_LEGACY,ARCHIVED,3530427102,535581675,EVT-FT-ACNE-150,37.16,506,13,0,0,0.0,0.0,0.0,0.0,SKU_ACTUAL,raw/backfill_v1/performance/sku_spend/27251978_01.06.2026-31.07.2026.csv
2026-06-02,27251978,EVETIS_CPC_LEGACY,ARCHIVED,3735674506,910584041,EVT-SET-TON-SER-CREAM-ACNE,33.48,239,7,2,0,0.0,0.0,0.0,0.0,SKU_ACTUAL,raw/backfill_v1/performance/sku_spend/27251978_01.06.2026-31.07.2026.csv
2026-06-02,27307535,EVETIS_CPC_LEGACY,ARCHIVED,1997079254,252442517,EVT-HC-HAND-300,21.75,265,6,3,1,530.0,1060.0,4.1,2.1,SKU_ACTUAL,raw/backfill_v1/performance/sku_spend/27307535_01.06.2026-31.07.2026.csv
2026-06-02,27307535,EVETIS_CPC_LEGACY,ARCHIVED,3892518031,593111986,EVT-HC-CHERRY-300,21.51,111,4,0,0,0.0,0.0,0.0,0.0,SKU_ACTUAL,raw/backfill_v1/performance/sku_spend/27307535_01.06.2026-31.07.2026.csv
2026-06-02,27307535,EVETIS_CPC_LEGACY,ARCHIVED,3930712640,593111985,EVT-HC-AMBER-300,0.0,81,0,0,0,0.0,0.0,0.0,0.0,SKU_ACTUAL,raw/backfill_v1/performance/sku_spend/27307535_01.06.2026-31.07.2026.csv
2026-06-02,27307598,EVETIS_CPC_LEGACY,ARCHIVED,3528293526,535581674,EVT-FT-MOIST-150,31.28,350,8,1,0,0.0,0.0,0.0,0.0,SKU_ACTUAL,raw/backfill_v1/performance/sku_spend/27307598_01.06.2026-31.07.2026.csv
2026-06-02,27443733,EVETIS_CPC_LEGACY,ARCHIVED,3732641694,567668635,EVT-SET-SER-CREAM-ACNE,13.21,231,4,0,0,0.0,0.0,0.0,0.0,SKU_ACTUAL,raw/backfill_v1/performance/sku_spend/27443733_01.06.2026-31.07.2026.csv
2026-06-02,27443733,EVETIS_CPC_LEGACY,ARCHIVED,3733452761,868597351,EVT-SET-4PC-ACNE,27.13,169,10,0,0,0.0,0.0,0.0,0.0,SKU_ACTUAL,raw/backfill_v1/performance/sku_spend/27443733_01.06.2026-31.07.2026.csv
2026-06-02,27443733,EVETIS_CPC_LEGACY,ARCHIVED,3733947454,909951444,EVT-SET-ACNE-POWDER-SERUM-CREAM,7.6,62,2,0,0,0.0,0.0,0.0,0.0,SKU_ACTUAL,raw/backfill_v1/performance/sku_spend/27443733_01.06.2026-31.07.2026.csv
2026-06-02,27443733,EVETIS_CPC_LEGACY,ARCHIVED,3892223191,930334397,EVT-SET-CHERRY-AMBER,4.63,59,1,0,0,0.0,0.0,0.0,0.0,SKU_ACTUAL,raw/backfill_v1/performance/sku_spend/27443733_01.06.2026-31.07.2026.csv
2026-06-03,27251978,EVETIS_CPC_LEGACY,ARCHIVED,3530427102,535581675,EVT-FT-ACNE-150,21.48,211,8,0,0,0.0,0.0,0.0,0.0,SKU_ACTUAL,raw/backfill_v1/performance/sku_spend/27251978_01.06.2026-31.07.2026.csv
2026-06-03,27251978,EVETIS_CPC_LEGACY,ARCHIVED,3735674506,910584041,EVT-SET-TON-SER-CREAM-ACNE,29.34,207,6,1,0,0.0,0.0,0.0,0.0,SKU_ACTUAL,raw/backfill_v1/performance/sku_spend/27251978_01.06.2026-31.07.2026.csv
2026-06-03,27307535,EVETIS_CPC_LEGACY,ARCHIVED,1997079254,252442517,EVT-HC-HAND-300,30.83,222,7,0,1,480.0,1060.0,6.4,2.9,SKU_ACTUAL,raw/backfill_v1/performance/sku_spend/27307535_01.06.2026-31.07.2026.csv
2026-06-03,27307535,EVETIS_CPC_LEGACY,ARCHIVED,3892518031,593111986,EVT-HC-CHERRY-300,0.0,109,0,0,0,0.0,0.0,0.0,0.0,SKU_ACTUAL,raw/backfill_v1/performance/sku_spend/27307535_01.06.2026-31.07.2026.csv
2026-06-03,27307535,EVETIS_CPC_LEGACY,ARCHIVED,3930712640,593111985,EVT-HC-AMBER-300,9.17,76,2,1,0,0.0,0.0,0.0,0.0,SKU_ACTUAL,raw/backfill_v1/performance/sku_spend/27307535_01.06.2026-31.07.2026.csv
2026-06-03,27307598,EVETIS_CPC_LEGACY,ARCHIVED,3528293526,535581674,EVT-FT-MOIST-150,19.5,416,7,0,0,0.0,0.0,0.0,0.0,SKU_ACTUAL,raw/backfill_v1/performance/sku_spend/27307598_01.06.2026-31.07.2026.csv
2026-06-03,27443733,EVETIS_CPC_LEGACY,ARCHIVED,3732641694,567668635,EVT-SET-SER-CREAM-ACNE,18.6,273,4,0,0,0.0,0.0,0.0,0.0,SKU_ACTUAL,raw/backfill_v1/performance/sku_spend/27443733_01.06.2026-31.07.2026.csv
2026-06-03,27443733,EVETIS_CPC_LEGACY,ARCHIVED,3733452761,868597351,EVT-SET-4PC-ACNE,12.52,150,4,0,0,0.0,0.0,0.0,0.0,SKU_ACTUAL,raw/backfill_v1/performance/sku_spend/27443733_01.06.2026-31.07.2026.csv
2026-06-03,27443733,EVETIS_CPC_LEGACY,ARCHIVED,3733947454,909951444,EVT-SET-ACNE-POWDER-SERUM-CREAM,11.7,73,3,0,0,0.0,0.0,0.0,0.0,SKU_ACTUAL,raw/backfill_v1/performance/sku_spend/27443733_01.06.2026-31.07.2026.csv
2026-06-03,27443733,EVETIS_CPC_LEGACY,ARCHIVED,3892223191,930334397,EVT-SET-CHERRY-AMBER,3.98,99,1,0,0,0.0,0.0,0.0,0.0,SKU_ACTUAL,raw/backfill_v1/performance/sku_spend/27443733_01.06.2026-31.07.2026.csv
2026-06-04,27251978,EVETIS_CPC_LEGACY,ARCHIVED,3530427102,535581675,EVT-FT-ACNE-150,19.88,229,6,1,1,730.0,730.0,2.7,2.7,SKU_ACTUAL,raw/backfill_v1/performance/sku_spend/27251978_01.06.2026-31.07.2026.csv
2026-06-04,27251978,EVETIS_CPC_LEGACY,ARCHIVED,3735674506,910584041,EVT-SET-TON-SER-CREAM-ACNE,24.59,148,5,1,0,0.0,0.0,0.0,0.0,SKU_ACTUAL,raw/backfill_v1/performance/sku_spend/27251978_01.06.2026-31.07.2026.csv
2026-06-04,27307535,EVETIS_CPC_LEGACY,ARCHIVED,1997079254,252442517,EVT-HC-HAND-300,6.99,304,3,0,0,0.0,0.0,0.0,0.0,SKU_ACTUAL,raw/backfill_v1/performance/sku_spend/27307535_01.06.2026-31.07.2026.csv
2026-06-04,27307535,EVETIS_CPC_LEGACY,ARCHIVED,3892518031,593111986,EVT-HC-CHERRY-300,0.0,109,0,0,0,0.0,0.0,0.0,0.0,SKU_ACTUAL,raw/backfill_v1/performance/sku_spend/27307535_01.06.2026-31.07.2026.csv
2026-06-04,27307535,EVETIS_CPC_LEGACY,ARCHIVED,3930712640,593111985,EVT-HC-AMBER-300,0.0,51,0,0,0,0.0,0.0,0.0,0.0,SKU_ACTUAL,raw/backfill_v1/performance/sku_spend/27307535_01.06.2026-31.07.2026.csv
2026-06-04,27307598,EVETIS_CPC_LEGACY,ARCHIVED,3528293526,535581674,EVT-FT-MOIST-150,28.45,501,8,0,0,0.0,0.0,0.0,0.0,SKU_ACTUAL,raw/backfill_v1/performance/sku_spend/27307598_01.06.2026-31.07.2026.csv
2026-06-04,27443733,EVETIS_CPC_LEGACY,ARCHIVED,3732641694,567668635,EVT-SET-SER-CREAM-ACNE,18.6,398,3,1,0,0.0,0.0,0.0,0.0,SKU_ACTUAL,raw/backfill_v1/performance/sku_spend/27443733_01.06.2026-31.07.2026.csv
2026-06-04,27443733,EVETIS_CPC_LEGACY,ARCHIVED,3733452761,868597351,EVT-SET-4PC-ACNE,14.14,129,6,1,0,0.0,0.0,0.0,0.0,SKU_ACTUAL,raw/backfill_v1/performance/sku_spend/27443733_01.06.2026-31.07.2026.csv
2026-06-04,27443733,EVETIS_CPC_LEGACY,ARCHIVED,3733947454,909951444,EVT-SET-ACNE-POWDER-SERUM-CREAM,6.74,86,2,0,0,0.0,0.0,0.0,0.0,SKU_ACTUAL,raw/backfill_v1/performance/sku_spend/27443733_01.06.2026-31.07.2026.csv
2026-06-04,27443733,EVETIS_CPC_LEGACY,ARCHIVED,3892223191,930334397,EVT-SET-CHERRY-AMBER,20.5,71,2,0,0,0.0,0.0,0.0,0.0,SKU_ACTUAL,raw/backfill_v1/performance/sku_spend/27443733_01.06.2026-31.07.2026.csv
2026-06-05,27251978,EVETIS_CPC_LEGACY,ARCHIVED,3530427102,535581675,EVT-FT-ACNE-150,22.82,251,8,1,0,0.0,1567.0,0.0,1.5,SKU_ACTUAL,raw/backfill_v1/performance/sku_spend/27251978_01.06.2026-31.07.2026.csv
2026-06-05,27251978,EVETIS_CPC_LEGACY,ARCHIVED,3735674506,910584041,EVT-SET-TON-SER-CREAM-ACNE,28.87,180,5,0,0,0.0,0.0,0.0,0.0,SKU_ACTUAL,raw/backfill_v1/performance/sku_spend/27251978_01.06.2026-31.07.2026.csv
2026-06-05,27307535,EVETIS_CPC_LEGACY,ARCHIVED,1997079254,252442517,EVT-HC-HAND-300,22.74,354,5,3,0,0.0,556.0,0.0,4.1,SKU_ACTUAL,raw/backfill_v1/performance/sku_spend/27307535_01.06.2026-31.07.2026.csv
2026-06-05,27307535,EVETIS_CPC_LEGACY,ARCHIVED,3892518031,593111986,EVT-HC-CHERRY-300,3.06,124,1,0,0,0.0,0.0,0.0,0.0,SKU_ACTUAL,raw/backfill_v1/performance/sku_spend/27307535_01.06.2026-31.07.2026.csv
2026-06-05,27307535,EVETIS_CPC_LEGACY,ARCHIVED,3930712640,593111985,EVT-HC-AMBER-300,0.0,69,0,0,0,0.0,0.0,0.0,0.0,SKU_ACTUAL,raw/backfill_v1/performance/sku_spend/27307535_01.06.2026-31.07.2026.csv
2026-06-05,27307598,EVETIS_CPC_LEGACY,ARCHIVED,3528293526,535581674,EVT-FT-MOIST-150,45.64,507,12,1,0,0.0,0.0,0.0,0.0,SKU_ACTUAL,raw/backfill_v1/performance/sku_spend/27307598_01.06.2026-31.07.2026.csv
2026-06-05,27443733,EVETIS_CPC_LEGACY,ARCHIVED,3732641694,567668635,EVT-SET-SER-CREAM-ACNE,40.22,475,8,0,0,0.0,1120.0,0.0,3.6,SKU_ACTUAL,raw/backfill_v1/performance/sku_spend/27443733_01.06.2026-31.07.2026.csv
2026-06-05,27443733,EVETIS_CPC_LEGACY,ARCHIVED,3733452761,868597351,EVT-SET-4PC-ACNE,18.05,120,9,1,0,0.0,2150.0,0.0,0.8,SKU_ACTUAL,raw/backfill_v1/performance/sku_spend/27443733_01.06.2026-31.07.2026.csv
2026-06-05,27443733,EVETIS_CPC_LEGACY,ARCHIVED,3733947454,909951444,EVT-SET-ACNE-POWDER-SERUM-CREAM,4.58,105,1,0,0,0.0,0.0,0.0,0.0,SKU_ACTUAL,raw/backfill_v1/performance/sku_spend/27443733_01.06.2026-31.07.2026.csv
2026-06-05,27443733,EVETIS_CPC_LEGACY,ARCHIVED,3892223191,930334397,EVT-SET-CHERRY-AMBER,0.0,50,0,0,0,0.0,0.0,0.0,0.0,SKU_ACTUAL,raw/backfill_v1/performance/sku_spend/27443733_01.06.2026-31.07.2026.csv
2026-06-05,27443733,EVETIS_CPC_LEGACY,ARCHIVED,3892345516,930334395,EVT-SET-HAND-CHERRY,0.0,20,0,0,0,0.0,0.0,0.0,0.0,SKU_ACTUAL,raw/backfill_v1/performance/sku_spend/27443733_01.06.2026-31.07.2026.csv
2026-06-05,27443733,EVETIS_CPC_LEGACY,ARCHIVED,3892410843,930334396,EVT-SET-HAND-AMBER,0.0,19,0,0,0,0.0,0.0,0.0,0.0,SKU_ACTUAL,raw/backfill_v1/performance/sku_spend/27443733_01.06.2026-31.07.2026.csv
2026-06-06,27251978,EVETIS_CPC_LEGACY,ARCHIVED,3530427102,535581675,EVT-FT-ACNE-150,33.27,277,11,0,0,0.0,0.0,0.0,0.0,SKU_ACTUAL,raw/backfill_v1/performance/sku_spend/27251978_01.06.2026-31.07.2026.csv
2026-06-06,27251978,EVETIS_CPC_LEGACY,ARCHIVED,3735674506,910584041,EVT-SET-TON-SER-CREAM-ACNE,40.42,199,8,1,0,0.0,0.0,0.0,0.0,SKU_ACTUAL,raw/backfill_v1/performance/sku_spend/27251978_01.06.2026-31.07.2026.csv
2026-06-06,27307535,EVETIS_CPC_LEGACY,ARCHIVED,1997079254,252442517,EVT-HC-HAND-300,30.22,342,8,0,1,530.0,0.0,5.7,0.0,SKU_ACTUAL,raw/backfill_v1/performance/sku_spend/27307535_01.06.2026-31.07.2026.csv
2026-06-06,27307535,EVETIS_CPC_LEGACY,ARCHIVED,3892518031,593111986,EVT-HC-CHERRY-300,35.78,169,5,2,0,0.0,0.0,0.0,0.0,SKU_ACTUAL,raw/backfill_v1/performance/sku_spend/27307535_01.06.2026-31.07.2026.csv
2026-06-06,27307535,EVETIS_CPC_LEGACY,ARCHIVED,3930712640,593111985,EVT-HC-AMBER-300,9.99,124,1,0,0,0.0,0.0,0.0,0.0,SKU_ACTUAL,raw/backfill_v1/performance/sku_spend/27307535_01.06.2026-31.07.2026.csv
2026-06-06,27307598,EVETIS_CPC_LEGACY,ARCHIVED,3528293526,535581674,EVT-FT-MOIST-150,101.01,547,22,1,0,0.0,858.0,0.0,11.8,SKU_ACTUAL,raw/backfill_v1/performance/sku_spend/27307598_01.06.2026-31.07.2026.csv
2026-06-06,27443733,EVETIS_CPC_LEGACY,ARCHIVED,3732641694,567668635,EVT-SET-SER-CREAM-ACNE,36.06,377,6,1,0,0.0,0.0,0.0,0.0,SKU_ACTUAL,raw/backfill_v1/performance/sku_spend/27443733_01.06.2026-31.07.2026.csv
2026-06-06,27443733,EVETIS_CPC_LEGACY,ARCHIVED,3733452761,868597351,EVT-SET-4PC-ACNE,27.16,171,8,1,0,0.0,2302.0,0.0,1.2,SKU_ACTUAL,raw/backfill_v1/performance/sku_spend/27443733_01.06.2026-31.07.2026.csv
2026-06-06,27443733,EVETIS_CPC_LEGACY,ARCHIVED,3733947454,909951444,EVT-SET-ACNE-POWDER-SERUM-CREAM,46.6,120,6,1,0,0.0,0.0,0.0,0.0,SKU_ACTUAL,raw/backfill_v1/performance/sku_spend/27443733_01.06.2026-31.07.2026.csv
2026-06-06,27443733,EVETIS_CPC_LEGACY,ARCHIVED,3892223191,930334397,EVT-SET-CHERRY-AMBER,5.75,40,1,0,0,0.0,0.0,0.0,0.0,SKU_ACTUAL,raw/backfill_v1/performance/sku_spend/27443733_01.06.2026-31.07.2026.csv
2026-06-06,27443733,EVETIS_CPC_LEGACY,ARCHIVED,3892345516,930334395,EVT-SET-HAND-CHERRY,0.0,27,0,0,0,0.0,0.0,0.0,0.0,SKU_ACTUAL,raw/backfill_v1/performance/sku_spend/27443733_01.06.2026-31.07.2026.csv
2026-06-06,27443733,EVETIS_CPC_LEGACY,ARCHIVED,3892410843,930334396,EVT-SET-HAND-AMBER,7.7,219,1,1,0,0.0,0.0,0.0,0.0,SKU_ACTUAL,raw/backfill_v1/performance/sku_spend/27443733_01.06.2026-31.07.2026.csv
2026-06-07,27251978,EVETIS_CPC_LEGACY,ARCHIVED,3530427102,535581675,EVT-FT-ACNE-150,23.03,288,8,2,0,0.0,837.0,0.0,2.8,SKU_ACTUAL,raw/backfill_v1/performance/sku_spend/27251978_01.06.2026-31.07.2026.csv
2026-06-07,27251978,EVETIS_CPC_LEGACY,ARCHIVED,3735674506,910584041,EVT-SET-TON-SER-CREAM-ACNE,69.13,329,14,2,0,0.0,3260.0,0.0,2.1,SKU_ACTUAL,raw/backfill_v1/performance/sku_spend/27251978_01.06.2026-31.07.2026.csv
2026-06-07,27307535,EVETIS_CPC_LEGACY,ARCHIVED,1997079254,252442517,EVT-HC-HAND-300,37.57,477,10,1,0,0.0,1085.0,0.0,3.5,SKU_ACTUAL,raw/backfill_v1/performance/sku_spend/27307535_01.06.2026-31.07.2026.csv
2026-06-07,27307535,EVETIS_CPC_LEGACY,ARCHIVED,3892518031,593111986,EVT-HC-CHERRY-300,46.86,303,6,1,0,0.0,0.0,0.0,0.0,SKU_ACTUAL,raw/backfill_v1/performance/sku_spend/27307535_01.06.2026-31.07.2026.csv
2026-06-07,27307535,EVETIS_CPC_LEGACY,ARCHIVED,3930712640,593111985,EVT-HC-AMBER-300,42.4,183,5,1,0,0.0,0.0,0.0,0.0,SKU_ACTUAL,raw/backfill_v1/performance/sku_spend/27307535_01.06.2026-31.07.2026.csv
2026-06-07,27307598,EVETIS_CPC_LEGACY,ARCHIVED,3528293526,535581674,EVT-FT-MOIST-150,61.54,399,14,1,0,0.0,0.0,0.0,0.0,SKU_ACTUAL,raw/backfill_v1/performance/sku_spend/27307598_01.06.2026-31.07.2026.csv
2026-06-07,27443733,EVETIS_CPC_LEGACY,ARCHIVED,3732641694,567668635,EVT-SET-SER-CREAM-ACNE,63.87,431,10,0,0,0.0,0.0,0.0,0.0,SKU_ACTUAL,raw/backfill_v1/performance/sku_spend/27443733_01.06.2026-31.07.2026.csv
2026-06-07,27443733,EVETIS_CPC_LEGACY,ARCHIVED,3733452761,868597351,EVT-SET-4PC-ACNE,54.04,219,12,1,0,0.0,0.0,0.0,0.0,SKU_ACTUAL,raw/backfill_v1/performance/sku_spend/27443733_01.06.2026-31.07.2026.csv
2026-06-07,27443733,EVETIS_CPC_LEGACY,ARCHIVED,3733947454,909951444,EVT-SET-ACNE-POWDER-SERUM-CREAM,50.26,174,5,2,0,0.0,0.0,0.0,0.0,SKU_ACTUAL,raw/backfill_v1/performance/sku_spend/27443733_01.06.2026-31.07.2026.csv
2026-06-07,27443733,EVETIS_CPC_LEGACY,ARCHIVED,3892223191,930334397,EVT-SET-CHERRY-AMBER,0.0,36,0,0,0,0.0,0.0,0.0,0.0,SKU_ACTUAL,raw/backfill_v1/performance/sku_spend/27443733_01.06.2026-31.07.2026.csv
2026-06-07,27443733,EVETIS_CPC_LEGACY,ARCHIVED,3892345516,930334395,EVT-SET-HAND-CHERRY,0.0,73,0,0,0,0.0,0.0,0.0,0.0,SKU_ACTUAL,raw/backfill_v1/performance/sku_spend/27443733_01.06.2026-31.07.2026.csv
2026-06-07,27443733,EVETIS_CPC_LEGACY,ARCHIVED,3892410843,930334396,EVT-SET-HAND-AMBER,0.0,273,0,0,0,0.0,0.0,0.0,0.0,SKU_ACTUAL,raw/backfill_v1/performance/sku_spend/27443733_01.06.2026-31.07.2026.csv
2026-06-08,27251978,EVETIS_CPC_LEGACY,ARCHIVED,3530427102,535581675,EVT-FT-ACNE-150,7.61,226,3,0,0,0.0,837.0,0.0,0.9,SKU_ACTUAL,raw/backfill_v1/performance/sku_spend/27251978_01.06.2026-31.07.2026.csv
2026-06-08,27251978,EVETIS_CPC_LEGACY,ARCHIVED,3735674506,910584041,EVT-SET-TON-SER-CREAM-ACNE,77.34,340,15,1,0,0.0,0.0,0.0,0.0,SKU_ACTUAL,raw/backfill_v1/performance/sku_spend/27251978_01.06.2026-31.07.2026.csv
2026-06-08,27307535,EVETIS_CPC_LEGACY,ARCHIVED,1997079254,252442517,EVT-HC-HAND-300,28.31,306,8,1,0,0.0,1668.0,0.0,1.7,SKU_ACTUAL,raw/backfill_v1/performance/sku_spend/27307535_01.06.2026-31.07.2026.csv
2026-06-08,27307535,EVETIS_CPC_LEGACY,ARCHIVED,3892518031,593111986,EVT-HC-CHERRY-300,7.62,318,2,0,0,0.0,0.0,0.0,0.0,SKU_ACTUAL,raw/backfill_v1/performance/sku_spend/27307535_01.06.2026-31.07.2026.csv
2026-06-08,27307535,EVETIS_CPC_LEGACY,ARCHIVED,3930712640,593111985,EVT-HC-AMBER-300,26.0,260,3,0,0,0.0,0.0,0.0,0.0,SKU_ACTUAL,raw/backfill_v1/performance/sku_spend/27307535_01.06.2026-31.07.2026.csv
2026-06-08,27307598,EVETIS_CPC_LEGACY,ARCHIVED,3528293526,535581674,EVT-FT-MOIST-150,28.47,186,7,1,0,0.0,0.0,0.0,0.0,SKU_ACTUAL,raw/backfill_v1/performance/sku_spend/27307598_01.06.2026-31.07.2026.csv
2026-06-08,27443733,EVETIS_CPC_LEGACY,ARCHIVED,3732641694,567668635,EVT-SET-SER-CREAM-ACNE,15.38,439,3,1,0,0.0,0.0,0.0,0.0,SKU_ACTUAL,raw/backfill_v1/performance/sku_spend/27443733_01.06.2026-31.07.2026.csv
2026-06-08,27443733,EVETIS_CPC_LEGACY,ARCHIVED,3733452761,868597351,EVT-SET-4PC-ACNE,69.39,277,18,2,0,0.0,0.0,0.0,0.0,SKU_ACTUAL,raw/backfill_v1/performance/sku_spend/27443733_01.06.2026-31.07.2026.csv
2026-06-08,27443733,EVETIS_CPC_LEGACY,ARCHIVED,3733947454,909951444,EVT-SET-ACNE-POWDER-SERUM-CREAM,45.43,246,6,2,1,1680.0,1680.0,2.7,2.7,SKU_ACTUAL,raw/backfill_v1/performance/sku_spend/27443733_01.06.2026-31.07.2026.csv
2026-06-08,27443733,EVETIS_CPC_LEGACY,ARCHIVED,3892223191,930334397,EVT-SET-CHERRY-AMBER,0.0,49,0,0,0,0.0,0.0,0.0,0.0,SKU_ACTUAL,raw/backfill_v1/performance/sku_spend/27443733_01.06.2026-31.07.2026.csv
2026-06-08,27443733,EVETIS_CPC_LEGACY,ARCHIVED,3892345516,930334395,EVT-SET-HAND-CHERRY,0.0,98,0,0,0,0.0,0.0,0.0,0.0,SKU_ACTUAL,raw/backfill_v1/performance/sku_spend/27443733_01.06.2026-31.07.2026.csv
2026-06-08,27443733,EVETIS_CPC_LEGACY,ARCHIVED,3892410843,930334396,EVT-SET-HAND-AMBER,1.0,138,1,1,0,0.0,0.0,0.0,0.0,SKU_ACTUAL,raw/backfill_v1/performance/sku_spend/27443733_01.06.2026-31.07.2026.csv
2026-06-09,27251978,EVETIS_CPC_LEGACY,ARCHIVED,3530427102,535581675,EVT-FT-ACNE-150,10.6,204,4,0,1,837.0,0.0,1.3,0.0,SKU_ACTUAL,raw/backfill_v1/performance/sku_spend/27251978_01.06.2026-31.07.2026.csv
2026-06-09,27251978,EVETIS_CPC_LEGACY,ARCHIVED,3735674506,910584041,EVT-SET-TON-SER-CREAM-ACNE,100.53,365,19,6,1,1630.0,1630.0,6.2,6.2,SKU_ACTUAL,raw/backfill_v1/performance/sku_spend/27251978_01.06.2026-31.07.2026.csv
2026-06-09,27307535,EVETIS_CPC_LEGACY,ARCHIVED,3892518031,593111986,EVT-HC-CHERRY-300,15.29,295,2,1,0,0.0,0.0,0.0,0.0,SKU_ACTUAL,raw/backfill_v1/performance/sku_spend/27307535_01.06.2026-31.07.2026.csv
2026-06-09,27307535,EVETIS_CPC_LEGACY,ARCHIVED,3930712640,593111985,EVT-HC-AMBER-300,43.67,286,5,1,0,0.0,0.0,0.0,0.0,SKU_ACTUAL,raw/backfill_v1/performance/sku_spend/27307535_01.06.2026-31.07.2026.csv
2026-06-09,27307598,EVETIS_CPC_LEGACY,ARCHIVED,3528293526,535581674,EVT-FT-MOIST-150,19.84,170,6,0,0,0.0,0.0,0.0,0.0,SKU_ACTUAL,raw/backfill_v1/performance/sku_spend/27307598_01.06.2026-31.07.2026.csv
2026-06-09,27443733,EVETIS_CPC_LEGACY,ARCHIVED,3732641694,567668635,EVT-SET-SER-CREAM-ACNE,49.08,428,8,0,0,0.0,0.0,0.0,0.0,SKU_ACTUAL,raw/backfill_v1/performance/sku_spend/27443733_01.06.2026-31.07.2026.csv
2026-06-09,27443733,EVETIS_CPC_LEGACY,ARCHIVED,3733452761,868597351,EVT-SET-4PC-ACNE,42.62,312,11,1,0,0.0,0.0,0.0,0.0,SKU_ACTUAL,raw/backfill_v1/performance/sku_spend/27443733_01.06.2026-31.07.2026.csv
2026-06-09,27443733,EVETIS_CPC_LEGACY,ARCHIVED,3733947454,909951444,EVT-SET-ACNE-POWDER-SERUM-CREAM,36.73,281,5,0,0,0.0,0.0,0.0,0.0,SKU_ACTUAL,raw/backfill_v1/performance/sku_spend/27443733_01.06.2026-31.07.2026.csv
2026-06-09,27443733,EVETIS_CPC_LEGACY,ARCHIVED,3892223191,930334397,EVT-SET-CHERRY-AMBER,1.0,88,1,0,0,0.0,0.0,0.0,0.0,SKU_ACTUAL,raw/backfill_v1/performance/sku_spend/27443733_01.06.2026-31.07.2026.csv
2026-06-09,27443733,EVETIS_CPC_LEGACY,ARCHIVED,3892345516,930334395,EVT-SET-HAND-CHERRY,12.53,137,3,0,0,0.0,0.0,0.0,0.0,SKU_ACTUAL,raw/backfill_v1/performance/sku_spend/27443733_01.06.2026-31.07.2026.csv
2026-06-09,27443733,EVETIS_CPC_LEGACY,ARCHIVED,3892410843,930334396,EVT-SET-HAND-AMBER,17.44,399,2,1,0,0.0,0.0,0.0,0.0,SKU_ACTUAL,raw/backfill_v1/performance/sku_spend/27443733_01.06.2026-31.07.2026.csv
2026-06-10,27251978,EVETIS_CPC_LEGACY,ARCHIVED,3530427102,535581675,EVT-FT-ACNE-150,11.48,173,4,0,0,0.0,0.0,0.0,0.0,SKU_ACTUAL,raw/backfill_v1/performance/sku_spend/27251978_01.06.2026-31.07.2026.csv
2026-06-10,27251978,EVETIS_CPC_LEGACY,ARCHIVED,3735674506,910584041,EVT-SET-TON-SER-CREAM-ACNE,38.31,355,9,1,0,0.0,0.0,0.0,0.0,SKU_ACTUAL,raw/backfill_v1/performance/sku_spend/27251978_01.06.2026-31.07.2026.csv
2026-06-10,27307535,EVETIS_CPC_LEGACY,ARCHIVED,3892518031,593111986,EVT-HC-CHERRY-300,14.8,257,2,0,0,0.0,0.0,0.0,0.0,SKU_ACTUAL,raw/backfill_v1/performance/sku_spend/27307535_01.06.2026-31.07.2026.csv
2026-06-10,27307535,EVETIS_CPC_LEGACY,ARCHIVED,3930712640,593111985,EVT-HC-AMBER-300,87.91,436,10,1,0,0.0,0.0,0.0,0.0,SKU_ACTUAL,raw/backfill_v1/performance/sku_spend/27307535_01.06.2026-31.07.2026.csv
2026-06-10,27307598,EVETIS_CPC_LEGACY,ARCHIVED,3528293526,535581674,EVT-FT-MOIST-150,32.29,136,10,1,0,0.0,0.0,0.0,0.0,SKU_ACTUAL,raw/backfill_v1/performance/sku_spend/27307598_01.06.2026-31.07.2026.csv
2026-06-10,27443733,EVETIS_CPC_LEGACY,ARCHIVED,3732641694,567668635,EVT-SET-SER-CREAM-ACNE,66.75,461,12,0,0,0.0,0.0,0.0,0.0,SKU_ACTUAL,raw/backfill_v1/performance/sku_spend/27443733_01.06.2026-31.07.2026.csv
2026-06-10,27443733,EVETIS_CPC_LEGACY,ARCHIVED,3733452761,868597351,EVT-SET-4PC-ACNE,81.37,304,22,2,0,0.0,2187.0,0.0,3.7,SKU_ACTUAL,raw/backfill_v1/performance/sku_spend/27443733_01.06.2026-31.07.2026.csv
2026-06-10,27443733,EVETIS_CPC_LEGACY,ARCHIVED,3733947454,909951444,EVT-SET-ACNE-POWDER-SERUM-CREAM,27.15,207,4,2,0,0.0,0.0,0.0,0.0,SKU_ACTUAL,raw/backfill_v1/performance/sku_spend/27443733_01.06.2026-31.07.2026.csv
2026-06-10,27443733,EVETIS_CPC_LEGACY,ARCHIVED,3892223191,930334397,EVT-SET-CHERRY-AMBER,10.45,65,1,0,0,0.0,0.0,0.0,0.0,SKU_ACTUAL,raw/backfill_v1/performance/sku_spend/27443733_01.06.2026-31.07.2026.csv
2026-06-10,27443733,EVETIS_CPC_LEGACY,ARCHIVED,3892345516,930334395,EVT-SET-HAND-CHERRY,15.39,125,2,0,0,0.0,0.0,0.0,0.0,SKU_ACTUAL,raw/backfill_v1/performance/sku_spend/27443733_01.06.2026-31.07.2026.csv
2026-06-10,27443733,EVETIS_CPC_LEGACY,ARCHIVED,3892410843,930334396,EVT-SET-HAND-AMBER,63.43,414,6,1,0,0.0,0.0,0.0,0.0,SKU_ACTUAL,raw/backfill_v1/performance/sku_spend/27443733_01.06.2026-31.07.2026.csv
2026-06-11,27251978,EVETIS_CPC_LEGACY,ARCHIVED,3530427102,535581675,EVT-FT-ACNE-150,11.18,172,5,0,0,0.0,859.0,0.0,1.3,SKU_ACTUAL,raw/backfill_v1/performance/sku_spend/27251978_01.06.2026-31.07.2026.csv
2026-06-11,27251978,EVETIS_CPC_LEGACY,ARCHIVED,3735674506,910584041,EVT-SET-TON-SER-CREAM-ACNE,70.65,354,16,0,0,0.0,0.0,0.0,0.0,SKU_ACTUAL,raw/backfill_v1/performance/sku_spend/27251978_01.06.2026-31.07.2026.csv
2026-06-11,27307535,EVETIS_CPC_LEGACY,ARCHIVED,3892518031,593111986,EVT-HC-CHERRY-300,21.98,177,3,0,0,0.0,0.0,0.0,0.0,SKU_ACTUAL,raw/backfill_v1/performance/sku_spend/27307535_01.06.2026-31.07.2026.csv
2026-06-11,27307535,EVETIS_CPC_LEGACY,ARCHIVED,3930712640,593111985,EVT-HC-AMBER-300,69.92,742,8,0,0,0.0,0.0,0.0,0.0,SKU_ACTUAL,raw/backfill_v1/performance/sku_spend/27307535_01.06.2026-31.07.2026.csv
2026-06-11,27307598,EVETIS_CPC_LEGACY,ARCHIVED,3528293526,535581674,EVT-FT-MOIST-150,29.68,141,9,1,0,0.0,0.0,0.0,0.0,SKU_ACTUAL,raw/backfill_v1/performance/sku_spend/27307598_01.06.2026-31.07.2026.csv
2026-06-11,27443733,EVETIS_CPC_LEGACY,ARCHIVED,3732641694,567668635,EVT-SET-SER-CREAM-ACNE,40.9,351,7,2,0,0.0,0.0,0.0,0.0,SKU_ACTUAL,raw/backfill_v1/performance/sku_spend/27443733_01.06.2026-31.07.2026.csv
2026-06-11,27443733,EVETIS_CPC_LEGACY,ARCHIVED,3733452761,868597351,EVT-SET-4PC-ACNE,76.0,353,21,3,0,0.0,2430.0,0.0,3.1,SKU_ACTUAL,raw/backfill_v1/performance/sku_spend/27443733_01.06.2026-31.07.2026.csv
2026-06-11,27443733,EVETIS_CPC_LEGACY,ARCHIVED,3733947454,909951444,EVT-SET-ACNE-POWDER-SERUM-CREAM,73.32,183,9,4,0,0.0,0.0,0.0,0.0,SKU_ACTUAL,raw/backfill_v1/performance/sku_spend/27443733_01.06.2026-31.07.2026.csv
2026-06-11,27443733,EVETIS_CPC_LEGACY,ARCHIVED,3892223191,930334397,EVT-SET-CHERRY-AMBER,0.0,62,0,0,0,0.0,0.0,0.0,0.0,SKU_ACTUAL,raw/backfill_v1/performance/sku_spend/27443733_01.06.2026-31.07.2026.csv
2026-06-11,27443733,EVETIS_CPC_LEGACY,ARCHIVED,3892345516,930334395,EVT-SET-HAND-CHERRY,0.0,135,0,0,0,0.0,1200.0,0.0,0.0,SKU_ACTUAL,raw/backfill_v1/performance/sku_spend/27443733_01.06.2026-31.07.2026.csv
2026-06-11,27443733,EVETIS_CPC_LEGACY,ARCHIVED,3892410843,930334396,EVT-SET-HAND-AMBER,16.91,388,2,0,0,0.0,0.0,0.0,0.0,SKU_ACTUAL,raw/backfill_v1/performance/sku_spend/27443733_01.06.2026-31.07.2026.csv
2026-06-12,27251978,EVETIS_CPC_LEGACY,ARCHIVED,3530427102,535581675,EVT-FT-ACNE-150,11.36,184,4,0,0,0.0,0.0,0.0,0.0,SKU_ACTUAL,raw/backfill_v1/performance/sku_spend/27251978_01.06.2026-31.07.2026.csv
2026-06-12,27251978,EVETIS_CPC_LEGACY,ARCHIVED,3735674506,910584041,EVT-SET-TON-SER-CREAM-ACNE,45.02,276,10,2,0,0.0,0.0,0.0,0.0,SKU_ACTUAL,raw/backfill_v1/performance/sku_spend/27251978_01.06.2026-31.07.2026.csv
2026-06-12,27307535,EVETIS_CPC_LEGACY,ARCHIVED,1997079254,252442517,EVT-HC-HAND-300,0.0,19,0,0,0,0.0,556.0,0.0,0.0,SKU_ACTUAL,raw/backfill_v1/performance/sku_spend/27307535_01.06.2026-31.07.2026.csv
2026-06-12,27307535,EVETIS_CPC_LEGACY,ARCHIVED,3892518031,593111986,EVT-HC-CHERRY-300,37.93,149,6,3,0,0.0,0.0,0.0,0.0,SKU_ACTUAL,raw/backfill_v1/performance/sku_spend/27307535_01.06.2026-31.07.2026.csv
2026-06-12,27307535,EVETIS_CPC_LEGACY,ARCHIVED,3930712640,593111985,EVT-HC-AMBER-300,44.09,642,5,0,0,0.0,0.0,0.0,0.0,SKU_ACTUAL,raw/backfill_v1/performance/sku_spend/27307535_01.06.2026-31.07.2026.csv
2026-06-12,27307598,EVETIS_CPC_LEGACY,ARCHIVED,3528293526,535581674,EVT-FT-MOIST-150,10.18,126,3,0,0,0.0,0.0,0.0,0.0,SKU_ACTUAL,raw/backfill_v1/performance/sku_spend/27307598_01.06.2026-31.07.2026.csv
2026-06-12,27443733,EVETIS_CPC_LEGACY,ARCHIVED,3732641694,567668635,EVT-SET-SER-CREAM-ACNE,33.23,217,7,0,0,0.0,0.0,0.0,0.0,SKU_ACTUAL,raw/backfill_v1/performance/sku_spend/27443733_01.06.2026-31.07.2026.csv
2026-06-12,27443733,EVETIS_CPC_LEGACY,ARCHIVED,3733452761,868597351,EVT-SET-4PC-ACNE,135.82,441,34,3,0,0.0,2430.0,0.0,5.6,SKU_ACTUAL,raw/backfill_v1/performance/sku_spend/27443733_01.06.2026-31.07.2026.csv
2026-06-12,27443733,EVETIS_CPC_LEGACY,ARCHIVED,3733947454,909951444,EVT-SET-ACNE-POWDER-SERUM-CREAM,133.39,245,16,1,0,0.0,3600.0,0.0,3.7,SKU_ACTUAL,raw/backfill_v1/performance/sku_spend/27443733_01.06.2026-31.07.2026.csv
2026-06-12,27443733,EVETIS_CPC_LEGACY,ARCHIVED,3892223191,930334397,EVT-SET-CHERRY-AMBER,0.0,35,0,0,0,0.0,0.0,0.0,0.0,SKU_ACTUAL,raw/backfill_v1/performance/sku_spend/27443733_01.06.2026-31.07.2026.csv
2026-06-12,27443733,EVETIS_CPC_LEGACY,ARCHIVED,3892345516,930334395,EVT-SET-HAND-CHERRY,0.0,121,0,0,0,0.0,1200.0,0.0,0.0,SKU_ACTUAL,raw/backfill_v1/performance/sku_spend/27443733_01.06.2026-31.07.2026.csv
2026-06-12,27443733,EVETIS_CPC_LEGACY,ARCHIVED,3892410843,930334396,EVT-SET-HAND-AMBER,29.37,319,3,0,0,0.0,0.0,0.0,0.0,SKU_ACTUAL,raw/backfill_v1/performance/sku_spend/27443733_01.06.2026-31.07.2026.csv
2026-06-13,27251978,EVETIS_CPC_LEGACY,ARCHIVED,3530427102,535581675,EVT-FT-ACNE-150,13.0,171,4,1,0,0.0,0.0,0.0,0.0,SKU_ACTUAL,raw/backfill_v1/performance/sku_spend/27251978_01.06.2026-31.07.2026.csv
2026-06-13,27251978,EVETIS_CPC_LEGACY,ARCHIVED,3735674506,910584041,EVT-SET-TON-SER-CREAM-ACNE,93.17,455,18,2,0,0.0,0.0,0.0,0.0,SKU_ACTUAL,raw/backfill_v1/performance/sku_spend/27251978_01.06.2026-31.07.2026.csv
2026-06-13,27307535,EVETIS_CPC_LEGACY,ARCHIVED,3892518031,593111986,EVT-HC-CHERRY-300,24.88,172,2,1,0,0.0,1050.0,0.0,2.4,SKU_ACTUAL,raw/backfill_v1/performance/sku_spend/27307535_01.06.2026-31.07.2026.csv
2026-06-13,27307535,EVETIS_CPC_LEGACY,ARCHIVED,3930712640,593111985,EVT-HC-AMBER-300,105.61,626,12,1,0,0.0,0.0,0.0,0.0,SKU_ACTUAL,raw/backfill_v1/performance/sku_spend/27307535_01.06.2026-31.07.2026.csv
2026-06-13,27307598,EVETIS_CPC_LEGACY,ARCHIVED,3528293526,535581674,EVT-FT-MOIST-150,3.89,192,1,0,0,0.0,0.0,0.0,0.0,SKU_ACTUAL,raw/backfill_v1/performance/sku_spend/27307598_01.06.2026-31.07.2026.csv
2026-06-13,27443733,EVETIS_CPC_LEGACY,ARCHIVED,3732641694,567668635,EVT-SET-SER-CREAM-ACNE,13.63,250,2,0,0,0.0,0.0,0.0,0.0,SKU_ACTUAL,raw/backfill_v1/performance/sku_spend/27443733_01.06.2026-31.07.2026.csv
2026-06-13,27443733,EVETIS_CPC_LEGACY,ARCHIVED,3733452761,868597351,EVT-SET-4PC-ACNE,103.61,444,27,4,0,0.0,3221.0,0.0,3.2,SKU_ACTUAL,raw/backfill_v1/performance/sku_spend/27443733_01.06.2026-31.07.2026.csv
2026-06-13,27443733,EVETIS_CPC_LEGACY,ARCHIVED,3733947454,909951444,EVT-SET-ACNE-POWDER-SERUM-CREAM,61.84,269,8,0,0,0.0,0.0,0.0,0.0,SKU_ACTUAL,raw/backfill_v1/performance/sku_spend/27443733_01.06.2026-31.07.2026.csv
2026-06-13,27443733,EVETIS_CPC_LEGACY,ARCHIVED,3892223191,930334397,EVT-SET-CHERRY-AMBER,3.37,58,1,0,0,0.0,0.0,0.0,0.0,SKU_ACTUAL,raw/backfill_v1/performance/sku_spend/27443733_01.06.2026-31.07.2026.csv
2026-06-13,27443733,EVETIS_CPC_LEGACY,ARCHIVED,3892345516,930334395,EVT-SET-HAND-CHERRY,72.55,197,6,1,0,0.0,0.0,0.0,0.0,SKU_ACTUAL,raw/backfill_v1/performance/sku_spend/27443733_01.06.2026-31.07.2026.csv
2026-06-13,27443733,EVETIS_CPC_LEGACY,ARCHIVED,3892410843,930334396,EVT-SET-HAND-AMBER,33.03,384,4,1,0,0.0,0.0,0.0,0.0,SKU_ACTUAL,raw/backfill_v1/performance/sku_spend/27443733_01.06.2026-31.07.2026.csv
2026-06-14,27251978,EVETIS_CPC_LEGACY,ARCHIVED,3530427102,535581675,EVT-FT-ACNE-150,25.31,177,10,2,1,1000.0,2000.0,2.5,1.3,SKU_ACTUAL,raw/backfill_v1/performance/sku_spend/27251978_01.06.2026-31.07.2026.csv
2026-06-14,27251978,EVETIS_CPC_LEGACY,ARCHIVED,3735674506,910584041,EVT-SET-TON-SER-CREAM-ACNE,54.52,362,11,3,0,0.0,0.0,0.0,0.0,SKU_ACTUAL,raw/backfill_v1/performance/sku_spend/27251978_01.06.2026-31.07.2026.csv
2026-06-14,27307535,EVETIS_CPC_LEGACY,ARCHIVED,3892518031,593111986,EVT-HC-CHERRY-300,21.64,161,3,1,0,0.0,0.0,0.0,0.0,SKU_ACTUAL,raw/backfill_v1/performance/sku_spend/27307535_01.06.2026-31.07.2026.csv
2026-06-14,27307535,EVETIS_CPC_LEGACY,ARCHIVED,3930712640,593111985,EVT-HC-AMBER-300,98.24,641,11,1,0,0.0,0.0,0.0,0.0,SKU_ACTUAL,raw/backfill_v1/performance/sku_spend/27307535_01.06.2026-31.07.2026.csv
2026-06-14,27307598,EVETIS_CPC_LEGACY,ARCHIVED,3528293526,535581674,EVT-FT-MOIST-150,26.05,197,7,1,0,0.0,0.0,0.0,0.0,SKU_ACTUAL,raw/backfill_v1/performance/sku_spend/27307598_01.06.2026-31.07.2026.csv
2026-06-14,27443733,EVETIS_CPC_LEGACY,ARCHIVED,3732641694,567668635,EVT-SET-SER-CREAM-ACNE,6.07,224,1,0,0,0.0,0.0,0.0,0.0,SKU_ACTUAL,raw/backfill_v1/performance/sku_spend/27443733_01.06.2026-31.07.2026.csv
2026-06-14,27443733,EVETIS_CPC_LEGACY,ARCHIVED,3733452761,868597351,EVT-SET-4PC-ACNE,66.09,333,17,4,1,3221.0,3221.0,2.1,2.1,SKU_ACTUAL,raw/backfill_v1/performance/sku_spend/27443733_01.06.2026-31.07.2026.csv
2026-06-14,27443733,EVETIS_CPC_LEGACY,ARCHIVED,3733947454,909951444,EVT-SET-ACNE-POWDER-SERUM-CREAM,41.29,248,5,0,0,0.0,0.0,0.0,0.0,SKU_ACTUAL,raw/backfill_v1/performance/sku_spend/27443733_01.06.2026-31.07.2026.csv
2026-06-14,27443733,EVETIS_CPC_LEGACY,ARCHIVED,3892223191,930334397,EVT-SET-CHERRY-AMBER,0.0,40,0,0,0,0.0,0.0,0.0,0.0,SKU_ACTUAL,raw/backfill_v1/performance/sku_spend/27443733_01.06.2026-31.07.2026.csv
2026-06-14,27443733,EVETIS_CPC_LEGACY,ARCHIVED,3892345516,930334395,EVT-SET-HAND-CHERRY,19.78,166,2,0,0,0.0,0.0,0.0,0.0,SKU_ACTUAL,raw/backfill_v1/performance/sku_spend/27443733_01.06.2026-31.07.2026.csv
2026-06-14,27443733,EVETIS_CPC_LEGACY,ARCHIVED,3892410843,930334396,EVT-SET-HAND-AMBER,25.05,154,2,0,0,0.0,0.0,0.0,0.0,SKU_ACTUAL,raw/backfill_v1/performance/sku_spend/27443733_01.06.2026-31.07.2026.csv
2026-06-15,27251978,EVETIS_CPC_LEGACY,ARCHIVED,3530427102,535581675,EVT-FT-ACNE-150,16.73,160,6,0,0,0.0,0.0,0.0,0.0,SKU_ACTUAL,raw/backfill_v1/performance/sku_spend/27251978_01.06.2026-31.07.2026.csv
2026-06-15,27251978,EVETIS_CPC_LEGACY,ARCHIVED,3735674506,910584041,EVT-SET-TON-SER-CREAM-ACNE,37.19,305,7,0,0,0.0,0.0,0.0,0.0,SKU_ACTUAL,raw/backfill_v1/performance/sku_spend/27251978_01.06.2026-31.07.2026.csv
2026-06-15,27307535,EVETIS_CPC_LEGACY,ARCHIVED,3892518031,593111986,EVT-HC-CHERRY-300,24.46,152,3,0,0,0.0,0.0,0.0,0.0,SKU_ACTUAL,raw/backfill_v1/performance/sku_spend/27307535_01.06.2026-31.07.2026.csv
2026-06-15,27307535,EVETIS_CPC_LEGACY,ARCHIVED,3930712640,593111985,EVT-HC-AMBER-300,79.8,481,9,1,0,0.0,0.0,0.0,0.0,SKU_ACTUAL,raw/backfill_v1/performance/sku_spend/27307535_01.06.2026-31.07.2026.csv
2026-06-15,27307598,EVETIS_CPC_LEGACY,ARCHIVED,3528293526,535581674,EVT-FT-MOIST-150,0.0,125,0,0,0,0.0,0.0,0.0,0.0,SKU_ACTUAL,raw/backfill_v1/performance/sku_spend/27307598_01.06.2026-31.07.2026.csv
2026-06-15,27443733,EVETIS_CPC_LEGACY,ARCHIVED,3732641694,567668635,EVT-SET-SER-CREAM-ACNE,30.2,211,5,2,0,0.0,3028.0,0.0,1.0,SKU_ACTUAL,raw/backfill_v1/performance/sku_spend/27443733_01.06.2026-31.07.2026.csv
2026-06-15,27443733,EVETIS_CPC_LEGACY,ARCHIVED,3733452761,868597351,EVT-SET-4PC-ACNE,46.66,250,13,3,0,0.0,0.0,0.0,0.0,SKU_ACTUAL,raw/backfill_v1/performance/sku_spend/27443733_01.06.2026-31.07.2026.csv
2026-06-15,27443733,EVETIS_CPC_LEGACY,ARCHIVED,3733947454,909951444,EVT-SET-ACNE-POWDER-SERUM-CREAM,32.72,187,4,0,0,0.0,0.0,0.0,0.0,SKU_ACTUAL,raw/backfill_v1/performance/sku_spend/27443733_01.06.2026-31.07.2026.csv
2026-06-15,27443733,EVETIS_CPC_LEGACY,ARCHIVED,3892223191,930334397,EVT-SET-CHERRY-AMBER,0.0,26,0,0,0,0.0,0.0,0.0,0.0,SKU_ACTUAL,raw/backfill_v1/performance/sku_spend/27443733_01.06.2026-31.07.2026.csv
2026-06-15,27443733,EVETIS_CPC_LEGACY,ARCHIVED,3892345516,930334395,EVT-SET-HAND-CHERRY,17.46,116,2,0,0,0.0,0.0,0.0,0.0,SKU_ACTUAL,raw/backfill_v1/performance/sku_spend/27443733_01.06.2026-31.07.2026.csv
2026-06-15,27443733,EVETIS_CPC_LEGACY,ARCHIVED,3892410843,930334396,EVT-SET-HAND-AMBER,10.16,58,1,0,0,0.0,0.0,0.0,0.0,SKU_ACTUAL,raw/backfill_v1/performance/sku_spend/27443733_01.06.2026-31.07.2026.csv
2026-06-16,27251978,EVETIS_CPC_LEGACY,ARCHIVED,3530427102,535581675,EVT-FT-ACNE-150,7.87,162,3,0,0,0.0,0.0,0.0,0.0,SKU_ACTUAL,raw/backfill_v1/performance/sku_spend/27251978_01.06.2026-31.07.2026.csv
2026-06-16,27251978,EVETIS_CPC_LEGACY,ARCHIVED,3735674506,910584041,EVT-SET-TON-SER-CREAM-ACNE,33.02,352,7,2,0,0.0,0.0,0.0,0.0,SKU_ACTUAL,raw/backfill_v1/performance/sku_spend/27251978_01.06.2026-31.07.2026.csv
2026-06-16,27307535,EVETIS_CPC_LEGACY,ARCHIVED,3892518031,593111986,EVT-HC-CHERRY-300,15.19,163,2,0,0,0.0,0.0,0.0,0.0,SKU_ACTUAL,raw/backfill_v1/performance/sku_spend/27307535_01.06.2026-31.07.2026.csv
2026-06-16,27307535,EVETIS_CPC_LEGACY,ARCHIVED,3930712640,593111985,EVT-HC-AMBER-300,63.52,393,8,1,0,0.0,0.0,0.0,0.0,SKU_ACTUAL,raw/backfill_v1/performance/sku_spend/27307535_01.06.2026-31.07.2026.csv
2026-06-16,27307598,EVETIS_CPC_LEGACY,ARCHIVED,3528293526,535581674,EVT-FT-MOIST-150,3.18,140,1,0,0,0.0,0.0,0.0,0.0,SKU_ACTUAL,raw/backfill_v1/performance/sku_spend/27307598_01.06.2026-31.07.2026.csv
2026-06-16,27443733,EVETIS_CPC_LEGACY,ARCHIVED,3732641694,567668635,EVT-SET-SER-CREAM-ACNE,0.0,223,0,0,0,0.0,0.0,0.0,0.0,SKU_ACTUAL,raw/backfill_v1/performance/sku_spend/27443733_01.06.2026-31.07.2026.csv
2026-06-16,27443733,EVETIS_CPC_LEGACY,ARCHIVED,3733452761,868597351,EVT-SET-4PC-ACNE,51.71,306,14,3,1,2430.0,0.0,2.1,0.0,SKU_ACTUAL,raw/backfill_v1/performance/sku_spend/27443733_01.06.2026-31.07.2026.csv
2026-06-16,27443733,EVETIS_CPC_LEGACY,ARCHIVED,3733947454,909951444,EVT-SET-ACNE-POWDER-SERUM-CREAM,27.37,523,4,0,0,0.0,0.0,0.0,0.0,SKU_ACTUAL,raw/backfill_v1/performance/sku_spend/27443733_01.06.2026-31.07.2026.csv
2026-06-16,27443733,EVETIS_CPC_LEGACY,ARCHIVED,3892223191,930334397,EVT-SET-CHERRY-AMBER,0.0,22,0,0,0,0.0,0.0,0.0,0.0,SKU_ACTUAL,raw/backfill_v1/performance/sku_spend/27443733_01.06.2026-31.07.2026.csv
2026-06-16,27443733,EVETIS_CPC_LEGACY,ARCHIVED,3892345516,930334395,EVT-SET-HAND-CHERRY,29.7,82,2,0,0,0.0,0.0,2.8,0.0,SKU_ACTUAL,raw/backfill_v1/performance/sku_spend/27443733_01.06.2026-31.07.2026.csv
2026-06-16,27443733,EVETIS_CPC_LEGACY,ARCHIVED,3892410843,930334396,EVT-SET-HAND-AMBER,0.0,56,0,0,0,0.0,0.0,0.0,0.0,SKU_ACTUAL,raw/backfill_v1/performance/sku_spend/27443733_01.06.2026-31.07.2026.csv
2026-06-17,27251978,EVETIS_CPC_LEGACY,ARCHIVED,3530427102,535581675,EVT-FT-ACNE-150,5.46,157,2,1,0,0.0,1000.0,0.0,0.5,SKU_ACTUAL,raw/backfill_v1/performance/sku_spend/27251978_01.06.2026-31.07.2026.csv
2026-06-17,27251978,EVETIS_CPC_LEGACY,ARCHIVED,3735674506,910584041,EVT-SET-TON-SER-CREAM-ACNE,35.59,249,7,0,0,0.0,0.0,0.0,0.0,SKU_ACTUAL,raw/backfill_v1/performance/sku_spend/27251978_01.06.2026-31.07.2026.csv
2026-06-17,27307535,EVETIS_CPC_LEGACY,ARCHIVED,1997079254,252442517,EVT-HC-HAND-300,0.0,0,0,0,1,530.0,0.0,0.0,0.0,SKU_ACTUAL,raw/backfill_v1/performance/sku_spend/27307535_01.06.2026-31.07.2026.csv
2026-06-17,27307535,EVETIS_CPC_LEGACY,ARCHIVED,3892518031,593111986,EVT-HC-CHERRY-300,15.77,139,2,0,0,0.0,0.0,0.0,0.0,SKU_ACTUAL,raw/backfill_v1/performance/sku_spend/27307535_01.06.2026-31.07.2026.csv
2026-06-17,27307535,EVETIS_CPC_LEGACY,ARCHIVED,3930712640,593111985,EVT-HC-AMBER-300,81.98,336,9,0,0,0.0,0.0,0.0,0.0,SKU_ACTUAL,raw/backfill_v1/performance/sku_spend/27307535_01.06.2026-31.07.2026.csv
2026-06-17,27307598,EVETIS_CPC_LEGACY,ARCHIVED,3528293526,535581674,EVT-FT-MOIST-150,28.02,205,6,0,0,0.0,0.0,0.0,0.0,SKU_ACTUAL,raw/backfill_v1/performance/sku_spend/27307598_01.06.2026-31.07.2026.csv
2026-06-17,27443733,EVETIS_CPC_LEGACY,ARCHIVED,3732641694,567668635,EVT-SET-SER-CREAM-ACNE,34.46,238,6,1,0,0.0,0.0,0.0,0.0,SKU_ACTUAL,raw/backfill_v1/performance/sku_spend/27443733_01.06.2026-31.07.2026.csv
2026-06-17,27443733,EVETIS_CPC_LEGACY,ARCHIVED,3733452761,868597351,EVT-SET-4PC-ACNE,36.92,389,10,0,0,0.0,0.0,0.0,0.0,SKU_ACTUAL,raw/backfill_v1/performance/sku_spend/27443733_01.06.2026-31.07.2026.csv
2026-06-17,27443733,EVETIS_CPC_LEGACY,ARCHIVED,3733947454,909951444,EVT-SET-ACNE-POWDER-SERUM-CREAM,56.73,415,8,0,0,0.0,0.0,0.0,0.0,SKU_ACTUAL,raw/backfill_v1/performance/sku_spend/27443733_01.06.2026-31.07.2026.csv
2026-06-17,27443733,EVETIS_CPC_LEGACY,ARCHIVED,3892223191,930334397,EVT-SET-CHERRY-AMBER,0.0,25,0,0,0,0.0,0.0,0.0,0.0,SKU_ACTUAL,raw/backfill_v1/performance/sku_spend/27443733_01.06.2026-31.07.2026.csv
2026-06-17,27443733,EVETIS_CPC_LEGACY,ARCHIVED,3892345516,930334395,EVT-SET-HAND-CHERRY,26.03,107,2,0,0,0.0,0.0,0.0,0.0,SKU_ACTUAL,raw/backfill_v1/performance/sku_spend/27443733_01.06.2026-31.07.2026.csv
2026-06-17,27443733,EVETIS_CPC_LEGACY,ARCHIVED,3892410843,930334396,EVT-SET-HAND-AMBER,7.57,55,1,0,0,0.0,0.0,0.0,0.0,SKU_ACTUAL,raw/backfill_v1/performance/sku_spend/27443733_01.06.2026-31.07.2026.csv
2026-06-18,27251978,EVETIS_CPC_LEGACY,ARCHIVED,3530427102,535581675,EVT-FT-ACNE-150,10.55,96,3,1,0,0.0,0.0,0.0,0.0,SKU_ACTUAL,raw/backfill_v1/performance/sku_spend/27251978_01.06.2026-31.07.2026.csv
2026-06-18,27251978,EVETIS_CPC_LEGACY,ARCHIVED,3735674506,910584041,EVT-SET-TON-SER-CREAM-ACNE,14.98,215,3,0,0,0.0,0.0,0.0,0.0,SKU_ACTUAL,raw/backfill_v1/performance/sku_spend/27251978_01.06.2026-31.07.2026.csv
2026-06-18,27307535,EVETIS_CPC_LEGACY,ARCHIVED,3892518031,593111986,EVT-HC-CHERRY-300,19.36,137,2,0,0,0.0,0.0,0.0,0.0,SKU_ACTUAL,raw/backfill_v1/performance/sku_spend/27307535_01.06.2026-31.07.2026.csv
2026-06-18,27307535,EVETIS_CPC_LEGACY,ARCHIVED,3930712640,593111985,EVT-HC-AMBER-300,30.86,294,4,1,0,0.0,0.0,0.0,0.0,SKU_ACTUAL,raw/backfill_v1/performance/sku_spend/27307535_01.06.2026-31.07.2026.csv
2026-06-18,27307598,EVETIS_CPC_LEGACY,ARCHIVED,3528293526,535581674,EVT-FT-MOIST-150,40.64,252,9,0,0,0.0,0.0,0.0,0.0,SKU_ACTUAL,raw/backfill_v1/performance/sku_spend/27307598_01.06.2026-31.07.2026.csv
2026-06-18,27443733,EVETIS_CPC_LEGACY,ARCHIVED,3732641694,567668635,EVT-SET-SER-CREAM-ACNE,0.0,245,0,0,0,0.0,0.0,0.0,0.0,SKU_ACTUAL,raw/backfill_v1/performance/sku_spend/27443733_01.06.2026-31.07.2026.csv
2026-06-18,27443733,EVETIS_CPC_LEGACY,ARCHIVED,3733452761,868597351,EVT-SET-4PC-ACNE,42.39,261,10,1,0,0.0,0.0,0.0,0.0,SKU_ACTUAL,raw/backfill_v1/performance/sku_spend/27443733_01.06.2026-31.07.2026.csv
2026-06-18,27443733,EVETIS_CPC_LEGACY,ARCHIVED,3733947454,909951444,EVT-SET-ACNE-POWDER-SERUM-CREAM,101.53,475,12,0,0,0.0,0.0,0.0,0.0,SKU_ACTUAL,raw/backfill_v1/performance/sku_spend/27443733_01.06.2026-31.07.2026.csv
2026-06-18,27443733,EVETIS_CPC_LEGACY,ARCHIVED,3892223191,930334397,EVT-SET-CHERRY-AMBER,0.0,46,0,0,0,0.0,0.0,0.0,0.0,SKU_ACTUAL,raw/backfill_v1/performance/sku_spend/27443733_01.06.2026-31.07.2026.csv
2026-06-18,27443733,EVETIS_CPC_LEGACY,ARCHIVED,3892345516,930334395,EVT-SET-HAND-CHERRY,27.87,133,3,1,0,0.0,0.0,0.0,0.0,SKU_ACTUAL,raw/backfill_v1/performance/sku_spend/27443733_01.06.2026-31.07.2026.csv
2026-06-18,27443733,EVETIS_CPC_LEGACY,ARCHIVED,3892410843,930334396,EVT-SET-HAND-AMBER,2.36,66,1,1,0,0.0,0.0,0.0,0.0,SKU_ACTUAL,raw/backfill_v1/performance/sku_spend/27443733_01.06.2026-31.07.2026.csv
2026-06-19,27251978,EVETIS_CPC_LEGACY,ARCHIVED,3530427102,535581675,EVT-FT-ACNE-150,0.0,47,0,0,0,0.0,0.0,0.0,0.0,SKU_ACTUAL,raw/backfill_v1/performance/sku_spend/27251978_01.06.2026-31.07.2026.csv
2026-06-19,27251978,EVETIS_CPC_LEGACY,ARCHIVED,3735674506,910584041,EVT-SET-TON-SER-CREAM-ACNE,55.49,288,10,2,0,0.0,0.0,0.0,0.0,SKU_ACTUAL,raw/backfill_v1/performance/sku_spend/27251978_01.06.2026-31.07.2026.csv
2026-06-19,27307535,EVETIS_CPC_LEGACY,ARCHIVED,3892518031,593111986,EVT-HC-CHERRY-300,30.31,194,3,0,0,0.0,0.0,0.0,0.0,SKU_ACTUAL,raw/backfill_v1/performance/sku_spend/27307535_01.06.2026-31.07.2026.csv
2026-06-19,27307535,EVETIS_CPC_LEGACY,ARCHIVED,3930712640,593111985,EVT-HC-AMBER-300,7.56,156,1,0,0,0.0,0.0,0.0,0.0,SKU_ACTUAL,raw/backfill_v1/performance/sku_spend/27307535_01.06.2026-31.07.2026.csv
2026-06-19,27307598,EVETIS_CPC_LEGACY,ARCHIVED,3528293526,535581674,EVT-FT-MOIST-150,32.06,201,4,0,0,0.0,0.0,0.0,0.0,SKU_ACTUAL,raw/backfill_v1/performance/sku_spend/27307598_01.06.2026-31.07.2026.csv
2026-06-19,27443733,EVETIS_CPC_LEGACY,ARCHIVED,3732641694,567668635,EVT-SET-SER-CREAM-ACNE,4.43,139,1,0,0,0.0,0.0,0.0,0.0,SKU_ACTUAL,raw/backfill_v1/performance/sku_spend/27443733_01.06.2026-31.07.2026.csv
2026-06-19,27443733,EVETIS_CPC_LEGACY,ARCHIVED,3733452761,868597351,EVT-SET-4PC-ACNE,43.0,341,10,1,0,0.0,0.0,0.0,0.0,SKU_ACTUAL,raw/backfill_v1/performance/sku_spend/27443733_01.06.2026-31.07.2026.csv
2026-06-19,27443733,EVETIS_CPC_LEGACY,ARCHIVED,3733947454,909951444,EVT-SET-ACNE-POWDER-SERUM-CREAM,48.12,211,6,0,0,0.0,0.0,0.0,0.0,SKU_ACTUAL,raw/backfill_v1/performance/sku_spend/27443733_01.06.2026-31.07.2026.csv
2026-06-19,27443733,EVETIS_CPC_LEGACY,ARCHIVED,3892223191,930334397,EVT-SET-CHERRY-AMBER,0.0,18,0,0,0,0.0,0.0,0.0,0.0,SKU_ACTUAL,raw/backfill_v1/performance/sku_spend/27443733_01.06.2026-31.07.2026.csv
2026-06-19,27443733,EVETIS_CPC_LEGACY,ARCHIVED,3892345516,930334395,EVT-SET-HAND-CHERRY,8.65,167,1,0,0,0.0,0.0,0.0,0.0,SKU_ACTUAL,raw/backfill_v1/performance/sku_spend/27443733_01.06.2026-31.07.2026.csv
2026-06-19,27443733,EVETIS_CPC_LEGACY,ARCHIVED,3892410843,930334396,EVT-SET-HAND-AMBER,19.34,84,2,0,0,0.0,0.0,0.0,0.0,SKU_ACTUAL,raw/backfill_v1/performance/sku_spend/27443733_01.06.2026-31.07.2026.csv
2026-06-20,27251978,EVETIS_CPC_LEGACY,ARCHIVED,3530427102,535581675,EVT-FT-ACNE-150,10.8,76,4,0,1,1000.0,0.0,1.1,0.0,SKU_ACTUAL,raw/backfill_v1/performance/sku_spend/27251978_01.06.2026-31.07.2026.csv
2026-06-20,27251978,EVETIS_CPC_LEGACY,ARCHIVED,3735674506,910584041,EVT-SET-TON-SER-CREAM-ACNE,66.33,233,14,1,0,0.0,2139.0,0.0,3.1,SKU_ACTUAL,raw/backfill_v1/performance/sku_spend/27251978_01.06.2026-31.07.2026.csv
2026-06-20,27307535,EVETIS_CPC_LEGACY,ARCHIVED,3892518031,593111986,EVT-HC-CHERRY-300,0.0,204,0,0,0,0.0,0.0,0.0,0.0,SKU_ACTUAL,raw/backfill_v1/performance/sku_spend/27307535_01.06.2026-31.07.2026.csv
2026-06-20,27307535,EVETIS_CPC_LEGACY,ARCHIVED,3930712640,593111985,EVT-HC-AMBER-300,29.22,127,4,0,0,0.0,0.0,0.0,0.0,SKU_ACTUAL,raw/backfill_v1/performance/sku_spend/27307535_01.06.2026-31.07.2026.csv
2026-06-20,27307598,EVETIS_CPC_LEGACY,ARCHIVED,3528293526,535581674,EVT-FT-MOIST-150,16.58,203,4,1,0,0.0,0.0,0.0,0.0,SKU_ACTUAL,raw/backfill_v1/performance/sku_spend/27307598_01.06.2026-31.07.2026.csv
2026-06-20,27443733,EVETIS_CPC_LEGACY,ARCHIVED,3732641694,567668635,EVT-SET-SER-CREAM-ACNE,13.11,127,2,0,0,0.0,0.0,0.0,0.0,SKU_ACTUAL,raw/backfill_v1/performance/sku_spend/27443733_01.06.2026-31.07.2026.csv
2026-06-20,27443733,EVETIS_CPC_LEGACY,ARCHIVED,3733452761,868597351,EVT-SET-4PC-ACNE,30.54,338,8,1,0,0.0,3061.0,0.0,1.0,SKU_ACTUAL,raw/backfill_v1/performance/sku_spend/27443733_01.06.2026-31.07.2026.csv
2026-06-20,27443733,EVETIS_CPC_LEGACY,ARCHIVED,3733947454,909951444,EVT-SET-ACNE-POWDER-SERUM-CREAM,50.31,177,6,2,0,0.0,0.0,0.0,0.0,SKU_ACTUAL,raw/backfill_v1/performance/sku_spend/27443733_01.06.2026-31.07.2026.csv
2026-06-20,27443733,EVETIS_CPC_LEGACY,ARCHIVED,3892223191,930334397,EVT-SET-CHERRY-AMBER,0.0,33,0,0,0,0.0,0.0,0.0,0.0,SKU_ACTUAL,raw/backfill_v1/performance/sku_spend/27443733_01.06.2026-31.07.2026.csv
2026-06-20,27443733,EVETIS_CPC_LEGACY,ARCHIVED,3892345516,930334395,EVT-SET-HAND-CHERRY,17.14,134,2,0,0,0.0,1571.0,0.0,1.1,SKU_ACTUAL,raw/backfill_v1/performance/sku_spend/27443733_01.06.2026-31.07.2026.csv
2026-06-20,27443733,EVETIS_CPC_LEGACY,ARCHIVED,3892410843,930334396,EVT-SET-HAND-AMBER,16.82,117,2,0,0,0.0,0.0,0.0,0.0,SKU_ACTUAL,raw/backfill_v1/performance/sku_spend/27443733_01.06.2026-31.07.2026.csv
2026-06-21,27251978,EVETIS_CPC_LEGACY,ARCHIVED,3530427102,535581675,EVT-FT-ACNE-150,5.09,111,2,0,0,0.0,0.0,0.0,0.0,SKU_ACTUAL,raw/backfill_v1/performance/sku_spend/27251978_01.06.2026-31.07.2026.csv
2026-06-21,27251978,EVETIS_CPC_LEGACY,ARCHIVED,3735674506,910584041,EVT-SET-TON-SER-CREAM-ACNE,35.8,251,7,1,0,0.0,0.0,0.0,0.0,SKU_ACTUAL,raw/backfill_v1/performance/sku_spend/27251978_01.06.2026-31.07.2026.csv
2026-06-21,27307535,EVETIS_CPC_LEGACY,ARCHIVED,3892518031,593111986,EVT-HC-CHERRY-300,35.37,198,5,1,0,0.0,0.0,0.0,0.0,SKU_ACTUAL,raw/backfill_v1/performance/sku_spend/27307535_01.06.2026-31.07.2026.csv
2026-06-21,27307535,EVETIS_CPC_LEGACY,ARCHIVED,3930712640,593111985,EVT-HC-AMBER-300,19.96,116,3,0,0,0.0,0.0,0.0,0.0,SKU_ACTUAL,raw/backfill_v1/performance/sku_spend/27307535_01.06.2026-31.07.2026.csv
2026-06-21,27307598,EVETIS_CPC_LEGACY,ARCHIVED,3528293526,535581674,EVT-FT-MOIST-150,35.72,241,7,0,0,0.0,0.0,0.0,0.0,SKU_ACTUAL,raw/backfill_v1/performance/sku_spend/27307598_01.06.2026-31.07.2026.csv
2026-06-21,27443733,EVETIS_CPC_LEGACY,ARCHIVED,3732641694,567668635,EVT-SET-SER-CREAM-ACNE,4.78,163,1,0,0,0.0,0.0,0.0,0.0,SKU_ACTUAL,raw/backfill_v1/performance/sku_spend/27443733_01.06.2026-31.07.2026.csv
2026-06-21,27443733,EVETIS_CPC_LEGACY,ARCHIVED,3733452761,868597351,EVT-SET-4PC-ACNE,25.95,275,7,0,0,0.0,0.0,0.0,0.0,SKU_ACTUAL,raw/backfill_v1/performance/sku_spend/27443733_01.06.2026-31.07.2026.csv
2026-06-21,27443733,EVETIS_CPC_LEGACY,ARCHIVED,3733947454,909951444,EVT-SET-ACNE-POWDER-SERUM-CREAM,46.32,203,6,2,0,0.0,0.0,0.0,0.0,SKU_ACTUAL,raw/backfill_v1/performance/sku_spend/27443733_01.06.2026-31.07.2026.csv
2026-06-21,27443733,EVETIS_CPC_LEGACY,ARCHIVED,3892223191,930334397,EVT-SET-CHERRY-AMBER,10.15,56,1,0,0,0.0,0.0,0.0,0.0,SKU_ACTUAL,raw/backfill_v1/performance/sku_spend/27443733_01.06.2026-31.07.2026.csv
2026-06-21,27443733,EVETIS_CPC_LEGACY,ARCHIVED,3892345516,930334395,EVT-SET-HAND-CHERRY,80.87,154,9,0,0,0.0,0.0,0.0,0.0,SKU_ACTUAL,raw/backfill_v1/performance/sku_spend/27443733_01.06.2026-31.07.2026.csv
2026-06-21,27443733,EVETIS_CPC_LEGACY,ARCHIVED,3892410843,930334396,EVT-SET-HAND-AMBER,0.0,186,0,0,0,0.0,0.0,0.0,0.0,SKU_ACTUAL,raw/backfill_v1/performance/sku_spend/27443733_01.06.2026-31.07.2026.csv
2026-06-22,27251978,EVETIS_CPC_LEGACY,ARCHIVED,3530427102,535581675,EVT-FT-ACNE-150,26.25,151,8,1,0,0.0,0.0,0.0,0.0,SKU_ACTUAL,raw/backfill_v1/performance/sku_spend/27251978_01.06.2026-31.07.2026.csv
2026-06-22,27251978,EVETIS_CPC_LEGACY,ARCHIVED,3735674506,910584041,EVT-SET-TON-SER-CREAM-ACNE,21.33,294,6,0,0,0.0,0.0,0.0,0.0,SKU_ACTUAL,raw/backfill_v1/performance/sku_spend/27251978_01.06.2026-31.07.2026.csv
2026-06-22,27307535,EVETIS_CPC_LEGACY,ARCHIVED,3892518031,593111986,EVT-HC-CHERRY-300,102.13,270,11,1,0,0.0,0.0,0.0,0.0,SKU_ACTUAL,raw/backfill_v1/performance/sku_spend/27307535_01.06.2026-31.07.2026.csv
2026-06-22,27307535,EVETIS_CPC_LEGACY,ARCHIVED,3930712640,593111985,EVT-HC-AMBER-300,18.62,168,4,0,0,0.0,0.0,0.0,0.0,SKU_ACTUAL,raw/backfill_v1/performance/sku_spend/27307535_01.06.2026-31.07.2026.csv
2026-06-22,27307598,EVETIS_CPC_LEGACY,ARCHIVED,3528293526,535581674,EVT-FT-MOIST-150,40.19,236,11,0,0,0.0,0.0,0.0,0.0,SKU_ACTUAL,raw/backfill_v1/performance/sku_spend/27307598_01.06.2026-31.07.2026.csv
2026-06-22,27443733,EVETIS_CPC_LEGACY,ARCHIVED,3732641694,567668635,EVT-SET-SER-CREAM-ACNE,20.68,175,3,0,0,0.0,0.0,0.0,0.0,SKU_ACTUAL,raw/backfill_v1/performance/sku_spend/27443733_01.06.2026-31.07.2026.csv
2026-06-22,27443733,EVETIS_CPC_LEGACY,ARCHIVED,3733452761,868597351,EVT-SET-4PC-ACNE,24.27,228,8,1,0,0.0,0.0,0.0,0.0,SKU_ACTUAL,raw/backfill_v1/performance/sku_spend/27443733_01.06.2026-31.07.2026.csv
2026-06-22,27443733,EVETIS_CPC_LEGACY,ARCHIVED,3733947454,909951444,EVT-SET-ACNE-POWDER-SERUM-CREAM,65.17,239,7,0,0,0.0,0.0,0.0,0.0,SKU_ACTUAL,raw/backfill_v1/performance/sku_spend/27443733_01.06.2026-31.07.2026.csv
2026-06-22,27443733,EVETIS_CPC_LEGACY,ARCHIVED,3892223191,930334397,EVT-SET-CHERRY-AMBER,44.1,85,3,0,0,0.0,0.0,0.0,0.0,SKU_ACTUAL,raw/backfill_v1/performance/sku_spend/27443733_01.06.2026-31.07.2026.csv
2026-06-22,27443733,EVETIS_CPC_LEGACY,ARCHIVED,3892345516,930334395,EVT-SET-HAND-CHERRY,44.43,106,6,1,0,0.0,0.0,0.0,0.0,SKU_ACTUAL,raw/backfill_v1/performance/sku_spend/27443733_01.06.2026-31.07.2026.csv
2026-06-22,27443733,EVETIS_CPC_LEGACY,ARCHIVED,3892410843,930334396,EVT-SET-HAND-AMBER,12.17,101,1,0,0,0.0,0.0,0.0,0.0,SKU_ACTUAL,raw/backfill_v1/performance/sku_spend/27443733_01.06.2026-31.07.2026.csv
2026-06-23,27251978,EVETIS_CPC_LEGACY,ARCHIVED,3530427102,535581675,EVT-FT-ACNE-150,11.18,153,3,0,0,0.0,0.0,0.0,0.0,SKU_ACTUAL,raw/backfill_v1/performance/sku_spend/27251978_01.06.2026-31.07.2026.csv
2026-06-23,27251978,EVETIS_CPC_LEGACY,ARCHIVED,3735674506,910584041,EVT-SET-TON-SER-CREAM-ACNE,21.76,231,4,0,0,0.0,0.0,0.0,0.0,SKU_ACTUAL,raw/backfill_v1/performance/sku_spend/27251978_01.06.2026-31.07.2026.csv
2026-06-23,27307535,EVETIS_CPC_LEGACY,ARCHIVED,3892518031,593111986,EVT-HC-CHERRY-300,23.44,271,3,0,0,0.0,0.0,0.0,0.0,SKU_ACTUAL,raw/backfill_v1/performance/sku_spend/27307535_01.06.2026-31.07.2026.csv
2026-06-23,27307535,EVETIS_CPC_LEGACY,ARCHIVED,3930712640,593111985,EVT-HC-AMBER-300,19.67,109,3,0,0,0.0,0.0,0.0,0.0,SKU_ACTUAL,raw/backfill_v1/performance/sku_spend/27307535_01.06.2026-31.07.2026.csv
2026-06-23,27307598,EVETIS_CPC_LEGACY,ARCHIVED,3528293526,535581674,EVT-FT-MOIST-150,61.49,321,15,0,0,0.0,0.0,0.0,0.0,SKU_ACTUAL,raw/backfill_v1/performance/sku_spend/27307598_01.06.2026-31.07.2026.csv
2026-06-23,27443733,EVETIS_CPC_LEGACY,ARCHIVED,3732641694,567668635,EVT-SET-SER-CREAM-ACNE,4.97,96,1,0,0,0.0,0.0,0.0,0.0,SKU_ACTUAL,raw/backfill_v1/performance/sku_spend/27443733_01.06.2026-31.07.2026.csv
2026-06-23,27443733,EVETIS_CPC_LEGACY,ARCHIVED,3733452761,868597351,EVT-SET-4PC-ACNE,24.18,305,7,0,0,0.0,0.0,0.0,0.0,SKU_ACTUAL,raw/backfill_v1/performance/sku_spend/27443733_01.06.2026-31.07.2026.csv
2026-06-23,27443733,EVETIS_CPC_LEGACY,ARCHIVED,3733947454,909951444,EVT-SET-ACNE-POWDER-SERUM-CREAM,45.36,288,6,1,0,0.0,0.0,0.0,0.0,SKU_ACTUAL,raw/backfill_v1/performance/sku_spend/27443733_01.06.2026-31.07.2026.csv
2026-06-23,27443733,EVETIS_CPC_LEGACY,ARCHIVED,3892223191,930334397,EVT-SET-CHERRY-AMBER,35.62,120,3,0,0,0.0,0.0,0.0,0.0,SKU_ACTUAL,raw/backfill_v1/performance/sku_spend/27443733_01.06.2026-31.07.2026.csv
2026-06-23,27443733,EVETIS_CPC_LEGACY,ARCHIVED,3892345516,930334395,EVT-SET-HAND-CHERRY,0.0,64,0,0,0,0.0,0.0,0.0,0.0,SKU_ACTUAL,raw/backfill_v1/performance/sku_spend/27443733_01.06.2026-31.07.2026.csv
2026-06-23,27443733,EVETIS_CPC_LEGACY,ARCHIVED,3892410843,930334396,EVT-SET-HAND-AMBER,0.0,92,0,0,0,0.0,0.0,0.0,0.0,SKU_ACTUAL,raw/backfill_v1/performance/sku_spend/27443733_01.06.2026-31.07.2026.csv
2026-06-24,27251978,EVETIS_CPC_LEGACY,ARCHIVED,3530427102,535581675,EVT-FT-ACNE-150,60.01,633,20,2,0,0.0,0.0,0.0,0.0,SKU_ACTUAL,raw/backfill_v1/performance/sku_spend/27251978_01.06.2026-31.07.2026.csv
2026-06-24,27251978,EVETIS_CPC_LEGACY,ARCHIVED,3735674506,910584041,EVT-SET-TON-SER-CREAM-ACNE,49.78,239,10,0,0,0.0,0.0,0.0,0.0,SKU_ACTUAL,raw/backfill_v1/performance/sku_spend/27251978_01.06.2026-31.07.2026.csv
2026-06-24,27307535,EVETIS_CPC_LEGACY,ARCHIVED,3892518031,593111986,EVT-HC-CHERRY-300,97.98,301,11,2,0,0.0,0.0,0.0,0.0,SKU_ACTUAL,raw/backfill_v1/performance/sku_spend/27307535_01.06.2026-31.07.2026.csv
2026-06-24,27307535,EVETIS_CPC_LEGACY,ARCHIVED,3930712640,593111985,EVT-HC-AMBER-300,12.96,147,2,1,0,0.0,0.0,0.0,0.0,SKU_ACTUAL,raw/backfill_v1/performance/sku_spend/27307535_01.06.2026-31.07.2026.csv
2026-06-24,27307598,EVETIS_CPC_LEGACY,ARCHIVED,3528293526,535581674,EVT-FT-MOIST-150,57.14,493,12,2,0,0.0,872.0,0.0,6.6,SKU_ACTUAL,raw/backfill_v1/performance/sku_spend/27307598_01.06.2026-31.07.2026.csv
2026-06-24,27443733,EVETIS_CPC_LEGACY,ARCHIVED,3732641694,567668635,EVT-SET-SER-CREAM-ACNE,41.44,198,7,1,0,0.0,0.0,0.0,0.0,SKU_ACTUAL,raw/backfill_v1/performance/sku_spend/27443733_01.06.2026-31.07.2026.csv
2026-06-24,27443733,EVETIS_CPC_LEGACY,ARCHIVED,3733452761,868597351,EVT-SET-4PC-ACNE,48.54,363,11,2,0,0.0,0.0,0.0,0.0,SKU_ACTUAL,raw/backfill_v1/performance/sku_spend/27443733_01.06.2026-31.07.2026.csv
2026-06-24,27443733,EVETIS_CPC_LEGACY,ARCHIVED,3733947454,909951444,EVT-SET-ACNE-POWDER-SERUM-CREAM,142.71,572,19,1,0,0.0,0.0,5.9,0.0,SKU_ACTUAL,raw/backfill_v1/performance/sku_spend/27443733_01.06.2026-31.07.2026.csv
2026-06-24,27443733,EVETIS_CPC_LEGACY,ARCHIVED,3892223191,930334397,EVT-SET-CHERRY-AMBER,70.06,130,6,0,0,0.0,0.0,0.0,0.0,SKU_ACTUAL,raw/backfill_v1/performance/sku_spend/27443733_01.06.2026-31.07.2026.csv
2026-06-24,27443733,EVETIS_CPC_LEGACY,ARCHIVED,3892345516,930334395,EVT-SET-HAND-CHERRY,15.12,129,2,0,0,0.0,0.0,0.0,0.0,SKU_ACTUAL,raw/backfill_v1/performance/sku_spend/27443733_01.06.2026-31.07.2026.csv
2026-06-24,27443733,EVETIS_CPC_LEGACY,ARCHIVED,3892410843,930334396,EVT-SET-HAND-AMBER,0.0,257,0,0,0,0.0,0.0,0.0,0.0,SKU_ACTUAL,raw/backfill_v1/performance/sku_spend/27443733_01.06.2026-31.07.2026.csv
2026-06-25,27251978,EVETIS_CPC_LEGACY,ARCHIVED,3530427102,535581675,EVT-FT-ACNE-150,73.06,602,25,2,0,0.0,0.0,0.0,0.0,SKU_ACTUAL,raw/backfill_v1/performance/sku_spend/27251978_01.06.2026-31.07.2026.csv
2026-06-25,27251978,EVETIS_CPC_LEGACY,ARCHIVED,3735674506,910584041,EVT-SET-TON-SER-CREAM-ACNE,58.43,279,13,1,0,0.0,0.0,0.0,0.0,SKU_ACTUAL,raw/backfill_v1/performance/sku_spend/27251978_01.06.2026-31.07.2026.csv
2026-06-25,27307535,EVETIS_CPC_LEGACY,ARCHIVED,3892518031,593111986,EVT-HC-CHERRY-300,28.06,308,4,0,0,0.0,0.0,0.0,0.0,SKU_ACTUAL,raw/backfill_v1/performance/sku_spend/27307535_01.06.2026-31.07.2026.csv
2026-06-25,27307535,EVETIS_CPC_LEGACY,ARCHIVED,3930712640,593111985,EVT-HC-AMBER-300,33.04,152,4,0,0,0.0,0.0,0.0,0.0,SKU_ACTUAL,raw/backfill_v1/performance/sku_spend/27307535_01.06.2026-31.07.2026.csv
2026-06-25,27307598,EVETIS_CPC_LEGACY,ARCHIVED,3528293526,535581674,EVT-FT-MOIST-150,74.59,303,13,3,0,0.0,0.0,0.0,0.0,SKU_ACTUAL,raw/backfill_v1/performance/sku_spend/27307598_01.06.2026-31.07.2026.csv
2026-06-25,27443733,EVETIS_CPC_LEGACY,ARCHIVED,3732641694,567668635,EVT-SET-SER-CREAM-ACNE,12.08,163,2,0,0,0.0,0.0,0.0,0.0,SKU_ACTUAL,raw/backfill_v1/performance/sku_spend/27443733_01.06.2026-31.07.2026.csv
2026-06-25,27443733,EVETIS_CPC_LEGACY,ARCHIVED,3733452761,868597351,EVT-SET-4PC-ACNE,66.71,386,16,3,0,0.0,0.0,0.0,0.0,SKU_ACTUAL,raw/backfill_v1/performance/sku_spend/27443733_01.06.2026-31.07.2026.csv
2026-06-25,27443733,EVETIS_CPC_LEGACY,ARCHIVED,3733947454,909951444,EVT-SET-ACNE-POWDER-SERUM-CREAM,52.8,314,7,0,0,0.0,0.0,0.0,0.0,SKU_ACTUAL,raw/backfill_v1/performance/sku_spend/27443733_01.06.2026-31.07.2026.csv
2026-06-25,27443733,EVETIS_CPC_LEGACY,ARCHIVED,3892223191,930334397,EVT-SET-CHERRY-AMBER,39.34,149,4,1,0,0.0,1292.0,0.0,3.0,SKU_ACTUAL,raw/backfill_v1/performance/sku_spend/27443733_01.06.2026-31.07.2026.csv
2026-06-25,27443733,EVETIS_CPC_LEGACY,ARCHIVED,3892345516,930334395,EVT-SET-HAND-CHERRY,17.56,157,2,0,0,0.0,0.0,0.0,0.0,SKU_ACTUAL,raw/backfill_v1/performance/sku_spend/27443733_01.06.2026-31.07.2026.csv
2026-06-25,27443733,EVETIS_CPC_LEGACY,ARCHIVED,3892410843,930334396,EVT-SET-HAND-AMBER,56.36,185,6,0,0,0.0,0.0,0.0,0.0,SKU_ACTUAL,raw/backfill_v1/performance/sku_spend/27443733_01.06.2026-31.07.2026.csv
2026-06-26,27251978,EVETIS_CPC_LEGACY,ARCHIVED,3530427102,535581675,EVT-FT-ACNE-150,24.59,385,9,0,1,818.0,1641.0,3.0,1.5,SKU_ACTUAL,raw/backfill_v1/performance/sku_spend/27251978_01.06.2026-31.07.2026.csv
2026-06-26,27251978,EVETIS_CPC_LEGACY,ARCHIVED,3735674506,910584041,EVT-SET-TON-SER-CREAM-ACNE,33.08,199,7,1,1,1669.0,1669.0,2.0,2.0,SKU_ACTUAL,raw/backfill_v1/performance/sku_spend/27251978_01.06.2026-31.07.2026.csv
2026-06-26,27307535,EVETIS_CPC_LEGACY,ARCHIVED,3892518031,593111986,EVT-HC-CHERRY-300,0.0,221,0,0,0,0.0,0.0,0.0,0.0,SKU_ACTUAL,raw/backfill_v1/performance/sku_spend/27307535_01.06.2026-31.07.2026.csv
2026-06-26,27307535,EVETIS_CPC_LEGACY,ARCHIVED,3930712640,593111985,EVT-HC-AMBER-300,0.0,155,0,0,0,0.0,0.0,0.0,0.0,SKU_ACTUAL,raw/backfill_v1/performance/sku_spend/27307535_01.06.2026-31.07.2026.csv
2026-06-26,27307598,EVETIS_CPC_LEGACY,ARCHIVED,3528293526,535581674,EVT-FT-MOIST-150,57.28,251,12,2,0,0.0,0.0,0.0,0.0,SKU_ACTUAL,raw/backfill_v1/performance/sku_spend/27307598_01.06.2026-31.07.2026.csv
2026-06-26,27443733,EVETIS_CPC_LEGACY,ARCHIVED,3732641694,567668635,EVT-SET-SER-CREAM-ACNE,6.35,138,1,0,0,0.0,0.0,0.0,0.0,SKU_ACTUAL,raw/backfill_v1/performance/sku_spend/27443733_01.06.2026-31.07.2026.csv
2026-06-26,27443733,EVETIS_CPC_LEGACY,ARCHIVED,3733452761,868597351,EVT-SET-4PC-ACNE,50.84,288,14,3,0,0.0,0.0,0.0,0.0,SKU_ACTUAL,raw/backfill_v1/performance/sku_spend/27443733_01.06.2026-31.07.2026.csv
2026-06-26,27443733,EVETIS_CPC_LEGACY,ARCHIVED,3733947454,909951444,EVT-SET-ACNE-POWDER-SERUM-CREAM,25.53,252,4,1,0,0.0,0.0,0.0,0.0,SKU_ACTUAL,raw/backfill_v1/performance/sku_spend/27443733_01.06.2026-31.07.2026.csv
2026-06-26,27443733,EVETIS_CPC_LEGACY,ARCHIVED,3892223191,930334397,EVT-SET-CHERRY-AMBER,12.34,108,1,0,0,0.0,0.0,0.0,0.0,SKU_ACTUAL,raw/backfill_v1/performance/sku_spend/27443733_01.06.2026-31.07.2026.csv
2026-06-26,27443733,EVETIS_CPC_LEGACY,ARCHIVED,3892345516,930334395,EVT-SET-HAND-CHERRY,27.61,148,3,1,0,0.0,0.0,0.0,0.0,SKU_ACTUAL,raw/backfill_v1/performance/sku_spend/27443733_01.06.2026-31.07.2026.csv
2026-06-26,27443733,EVETIS_CPC_LEGACY,ARCHIVED,3892410843,930334396,EVT-SET-HAND-AMBER,0.0,97,0,0,0,0.0,0.0,0.0,0.0,SKU_ACTUAL,raw/backfill_v1/performance/sku_spend/27443733_01.06.2026-31.07.2026.csv
2026-06-27,27251978,EVETIS_CPC_LEGACY,ARCHIVED,3530427102,535581675,EVT-FT-ACNE-150,25.0,277,10,1,0,0.0,0.0,0.0,0.0,SKU_ACTUAL,raw/backfill_v1/performance/sku_spend/27251978_01.06.2026-31.07.2026.csv
2026-06-27,27251978,EVETIS_CPC_LEGACY,ARCHIVED,3735674506,910584041,EVT-SET-TON-SER-CREAM-ACNE,44.0,180,8,1,0,0.0,0.0,0.0,0.0,SKU_ACTUAL,raw/backfill_v1/performance/sku_spend/27251978_01.06.2026-31.07.2026.csv
2026-06-27,27307535,EVETIS_CPC_LEGACY,ARCHIVED,3892518031,593111986,EVT-HC-CHERRY-300,25.06,278,3,0,0,0.0,0.0,0.0,0.0,SKU_ACTUAL,raw/backfill_v1/performance/sku_spend/27307535_01.06.2026-31.07.2026.csv
2026-06-27,27307535,EVETIS_CPC_LEGACY,ARCHIVED,3930712640,593111985,EVT-HC-AMBER-300,25.45,93,3,0,0,0.0,0.0,0.0,0.0,SKU_ACTUAL,raw/backfill_v1/performance/sku_spend/27307535_01.06.2026-31.07.2026.csv
2026-06-27,27307598,EVETIS_CPC_LEGACY,ARCHIVED,3528293526,535581674,EVT-FT-MOIST-150,65.3,266,13,2,0,0.0,872.0,0.0,7.5,SKU_ACTUAL,raw/backfill_v1/performance/sku_spend/27307598_01.06.2026-31.07.2026.csv
2026-06-27,27443733,EVETIS_CPC_LEGACY,ARCHIVED,3732641694,567668635,EVT-SET-SER-CREAM-ACNE,16.73,168,3,0,0,0.0,0.0,0.0,0.0,SKU_ACTUAL,raw/backfill_v1/performance/sku_spend/27443733_01.06.2026-31.07.2026.csv
2026-06-27,27443733,EVETIS_CPC_LEGACY,ARCHIVED,3733452761,868597351,EVT-SET-4PC-ACNE,47.54,264,11,3,0,0.0,2654.0,0.0,1.8,SKU_ACTUAL,raw/backfill_v1/performance/sku_spend/27443733_01.06.2026-31.07.2026.csv
2026-06-27,27443733,EVETIS_CPC_LEGACY,ARCHIVED,3733947454,909951444,EVT-SET-ACNE-POWDER-SERUM-CREAM,126.21,265,15,0,0,0.0,0.0,0.0,0.0,SKU_ACTUAL,raw/backfill_v1/performance/sku_spend/27443733_01.06.2026-31.07.2026.csv
2026-06-27,27443733,EVETIS_CPC_LEGACY,ARCHIVED,3892223191,930334397,EVT-SET-CHERRY-AMBER,39.84,129,4,1,0,0.0,0.0,0.0,0.0,SKU_ACTUAL,raw/backfill_v1/performance/sku_spend/27443733_01.06.2026-31.07.2026.csv
2026-06-27,27443733,EVETIS_CPC_LEGACY,ARCHIVED,3892345516,930334395,EVT-SET-HAND-CHERRY,17.44,136,2,0,0,0.0,0.0,0.0,0.0,SKU_ACTUAL,raw/backfill_v1/performance/sku_spend/27443733_01.06.2026-31.07.2026.csv
2026-06-27,27443733,EVETIS_CPC_LEGACY,ARCHIVED,3892410843,930334396,EVT-SET-HAND-AMBER,43.1,268,4,0,0,0.0,1261.0,0.0,3.4,SKU_ACTUAL,raw/backfill_v1/performance/sku_spend/27443733_01.06.2026-31.07.2026.csv
2026-06-28,27251978,EVETIS_CPC_LEGACY,ARCHIVED,3530427102,535581675,EVT-FT-ACNE-150,19.91,316,8,2,0,0.0,0.0,0.0,0.0,SKU_ACTUAL,raw/backfill_v1/performance/sku_spend/27251978_01.06.2026-31.07.2026.csv
2026-06-28,27251978,EVETIS_CPC_LEGACY,ARCHIVED,3735674506,910584041,EVT-SET-TON-SER-CREAM-ACNE,40.68,244,10,1,0,0.0,0.0,0.0,0.0,SKU_ACTUAL,raw/backfill_v1/performance/sku_spend/27251978_01.06.2026-31.07.2026.csv
2026-06-28,27307535,EVETIS_CPC_LEGACY,ARCHIVED,3892518031,593111986,EVT-HC-CHERRY-300,33.07,363,4,1,0,0.0,0.0,0.0,0.0,SKU_ACTUAL,raw/backfill_v1/performance/sku_spend/27307535_01.06.2026-31.07.2026.csv
2026-06-28,27307535,EVETIS_CPC_LEGACY,ARCHIVED,3930712640,593111985,EVT-HC-AMBER-300,36.85,175,6,1,0,0.0,0.0,0.0,0.0,SKU_ACTUAL,raw/backfill_v1/performance/sku_spend/27307535_01.06.2026-31.07.2026.csv
2026-06-28,27307598,EVETIS_CPC_LEGACY,ARCHIVED,3528293526,535581674,EVT-FT-MOIST-150,64.19,472,14,2,0,0.0,872.0,0.0,7.4,SKU_ACTUAL,raw/backfill_v1/performance/sku_spend/27307598_01.06.2026-31.07.2026.csv
2026-06-28,27443733,EVETIS_CPC_LEGACY,ARCHIVED,3732641694,567668635,EVT-SET-SER-CREAM-ACNE,30.02,224,7,0,0,0.0,0.0,0.0,0.0,SKU_ACTUAL,raw/backfill_v1/performance/sku_spend/27443733_01.06.2026-31.07.2026.csv
2026-06-28,27443733,EVETIS_CPC_LEGACY,ARCHIVED,3733452761,868597351,EVT-SET-4PC-ACNE,49.33,341,13,0,0,0.0,0.0,0.0,0.0,SKU_ACTUAL,raw/backfill_v1/performance/sku_spend/27443733_01.06.2026-31.07.2026.csv
2026-06-28,27443733,EVETIS_CPC_LEGACY,ARCHIVED,3733947454,909951444,EVT-SET-ACNE-POWDER-SERUM-CREAM,105.91,628,15,0,0,0.0,0.0,0.0,0.0,SKU_ACTUAL,raw/backfill_v1/performance/sku_spend/27443733_01.06.2026-31.07.2026.csv
2026-06-28,27443733,EVETIS_CPC_LEGACY,ARCHIVED,3892223191,930334397,EVT-SET-CHERRY-AMBER,34.38,266,3,0,0,0.0,0.0,0.0,0.0,SKU_ACTUAL,raw/backfill_v1/performance/sku_spend/27443733_01.06.2026-31.07.2026.csv
2026-06-28,27443733,EVETIS_CPC_LEGACY,ARCHIVED,3892345516,930334395,EVT-SET-HAND-CHERRY,18.61,240,2,0,0,0.0,0.0,0.0,0.0,SKU_ACTUAL,raw/backfill_v1/performance/sku_spend/27443733_01.06.2026-31.07.2026.csv
2026-06-28,27443733,EVETIS_CPC_LEGACY,ARCHIVED,3892410843,930334396,EVT-SET-HAND-AMBER,8.31,377,1,0,0,0.0,0.0,0.0,0.0,SKU_ACTUAL,raw/backfill_v1/performance/sku_spend/27443733_01.06.2026-31.07.2026.csv
2026-06-29,27251978,EVETIS_CPC_LEGACY,ARCHIVED,3530427102,535581675,EVT-FT-ACNE-150,35.78,450,12,3,1,823.0,0.0,4.3,0.0,SKU_ACTUAL,raw/backfill_v1/performance/sku_spend/27251978_01.06.2026-31.07.2026.csv
2026-06-29,27251978,EVETIS_CPC_LEGACY,ARCHIVED,3735674506,910584041,EVT-SET-TON-SER-CREAM-ACNE,55.11,204,10,1,0,0.0,0.0,0.0,0.0,SKU_ACTUAL,raw/backfill_v1/performance/sku_spend/27251978_01.06.2026-31.07.2026.csv
2026-06-29,27307535,EVETIS_CPC_LEGACY,ARCHIVED,3892518031,593111986,EVT-HC-CHERRY-300,24.76,389,3,0,0,0.0,0.0,0.0,0.0,SKU_ACTUAL,raw/backfill_v1/performance/sku_spend/27307535_01.06.2026-31.07.2026.csv
2026-06-29,27307535,EVETIS_CPC_LEGACY,ARCHIVED,3930712640,593111985,EVT-HC-AMBER-300,26.64,162,4,0,0,0.0,0.0,0.0,0.0,SKU_ACTUAL,raw/backfill_v1/performance/sku_spend/27307535_01.06.2026-31.07.2026.csv
2026-06-29,27307598,EVETIS_CPC_LEGACY,ARCHIVED,3528293526,535581674,EVT-FT-MOIST-150,74.04,442,15,0,1,872.0,0.0,8.5,0.0,SKU_ACTUAL,raw/backfill_v1/performance/sku_spend/27307598_01.06.2026-31.07.2026.csv
2026-06-29,27443733,EVETIS_CPC_LEGACY,ARCHIVED,3732641694,567668635,EVT-SET-SER-CREAM-ACNE,31.09,245,5,1,0,0.0,0.0,0.0,0.0,SKU_ACTUAL,raw/backfill_v1/performance/sku_spend/27443733_01.06.2026-31.07.2026.csv
2026-06-29,27443733,EVETIS_CPC_LEGACY,ARCHIVED,3733452761,868597351,EVT-SET-4PC-ACNE,36.19,252,8,2,0,0.0,0.0,0.0,0.0,SKU_ACTUAL,raw/backfill_v1/performance/sku_spend/27443733_01.06.2026-31.07.2026.csv
2026-06-29,27443733,EVETIS_CPC_LEGACY,ARCHIVED,3733947454,909951444,EVT-SET-ACNE-POWDER-SERUM-CREAM,135.38,550,16,1,0,0.0,0.0,0.0,0.0,SKU_ACTUAL,raw/backfill_v1/performance/sku_spend/27443733_01.06.2026-31.07.2026.csv
2026-06-29,27443733,EVETIS_CPC_LEGACY,ARCHIVED,3892223191,930334397,EVT-SET-CHERRY-AMBER,33.93,202,3,0,0,0.0,0.0,0.0,0.0,SKU_ACTUAL,raw/backfill_v1/performance/sku_spend/27443733_01.06.2026-31.07.2026.csv
2026-06-29,27443733,EVETIS_CPC_LEGACY,ARCHIVED,3892345516,930334395,EVT-SET-HAND-CHERRY,26.91,196,3,0,0,0.0,0.0,0.0,0.0,SKU_ACTUAL,raw/backfill_v1/performance/sku_spend/27443733_01.06.2026-31.07.2026.csv
2026-06-29,27443733,EVETIS_CPC_LEGACY,ARCHIVED,3892410843,930334396,EVT-SET-HAND-AMBER,23.09,316,2,1,0,0.0,0.0,0.0,0.0,SKU_ACTUAL,raw/backfill_v1/performance/sku_spend/27443733_01.06.2026-31.07.2026.csv
2026-06-30,27251978,EVETIS_CPC_LEGACY,ARCHIVED,3530427102,535581675,EVT-FT-ACNE-150,18.69,276,6,1,1,832.0,832.0,2.2,2.2,SKU_ACTUAL,raw/backfill_v1/performance/sku_spend/27251978_01.06.2026-31.07.2026.csv
2026-06-30,27251978,EVETIS_CPC_LEGACY,ARCHIVED,3735674506,910584041,EVT-SET-TON-SER-CREAM-ACNE,48.69,260,12,2,0,0.0,0.0,0.0,0.0,SKU_ACTUAL,raw/backfill_v1/performance/sku_spend/27251978_01.06.2026-31.07.2026.csv
2026-06-30,27307535,EVETIS_CPC_LEGACY,ARCHIVED,3892518031,593111986,EVT-HC-CHERRY-300,92.32,353,9,0,0,0.0,0.0,0.0,0.0,SKU_ACTUAL,raw/backfill_v1/performance/sku_spend/27307535_01.06.2026-31.07.2026.csv
2026-06-30,27307535,EVETIS_CPC_LEGACY,ARCHIVED,3930712640,593111985,EVT-HC-AMBER-300,18.54,171,3,1,0,0.0,0.0,0.0,0.0,SKU_ACTUAL,raw/backfill_v1/performance/sku_spend/27307535_01.06.2026-31.07.2026.csv
2026-06-30,27307598,EVETIS_CPC_LEGACY,ARCHIVED,3528293526,535581674,EVT-FT-MOIST-150,155.43,730,32,4,0,0.0,0.0,0.0,0.0,SKU_ACTUAL,raw/backfill_v1/performance/sku_spend/27307598_01.06.2026-31.07.2026.csv
2026-06-30,27443733,EVETIS_CPC_LEGACY,ARCHIVED,3732641694,567668635,EVT-SET-SER-CREAM-ACNE,66.1,322,12,0,0,0.0,0.0,0.0,0.0,SKU_ACTUAL,raw/backfill_v1/performance/sku_spend/27443733_01.06.2026-31.07.2026.csv
2026-06-30,27443733,EVETIS_CPC_LEGACY,ARCHIVED,3733452761,868597351,EVT-SET-4PC-ACNE,67.94,452,18,3,0,0.0,0.0,0.0,0.0,SKU_ACTUAL,raw/backfill_v1/performance/sku_spend/27443733_01.06.2026-31.07.2026.csv
2026-06-30,27443733,EVETIS_CPC_LEGACY,ARCHIVED,3733947454,909951444,EVT-SET-ACNE-POWDER-SERUM-CREAM,135.59,395,17,3,0,0.0,0.0,0.0,0.0,SKU_ACTUAL,raw/backfill_v1/performance/sku_spend/27443733_01.06.2026-31.07.2026.csv
2026-06-30,27443733,EVETIS_CPC_LEGACY,ARCHIVED,3892223191,930334397,EVT-SET-CHERRY-AMBER,51.88,133,4,0,0,0.0,0.0,0.0,0.0,SKU_ACTUAL,raw/backfill_v1/performance/sku_spend/27443733_01.06.2026-31.07.2026.csv
2026-06-30,27443733,EVETIS_CPC_LEGACY,ARCHIVED,3892345516,930334395,EVT-SET-HAND-CHERRY,19.02,152,2,1,0,0.0,0.0,0.0,0.0,SKU_ACTUAL,raw/backfill_v1/performance/sku_spend/27443733_01.06.2026-31.07.2026.csv
2026-06-30,27443733,EVETIS_CPC_LEGACY,ARCHIVED,3892410843,930334396,EVT-SET-HAND-AMBER,23.8,356,3,0,0,0.0,0.0,0.0,0.0,SKU_ACTUAL,raw/backfill_v1/performance/sku_spend/27443733_01.06.2026-31.07.2026.csv
2026-07-01,27251978,EVETIS_CPC_LEGACY,ARCHIVED,3530427102,535581675,EVT-FT-ACNE-150,15.62,277,5,0,0,0.0,0.0,0.0,0.0,SKU_ACTUAL,raw/backfill_v1/performance/sku_spend/27251978_01.06.2026-31.07.2026.csv
2026-07-01,27251978,EVETIS_CPC_LEGACY,ARCHIVED,3735674506,910584041,EVT-SET-TON-SER-CREAM-ACNE,48.64,270,10,1,0,0.0,0.0,0.0,0.0,SKU_ACTUAL,raw/backfill_v1/performance/sku_spend/27251978_01.06.2026-31.07.2026.csv
2026-07-01,27307535,EVETIS_CPC_LEGACY,ARCHIVED,3892518031,593111986,EVT-HC-CHERRY-300,81.33,440,10,1,0,0.0,0.0,0.0,0.0,SKU_ACTUAL,raw/backfill_v1/performance/sku_spend/27307535_01.06.2026-31.07.2026.csv
2026-07-01,27307535,EVETIS_CPC_LEGACY,ARCHIVED,3930712640,593111985,EVT-HC-AMBER-300,21.3,202,4,1,0,0.0,0.0,0.0,0.0,SKU_ACTUAL,raw/backfill_v1/performance/sku_spend/27307535_01.06.2026-31.07.2026.csv
2026-07-01,27307598,EVETIS_CPC_LEGACY,ARCHIVED,3528293526,535581674,EVT-FT-MOIST-150,140.4,618,30,4,0,0.0,0.0,0.0,0.0,SKU_ACTUAL,raw/backfill_v1/performance/sku_spend/27307598_01.06.2026-31.07.2026.csv
2026-07-01,27443733,EVETIS_CPC_LEGACY,ARCHIVED,3732641694,567668635,EVT-SET-SER-CREAM-ACNE,58.85,380,10,1,0,0.0,0.0,0.0,0.0,SKU_ACTUAL,raw/backfill_v1/performance/sku_spend/27443733_01.06.2026-31.07.2026.csv
2026-07-01,27443733,EVETIS_CPC_LEGACY,ARCHIVED,3733452761,868597351,EVT-SET-4PC-ACNE,129.36,647,31,4,0,0.0,2831.0,0.0,4.6,SKU_ACTUAL,raw/backfill_v1/performance/sku_spend/27443733_01.06.2026-31.07.2026.csv
2026-07-01,27443733,EVETIS_CPC_LEGACY,ARCHIVED,3733947454,909951444,EVT-SET-ACNE-POWDER-SERUM-CREAM,81.49,324,11,2,0,0.0,2162.0,0.0,3.8,SKU_ACTUAL,raw/backfill_v1/performance/sku_spend/27443733_01.06.2026-31.07.2026.csv
2026-07-01,27443733,EVETIS_CPC_LEGACY,ARCHIVED,3892223191,930334397,EVT-SET-CHERRY-AMBER,43.02,124,4,1,0,0.0,1563.0,0.0,2.8,SKU_ACTUAL,raw/backfill_v1/performance/sku_spend/27443733_01.06.2026-31.07.2026.csv
2026-07-01,27443733,EVETIS_CPC_LEGACY,ARCHIVED,3892345516,930334395,EVT-SET-HAND-CHERRY,0.0,11,0,0,0,0.0,1416.0,0.0,0.0,SKU_ACTUAL,raw/backfill_v1/performance/sku_spend/27443733_01.06.2026-31.07.2026.csv
2026-07-01,27443733,EVETIS_CPC_LEGACY,ARCHIVED,3892410843,930334396,EVT-SET-HAND-AMBER,0.0,312,0,0,0,0.0,0.0,0.0,0.0,SKU_ACTUAL,raw/backfill_v1/performance/sku_spend/27443733_01.06.2026-31.07.2026.csv
2026-07-02,27251978,EVETIS_CPC_LEGACY,ARCHIVED,3530427102,535581675,EVT-FT-ACNE-150,13.13,231,5,2,1,967.0,967.0,1.4,1.4,SKU_ACTUAL,raw/backfill_v1/performance/sku_spend/27251978_01.06.2026-31.07.2026.csv
2026-07-02,27251978,EVETIS_CPC_LEGACY,ARCHIVED,3735674506,910584041,EVT-SET-TON-SER-CREAM-ACNE,26.54,402,5,0,0,0.0,0.0,0.0,0.0,SKU_ACTUAL,raw/backfill_v1/performance/sku_spend/27251978_01.06.2026-31.07.2026.csv
2026-07-02,27307535,EVETIS_CPC_LEGACY,ARCHIVED,1997079254,252442517,EVT-HC-HAND-300,0.0,27,0,0,0,0.0,0.0,0.0,0.0,SKU_ACTUAL,raw/backfill_v1/performance/sku_spend/27307535_01.06.2026-31.07.2026.csv
2026-07-02,27307535,EVETIS_CPC_LEGACY,ARCHIVED,3892518031,593111986,EVT-HC-CHERRY-300,47.44,357,5,1,0,0.0,0.0,0.0,0.0,SKU_ACTUAL,raw/backfill_v1/performance/sku_spend/27307535_01.06.2026-31.07.2026.csv
2026-07-02,27307535,EVETIS_CPC_LEGACY,ARCHIVED,3930712640,593111985,EVT-HC-AMBER-300,69.09,280,6,0,0,0.0,0.0,0.0,0.0,SKU_ACTUAL,raw/backfill_v1/performance/sku_spend/27307535_01.06.2026-31.07.2026.csv
2026-07-02,27307598,EVETIS_CPC_LEGACY,ARCHIVED,3528293526,535581674,EVT-FT-MOIST-150,551.75,1574,84,6,0,0.0,975.0,0.0,56.6,SKU_ACTUAL,raw/backfill_v1/performance/sku_spend/27307598_01.06.2026-31.07.2026.csv
2026-07-02,27443733,EVETIS_CPC_LEGACY,ARCHIVED,3732641694,567668635,EVT-SET-SER-CREAM-ACNE,69.14,599,12,0,0,0.0,0.0,0.0,0.0,SKU_ACTUAL,raw/backfill_v1/performance/sku_spend/27443733_01.06.2026-31.07.2026.csv
2026-07-02,27443733,EVETIS_CPC_LEGACY,ARCHIVED,3733452761,868597351,EVT-SET-4PC-ACNE,168.54,682,37,3,0,0.0,0.0,0.0,0.0,SKU_ACTUAL,raw/backfill_v1/performance/sku_spend/27443733_01.06.2026-31.07.2026.csv
2026-07-02,27443733,EVETIS_CPC_LEGACY,ARCHIVED,3733947454,909951444,EVT-SET-ACNE-POWDER-SERUM-CREAM,85.27,441,10,0,0,0.0,0.0,0.0,0.0,SKU_ACTUAL,raw/backfill_v1/performance/sku_spend/27443733_01.06.2026-31.07.2026.csv
2026-07-02,27443733,EVETIS_CPC_LEGACY,ARCHIVED,3892223191,930334397,EVT-SET-CHERRY-AMBER,37.05,179,3,0,0,0.0,0.0,0.0,0.0,SKU_ACTUAL,raw/backfill_v1/performance/sku_spend/27443733_01.06.2026-31.07.2026.csv
2026-07-02,27443733,EVETIS_CPC_LEGACY,ARCHIVED,3892410843,930334396,EVT-SET-HAND-AMBER,93.59,335,8,0,1,1261.0,1420.0,7.4,6.6,SKU_ACTUAL,raw/backfill_v1/performance/sku_spend/27443733_01.06.2026-31.07.2026.csv
2026-07-03,27251978,EVETIS_CPC_LEGACY,ARCHIVED,3530427102,535581675,EVT-FT-ACNE-150,36.13,443,13,1,0,0.0,0.0,0.0,0.0,SKU_ACTUAL,raw/backfill_v1/performance/sku_spend/27251978_01.06.2026-31.07.2026.csv
2026-07-03,27251978,EVETIS_CPC_LEGACY,ARCHIVED,3735674506,910584041,EVT-SET-TON-SER-CREAM-ACNE,83.0,780,14,0,0,0.0,0.0,0.0,0.0,SKU_ACTUAL,raw/backfill_v1/performance/sku_spend/27251978_01.06.2026-31.07.2026.csv
2026-07-03,27307535,EVETIS_CPC_LEGACY,ARCHIVED,1997079254,252442517,EVT-HC-HAND-300,0.0,44,0,0,0,0.0,0.0,0.0,0.0,SKU_ACTUAL,raw/backfill_v1/performance/sku_spend/27307535_01.06.2026-31.07.2026.csv
2026-07-03,27307535,EVETIS_CPC_LEGACY,ARCHIVED,3892518031,593111986,EVT-HC-CHERRY-300,76.81,370,8,2,0,0.0,0.0,0.0,0.0,SKU_ACTUAL,raw/backfill_v1/performance/sku_spend/27307535_01.06.2026-31.07.2026.csv
2026-07-03,27307535,EVETIS_CPC_LEGACY,ARCHIVED,3930712640,593111985,EVT-HC-AMBER-300,55.21,527,6,1,0,0.0,0.0,0.0,0.0,SKU_ACTUAL,raw/backfill_v1/performance/sku_spend/27307535_01.06.2026-31.07.2026.csv
2026-07-03,27307598,EVETIS_CPC_LEGACY,ARCHIVED,1991772098,305101272,EVT-FS-MOIST-30,0.0,2,0,0,0,0.0,0.0,0.0,0.0,SKU_ACTUAL,raw/backfill_v1/performance/sku_spend/27307598_01.06.2026-31.07.2026.csv
2026-07-03,27307598,EVETIS_CPC_LEGACY,ARCHIVED,3528293526,535581674,EVT-FT-MOIST-150,609.04,2245,112,6,1,975.0,2136.0,62.5,28.5,SKU_ACTUAL,raw/backfill_v1/performance/sku_spend/27307598_01.06.2026-31.07.2026.csv
2026-07-03,27443733,EVETIS_CPC_LEGACY,ARCHIVED,3732641694,567668635,EVT-SET-SER-CREAM-ACNE,95.12,271,14,0,0,0.0,0.0,0.0,0.0,SKU_ACTUAL,raw/backfill_v1/performance/sku_spend/27443733_01.06.2026-31.07.2026.csv
2026-07-03,27443733,EVETIS_CPC_LEGACY,ARCHIVED,3733452761,868597351,EVT-SET-4PC-ACNE,242.99,904,50,7,0,0.0,0.0,0.0,0.0,SKU_ACTUAL,raw/backfill_v1/performance/sku_spend/27443733_01.06.2026-31.07.2026.csv
2026-07-03,27443733,EVETIS_CPC_LEGACY,ARCHIVED,3733947454,909951444,EVT-SET-ACNE-POWDER-SERUM-CREAM,72.92,249,9,0,0,0.0,0.0,0.0,0.0,SKU_ACTUAL,raw/backfill_v1/performance/sku_spend/27443733_01.06.2026-31.07.2026.csv
2026-07-03,27443733,EVETIS_CPC_LEGACY,ARCHIVED,3892223191,930334397,EVT-SET-CHERRY-AMBER,29.19,177,2,0,0,0.0,0.0,0.0,0.0,SKU_ACTUAL,raw/backfill_v1/performance/sku_spend/27443733_01.06.2026-31.07.2026.csv
2026-07-03,27443733,EVETIS_CPC_LEGACY,ARCHIVED,3892410843,930334396,EVT-SET-HAND-AMBER,0.0,386,0,0,0,0.0,0.0,0.0,0.0,SKU_ACTUAL,raw/backfill_v1/performance/sku_spend/27443733_01.06.2026-31.07.2026.csv
2026-07-04,27251978,EVETIS_CPC_LEGACY,ARCHIVED,3530427102,535581675,EVT-FT-ACNE-150,42.79,844,16,1,0,0.0,0.0,0.0,0.0,SKU_ACTUAL,raw/backfill_v1/performance/sku_spend/27251978_01.06.2026-31.07.2026.csv
2026-07-04,27251978,EVETIS_CPC_LEGACY,ARCHIVED,3735674506,910584041,EVT-SET-TON-SER-CREAM-ACNE,126.96,858,21,3,0,0.0,0.0,0.0,0.0,SKU_ACTUAL,raw/backfill_v1/performance/sku_spend/27251978_01.06.2026-31.07.2026.csv
2026-07-04,27307535,EVETIS_CPC_LEGACY,ARCHIVED,1997079254,252442517,EVT-HC-HAND-300,10.69,213,3,0,0,0.0,0.0,0.0,0.0,SKU_ACTUAL,raw/backfill_v1/performance/sku_spend/27307535_01.06.2026-31.07.2026.csv
2026-07-04,27307535,EVETIS_CPC_LEGACY,ARCHIVED,3892518031,593111986,EVT-HC-CHERRY-300,25.69,406,3,0,0,0.0,0.0,0.0,0.0,SKU_ACTUAL,raw/backfill_v1/performance/sku_spend/27307535_01.06.2026-31.07.2026.csv
2026-07-04,27307535,EVETIS_CPC_LEGACY,ARCHIVED,3930712640,593111985,EVT-HC-AMBER-300,142.45,790,14,1,1,1230.0,1230.0,11.6,11.6,SKU_ACTUAL,raw/backfill_v1/performance/sku_spend/27307535_01.06.2026-31.07.2026.csv
2026-07-04,27307598,EVETIS_CPC_LEGACY,ARCHIVED,1991772098,305101272,EVT-FS-MOIST-30,0.0,8,0,0,0,0.0,0.0,0.0,0.0,SKU_ACTUAL,raw/backfill_v1/performance/sku_spend/27307598_01.06.2026-31.07.2026.csv
2026-07-04,27307598,EVETIS_CPC_LEGACY,ARCHIVED,3528293526,535581674,EVT-FT-MOIST-150,657.54,2629,139,5,0,0.0,0.0,0.0,0.0,SKU_ACTUAL,raw/backfill_v1/performance/sku_spend/27307598_01.06.2026-31.07.2026.csv
2026-07-04,27443733,EVETIS_CPC_LEGACY,ARCHIVED,3732641694,567668635,EVT-SET-SER-CREAM-ACNE,107.37,393,16,0,1,1823.0,1823.0,5.9,5.9,SKU_ACTUAL,raw/backfill_v1/performance/sku_spend/27443733_01.06.2026-31.07.2026.csv
2026-07-04,27443733,EVETIS_CPC_LEGACY,ARCHIVED,3733452761,868597351,EVT-SET-4PC-ACNE,360.94,1276,73,6,0,0.0,0.0,0.0,0.0,SKU_ACTUAL,raw/backfill_v1/performance/sku_spend/27443733_01.06.2026-31.07.2026.csv
2026-07-04,27443733,EVETIS_CPC_LEGACY,ARCHIVED,3733947454,909951444,EVT-SET-ACNE-POWDER-SERUM-CREAM,73.49,423,11,1,0,0.0,0.0,0.0,0.0,SKU_ACTUAL,raw/backfill_v1/performance/sku_spend/27443733_01.06.2026-31.07.2026.csv
2026-07-04,27443733,EVETIS_CPC_LEGACY,ARCHIVED,3892223191,930334397,EVT-SET-CHERRY-AMBER,0.0,179,0,0,0,0.0,0.0,0.0,0.0,SKU_ACTUAL,raw/backfill_v1/performance/sku_spend/27443733_01.06.2026-31.07.2026.csv
2026-07-04,27443733,EVETIS_CPC_LEGACY,ARCHIVED,3892410843,930334396,EVT-SET-HAND-AMBER,14.62,226,1,0,0,0.0,0.0,0.0,0.0,SKU_ACTUAL,raw/backfill_v1/performance/sku_spend/27443733_01.06.2026-31.07.2026.csv
2026-07-05,27251978,EVETIS_CPC_LEGACY,ARCHIVED,3530427102,535581675,EVT-FT-ACNE-150,74.46,1004,25,1,0,0.0,1148.0,0.0,6.5,SKU_ACTUAL,raw/backfill_v1/performance/sku_spend/27251978_01.06.2026-31.07.2026.csv
2026-07-05,27251978,EVETIS_CPC_LEGACY,ARCHIVED,3735674506,910584041,EVT-SET-TON-SER-CREAM-ACNE,425.32,2800,75,12,0,0.0,2110.0,0.0,20.2,SKU_ACTUAL,raw/backfill_v1/performance/sku_spend/27251978_01.06.2026-31.07.2026.csv
2026-07-05,27307535,EVETIS_CPC_LEGACY,ARCHIVED,1997079254,252442517,EVT-HC-HAND-300,56.46,808,7,0,0,0.0,0.0,0.0,0.0,SKU_ACTUAL,raw/backfill_v1/performance/sku_spend/27307535_01.06.2026-31.07.2026.csv
2026-07-05,27307535,EVETIS_CPC_LEGACY,ARCHIVED,3892518031,593111986,EVT-HC-CHERRY-300,156.74,1205,18,1,0,0.0,0.0,0.0,0.0,SKU_ACTUAL,raw/backfill_v1/performance/sku_spend/27307535_01.06.2026-31.07.2026.csv
2026-07-05,27307535,EVETIS_CPC_LEGACY,ARCHIVED,3930712640,593111985,EVT-HC-AMBER-300,165.6,1078,18,1,1,1230.0,1230.0,13.5,13.5,SKU_ACTUAL,raw/backfill_v1/performance/sku_spend/27307535_01.06.2026-31.07.2026.csv
2026-07-05,27307598,EVETIS_CPC_LEGACY,ARCHIVED,1991772098,305101272,EVT-FS-MOIST-30,123.28,4863,26,1,1,1060.0,1060.0,11.6,11.6,SKU_ACTUAL,raw/backfill_v1/performance/sku_spend/27307598_01.06.2026-31.07.2026.csv
2026-07-05,27307598,EVETIS_CPC_LEGACY,ARCHIVED,3528293526,535581674,EVT-FT-MOIST-150,536.1,3234,107,9,0,0.0,1161.0,0.0,46.2,SKU_ACTUAL,raw/backfill_v1/performance/sku_spend/27307598_01.06.2026-31.07.2026.csv
2026-07-05,27443733,EVETIS_CPC_LEGACY,ARCHIVED,3732641694,567668635,EVT-SET-SER-CREAM-ACNE,228.13,1388,38,3,0,0.0,0.0,0.0,0.0,SKU_ACTUAL,raw/backfill_v1/performance/sku_spend/27443733_01.06.2026-31.07.2026.csv
2026-07-05,27443733,EVETIS_CPC_LEGACY,ARCHIVED,3733452761,868597351,EVT-SET-4PC-ACNE,401.55,1596,86,7,0,0.0,2923.0,0.0,13.7,SKU_ACTUAL,raw/backfill_v1/performance/sku_spend/27443733_01.06.2026-31.07.2026.csv
2026-07-05,27443733,EVETIS_CPC_LEGACY,ARCHIVED,3733947454,909951444,EVT-SET-ACNE-POWDER-SERUM-CREAM,956.69,3695,148,10,0,0.0,0.0,0.0,0.0,SKU_ACTUAL,raw/backfill_v1/performance/sku_spend/27443733_01.06.2026-31.07.2026.csv
2026-07-05,27443733,EVETIS_CPC_LEGACY,ARCHIVED,3892223191,930334397,EVT-SET-CHERRY-AMBER,107.08,474,11,0,0,0.0,0.0,0.0,0.0,SKU_ACTUAL,raw/backfill_v1/performance/sku_spend/27443733_01.06.2026-31.07.2026.csv
2026-07-05,27443733,EVETIS_CPC_LEGACY,ARCHIVED,3892410843,930334396,EVT-SET-HAND-AMBER,62.09,444,7,1,0,0.0,0.0,0.0,0.0,SKU_ACTUAL,raw/backfill_v1/performance/sku_spend/27443733_01.06.2026-31.07.2026.csv
2026-07-06,27251978,EVETIS_CPC_LEGACY,ARCHIVED,3530427102,535581675,EVT-FT-ACNE-150,19.59,207,6,1,0,0.0,0.0,0.0,0.0,SKU_ACTUAL,raw/backfill_v1/performance/sku_spend/27251978_01.06.2026-31.07.2026.csv
2026-07-06,27251978,EVETIS_CPC_LEGACY,ARCHIVED,3735674506,910584041,EVT-SET-TON-SER-CREAM-ACNE,212.96,1656,38,5,0,0.0,0.0,0.0,0.0,SKU_ACTUAL,raw/backfill_v1/performance/sku_spend/27251978_01.06.2026-31.07.2026.csv
2026-07-06,27307535,EVETIS_CPC_LEGACY,ARCHIVED,1997079254,252442517,EVT-HC-HAND-300,25.48,297,7,1,0,0.0,0.0,0.0,0.0,SKU_ACTUAL,raw/backfill_v1/performance/sku_spend/27307535_01.06.2026-31.07.2026.csv
2026-07-06,27307535,EVETIS_CPC_LEGACY,ARCHIVED,3892518031,593111986,EVT-HC-CHERRY-300,91.06,854,9,0,0,0.0,0.0,0.0,0.0,SKU_ACTUAL,raw/backfill_v1/performance/sku_spend/27307535_01.06.2026-31.07.2026.csv
2026-07-06,27307535,EVETIS_CPC_LEGACY,ARCHIVED,3930712640,593111985,EVT-HC-AMBER-300,128.87,514,13,1,0,0.0,0.0,0.0,0.0,SKU_ACTUAL,raw/backfill_v1/performance/sku_spend/27307535_01.06.2026-31.07.2026.csv
2026-07-06,27307598,EVETIS_CPC_LEGACY,ARCHIVED,1991772098,305101272,EVT-FS-MOIST-30,137.98,5047,31,4,0,0.0,0.0,0.0,0.0,SKU_ACTUAL,raw/backfill_v1/performance/sku_spend/27307598_01.06.2026-31.07.2026.csv
2026-07-06,27307598,EVETIS_CPC_LEGACY,ARCHIVED,3528293526,535581674,EVT-FT-MOIST-150,356.34,2208,76,4,0,0.0,0.0,0.0,0.0,SKU_ACTUAL,raw/backfill_v1/performance/sku_spend/27307598_01.06.2026-31.07.2026.csv
2026-07-06,27443733,EVETIS_CPC_LEGACY,ARCHIVED,3732641694,567668635,EVT-SET-SER-CREAM-ACNE,140.17,884,24,1,0,0.0,0.0,0.0,0.0,SKU_ACTUAL,raw/backfill_v1/performance/sku_spend/27443733_01.06.2026-31.07.2026.csv
2026-07-06,27443733,EVETIS_CPC_LEGACY,ARCHIVED,3733452761,868597351,EVT-SET-4PC-ACNE,226.23,1164,54,8,2,6028.0,6028.0,3.8,3.8,SKU_ACTUAL,raw/backfill_v1/performance/sku_spend/27443733_01.06.2026-31.07.2026.csv
2026-07-06,27443733,EVETIS_CPC_LEGACY,ARCHIVED,3733947454,909951444,EVT-SET-ACNE-POWDER-SERUM-CREAM,791.96,3257,126,8,0,0.0,0.0,0.0,0.0,SKU_ACTUAL,raw/backfill_v1/performance/sku_spend/27443733_01.06.2026-31.07.2026.csv
2026-07-06,27443733,EVETIS_CPC_LEGACY,ARCHIVED,3892223191,930334397,EVT-SET-CHERRY-AMBER,95.31,475,7,0,0,0.0,0.0,0.0,0.0,SKU_ACTUAL,raw/backfill_v1/performance/sku_spend/27443733_01.06.2026-31.07.2026.csv
2026-07-06,27443733,EVETIS_CPC_LEGACY,ARCHIVED,3892345516,930334395,EVT-SET-HAND-CHERRY,0.0,0,0,0,1,1416.0,0.0,0.0,0.0,SKU_ACTUAL,raw/backfill_v1/performance/sku_spend/27443733_01.06.2026-31.07.2026.csv
2026-07-06,27443733,EVETIS_CPC_LEGACY,ARCHIVED,3892410843,930334396,EVT-SET-HAND-AMBER,77.72,173,7,0,0,0.0,0.0,0.0,0.0,SKU_ACTUAL,raw/backfill_v1/performance/sku_spend/27443733_01.06.2026-31.07.2026.csv
2026-07-07,27443733,EVETIS_CPC_LEGACY,ARCHIVED,3733452761,868597351,EVT-SET-4PC-ACNE,0.0,0,0,0,1,2831.0,0.0,0.0,0.0,SKU_ACTUAL,raw/backfill_v1/performance/sku_spend/27443733_01.06.2026-31.07.2026.csv
2026-07-08,27307598,EVETIS_CPC_LEGACY,ARCHIVED,1991772098,305101272,EVT-FS-MOIST-30,0.0,0,0,0,1,896.0,896.0,0.0,0.0,SKU_ACTUAL,raw/backfill_v1/performance/sku_spend/27307598_01.06.2026-31.07.2026.csv
2026-07-09,27307535,EVETIS_CPC_LEGACY,ARCHIVED,1997079254,252442517,EVT-HC-HAND-300,0.0,0,0,0,0,0.0,0.0,0.0,0.0,SKU_ACTUAL,raw/backfill_v1/performance/sku_spend/27307535_01.06.2026-31.07.2026.csv
2026-07-09,27307598,EVETIS_CPC_LEGACY,ARCHIVED,1991772098,305101272,EVT-FS-MOIST-30,0.0,0,0,0,1,853.0,853.0,0.0,0.0,SKU_ACTUAL,raw/backfill_v1/performance/sku_spend/27307598_01.06.2026-31.07.2026.csv
2026-07-10,27307535,EVETIS_CPC_LEGACY,ARCHIVED,3892518031,593111986,EVT-HC-CHERRY-300,0.0,0,0,0,1,1176.0,0.0,0.0,0.0,SKU_ACTUAL,raw/backfill_v1/performance/sku_spend/27307535_01.06.2026-31.07.2026.csv
2026-07-10,27443733,EVETIS_CPC_LEGACY,ARCHIVED,3733947454,909951444,EVT-SET-ACNE-POWDER-SERUM-CREAM,0.0,0,0,0,1,2162.0,0.0,0.0,0.0,SKU_ACTUAL,raw/backfill_v1/performance/sku_spend/27443733_01.06.2026-31.07.2026.csv
2026-07-11,32157891,EVETIS_CPC_CORE,RUNNING,1997079254,252442517,EVT-HC-HAND-300,0.0,22,0,0,0,0.0,0.0,0.0,0.0,SKU_ACTUAL,raw/backfill_v1/performance/sku_spend/32157891_01.06.2026-31.07.2026.csv
2026-07-11,32157919,EVETIS_CPC_CORE,RUNNING,3892518031,593111986,EVT-HC-CHERRY-300,0.0,17,0,0,0,0.0,0.0,0.0,0.0,SKU_ACTUAL,raw/backfill_v1/performance/sku_spend/32157919_01.06.2026-31.07.2026.csv
2026-07-11,32157947,EVETIS_CPC_CORE,RUNNING,1991772098,305101272,EVT-FS-MOIST-30,0.0,4,0,0,0,0.0,0.0,0.0,0.0,SKU_ACTUAL,raw/backfill_v1/performance/sku_spend/32157947_01.06.2026-31.07.2026.csv
2026-07-11,32157965,EVETIS_CPC_CORE,RUNNING,2974977988,438775617,EVT-FC-ACNE-50,17.86,252,6,0,0,0.0,0.0,0.0,0.0,SKU_ACTUAL,raw/backfill_v1/performance/sku_spend/32157965_01.06.2026-31.07.2026.csv
2026-07-11,32157988,EVETIS_CPC_CORE,RUNNING,3530427102,535581675,EVT-FT-ACNE-150,6.96,26,2,0,0,0.0,0.0,0.0,0.0,SKU_ACTUAL,raw/backfill_v1/performance/sku_spend/32157988_01.06.2026-31.07.2026.csv
2026-07-11,32158008,EVETIS_CPC_CORE,RUNNING,3735674506,910584041,EVT-SET-TON-SER-CREAM-ACNE,8.1,35,2,0,0,0.0,0.0,0.0,0.0,SKU_ACTUAL,raw/backfill_v1/performance/sku_spend/32158008_01.06.2026-31.07.2026.csv
2026-07-11,32158051,EVETIS_CPC_CORE,RUNNING,3733452761,868597351,EVT-SET-4PC-ACNE,19.71,82,5,0,0,0.0,0.0,0.0,0.0,SKU_ACTUAL,raw/backfill_v1/performance/sku_spend/32158051_01.06.2026-31.07.2026.csv
2026-07-11,32158176,EVETIS_CPC_CORE,RUNNING,3543342130,535580776,EVT-EP-ENZYME-75,2.88,29,1,0,0,0.0,0.0,0.0,0.0,SKU_ACTUAL,raw/backfill_v1/performance/sku_spend/32158176_01.06.2026-31.07.2026.csv
2026-07-11,32158299,EVETIS_CPC_CORE,INACTIVE,3733947454,909951444,EVT-SET-ACNE-POWDER-SERUM-CREAM,0.0,9,0,0,0,0.0,0.0,0.0,0.0,SKU_ACTUAL,raw/backfill_v1/performance/sku_spend/32158299_01.06.2026-31.07.2026.csv
2026-07-12,32157891,EVETIS_CPC_CORE,RUNNING,1997079254,252442517,EVT-HC-HAND-300,4.54,102,1,0,0,0.0,0.0,0.0,0.0,SKU_ACTUAL,raw/backfill_v1/performance/sku_spend/32157891_01.06.2026-31.07.2026.csv
2026-07-12,32157919,EVETIS_CPC_CORE,RUNNING,3892518031,593111986,EVT-HC-CHERRY-300,0.0,124,0,0,0,0.0,0.0,0.0,0.0,SKU_ACTUAL,raw/backfill_v1/performance/sku_spend/32157919_01.06.2026-31.07.2026.csv
2026-07-12,32157947,EVETIS_CPC_CORE,RUNNING,1991772098,305101272,EVT-FS-MOIST-30,3.82,27,2,0,0,0.0,0.0,0.0,0.0,SKU_ACTUAL,raw/backfill_v1/performance/sku_spend/32157947_01.06.2026-31.07.2026.csv
2026-07-12,32157965,EVETIS_CPC_CORE,RUNNING,2974977988,438775617,EVT-FC-ACNE-50,48.53,339,17,3,0,0.0,0.0,0.0,0.0,SKU_ACTUAL,raw/backfill_v1/performance/sku_spend/32157965_01.06.2026-31.07.2026.csv
2026-07-12,32157988,EVETIS_CPC_CORE,RUNNING,3530427102,535581675,EVT-FT-ACNE-150,3.99,51,1,0,0,0.0,0.0,0.0,0.0,SKU_ACTUAL,raw/backfill_v1/performance/sku_spend/32157988_01.06.2026-31.07.2026.csv
2026-07-12,32158008,EVETIS_CPC_CORE,RUNNING,3735674506,910584041,EVT-SET-TON-SER-CREAM-ACNE,17.64,76,4,0,0,0.0,0.0,0.0,0.0,SKU_ACTUAL,raw/backfill_v1/performance/sku_spend/32158008_01.06.2026-31.07.2026.csv
2026-07-12,32158051,EVETIS_CPC_CORE,RUNNING,3733452761,868597351,EVT-SET-4PC-ACNE,36.56,217,9,0,0,0.0,0.0,0.0,0.0,SKU_ACTUAL,raw/backfill_v1/performance/sku_spend/32158051_01.06.2026-31.07.2026.csv
2026-07-12,32158176,EVETIS_CPC_CORE,RUNNING,3543342130,535580776,EVT-EP-ENZYME-75,27.22,103,7,1,0,0.0,0.0,0.0,0.0,SKU_ACTUAL,raw/backfill_v1/performance/sku_spend/32158176_01.06.2026-31.07.2026.csv
2026-07-12,32158299,EVETIS_CPC_CORE,INACTIVE,3733947454,909951444,EVT-SET-ACNE-POWDER-SERUM-CREAM,0.0,23,0,0,0,0.0,0.0,0.0,0.0,SKU_ACTUAL,raw/backfill_v1/performance/sku_spend/32158299_01.06.2026-31.07.2026.csv
2026-07-13,27443733,EVETIS_CPC_LEGACY,ARCHIVED,3892410843,930334396,EVT-SET-HAND-AMBER,0.0,0,0,0,1,1420.0,0.0,0.0,0.0,SKU_ACTUAL,raw/backfill_v1/performance/sku_spend/27443733_01.06.2026-31.07.2026.csv
2026-07-13,32157891,EVETIS_CPC_CORE,RUNNING,1997079254,252442517,EVT-HC-HAND-300,40.85,408,8,0,1,650.0,650.0,6.3,6.3,SKU_ACTUAL,raw/backfill_v1/performance/sku_spend/32157891_01.06.2026-31.07.2026.csv
2026-07-13,32157919,EVETIS_CPC_CORE,RUNNING,3892518031,593111986,EVT-HC-CHERRY-300,25.83,470,4,0,0,0.0,0.0,0.0,0.0,SKU_ACTUAL,raw/backfill_v1/performance/sku_spend/32157919_01.06.2026-31.07.2026.csv
2026-07-13,32157947,EVETIS_CPC_CORE,RUNNING,1991772098,305101272,EVT-FS-MOIST-30,0.0,32,0,0,0,0.0,0.0,0.0,0.0,SKU_ACTUAL,raw/backfill_v1/performance/sku_spend/32157947_01.06.2026-31.07.2026.csv
2026-07-13,32157965,EVETIS_CPC_CORE,RUNNING,2974977988,438775617,EVT-FC-ACNE-50,22.81,329,7,0,0,0.0,0.0,0.0,0.0,SKU_ACTUAL,raw/backfill_v1/performance/sku_spend/32157965_01.06.2026-31.07.2026.csv
2026-07-13,32157988,EVETIS_CPC_CORE,RUNNING,3530427102,535581675,EVT-FT-ACNE-150,2.58,86,1,1,0,0.0,0.0,0.0,0.0,SKU_ACTUAL,raw/backfill_v1/performance/sku_spend/32157988_01.06.2026-31.07.2026.csv
2026-07-13,32158008,EVETIS_CPC_CORE,RUNNING,3735674506,910584041,EVT-SET-TON-SER-CREAM-ACNE,11.42,111,2,0,0,0.0,0.0,0.0,0.0,SKU_ACTUAL,raw/backfill_v1/performance/sku_spend/32158008_01.06.2026-31.07.2026.csv
2026-07-13,32158051,EVETIS_CPC_CORE,RUNNING,3733452761,868597351,EVT-SET-4PC-ACNE,26.78,252,8,0,0,0.0,0.0,0.0,0.0,SKU_ACTUAL,raw/backfill_v1/performance/sku_spend/32158051_01.06.2026-31.07.2026.csv
2026-07-13,32158176,EVETIS_CPC_CORE,RUNNING,3543342130,535580776,EVT-EP-ENZYME-75,4.46,114,1,0,0,0.0,0.0,0.0,0.0,SKU_ACTUAL,raw/backfill_v1/performance/sku_spend/32158176_01.06.2026-31.07.2026.csv
2026-07-13,32158299,EVETIS_CPC_CORE,INACTIVE,3733947454,909951444,EVT-SET-ACNE-POWDER-SERUM-CREAM,1.0,119,1,0,0,0.0,0.0,0.0,0.0,SKU_ACTUAL,raw/backfill_v1/performance/sku_spend/32158299_01.06.2026-31.07.2026.csv
2026-07-14,27443733,EVETIS_CPC_LEGACY,ARCHIVED,3892345516,930334395,EVT-SET-HAND-CHERRY,0.0,0,0,0,1,1416.0,0.0,0.0,0.0,SKU_ACTUAL,raw/backfill_v1/performance/sku_spend/27443733_01.06.2026-31.07.2026.csv
2026-07-14,32157891,EVETIS_CPC_CORE,RUNNING,1997079254,252442517,EVT-HC-HAND-300,28.17,323,5,1,0,0.0,0.0,0.0,0.0,SKU_ACTUAL,raw/backfill_v1/performance/sku_spend/32157891_01.06.2026-31.07.2026.csv
2026-07-14,32157919,EVETIS_CPC_CORE,RUNNING,3892518031,593111986,EVT-HC-CHERRY-300,41.32,439,6,0,0,0.0,0.0,0.0,0.0,SKU_ACTUAL,raw/backfill_v1/performance/sku_spend/32157919_01.06.2026-31.07.2026.csv
2026-07-14,32157947,EVETIS_CPC_CORE,RUNNING,1991772098,305101272,EVT-FS-MOIST-30,5.96,56,1,0,0,0.0,0.0,0.0,0.0,SKU_ACTUAL,raw/backfill_v1/performance/sku_spend/32157947_01.06.2026-31.07.2026.csv
2026-07-14,32157965,EVETIS_CPC_CORE,RUNNING,2974977988,438775617,EVT-FC-ACNE-50,46.36,361,13,1,0,0.0,0.0,0.0,0.0,SKU_ACTUAL,raw/backfill_v1/performance/sku_spend/32157965_01.06.2026-31.07.2026.csv
2026-07-14,32157988,EVETIS_CPC_CORE,RUNNING,3530427102,535581675,EVT-FT-ACNE-150,24.6,126,6,1,0,0.0,0.0,0.0,0.0,SKU_ACTUAL,raw/backfill_v1/performance/sku_spend/32157988_01.06.2026-31.07.2026.csv
2026-07-14,32158008,EVETIS_CPC_CORE,RUNNING,3735674506,910584041,EVT-SET-TON-SER-CREAM-ACNE,26.56,136,5,0,0,0.0,0.0,0.0,0.0,SKU_ACTUAL,raw/backfill_v1/performance/sku_spend/32158008_01.06.2026-31.07.2026.csv
2026-07-14,32158051,EVETIS_CPC_CORE,RUNNING,3733452761,868597351,EVT-SET-4PC-ACNE,30.75,217,9,0,0,0.0,0.0,0.0,0.0,SKU_ACTUAL,raw/backfill_v1/performance/sku_spend/32158051_01.06.2026-31.07.2026.csv
2026-07-14,32158176,EVETIS_CPC_CORE,RUNNING,3543342130,535580776,EVT-EP-ENZYME-75,96.54,236,18,1,0,0.0,0.0,0.0,0.0,SKU_ACTUAL,raw/backfill_v1/performance/sku_spend/32158176_01.06.2026-31.07.2026.csv
2026-07-14,32158299,EVETIS_CPC_CORE,INACTIVE,3733947454,909951444,EVT-SET-ACNE-POWDER-SERUM-CREAM,24.65,142,4,0,0,0.0,0.0,0.0,0.0,SKU_ACTUAL,raw/backfill_v1/performance/sku_spend/32158299_01.06.2026-31.07.2026.csv
2026-07-15,32157891,EVETIS_CPC_CORE,RUNNING,1997079254,252442517,EVT-HC-HAND-300,67.95,454,9,4,0,0.0,586.0,0.0,11.6,SKU_ACTUAL,raw/backfill_v1/performance/sku_spend/32157891_01.06.2026-31.07.2026.csv
2026-07-15,32157919,EVETIS_CPC_CORE,RUNNING,3892518031,593111986,EVT-HC-CHERRY-300,37.93,194,4,0,0,0.0,0.0,0.0,0.0,SKU_ACTUAL,raw/backfill_v1/performance/sku_spend/32157919_01.06.2026-31.07.2026.csv
2026-07-15,32157947,EVETIS_CPC_CORE,RUNNING,1991772098,305101272,EVT-FS-MOIST-30,7.94,87,2,0,0,0.0,0.0,0.0,0.0,SKU_ACTUAL,raw/backfill_v1/performance/sku_spend/32157947_01.06.2026-31.07.2026.csv
2026-07-15,32157965,EVETIS_CPC_CORE,RUNNING,2974977988,438775617,EVT-FC-ACNE-50,73.88,465,18,1,0,0.0,0.0,0.0,0.0,SKU_ACTUAL,raw/backfill_v1/performance/sku_spend/32157965_01.06.2026-31.07.2026.csv
2026-07-15,32157988,EVETIS_CPC_CORE,RUNNING,3530427102,535581675,EVT-FT-ACNE-150,4.82,143,2,1,1,1109.0,1109.0,0.4,0.4,SKU_ACTUAL,raw/backfill_v1/performance/sku_spend/32157988_01.06.2026-31.07.2026.csv
2026-07-15,32158008,EVETIS_CPC_CORE,RUNNING,3735674506,910584041,EVT-SET-TON-SER-CREAM-ACNE,51.69,258,10,0,0,0.0,0.0,0.0,0.0,SKU_ACTUAL,raw/backfill_v1/performance/sku_spend/32158008_01.06.2026-31.07.2026.csv
2026-07-15,32158051,EVETIS_CPC_CORE,RUNNING,3733452761,868597351,EVT-SET-4PC-ACNE,97.6,490,25,1,0,0.0,0.0,0.0,0.0,SKU_ACTUAL,raw/backfill_v1/performance/sku_spend/32158051_01.06.2026-31.07.2026.csv
2026-07-15,32158176,EVETIS_CPC_CORE,RUNNING,3543342130,535580776,EVT-EP-ENZYME-75,142.7,334,22,0,0,0.0,0.0,0.0,0.0,SKU_ACTUAL,raw/backfill_v1/performance/sku_spend/32158176_01.06.2026-31.07.2026.csv
2026-07-15,32158299,EVETIS_CPC_CORE,INACTIVE,3733947454,909951444,EVT-SET-ACNE-POWDER-SERUM-CREAM,52.58,333,10,1,0,0.0,0.0,0.0,0.0,SKU_ACTUAL,raw/backfill_v1/performance/sku_spend/32158299_01.06.2026-31.07.2026.csv
2026-07-16,32157891,EVETIS_CPC_CORE,RUNNING,1997079254,252442517,EVT-HC-HAND-300,115.6,595,14,1,0,0.0,586.0,0.0,19.7,SKU_ACTUAL,raw/backfill_v1/performance/sku_spend/32157891_01.06.2026-31.07.2026.csv
2026-07-16,32157919,EVETIS_CPC_CORE,RUNNING,3892518031,593111986,EVT-HC-CHERRY-300,52.07,281,7,1,0,0.0,0.0,0.0,0.0,SKU_ACTUAL,raw/backfill_v1/performance/sku_spend/32157919_01.06.2026-31.07.2026.csv
2026-07-16,32157947,EVETIS_CPC_CORE,RUNNING,1991772098,305101272,EVT-FS-MOIST-30,29.33,82,4,0,0,0.0,0.0,0.0,0.0,SKU_ACTUAL,raw/backfill_v1/performance/sku_spend/32157947_01.06.2026-31.07.2026.csv
2026-07-16,32157965,EVETIS_CPC_CORE,RUNNING,2974977988,438775617,EVT-FC-ACNE-50,43.17,181,10,1,0,0.0,0.0,0.0,0.0,SKU_ACTUAL,raw/backfill_v1/performance/sku_spend/32157965_01.06.2026-31.07.2026.csv
2026-07-16,32157988,EVETIS_CPC_CORE,RUNNING,3530427102,535581675,EVT-FT-ACNE-150,41.17,339,5,1,0,0.0,0.0,0.0,0.0,SKU_ACTUAL,raw/backfill_v1/performance/sku_spend/32157988_01.06.2026-31.07.2026.csv
2026-07-16,32158008,EVETIS_CPC_CORE,RUNNING,3735674506,910584041,EVT-SET-TON-SER-CREAM-ACNE,100.92,372,15,2,0,0.0,0.0,0.0,0.0,SKU_ACTUAL,raw/backfill_v1/performance/sku_spend/32158008_01.06.2026-31.07.2026.csv
2026-07-16,32158051,EVETIS_CPC_CORE,RUNNING,3733452761,868597351,EVT-SET-4PC-ACNE,172.87,1001,38,0,1,2841.0,2841.0,6.1,6.1,SKU_ACTUAL,raw/backfill_v1/performance/sku_spend/32158051_01.06.2026-31.07.2026.csv
2026-07-16,32158176,EVETIS_CPC_CORE,RUNNING,3543342130,535580776,EVT-EP-ENZYME-75,127.83,499,20,0,0,0.0,1123.0,0.0,11.4,SKU_ACTUAL,raw/backfill_v1/performance/sku_spend/32158176_01.06.2026-31.07.2026.csv
2026-07-16,32158299,EVETIS_CPC_CORE,INACTIVE,3733947454,909951444,EVT-SET-ACNE-POWDER-SERUM-CREAM,60.66,396,8,1,0,0.0,0.0,0.0,0.0,SKU_ACTUAL,raw/backfill_v1/performance/sku_spend/32158299_01.06.2026-31.07.2026.csv
2026-07-17,32157891,EVETIS_CPC_CORE,RUNNING,1997079254,252442517,EVT-HC-HAND-300,98.13,598,13,2,0,0.0,586.0,0.0,16.7,SKU_ACTUAL,raw/backfill_v1/performance/sku_spend/32157891_01.06.2026-31.07.2026.csv
2026-07-17,32157919,EVETIS_CPC_CORE,RUNNING,3892518031,593111986,EVT-HC-CHERRY-300,64.46,295,8,1,0,0.0,0.0,0.0,0.0,SKU_ACTUAL,raw/backfill_v1/performance/sku_spend/32157919_01.06.2026-31.07.2026.csv
2026-07-17,32157947,EVETIS_CPC_CORE,RUNNING,1991772098,305101272,EVT-FS-MOIST-30,83.03,124,9,2,0,0.0,0.0,0.0,0.0,SKU_ACTUAL,raw/backfill_v1/performance/sku_spend/32157947_01.06.2026-31.07.2026.csv
2026-07-17,32157965,EVETIS_CPC_CORE,RUNNING,2974977988,438775617,EVT-FC-ACNE-50,62.55,180,9,1,0,0.0,0.0,0.0,0.0,SKU_ACTUAL,raw/backfill_v1/performance/sku_spend/32157965_01.06.2026-31.07.2026.csv
2026-07-17,32157988,EVETIS_CPC_CORE,RUNNING,3530427102,535581675,EVT-FT-ACNE-150,129.26,421,19,1,0,0.0,0.0,0.0,0.0,SKU_ACTUAL,raw/backfill_v1/performance/sku_spend/32157988_01.06.2026-31.07.2026.csv
2026-07-17,32158008,EVETIS_CPC_CORE,RUNNING,3735674506,910584041,EVT-SET-TON-SER-CREAM-ACNE,102.39,309,15,3,0,0.0,2045.0,0.0,5.0,SKU_ACTUAL,raw/backfill_v1/performance/sku_spend/32158008_01.06.2026-31.07.2026.csv
2026-07-17,32158051,EVETIS_CPC_CORE,RUNNING,3733452761,868597351,EVT-SET-4PC-ACNE,142.76,698,29,3,0,0.0,0.0,0.0,0.0,SKU_ACTUAL,raw/backfill_v1/performance/sku_spend/32158051_01.06.2026-31.07.2026.csv
2026-07-17,32158176,EVETIS_CPC_CORE,RUNNING,3543342130,535580776,EVT-EP-ENZYME-75,137.18,362,20,0,0,0.0,0.0,0.0,0.0,SKU_ACTUAL,raw/backfill_v1/performance/sku_spend/32158176_01.06.2026-31.07.2026.csv
2026-07-17,32158299,EVETIS_CPC_CORE,INACTIVE,3733947454,909951444,EVT-SET-ACNE-POWDER-SERUM-CREAM,54.9,310,8,1,0,0.0,0.0,0.0,0.0,SKU_ACTUAL,raw/backfill_v1/performance/sku_spend/32158299_01.06.2026-31.07.2026.csv
2026-07-18,27251978,EVETIS_CPC_LEGACY,ARCHIVED,3735674506,910584041,EVT-SET-TON-SER-CREAM-ACNE,0.0,0,0,0,1,2045.0,2045.0,0.0,0.0,SKU_ACTUAL,raw/backfill_v1/performance/sku_spend/27251978_01.06.2026-31.07.2026.csv
2026-07-18,32157891,EVETIS_CPC_CORE,RUNNING,1997079254,252442517,EVT-HC-HAND-300,122.22,476,15,0,1,586.0,586.0,20.9,20.9,SKU_ACTUAL,raw/backfill_v1/performance/sku_spend/32157891_01.06.2026-31.07.2026.csv
2026-07-18,32157919,EVETIS_CPC_CORE,RUNNING,3892518031,593111986,EVT-HC-CHERRY-300,46.93,216,7,0,0,0.0,0.0,0.0,0.0,SKU_ACTUAL,raw/backfill_v1/performance/sku_spend/32157919_01.06.2026-31.07.2026.csv
2026-07-18,32157947,EVETIS_CPC_CORE,RUNNING,1991772098,305101272,EVT-FS-MOIST-30,51.77,171,6,0,0,0.0,0.0,0.0,0.0,SKU_ACTUAL,raw/backfill_v1/performance/sku_spend/32157947_01.06.2026-31.07.2026.csv
2026-07-18,32157965,EVETIS_CPC_CORE,RUNNING,2974977988,438775617,EVT-FC-ACNE-50,295.18,404,19,3,0,0.0,2042.0,0.0,14.5,SKU_ACTUAL,raw/backfill_v1/performance/sku_spend/32157965_01.06.2026-31.07.2026.csv
2026-07-18,32157988,EVETIS_CPC_CORE,RUNNING,3530427102,535581675,EVT-FT-ACNE-150,112.53,464,17,2,0,0.0,0.0,0.0,0.0,SKU_ACTUAL,raw/backfill_v1/performance/sku_spend/32157988_01.06.2026-31.07.2026.csv
2026-07-18,32158008,EVETIS_CPC_CORE,RUNNING,3735674506,910584041,EVT-SET-TON-SER-CREAM-ACNE,73.42,327,11,2,0,0.0,2045.0,0.0,3.6,SKU_ACTUAL,raw/backfill_v1/performance/sku_spend/32158008_01.06.2026-31.07.2026.csv
2026-07-18,32158051,EVETIS_CPC_CORE,RUNNING,3733452761,868597351,EVT-SET-4PC-ACNE,154.45,519,31,2,0,0.0,0.0,0.0,0.0,SKU_ACTUAL,raw/backfill_v1/performance/sku_spend/32158051_01.06.2026-31.07.2026.csv
2026-07-18,32158176,EVETIS_CPC_CORE,RUNNING,3543342130,535580776,EVT-EP-ENZYME-75,268.19,475,37,5,0,0.0,1123.0,0.0,23.9,SKU_ACTUAL,raw/backfill_v1/performance/sku_spend/32158176_01.06.2026-31.07.2026.csv
2026-07-18,32158299,EVETIS_CPC_CORE,INACTIVE,3733947454,909951444,EVT-SET-ACNE-POWDER-SERUM-CREAM,183.28,441,24,3,0,0.0,0.0,0.0,0.0,SKU_ACTUAL,raw/backfill_v1/performance/sku_spend/32158299_01.06.2026-31.07.2026.csv
2026-07-19,32157891,EVETIS_CPC_CORE,RUNNING,1997079254,252442517,EVT-HC-HAND-300,184.16,895,21,6,1,586.0,586.0,31.4,31.4,SKU_ACTUAL,raw/backfill_v1/performance/sku_spend/32157891_01.06.2026-31.07.2026.csv
2026-07-19,32157919,EVETIS_CPC_CORE,RUNNING,3892518031,593111986,EVT-HC-CHERRY-300,33.67,271,3,1,0,0.0,0.0,0.0,0.0,SKU_ACTUAL,raw/backfill_v1/performance/sku_spend/32157919_01.06.2026-31.07.2026.csv
2026-07-19,32157947,EVETIS_CPC_CORE,RUNNING,1991772098,305101272,EVT-FS-MOIST-30,39.99,189,4,1,1,845.0,845.0,4.7,4.7,SKU_ACTUAL,raw/backfill_v1/performance/sku_spend/32157947_01.06.2026-31.07.2026.csv
2026-07-19,32157965,EVETIS_CPC_CORE,RUNNING,2974977988,438775617,EVT-FC-ACNE-50,74.05,212,11,2,1,1021.0,3063.0,7.3,2.4,SKU_ACTUAL,raw/backfill_v1/performance/sku_spend/32157965_01.06.2026-31.07.2026.csv
2026-07-19,32157988,EVETIS_CPC_CORE,RUNNING,3530427102,535581675,EVT-FT-ACNE-150,132.2,555,20,4,1,1109.0,1109.0,11.9,11.9,SKU_ACTUAL,raw/backfill_v1/performance/sku_spend/32157988_01.06.2026-31.07.2026.csv
2026-07-19,32158008,EVETIS_CPC_CORE,RUNNING,3735674506,910584041,EVT-SET-TON-SER-CREAM-ACNE,105.99,401,15,2,1,2045.0,0.0,5.2,0.0,SKU_ACTUAL,raw/backfill_v1/performance/sku_spend/32158008_01.06.2026-31.07.2026.csv
2026-07-19,32158051,EVETIS_CPC_CORE,RUNNING,3733452761,868597351,EVT-SET-4PC-ACNE,138.0,423,27,5,0,0.0,2841.0,0.0,4.9,SKU_ACTUAL,raw/backfill_v1/performance/sku_spend/32158051_01.06.2026-31.07.2026.csv
2026-07-19,32158176,EVETIS_CPC_CORE,RUNNING,3543342130,535580776,EVT-EP-ENZYME-75,118.08,372,18,1,0,0.0,1123.0,0.0,10.5,SKU_ACTUAL,raw/backfill_v1/performance/sku_spend/32158176_01.06.2026-31.07.2026.csv
2026-07-19,32158299,EVETIS_CPC_CORE,INACTIVE,3733947454,909951444,EVT-SET-ACNE-POWDER-SERUM-CREAM,143.02,445,20,4,1,1586.0,1586.0,9.0,9.0,SKU_ACTUAL,raw/backfill_v1/performance/sku_spend/32158299_01.06.2026-31.07.2026.csv
2026-07-20,32157891,EVETIS_CPC_CORE,RUNNING,1997079254,252442517,EVT-HC-HAND-300,134.89,1073,18,2,2,1172.0,1856.0,11.5,7.3,SKU_ACTUAL,raw/backfill_v1/performance/sku_spend/32157891_01.06.2026-31.07.2026.csv
2026-07-20,32157919,EVETIS_CPC_CORE,RUNNING,3892518031,593111986,EVT-HC-CHERRY-300,26.63,278,3,0,0,0.0,0.0,1.7,0.0,SKU_ACTUAL,raw/backfill_v1/performance/sku_spend/32157919_01.06.2026-31.07.2026.csv
2026-07-20,32157947,EVETIS_CPC_CORE,RUNNING,1991772098,305101272,EVT-FS-MOIST-30,128.21,247,13,1,0,0.0,0.0,0.0,0.0,SKU_ACTUAL,raw/backfill_v1/performance/sku_spend/32157947_01.06.2026-31.07.2026.csv
2026-07-20,32157965,EVETIS_CPC_CORE,RUNNING,2974977988,438775617,EVT-FC-ACNE-50,54.29,298,10,0,2,2042.0,0.0,2.7,0.0,SKU_ACTUAL,raw/backfill_v1/performance/sku_spend/32157965_01.06.2026-31.07.2026.csv
2026-07-20,32157988,EVETIS_CPC_CORE,RUNNING,3530427102,535581675,EVT-FT-ACNE-150,83.07,508,13,1,0,0.0,0.0,0.0,0.0,SKU_ACTUAL,raw/backfill_v1/performance/sku_spend/32157988_01.06.2026-31.07.2026.csv
2026-07-20,32158008,EVETIS_CPC_CORE,RUNNING,3735674506,910584041,EVT-SET-TON-SER-CREAM-ACNE,173.15,570,25,1,0,0.0,2853.0,0.0,6.1,SKU_ACTUAL,raw/backfill_v1/performance/sku_spend/32158008_01.06.2026-31.07.2026.csv
2026-07-20,32158051,EVETIS_CPC_CORE,RUNNING,3733452761,868597351,EVT-SET-4PC-ACNE,196.68,541,41,2,0,0.0,0.0,0.0,0.0,SKU_ACTUAL,raw/backfill_v1/performance/sku_spend/32158051_01.06.2026-31.07.2026.csv
2026-07-20,32158176,EVETIS_CPC_CORE,RUNNING,3543342130,535580776,EVT-EP-ENZYME-75,195.28,636,35,0,1,1123.0,0.0,17.4,0.0,SKU_ACTUAL,raw/backfill_v1/performance/sku_spend/32158176_01.06.2026-31.07.2026.csv
2026-07-20,32158299,EVETIS_CPC_CORE,INACTIVE,3733947454,909951444,EVT-SET-ACNE-POWDER-SERUM-CREAM,182.25,707,27,3,0,0.0,0.0,0.0,0.0,SKU_ACTUAL,raw/backfill_v1/performance/sku_spend/32158299_01.06.2026-31.07.2026.csv
2026-07-21,32157891,EVETIS_CPC_CORE,RUNNING,1997079254,252442517,EVT-HC-HAND-300,59.71,803,10,2,0,0.0,0.0,0.0,0.0,SKU_ACTUAL,raw/backfill_v1/performance/sku_spend/32157891_01.06.2026-31.07.2026.csv
2026-07-21,32157919,EVETIS_CPC_CORE,RUNNING,3892518031,593111986,EVT-HC-CHERRY-300,59.04,372,7,1,0,0.0,1275.0,0.0,4.6,SKU_ACTUAL,raw/backfill_v1/performance/sku_spend/32157919_01.06.2026-31.07.2026.csv
2026-07-21,32157947,EVETIS_CPC_CORE,RUNNING,1991772098,305101272,EVT-FS-MOIST-30,137.82,302,11,2,0,0.0,0.0,0.0,0.0,SKU_ACTUAL,raw/backfill_v1/performance/sku_spend/32157947_01.06.2026-31.07.2026.csv
2026-07-21,32157965,EVETIS_CPC_CORE,RUNNING,2974977988,438775617,EVT-FC-ACNE-50,105.93,399,22,2,1,1021.0,0.0,10.4,0.0,SKU_ACTUAL,raw/backfill_v1/performance/sku_spend/32157965_01.06.2026-31.07.2026.csv
2026-07-21,32157988,EVETIS_CPC_CORE,RUNNING,3530427102,535581675,EVT-FT-ACNE-150,144.53,568,21,0,0,0.0,1640.0,0.0,8.8,SKU_ACTUAL,raw/backfill_v1/performance/sku_spend/32157988_01.06.2026-31.07.2026.csv
2026-07-21,32158008,EVETIS_CPC_CORE,RUNNING,3735674506,910584041,EVT-SET-TON-SER-CREAM-ACNE,187.1,549,27,2,0,0.0,0.0,0.0,0.0,SKU_ACTUAL,raw/backfill_v1/performance/sku_spend/32158008_01.06.2026-31.07.2026.csv
2026-07-21,32158051,EVETIS_CPC_CORE,RUNNING,3733452761,868597351,EVT-SET-4PC-ACNE,123.3,594,27,4,0,0.0,3900.0,0.0,3.2,SKU_ACTUAL,raw/backfill_v1/performance/sku_spend/32158051_01.06.2026-31.07.2026.csv
2026-07-21,32158176,EVETIS_CPC_CORE,RUNNING,3543342130,535580776,EVT-EP-ENZYME-75,298.68,926,49,2,0,0.0,0.0,0.0,0.0,SKU_ACTUAL,raw/backfill_v1/performance/sku_spend/32158176_01.06.2026-31.07.2026.csv
2026-07-21,32158299,EVETIS_CPC_CORE,INACTIVE,3733947454,909951444,EVT-SET-ACNE-POWDER-SERUM-CREAM,117.29,565,17,1,0,0.0,0.0,0.0,0.0,SKU_ACTUAL,raw/backfill_v1/performance/sku_spend/32158299_01.06.2026-31.07.2026.csv
2026-07-22,32157891,EVETIS_CPC_CORE,RUNNING,1997079254,252442517,EVT-HC-HAND-300,94.29,502,9,3,0,0.0,861.0,0.0,11.0,SKU_ACTUAL,raw/backfill_v1/performance/sku_spend/32157891_01.06.2026-31.07.2026.csv
2026-07-22,32157919,EVETIS_CPC_CORE,RUNNING,3892518031,593111986,EVT-HC-CHERRY-300,191.63,1263,18,1,0,0.0,0.0,0.0,0.0,SKU_ACTUAL,raw/backfill_v1/performance/sku_spend/32157919_01.06.2026-31.07.2026.csv
2026-07-22,32157947,EVETIS_CPC_CORE,RUNNING,1991772098,305101272,EVT-FS-MOIST-30,10.68,261,2,1,0,0.0,0.0,0.0,0.0,SKU_ACTUAL,raw/backfill_v1/performance/sku_spend/32157947_01.06.2026-31.07.2026.csv
2026-07-22,32157965,EVETIS_CPC_CORE,RUNNING,2974977988,438775617,EVT-FC-ACNE-50,18.41,110,4,1,0,0.0,0.0,0.0,0.0,SKU_ACTUAL,raw/backfill_v1/performance/sku_spend/32157965_01.06.2026-31.07.2026.csv
2026-07-22,32157988,EVETIS_CPC_CORE,RUNNING,3530427102,535581675,EVT-FT-ACNE-150,339.01,1074,49,1,0,0.0,0.0,0.0,0.0,SKU_ACTUAL,raw/backfill_v1/performance/sku_spend/32157988_01.06.2026-31.07.2026.csv
2026-07-22,32158008,EVETIS_CPC_CORE,RUNNING,3735674506,910584041,EVT-SET-TON-SER-CREAM-ACNE,82.94,350,12,3,0,0.0,0.0,0.0,0.0,SKU_ACTUAL,raw/backfill_v1/performance/sku_spend/32158008_01.06.2026-31.07.2026.csv
2026-07-22,32158051,EVETIS_CPC_CORE,RUNNING,3733452761,868597351,EVT-SET-4PC-ACNE,85.84,570,15,0,0,0.0,0.0,0.0,0.0,SKU_ACTUAL,raw/backfill_v1/performance/sku_spend/32158051_01.06.2026-31.07.2026.csv
2026-07-22,32158176,EVETIS_CPC_CORE,RUNNING,3543342130,535580776,EVT-EP-ENZYME-75,60.52,395,10,1,0,0.0,0.0,0.0,0.0,SKU_ACTUAL,raw/backfill_v1/performance/sku_spend/32158176_01.06.2026-31.07.2026.csv
2026-07-22,32158299,EVETIS_CPC_CORE,INACTIVE,3733947454,909951444,EVT-SET-ACNE-POWDER-SERUM-CREAM,100.29,810,15,2,0,0.0,0.0,0.0,0.0,SKU_ACTUAL,raw/backfill_v1/performance/sku_spend/32158299_01.06.2026-31.07.2026.csv
2026-07-23,32157891,EVETIS_CPC_CORE,RUNNING,1997079254,252442517,EVT-HC-HAND-300,69.12,396,9,1,0,0.0,0.0,0.0,0.0,SKU_ACTUAL,raw/backfill_v1/performance/sku_spend/32157891_01.06.2026-31.07.2026.csv
2026-07-23,32157919,EVETIS_CPC_CORE,RUNNING,3892518031,593111986,EVT-HC-CHERRY-300,110.33,1103,11,1,1,1275.0,0.0,8.7,0.0,SKU_ACTUAL,raw/backfill_v1/performance/sku_spend/32157919_01.06.2026-31.07.2026.csv
2026-07-23,32157947,EVETIS_CPC_CORE,RUNNING,1991772098,305101272,EVT-FS-MOIST-30,64.6,345,6,0,0,0.0,0.0,0.0,0.0,SKU_ACTUAL,raw/backfill_v1/performance/sku_spend/32157947_01.06.2026-31.07.2026.csv
2026-07-23,32157965,EVETIS_CPC_CORE,RUNNING,2974977988,438775617,EVT-FC-ACNE-50,25.88,109,6,1,0,0.0,0.0,0.0,0.0,SKU_ACTUAL,raw/backfill_v1/performance/sku_spend/32157965_01.06.2026-31.07.2026.csv
2026-07-23,32157988,EVETIS_CPC_CORE,RUNNING,3530427102,535581675,EVT-FT-ACNE-150,119.69,635,15,0,0,0.0,0.0,0.0,0.0,SKU_ACTUAL,raw/backfill_v1/performance/sku_spend/32157988_01.06.2026-31.07.2026.csv
2026-07-23,32158008,EVETIS_CPC_CORE,RUNNING,3735674506,910584041,EVT-SET-TON-SER-CREAM-ACNE,54.16,344,8,0,0,0.0,0.0,0.0,0.0,SKU_ACTUAL,raw/backfill_v1/performance/sku_spend/32158008_01.06.2026-31.07.2026.csv
2026-07-23,32158051,EVETIS_CPC_CORE,RUNNING,3733452761,868597351,EVT-SET-4PC-ACNE,152.21,729,26,2,0,0.0,0.0,0.0,0.0,SKU_ACTUAL,raw/backfill_v1/performance/sku_spend/32158051_01.06.2026-31.07.2026.csv
2026-07-23,32158176,EVETIS_CPC_CORE,RUNNING,3543342130,535580776,EVT-EP-ENZYME-75,70.18,395,12,0,0,0.0,0.0,0.0,0.0,SKU_ACTUAL,raw/backfill_v1/performance/sku_spend/32158176_01.06.2026-31.07.2026.csv
2026-07-23,32158299,EVETIS_CPC_CORE,INACTIVE,3733947454,909951444,EVT-SET-ACNE-POWDER-SERUM-CREAM,126.9,625,17,0,1,2216.0,2216.0,5.7,5.7,SKU_ACTUAL,raw/backfill_v1/performance/sku_spend/32158299_01.06.2026-31.07.2026.csv
2026-07-24,32157891,EVETIS_CPC_CORE,RUNNING,1997079254,252442517,EVT-HC-HAND-300,87.37,408,9,0,0,0.0,0.0,0.0,0.0,SKU_ACTUAL,raw/backfill_v1/performance/sku_spend/32157891_01.06.2026-31.07.2026.csv
2026-07-24,32157919,EVETIS_CPC_CORE,RUNNING,3892518031,593111986,EVT-HC-CHERRY-300,55.01,282,6,2,0,0.0,1101.0,0.0,5.0,SKU_ACTUAL,raw/backfill_v1/performance/sku_spend/32157919_01.06.2026-31.07.2026.csv
2026-07-24,32157947,EVETIS_CPC_CORE,RUNNING,1991772098,305101272,EVT-FS-MOIST-30,98.19,608,9,1,0,0.0,0.0,0.0,0.0,SKU_ACTUAL,raw/backfill_v1/performance/sku_spend/32157947_01.06.2026-31.07.2026.csv
2026-07-24,32157965,EVETIS_CPC_CORE,RUNNING,2974977988,438775617,EVT-FC-ACNE-50,54.32,129,8,0,0,0.0,0.0,0.0,0.0,SKU_ACTUAL,raw/backfill_v1/performance/sku_spend/32157965_01.06.2026-31.07.2026.csv
2026-07-24,32157988,EVETIS_CPC_CORE,RUNNING,3530427102,535581675,EVT-FT-ACNE-150,184.35,734,22,5,0,0.0,0.0,0.0,0.0,SKU_ACTUAL,raw/backfill_v1/performance/sku_spend/32157988_01.06.2026-31.07.2026.csv
2026-07-24,32158008,EVETIS_CPC_CORE,RUNNING,3735674506,910584041,EVT-SET-TON-SER-CREAM-ACNE,93.8,381,14,2,0,0.0,0.0,0.0,0.0,SKU_ACTUAL,raw/backfill_v1/performance/sku_spend/32158008_01.06.2026-31.07.2026.csv
2026-07-24,32158051,EVETIS_CPC_CORE,RUNNING,3733452761,868597351,EVT-SET-4PC-ACNE,102.19,470,19,3,0,0.0,4101.0,0.0,2.5,SKU_ACTUAL,raw/backfill_v1/performance/sku_spend/32158051_01.06.2026-31.07.2026.csv
2026-07-24,32158176,EVETIS_CPC_CORE,RUNNING,3543342130,535580776,EVT-EP-ENZYME-75,118.94,676,14,1,0,0.0,0.0,0.0,0.0,SKU_ACTUAL,raw/backfill_v1/performance/sku_spend/32158176_01.06.2026-31.07.2026.csv
2026-07-24,32158299,EVETIS_CPC_CORE,INACTIVE,3733947454,909951444,EVT-SET-ACNE-POWDER-SERUM-CREAM,59.79,288,8,1,0,0.0,0.0,0.0,0.0,SKU_ACTUAL,raw/backfill_v1/performance/sku_spend/32158299_01.06.2026-31.07.2026.csv
2026-07-25,32157891,EVETIS_CPC_CORE,RUNNING,1997079254,252442517,EVT-HC-HAND-300,37.69,466,5,0,0,0.0,0.0,0.0,0.0,SKU_ACTUAL,raw/backfill_v1/performance/sku_spend_boundary/32157891_25.07.2026-02.08.2026.csv
2026-07-25,32157919,EVETIS_CPC_CORE,RUNNING,3892518031,593111986,EVT-HC-CHERRY-300,76.52,288,7,2,0,0.0,1101.0,0.0,7.0,SKU_ACTUAL,raw/backfill_v1/performance/sku_spend_boundary/32157919_25.07.2026-02.08.2026.csv
2026-07-25,32157947,EVETIS_CPC_CORE,RUNNING,1991772098,305101272,EVT-FS-MOIST-30,92.64,661,8,1,0,0.0,0.0,0.0,0.0,SKU_ACTUAL,raw/backfill_v1/performance/sku_spend_boundary/32157947_25.07.2026-02.08.2026.csv
2026-07-25,32157965,EVETIS_CPC_CORE,RUNNING,2974977988,438775617,EVT-FC-ACNE-50,118.25,215,17,0,0,0.0,1297.0,0.0,9.1,SKU_ACTUAL,raw/backfill_v1/performance/sku_spend_boundary/32157965_25.07.2026-02.08.2026.csv
2026-07-25,32157988,EVETIS_CPC_CORE,RUNNING,3530427102,535581675,EVT-FT-ACNE-150,179.99,826,24,1,0,0.0,0.0,0.0,0.0,SKU_ACTUAL,raw/backfill_v1/performance/sku_spend_boundary/32157988_25.07.2026-02.08.2026.csv
2026-07-25,32158008,EVETIS_CPC_CORE,RUNNING,3735674506,910584041,EVT-SET-TON-SER-CREAM-ACNE,75.8,531,8,0,0,0.0,0.0,0.0,0.0,SKU_ACTUAL,raw/backfill_v1/performance/sku_spend_boundary/32158008_25.07.2026-02.08.2026.csv
2026-07-25,32158051,EVETIS_CPC_CORE,RUNNING,3733452761,868597351,EVT-SET-4PC-ACNE,75.2,413,13,1,0,0.0,0.0,0.0,0.0,SKU_ACTUAL,raw/backfill_v1/performance/sku_spend_boundary/32158051_25.07.2026-02.08.2026.csv
2026-07-25,32158176,EVETIS_CPC_CORE,RUNNING,3543342130,535580776,EVT-EP-ENZYME-75,44.28,348,8,1,0,0.0,0.0,0.0,0.0,SKU_ACTUAL,raw/backfill_v1/performance/sku_spend_boundary/32158176_25.07.2026-02.08.2026.csv
2026-07-25,32158299,EVETIS_CPC_CORE,INACTIVE,3733947454,909951444,EVT-SET-ACNE-POWDER-SERUM-CREAM,30.83,257,4,0,0,0.0,0.0,0.0,0.0,SKU_ACTUAL,raw/backfill_v1/performance/sku_spend_boundary/32158299_25.07.2026-02.08.2026.csv
2026-07-26,32157891,EVETIS_CPC_CORE,RUNNING,1997079254,252442517,EVT-HC-HAND-300,180.19,702,19,2,0,0.0,0.0,0.0,0.0,SKU_ACTUAL,raw/backfill_v1/performance/sku_spend_boundary/32157891_25.07.2026-02.08.2026.csv
2026-07-26,32157919,EVETIS_CPC_CORE,RUNNING,3892518031,593111986,EVT-HC-CHERRY-300,101.92,396,8,3,1,1101.0,3303.0,9.3,3.1,SKU_ACTUAL,raw/backfill_v1/performance/sku_spend_boundary/32157919_25.07.2026-02.08.2026.csv
2026-07-26,32157947,EVETIS_CPC_CORE,RUNNING,1991772098,305101272,EVT-FS-MOIST-30,143.94,722,12,1,0,0.0,0.0,17.2,0.0,SKU_ACTUAL,raw/backfill_v1/performance/sku_spend_boundary/32157947_25.07.2026-02.08.2026.csv
2026-07-26,32157965,EVETIS_CPC_CORE,RUNNING,2974977988,438775617,EVT-FC-ACNE-50,67.85,269,10,0,0,0.0,0.0,0.0,0.0,SKU_ACTUAL,raw/backfill_v1/performance/sku_spend_boundary/32157965_25.07.2026-02.08.2026.csv
2026-07-26,32157988,EVETIS_CPC_CORE,RUNNING,3530427102,535581675,EVT-FT-ACNE-150,228.07,892,30,3,0,0.0,0.0,0.0,0.0,SKU_ACTUAL,raw/backfill_v1/performance/sku_spend_boundary/32157988_25.07.2026-02.08.2026.csv
2026-07-26,32158008,EVETIS_CPC_CORE,RUNNING,3735674506,910584041,EVT-SET-TON-SER-CREAM-ACNE,137.97,624,16,0,0,0.0,0.0,0.0,0.0,SKU_ACTUAL,raw/backfill_v1/performance/sku_spend_boundary/32158008_25.07.2026-02.08.2026.csv
2026-07-26,32158051,EVETIS_CPC_CORE,RUNNING,3733452761,868597351,EVT-SET-4PC-ACNE,132.48,605,23,5,0,0.0,0.0,0.0,0.0,SKU_ACTUAL,raw/backfill_v1/performance/sku_spend_boundary/32158051_25.07.2026-02.08.2026.csv
2026-07-26,32158176,EVETIS_CPC_CORE,RUNNING,3543342130,535580776,EVT-EP-ENZYME-75,103.71,458,15,0,0,0.0,0.0,0.0,0.0,SKU_ACTUAL,raw/backfill_v1/performance/sku_spend_boundary/32158176_25.07.2026-02.08.2026.csv
2026-07-26,32158299,EVETIS_CPC_CORE,INACTIVE,3733947454,909951444,EVT-SET-ACNE-POWDER-SERUM-CREAM,80.95,343,12,1,0,0.0,0.0,0.0,0.0,SKU_ACTUAL,raw/backfill_v1/performance/sku_spend_boundary/32158299_25.07.2026-02.08.2026.csv
2026-07-27,32157891,EVETIS_CPC_CORE,RUNNING,1997079254,252442517,EVT-HC-HAND-300,100.72,592,10,2,0,0.0,0.0,0.0,0.0,SKU_ACTUAL,raw/backfill_v1/performance/sku_spend_boundary/32157891_25.07.2026-02.08.2026.csv
2026-07-27,32157919,EVETIS_CPC_CORE,RUNNING,3892518031,593111986,EVT-HC-CHERRY-300,15.31,358,1,1,0,0.0,0.0,0.0,0.0,SKU_ACTUAL,raw/backfill_v1/performance/sku_spend_boundary/32157919_25.07.2026-02.08.2026.csv
2026-07-27,32157947,EVETIS_CPC_CORE,RUNNING,1991772098,305101272,EVT-FS-MOIST-30,138.53,513,10,0,0,0.0,0.0,0.0,0.0,SKU_ACTUAL,raw/backfill_v1/performance/sku_spend_boundary/32157947_25.07.2026-02.08.2026.csv
2026-07-27,32157965,EVETIS_CPC_CORE,RUNNING,2974977988,438775617,EVT-FC-ACNE-50,86.35,221,12,1,1,1297.0,0.0,6.7,0.0,SKU_ACTUAL,raw/backfill_v1/performance/sku_spend_boundary/32157965_25.07.2026-02.08.2026.csv
2026-07-27,32157988,EVETIS_CPC_CORE,RUNNING,3530427102,535581675,EVT-FT-ACNE-150,159.54,938,19,2,0,0.0,0.0,0.0,0.0,SKU_ACTUAL,raw/backfill_v1/performance/sku_spend_boundary/32157988_25.07.2026-02.08.2026.csv
2026-07-27,32158008,EVETIS_CPC_CORE,RUNNING,3735674506,910584041,EVT-SET-TON-SER-CREAM-ACNE,153.62,537,17,0,0,0.0,0.0,0.0,0.0,SKU_ACTUAL,raw/backfill_v1/performance/sku_spend_boundary/32158008_25.07.2026-02.08.2026.csv
2026-07-27,32158051,EVETIS_CPC_CORE,RUNNING,3733452761,868597351,EVT-SET-4PC-ACNE,127.78,687,21,1,0,0.0,0.0,0.0,0.0,SKU_ACTUAL,raw/backfill_v1/performance/sku_spend_boundary/32158051_25.07.2026-02.08.2026.csv
2026-07-27,32158176,EVETIS_CPC_CORE,RUNNING,3543342130,535580776,EVT-EP-ENZYME-75,46.05,227,9,1,0,0.0,1132.0,0.0,4.1,SKU_ACTUAL,raw/backfill_v1/performance/sku_spend_boundary/32158176_25.07.2026-02.08.2026.csv
2026-07-27,32158299,EVETIS_CPC_CORE,INACTIVE,3733947454,909951444,EVT-SET-ACNE-POWDER-SERUM-CREAM,104.88,444,14,2,0,0.0,0.0,0.0,0.0,SKU_ACTUAL,raw/backfill_v1/performance/sku_spend_boundary/32158299_25.07.2026-02.08.2026.csv
2026-07-28,32157891,EVETIS_CPC_CORE,RUNNING,1997079254,252442517,EVT-HC-HAND-300,144.6,950,14,0,1,861.0,0.0,16.8,0.0,SKU_ACTUAL,raw/backfill_v1/performance/sku_spend_boundary/32157891_25.07.2026-02.08.2026.csv
2026-07-28,32157919,EVETIS_CPC_CORE,RUNNING,3892518031,593111986,EVT-HC-CHERRY-300,24.0,282,2,0,0,0.0,0.0,0.0,0.0,SKU_ACTUAL,raw/backfill_v1/performance/sku_spend_boundary/32157919_25.07.2026-02.08.2026.csv
2026-07-28,32157947,EVETIS_CPC_CORE,RUNNING,1991772098,305101272,EVT-FS-MOIST-30,276.19,535,19,1,0,0.0,2560.0,0.0,10.8,SKU_ACTUAL,raw/backfill_v1/performance/sku_spend_boundary/32157947_25.07.2026-02.08.2026.csv
2026-07-28,32157965,EVETIS_CPC_CORE,RUNNING,2974977988,438775617,EVT-FC-ACNE-50,256.81,532,34,4,0,0.0,0.0,0.0,0.0,SKU_ACTUAL,raw/backfill_v1/performance/sku_spend_boundary/32157965_25.07.2026-02.08.2026.csv
2026-07-28,32157988,EVETIS_CPC_CORE,RUNNING,3530427102,535581675,EVT-FT-ACNE-150,317.34,940,41,3,0,0.0,1000.0,0.0,31.7,SKU_ACTUAL,raw/backfill_v1/performance/sku_spend_boundary/32157988_25.07.2026-02.08.2026.csv
2026-07-28,32158008,EVETIS_CPC_CORE,RUNNING,3735674506,910584041,EVT-SET-TON-SER-CREAM-ACNE,245.47,607,29,1,0,0.0,0.0,0.0,0.0,SKU_ACTUAL,raw/backfill_v1/performance/sku_spend_boundary/32158008_25.07.2026-02.08.2026.csv
2026-07-28,32158051,EVETIS_CPC_CORE,RUNNING,3733452761,868597351,EVT-SET-4PC-ACNE,135.28,469,22,0,1,4101.0,0.0,3.3,0.0,SKU_ACTUAL,raw/backfill_v1/performance/sku_spend_boundary/32158051_25.07.2026-02.08.2026.csv
2026-07-28,32158176,EVETIS_CPC_CORE,RUNNING,3543342130,535580776,EVT-EP-ENZYME-75,252.33,571,34,3,0,0.0,0.0,0.0,0.0,SKU_ACTUAL,raw/backfill_v1/performance/sku_spend_boundary/32158176_25.07.2026-02.08.2026.csv
2026-07-28,32158299,EVETIS_CPC_CORE,INACTIVE,3733947454,909951444,EVT-SET-ACNE-POWDER-SERUM-CREAM,149.06,610,22,2,0,0.0,2146.0,0.0,6.9,SKU_ACTUAL,raw/backfill_v1/performance/sku_spend_boundary/32158299_25.07.2026-02.08.2026.csv
2026-07-29,32157891,EVETIS_CPC_CORE,RUNNING,1997079254,252442517,EVT-HC-HAND-300,352.25,1728,33,7,2,1800.0,2700.0,19.6,13.0,SKU_ACTUAL,raw/backfill_v1/performance/sku_spend_boundary/32157891_25.07.2026-02.08.2026.csv
2026-07-29,32157919,EVETIS_CPC_CORE,RUNNING,3892518031,593111986,EVT-HC-CHERRY-300,115.56,418,9,0,1,1101.0,1093.0,10.5,10.6,SKU_ACTUAL,raw/backfill_v1/performance/sku_spend_boundary/32157919_25.07.2026-02.08.2026.csv
2026-07-29,32157947,EVETIS_CPC_CORE,RUNNING,1991772098,305101272,EVT-FS-MOIST-30,154.53,775,11,2,0,0.0,0.0,0.0,0.0,SKU_ACTUAL,raw/backfill_v1/performance/sku_spend_boundary/32157947_25.07.2026-02.08.2026.csv
2026-07-29,32157965,EVETIS_CPC_CORE,RUNNING,2974977988,438775617,EVT-FC-ACNE-50,189.04,479,22,2,0,0.0,0.0,0.0,0.0,SKU_ACTUAL,raw/backfill_v1/performance/sku_spend_boundary/32157965_25.07.2026-02.08.2026.csv
2026-07-29,32157988,EVETIS_CPC_CORE,RUNNING,3530427102,535581675,EVT-FT-ACNE-150,262.05,924,41,4,1,1128.0,1128.0,23.2,23.2,SKU_ACTUAL,raw/backfill_v1/performance/sku_spend_boundary/32157988_25.07.2026-02.08.2026.csv
2026-07-29,32158008,EVETIS_CPC_CORE,RUNNING,3735674506,910584041,EVT-SET-TON-SER-CREAM-ACNE,150.44,537,21,0,0,0.0,0.0,0.0,0.0,SKU_ACTUAL,raw/backfill_v1/performance/sku_spend_boundary/32158008_25.07.2026-02.08.2026.csv
2026-07-29,32158051,EVETIS_CPC_CORE,RUNNING,3733452761,868597351,EVT-SET-4PC-ACNE,200.88,619,30,3,0,0.0,0.0,0.0,0.0,SKU_ACTUAL,raw/backfill_v1/performance/sku_spend_boundary/32158051_25.07.2026-02.08.2026.csv
2026-07-29,32158176,EVETIS_CPC_CORE,RUNNING,3543342130,535580776,EVT-EP-ENZYME-75,142.46,549,22,0,0,0.0,0.0,0.0,0.0,SKU_ACTUAL,raw/backfill_v1/performance/sku_spend_boundary/32158176_25.07.2026-02.08.2026.csv
2026-07-29,32158299,EVETIS_CPC_CORE,INACTIVE,3733947454,909951444,EVT-SET-ACNE-POWDER-SERUM-CREAM,206.87,844,29,1,0,0.0,0.0,0.0,0.0,SKU_ACTUAL,raw/backfill_v1/performance/sku_spend_boundary/32158299_25.07.2026-02.08.2026.csv
2026-07-29,33678192,EVETIS_CPC_CORE,RUNNING,3930712640,593111985,EVT-HC-AMBER-300,0.0,11,0,0,0,0.0,0.0,0.0,0.0,SKU_ACTUAL,raw/backfill_v1/performance/sku_spend_boundary/33678192_25.07.2026-02.08.2026.csv
2026-07-29,33678220,EVETIS_CPC_CORE,INACTIVE,3892223191,930334397,EVT-SET-CHERRY-AMBER,0.0,2,0,0,0,0.0,0.0,0.0,0.0,SKU_ACTUAL,raw/backfill_v1/performance/sku_spend_boundary/33678220_25.07.2026-02.08.2026.csv
2026-07-29,33678220,EVETIS_CPC_CORE,INACTIVE,3892345516,930334395,EVT-SET-HAND-CHERRY,0.0,8,0,0,0,0.0,0.0,0.0,0.0,SKU_ACTUAL,raw/backfill_v1/performance/sku_spend_boundary/33678220_25.07.2026-02.08.2026.csv
2026-07-29,33678220,EVETIS_CPC_CORE,INACTIVE,3892410843,930334396,EVT-SET-HAND-AMBER,0.0,5,0,0,0,0.0,0.0,0.0,0.0,SKU_ACTUAL,raw/backfill_v1/performance/sku_spend_boundary/33678220_25.07.2026-02.08.2026.csv
2026-07-29,33678261,EVETIS_CPC_CORE,INACTIVE,3732641694,567668635,EVT-SET-SER-CREAM-ACNE,0.0,19,0,0,0,0.0,0.0,0.0,0.0,SKU_ACTUAL,raw/backfill_v1/performance/sku_spend_boundary/33678261_25.07.2026-02.08.2026.csv
2026-07-29,33678288,EVETIS_CPC_CORE,RUNNING,3528293526,535581674,EVT-FT-MOIST-150,0.0,35,0,0,0,0.0,0.0,0.0,0.0,SKU_ACTUAL,raw/backfill_v1/performance/sku_spend_boundary/33678288_25.07.2026-02.08.2026.csv
2026-07-29,33678331,EVETIS_CPC_CORE,INACTIVE,3735183318,910330849,EVT-SET-MOIST-TONIC-SERUM,0.0,8,0,0,0,0.0,0.0,0.0,0.0,SKU_ACTUAL,raw/backfill_v1/performance/sku_spend_boundary/33678331_25.07.2026-02.08.2026.csv
2026-07-29,33678331,EVETIS_CPC_CORE,INACTIVE,4843362212,1083392113,EVT-SET-ACNE-TONIC-SERUM,0.0,8,0,0,0,0.0,0.0,0.0,0.0,SKU_ACTUAL,raw/backfill_v1/performance/sku_spend_boundary/33678331_25.07.2026-02.08.2026.csv
2026-07-30,32157891,EVETIS_CPC_CORE,RUNNING,1997079254,252442517,EVT-HC-HAND-300,371.07,1784,28,3,1,900.0,0.0,41.2,0.0,SKU_ACTUAL,raw/backfill_v1/performance/sku_spend_boundary/32157891_25.07.2026-02.08.2026.csv
2026-07-30,32157919,EVETIS_CPC_CORE,RUNNING,3892518031,593111986,EVT-HC-CHERRY-300,192.04,974,13,0,0,0.0,0.0,0.0,0.0,SKU_ACTUAL,raw/backfill_v1/performance/sku_spend_boundary/32157919_25.07.2026-02.08.2026.csv
2026-07-30,32157947,EVETIS_CPC_CORE,RUNNING,1991772098,305101272,EVT-FS-MOIST-30,334.79,712,22,4,2,1918.0,3836.0,17.5,8.7,SKU_ACTUAL,raw/backfill_v1/performance/sku_spend_boundary/32157947_25.07.2026-02.08.2026.csv
2026-07-30,32157965,EVETIS_CPC_CORE,RUNNING,2974977988,438775617,EVT-FC-ACNE-50,299.1,513,30,4,1,1297.0,1297.0,23.1,23.1,SKU_ACTUAL,raw/backfill_v1/performance/sku_spend_boundary/32157965_25.07.2026-02.08.2026.csv
2026-07-30,32157988,EVETIS_CPC_CORE,RUNNING,3530427102,535581675,EVT-FT-ACNE-150,262.16,1095,36,4,1,1128.0,2256.0,23.2,11.6,SKU_ACTUAL,raw/backfill_v1/performance/sku_spend_boundary/32157988_25.07.2026-02.08.2026.csv
2026-07-30,32158008,EVETIS_CPC_CORE,RUNNING,3735674506,910584041,EVT-SET-TON-SER-CREAM-ACNE,195.26,743,23,2,0,0.0,0.0,0.0,0.0,SKU_ACTUAL,raw/backfill_v1/performance/sku_spend_boundary/32158008_25.07.2026-02.08.2026.csv
2026-07-30,32158051,EVETIS_CPC_CORE,RUNNING,3733452761,868597351,EVT-SET-4PC-ACNE,53.94,173,8,1,0,0.0,0.0,0.0,0.0,SKU_ACTUAL,raw/backfill_v1/performance/sku_spend_boundary/32158051_25.07.2026-02.08.2026.csv
2026-07-30,32158176,EVETIS_CPC_CORE,RUNNING,3543342130,535580776,EVT-EP-ENZYME-75,221.53,656,28,0,0,0.0,0.0,0.0,0.0,SKU_ACTUAL,raw/backfill_v1/performance/sku_spend_boundary/32158176_25.07.2026-02.08.2026.csv
2026-07-30,32158299,EVETIS_CPC_CORE,INACTIVE,3733947454,909951444,EVT-SET-ACNE-POWDER-SERUM-CREAM,67.98,387,11,0,0,0.0,2141.0,0.0,3.2,SKU_ACTUAL,raw/backfill_v1/performance/sku_spend_boundary/32158299_25.07.2026-02.08.2026.csv
2026-07-30,33678192,EVETIS_CPC_CORE,RUNNING,3930712640,593111985,EVT-HC-AMBER-300,0.0,7,0,0,0,0.0,0.0,0.0,0.0,SKU_ACTUAL,raw/backfill_v1/performance/sku_spend_boundary/33678192_25.07.2026-02.08.2026.csv
2026-07-30,33678220,EVETIS_CPC_CORE,INACTIVE,3892223191,930334397,EVT-SET-CHERRY-AMBER,0.0,16,0,0,0,0.0,1203.0,0.0,0.0,SKU_ACTUAL,raw/backfill_v1/performance/sku_spend_boundary/33678220_25.07.2026-02.08.2026.csv
2026-07-30,33678220,EVETIS_CPC_CORE,INACTIVE,3892345516,930334395,EVT-SET-HAND-CHERRY,3.73,16,1,0,0,0.0,0.0,0.0,0.0,SKU_ACTUAL,raw/backfill_v1/performance/sku_spend_boundary/33678220_25.07.2026-02.08.2026.csv
2026-07-30,33678220,EVETIS_CPC_CORE,INACTIVE,3892410843,930334396,EVT-SET-HAND-AMBER,0.0,11,0,0,0,0.0,0.0,0.0,0.0,SKU_ACTUAL,raw/backfill_v1/performance/sku_spend_boundary/33678220_25.07.2026-02.08.2026.csv
2026-07-30,33678261,EVETIS_CPC_CORE,INACTIVE,3732641694,567668635,EVT-SET-SER-CREAM-ACNE,0.0,14,0,0,0,0.0,0.0,0.0,0.0,SKU_ACTUAL,raw/backfill_v1/performance/sku_spend_boundary/33678261_25.07.2026-02.08.2026.csv
2026-07-30,33678288,EVETIS_CPC_CORE,RUNNING,3528293526,535581674,EVT-FT-MOIST-150,1.0,24,1,0,0,0.0,0.0,0.0,0.0,SKU_ACTUAL,raw/backfill_v1/performance/sku_spend_boundary/33678288_25.07.2026-02.08.2026.csv
2026-07-30,33678331,EVETIS_CPC_CORE,INACTIVE,3735183318,910330849,EVT-SET-MOIST-TONIC-SERUM,0.0,7,0,0,0,0.0,0.0,0.0,0.0,SKU_ACTUAL,raw/backfill_v1/performance/sku_spend_boundary/33678331_25.07.2026-02.08.2026.csv
2026-07-30,33678331,EVETIS_CPC_CORE,INACTIVE,4843362212,1083392113,EVT-SET-ACNE-TONIC-SERUM,0.0,5,0,0,0,0.0,0.0,0.0,0.0,SKU_ACTUAL,raw/backfill_v1/performance/sku_spend_boundary/33678331_25.07.2026-02.08.2026.csv
2026-07-30,33703975,EVETIS_CPC_CORE,RUNNING,1994674912,305101361,EVT-FS-ACNE-30,119.4,347,13,1,0,0.0,0.0,0.0,0.0,SKU_ACTUAL,raw/backfill_v1/performance/sku_spend_boundary/33703975_25.07.2026-02.08.2026.csv
2026-07-31,32157891,EVETIS_CPC_CORE,RUNNING,1997079254,252442517,EVT-HC-HAND-300,216.63,705,17,0,0,0.0,0.0,0.0,0.0,SKU_ACTUAL,raw/backfill_v1/performance/sku_spend_boundary/32157891_25.07.2026-02.08.2026.csv
2026-07-31,32157919,EVETIS_CPC_CORE,RUNNING,3892518031,593111986,EVT-HC-CHERRY-300,98.05,724,5,1,0,0.0,0.0,0.0,0.0,SKU_ACTUAL,raw/backfill_v1/performance/sku_spend_boundary/32157919_25.07.2026-02.08.2026.csv
2026-07-31,32157947,EVETIS_CPC_CORE,RUNNING,1991772098,305101272,EVT-FS-MOIST-30,250.38,397,16,1,0,0.0,0.0,0.0,0.0,SKU_ACTUAL,raw/backfill_v1/performance/sku_spend_boundary/32157947_25.07.2026-02.08.2026.csv
2026-07-31,32157965,EVETIS_CPC_CORE,RUNNING,2974977988,438775617,EVT-FC-ACNE-50,248.8,468,20,3,0,0.0,1297.0,0.0,19.2,SKU_ACTUAL,raw/backfill_v1/performance/sku_spend_boundary/32157965_25.07.2026-02.08.2026.csv
2026-07-31,32157988,EVETIS_CPC_CORE,RUNNING,3530427102,535581675,EVT-FT-ACNE-150,294.1,1153,30,3,1,1128.0,1128.0,26.1,26.1,SKU_ACTUAL,raw/backfill_v1/performance/sku_spend_boundary/32157988_25.07.2026-02.08.2026.csv
2026-07-31,32158008,EVETIS_CPC_CORE,RUNNING,3735674506,910584041,EVT-SET-TON-SER-CREAM-ACNE,232.29,555,25,0,0,0.0,0.0,0.0,0.0,SKU_ACTUAL,raw/backfill_v1/performance/sku_spend_boundary/32158008_25.07.2026-02.08.2026.csv
2026-07-31,32158176,EVETIS_CPC_CORE,RUNNING,3543342130,535580776,EVT-EP-ENZYME-75,282.38,683,32,3,1,1132.0,0.0,24.9,0.0,SKU_ACTUAL,raw/backfill_v1/performance/sku_spend_boundary/32158176_25.07.2026-02.08.2026.csv
2026-07-31,33678220,EVETIS_CPC_CORE,INACTIVE,3892223191,930334397,EVT-SET-CHERRY-AMBER,0.0,37,0,0,0,0.0,0.0,0.0,0.0,SKU_ACTUAL,raw/backfill_v1/performance/sku_spend_boundary/33678220_25.07.2026-02.08.2026.csv
2026-07-31,33678220,EVETIS_CPC_CORE,INACTIVE,3892345516,930334395,EVT-SET-HAND-CHERRY,0.0,23,0,0,0,0.0,0.0,0.0,0.0,SKU_ACTUAL,raw/backfill_v1/performance/sku_spend_boundary/33678220_25.07.2026-02.08.2026.csv
2026-07-31,33678220,EVETIS_CPC_CORE,INACTIVE,3892410843,930334396,EVT-SET-HAND-AMBER,0.0,15,0,0,0,0.0,0.0,0.0,0.0,SKU_ACTUAL,raw/backfill_v1/performance/sku_spend_boundary/33678220_25.07.2026-02.08.2026.csv
2026-07-31,33678288,EVETIS_CPC_CORE,RUNNING,3528293526,535581674,EVT-FT-MOIST-150,2.67,27,1,0,0,0.0,0.0,0.0,0.0,SKU_ACTUAL,raw/backfill_v1/performance/sku_spend_boundary/33678288_25.07.2026-02.08.2026.csv
2026-07-31,33703975,EVETIS_CPC_CORE,RUNNING,1994674912,305101361,EVT-FS-ACNE-30,206.94,560,16,4,0,0.0,0.0,0.0,0.0,SKU_ACTUAL,raw/backfill_v1/performance/sku_spend_boundary/33703975_25.07.2026-02.08.2026.csv
2026-08-01,32157891,EVETIS_CPC_CORE,RUNNING,1997079254,252442517,EVT-HC-HAND-300,220.79,784,15,2,0,0.0,0.0,0.0,0.0,SKU_ACTUAL,raw/backfill_v1/performance/sku_spend_boundary/32157891_25.07.2026-02.08.2026.csv
2026-08-01,32157919,EVETIS_CPC_CORE,RUNNING,3892518031,593111986,EVT-HC-CHERRY-300,131.61,475,7,2,0,0.0,0.0,0.0,0.0,SKU_ACTUAL,raw/backfill_v1/performance/sku_spend_boundary/32157919_25.07.2026-02.08.2026.csv
2026-08-01,32157947,EVETIS_CPC_CORE,RUNNING,1991772098,305101272,EVT-FS-MOIST-30,149.23,148,12,1,0,0.0,959.0,0.0,15.6,SKU_ACTUAL,raw/backfill_v1/performance/sku_spend_boundary/32157947_25.07.2026-02.08.2026.csv
2026-08-01,32157965,EVETIS_CPC_CORE,RUNNING,2974977988,438775617,EVT-FC-ACNE-50,157.77,195,15,2,0,0.0,0.0,0.0,0.0,SKU_ACTUAL,raw/backfill_v1/performance/sku_spend_boundary/32157965_25.07.2026-02.08.2026.csv
2026-08-01,32157988,EVETIS_CPC_CORE,RUNNING,3530427102,535581675,EVT-FT-ACNE-150,149.72,302,17,1,1,1000.0,0.0,15.0,0.0,SKU_ACTUAL,raw/backfill_v1/performance/sku_spend_boundary/32157988_25.07.2026-02.08.2026.csv
2026-08-01,32158008,EVETIS_CPC_CORE,RUNNING,3735674506,910584041,EVT-SET-TON-SER-CREAM-ACNE,152.16,372,17,2,0,0.0,0.0,0.0,0.0,SKU_ACTUAL,raw/backfill_v1/performance/sku_spend_boundary/32158008_25.07.2026-02.08.2026.csv
2026-08-01,32158176,EVETIS_CPC_CORE,RUNNING,3543342130,535580776,EVT-EP-ENZYME-75,146.6,273,17,2,0,0.0,0.0,0.0,0.0,SKU_ACTUAL,raw/backfill_v1/performance/sku_spend_boundary/32158176_25.07.2026-02.08.2026.csv
2026-08-01,33678220,EVETIS_CPC_CORE,INACTIVE,3892223191,930334397,EVT-SET-CHERRY-AMBER,5.84,33,1,0,0,0.0,0.0,0.0,0.0,SKU_ACTUAL,raw/backfill_v1/performance/sku_spend_boundary/33678220_25.07.2026-02.08.2026.csv
2026-08-01,33678220,EVETIS_CPC_CORE,INACTIVE,3892345516,930334395,EVT-SET-HAND-CHERRY,0.0,31,0,0,0,0.0,0.0,0.0,0.0,SKU_ACTUAL,raw/backfill_v1/performance/sku_spend_boundary/33678220_25.07.2026-02.08.2026.csv
2026-08-01,33678220,EVETIS_CPC_CORE,INACTIVE,3892410843,930334396,EVT-SET-HAND-AMBER,0.0,18,0,0,0,0.0,0.0,0.0,0.0,SKU_ACTUAL,raw/backfill_v1/performance/sku_spend_boundary/33678220_25.07.2026-02.08.2026.csv
2026-08-01,33678288,EVETIS_CPC_CORE,RUNNING,3528293526,535581674,EVT-FT-MOIST-150,1.0,55,1,0,0,0.0,0.0,0.0,0.0,SKU_ACTUAL,raw/backfill_v1/performance/sku_spend_boundary/33678288_25.07.2026-02.08.2026.csv
2026-08-01,33703975,EVETIS_CPC_CORE,RUNNING,1994674912,305101361,EVT-FS-ACNE-30,209.22,348,18,3,0,0.0,0.0,0.0,0.0,SKU_ACTUAL,raw/backfill_v1/performance/sku_spend_boundary/33703975_25.07.2026-02.08.2026.csv
2026-08-02,32157891,EVETIS_CPC_CORE,RUNNING,1997079254,252442517,EVT-HC-HAND-300,0.0,78,0,0,0,0.0,0.0,0.0,0.0,SKU_ACTUAL,raw/backfill_v1/performance/sku_spend_boundary/32157891_25.07.2026-02.08.2026.csv
2026-08-02,32157919,EVETIS_CPC_CORE,RUNNING,3892518031,593111986,EVT-HC-CHERRY-300,17.44,39,1,0,0,0.0,0.0,0.0,0.0,SKU_ACTUAL,raw/backfill_v1/performance/sku_spend_boundary/32157919_25.07.2026-02.08.2026.csv
2026-08-02,32157947,EVETIS_CPC_CORE,RUNNING,1991772098,305101272,EVT-FS-MOIST-30,213.73,559,17,2,0,0.0,0.0,0.0,0.0,SKU_ACTUAL,raw/backfill_v1/performance/sku_spend/32157947_01.08.2026-31.08.2026.csv
2026-08-02,32157965,EVETIS_CPC_CORE,RUNNING,2974977988,438775617,EVT-FC-ACNE-50,235.73,256,23,2,0,0.0,0.0,0.0,0.0,SKU_ACTUAL,raw/backfill_v1/performance/sku_spend/32157965_01.08.2026-31.08.2026.csv
2026-08-02,32157988,EVETIS_CPC_CORE,RUNNING,3530427102,535581675,EVT-FT-ACNE-150,194.53,231,14,1,0,0.0,0.0,0.0,0.0,SKU_ACTUAL,raw/backfill_v1/performance/sku_spend/32157988_01.08.2026-31.08.2026.csv
2026-08-02,32158008,EVETIS_CPC_CORE,RUNNING,3735674506,910584041,EVT-SET-TON-SER-CREAM-ACNE,129.28,269,12,1,0,0.0,0.0,0.0,0.0,SKU_ACTUAL,raw/backfill_v1/performance/sku_spend/32158008_01.08.2026-31.08.2026.csv
2026-08-02,32158051,EVETIS_CPC_CORE,RUNNING,3733452761,868597351,EVT-SET-4PC-ACNE,170.35,470,26,5,0,0.0,3886.0,0.0,4.4,SKU_ACTUAL,raw/backfill_v1/performance/sku_spend/32158051_01.08.2026-31.08.2026.csv
2026-08-02,32158176,EVETIS_CPC_CORE,RUNNING,3543342130,535580776,EVT-EP-ENZYME-75,202.08,738,25,2,0,0.0,0.0,0.0,0.0,SKU_ACTUAL,raw/backfill_v1/performance/sku_spend/32158176_01.08.2026-31.08.2026.csv
2026-08-02,33678220,EVETIS_CPC_CORE,INACTIVE,3892223191,930334397,EVT-SET-CHERRY-AMBER,0.0,7,0,0,0,0.0,1153.0,0.0,0.0,SKU_ACTUAL,raw/backfill_v1/performance/sku_spend_boundary/33678220_25.07.2026-02.08.2026.csv
2026-08-02,33678220,EVETIS_CPC_CORE,INACTIVE,3892345516,930334395,EVT-SET-HAND-CHERRY,0.0,1,0,0,0,0.0,1149.0,0.0,0.0,SKU_ACTUAL,raw/backfill_v1/performance/sku_spend_boundary/33678220_25.07.2026-02.08.2026.csv
2026-08-02,33678220,EVETIS_CPC_CORE,INACTIVE,3892410843,930334396,EVT-SET-HAND-AMBER,0.0,20,0,0,0,0.0,0.0,0.0,0.0,SKU_ACTUAL,raw/backfill_v1/performance/sku_spend/33678220_01.08.2026-31.08.2026.csv
2026-08-02,33678288,EVETIS_CPC_CORE,RUNNING,3528293526,535581674,EVT-FT-MOIST-150,0.0,8,0,0,0,0.0,0.0,0.0,0.0,SKU_ACTUAL,raw/backfill_v1/performance/sku_spend_boundary/33678288_25.07.2026-02.08.2026.csv
2026-08-02,33703975,EVETIS_CPC_CORE,RUNNING,1994674912,305101361,EVT-FS-ACNE-30,22.11,40,2,0,0,0.0,3534.0,0.0,0.6,SKU_ACTUAL,raw/backfill_v1/performance/sku_spend_boundary/33703975_25.07.2026-02.08.2026.csv
2026-08-03,32157891,EVETIS_CPC_CORE,RUNNING,1997079254,252442517,EVT-HC-HAND-300,190.76,330,12,5,0,0.0,900.0,17.5,21.2,SKU_ACTUAL,raw/backfill_v1/performance/sku_spend/32157891_01.08.2026-31.08.2026.csv
2026-08-03,32157919,EVETIS_CPC_CORE,RUNNING,3892518031,593111986,EVT-HC-CHERRY-300,165.17,373,9,2,0,0.0,1930.0,0.0,8.6,SKU_ACTUAL,raw/backfill_v1/performance/sku_spend/32157919_01.08.2026-31.08.2026.csv
2026-08-03,32157947,EVETIS_CPC_CORE,RUNNING,1991772098,305101272,EVT-FS-MOIST-30,14.61,117,1,0,0,0.0,904.0,0.0,1.6,SKU_ACTUAL,raw/backfill_v1/performance/sku_spend/32157947_01.08.2026-31.08.2026.csv
2026-08-03,32157965,EVETIS_CPC_CORE,RUNNING,2974977988,438775617,EVT-FC-ACNE-50,174.65,199,13,2,0,0.0,0.0,0.0,0.0,SKU_ACTUAL,raw/backfill_v1/performance/sku_spend/32157965_01.08.2026-31.08.2026.csv
2026-08-03,32157988,EVETIS_CPC_CORE,RUNNING,3530427102,535581675,EVT-FT-ACNE-150,147.31,322,14,0,0,0.0,0.0,0.0,0.0,SKU_ACTUAL,raw/backfill_v1/performance/sku_spend/32157988_01.08.2026-31.08.2026.csv
2026-08-03,32158051,EVETIS_CPC_CORE,RUNNING,3733452761,868597351,EVT-SET-4PC-ACNE,199.32,570,30,4,0,0.0,0.0,0.0,0.0,SKU_ACTUAL,raw/backfill_v1/performance/sku_spend/32158051_01.08.2026-31.08.2026.csv
2026-08-03,32158176,EVETIS_CPC_CORE,RUNNING,3543342130,535580776,EVT-EP-ENZYME-75,281.51,364,22,1,0,0.0,0.0,0.0,0.0,SKU_ACTUAL,raw/backfill_v1/performance/sku_spend/32158176_01.08.2026-31.08.2026.csv
2026-08-03,32158299,EVETIS_CPC_CORE,INACTIVE,3733947454,909951444,EVT-SET-ACNE-POWDER-SERUM-CREAM,42.38,193,4,0,0,0.0,0.0,0.0,0.0,SKU_ACTUAL,raw/backfill_v1/performance/sku_spend/32158299_01.08.2026-31.08.2026.csv
2026-08-03,33678220,EVETIS_CPC_CORE,INACTIVE,3892223191,930334397,EVT-SET-CHERRY-AMBER,16.38,66,2,0,0,0.0,0.0,0.0,0.0,SKU_ACTUAL,raw/backfill_v1/performance/sku_spend/33678220_01.08.2026-31.08.2026.csv
2026-08-03,33678220,EVETIS_CPC_CORE,INACTIVE,3892345516,930334395,EVT-SET-HAND-CHERRY,7.99,91,2,0,0,0.0,1092.0,0.0,0.7,SKU_ACTUAL,raw/backfill_v1/performance/sku_spend/33678220_01.08.2026-31.08.2026.csv
2026-08-03,33678220,EVETIS_CPC_CORE,INACTIVE,3892410843,930334396,EVT-SET-HAND-AMBER,0.0,19,0,0,0,0.0,0.0,0.0,0.0,SKU_ACTUAL,raw/backfill_v1/performance/sku_spend/33678220_01.08.2026-31.08.2026.csv
2026-08-03,33678288,EVETIS_CPC_CORE,RUNNING,3528293526,535581674,EVT-FT-MOIST-150,159.55,429,14,1,0,0.0,0.0,0.0,0.0,SKU_ACTUAL,raw/backfill_v1/performance/sku_spend/33678288_01.08.2026-31.08.2026.csv
2026-08-03,33703975,EVETIS_CPC_CORE,RUNNING,1994674912,305101361,EVT-FS-ACNE-30,240.71,653,14,6,0,0.0,1858.0,0.0,13.0,SKU_ACTUAL,raw/backfill_v1/performance/sku_spend/33703975_01.08.2026-31.08.2026.csv
2026-08-04,32157891,EVETIS_CPC_CORE,RUNNING,1997079254,252442517,EVT-HC-HAND-300,51.72,285,3,0,0,0.0,0.0,0.0,0.0,SKU_ACTUAL,raw/backfill_v1/performance/sku_spend/32157891_01.08.2026-31.08.2026.csv
2026-08-04,32157919,EVETIS_CPC_CORE,RUNNING,3892518031,593111986,EVT-HC-CHERRY-300,160.29,314,8,1,1,965.0,0.0,16.6,0.0,SKU_ACTUAL,raw/backfill_v1/performance/sku_spend/32157919_01.08.2026-31.08.2026.csv
2026-08-04,32157947,EVETIS_CPC_CORE,RUNNING,1991772098,305101272,EVT-FS-MOIST-30,160.94,195,7,0,2,2195.0,915.0,7.3,17.6,SKU_ACTUAL,raw/backfill_v1/performance/sku_spend/32157947_01.08.2026-31.08.2026.csv
2026-08-04,32157965,EVETIS_CPC_CORE,RUNNING,2974977988,438775617,EVT-FC-ACNE-50,229.43,529,19,3,0,0.0,0.0,0.0,0.0,SKU_ACTUAL,raw/backfill_v1/performance/sku_spend/32157965_01.08.2026-31.08.2026.csv
2026-08-04,32157988,EVETIS_CPC_CORE,RUNNING,3530427102,535581675,EVT-FT-ACNE-150,193.68,693,21,6,0,0.0,3612.0,0.0,5.4,SKU_ACTUAL,raw/backfill_v1/performance/sku_spend/32157988_01.08.2026-31.08.2026.csv
2026-08-04,32158008,EVETIS_CPC_CORE,RUNNING,3735674506,910584041,EVT-SET-TON-SER-CREAM-ACNE,130.95,329,14,2,0,0.0,0.0,0.0,0.0,SKU_ACTUAL,raw/backfill_v1/performance/sku_spend/32158008_01.08.2026-31.08.2026.csv
2026-08-04,32158051,EVETIS_CPC_CORE,RUNNING,3733452761,868597351,EVT-SET-4PC-ACNE,247.74,701,28,4,0,0.0,0.0,0.0,0.0,SKU_ACTUAL,raw/backfill_v1/performance/sku_spend/32158051_01.08.2026-31.08.2026.csv
2026-08-04,32158176,EVETIS_CPC_CORE,RUNNING,3543342130,535580776,EVT-EP-ENZYME-75,194.27,883,19,1,0,0.0,0.0,0.0,0.0,SKU_ACTUAL,raw/backfill_v1/performance/sku_spend/32158176_01.08.2026-31.08.2026.csv
2026-08-04,32158299,EVETIS_CPC_CORE,INACTIVE,3733947454,909951444,EVT-SET-ACNE-POWDER-SERUM-CREAM,71.21,201,5,0,0,0.0,0.0,0.0,0.0,SKU_ACTUAL,raw/backfill_v1/performance/sku_spend/32158299_01.08.2026-31.08.2026.csv
2026-08-04,33678192,EVETIS_CPC_CORE,RUNNING,3930712640,593111985,EVT-HC-AMBER-300,90.78,236,3,0,0,0.0,0.0,0.0,0.0,SKU_ACTUAL,raw/backfill_v1/performance/sku_spend/33678192_01.08.2026-31.08.2026.csv
2026-08-04,33678220,EVETIS_CPC_CORE,INACTIVE,3892223191,930334397,EVT-SET-CHERRY-AMBER,10.66,61,2,0,0,0.0,0.0,0.0,0.0,SKU_ACTUAL,raw/backfill_v1/performance/sku_spend/33678220_01.08.2026-31.08.2026.csv
2026-08-04,33678220,EVETIS_CPC_CORE,INACTIVE,3892345516,930334395,EVT-SET-HAND-CHERRY,4.39,74,1,0,0,0.0,0.0,0.0,0.0,SKU_ACTUAL,raw/backfill_v1/performance/sku_spend/33678220_01.08.2026-31.08.2026.csv
2026-08-04,33678220,EVETIS_CPC_CORE,INACTIVE,3892410843,930334396,EVT-SET-HAND-AMBER,0.0,18,0,0,0,0.0,0.0,0.0,0.0,SKU_ACTUAL,raw/backfill_v1/performance/sku_spend/33678220_01.08.2026-31.08.2026.csv
2026-08-04,33678288,EVETIS_CPC_CORE,RUNNING,3528293526,535581674,EVT-FT-MOIST-150,215.02,813,13,2,1,886.0,2658.0,24.3,8.1,SKU_ACTUAL,raw/backfill_v1/performance/sku_spend/33678288_01.08.2026-31.08.2026.csv
2026-08-04,33703975,EVETIS_CPC_CORE,RUNNING,1994674912,305101361,EVT-FS-ACNE-30,536.58,1613,32,9,0,0.0,847.0,0.0,63.4,SKU_ACTUAL,raw/backfill_v1/performance/sku_spend/33703975_01.08.2026-31.08.2026.csv
2026-08-05,32157891,EVETIS_CPC_CORE,RUNNING,1997079254,252442517,EVT-HC-HAND-300,138.57,341,9,4,0,0.0,2457.0,14.4,5.6,SKU_ACTUAL,raw/backfill_v1/performance/sku_spend/32157891_01.08.2026-31.08.2026.csv
2026-08-05,32157919,EVETIS_CPC_CORE,RUNNING,3892518031,593111986,EVT-HC-CHERRY-300,149.44,234,6,2,0,0.0,2895.0,0.0,5.2,SKU_ACTUAL,raw/backfill_v1/performance/sku_spend/32157919_01.08.2026-31.08.2026.csv
2026-08-05,32157947,EVETIS_CPC_CORE,RUNNING,1991772098,305101272,EVT-FS-MOIST-30,224.54,653,14,2,0,0.0,0.0,19.0,0.0,SKU_ACTUAL,raw/backfill_v1/performance/sku_spend/32157947_01.08.2026-31.08.2026.csv
2026-08-05,32157965,EVETIS_CPC_CORE,RUNNING,2974977988,438775617,EVT-FC-ACNE-50,177.08,555,15,0,0,0.0,0.0,0.0,0.0,SKU_ACTUAL,raw/backfill_v1/performance/sku_spend/32157965_01.08.2026-31.08.2026.csv
2026-08-05,32157988,EVETIS_CPC_CORE,RUNNING,3530427102,535581675,EVT-FT-ACNE-150,211.21,471,19,6,1,903.0,950.0,23.4,22.2,SKU_ACTUAL,raw/backfill_v1/performance/sku_spend/32157988_01.08.2026-31.08.2026.csv
2026-08-05,32158008,EVETIS_CPC_CORE,RUNNING,3735674506,910584041,EVT-SET-TON-SER-CREAM-ACNE,60.92,318,5,1,0,0.0,0.0,0.0,0.0,SKU_ACTUAL,raw/backfill_v1/performance/sku_spend/32158008_01.08.2026-31.08.2026.csv
2026-08-05,32158051,EVETIS_CPC_CORE,RUNNING,3733452761,868597351,EVT-SET-4PC-ACNE,97.41,320,13,2,0,0.0,0.0,0.0,0.0,SKU_ACTUAL,raw/backfill_v1/performance/sku_spend/32158051_01.08.2026-31.08.2026.csv
2026-08-05,32158176,EVETIS_CPC_CORE,RUNNING,3543342130,535580776,EVT-EP-ENZYME-75,161.97,579,14,2,0,0.0,0.0,0.0,0.0,SKU_ACTUAL,raw/backfill_v1/performance/sku_spend/32158176_01.08.2026-31.08.2026.csv
2026-08-05,32158299,EVETIS_CPC_CORE,INACTIVE,3733947454,909951444,EVT-SET-ACNE-POWDER-SERUM-CREAM,146.3,533,11,3,0,0.0,0.0,0.0,0.0,SKU_ACTUAL,raw/backfill_v1/performance/sku_spend/32158299_01.08.2026-31.08.2026.csv
2026-08-05,33678192,EVETIS_CPC_CORE,RUNNING,3930712640,593111985,EVT-HC-AMBER-300,115.15,281,3,0,0,0.0,0.0,0.0,0.0,SKU_ACTUAL,raw/backfill_v1/performance/sku_spend/33678192_01.08.2026-31.08.2026.csv
2026-08-05,33678220,EVETIS_CPC_CORE,INACTIVE,3892223191,930334397,EVT-SET-CHERRY-AMBER,32.8,132,4,0,0,0.0,0.0,0.0,0.0,SKU_ACTUAL,raw/backfill_v1/performance/sku_spend/33678220_01.08.2026-31.08.2026.csv
2026-08-05,33678220,EVETIS_CPC_CORE,INACTIVE,3892345516,930334395,EVT-SET-HAND-CHERRY,14.95,121,3,0,0,0.0,0.0,0.0,0.0,SKU_ACTUAL,raw/backfill_v1/performance/sku_spend/33678220_01.08.2026-31.08.2026.csv
2026-08-05,33678220,EVETIS_CPC_CORE,INACTIVE,3892410843,930334396,EVT-SET-HAND-AMBER,1.0,42,1,0,0,0.0,0.0,0.0,0.0,SKU_ACTUAL,raw/backfill_v1/performance/sku_spend/33678220_01.08.2026-31.08.2026.csv
2026-08-05,33678288,EVETIS_CPC_CORE,RUNNING,3528293526,535581674,EVT-FT-MOIST-150,151.89,341,8,0,0,0.0,0.0,0.0,0.0,SKU_ACTUAL,raw/backfill_v1/performance/sku_spend/33678288_01.08.2026-31.08.2026.csv
2026-08-05,33703975,EVETIS_CPC_CORE,RUNNING,1994674912,305101361,EVT-FS-ACNE-30,0.0,0,0,0,1,929.0,847.0,0.0,0.0,SKU_ACTUAL,raw/backfill_v1/performance/sku_spend/33703975_01.08.2026-31.08.2026.csv
2026-08-06,32157891,EVETIS_CPC_CORE,RUNNING,1997079254,252442517,EVT-HC-HAND-300,208.25,394,10,2,0,0.0,0.0,0.0,0.0,SKU_ACTUAL,raw/backfill_v1/performance/sku_spend/32157891_01.08.2026-31.08.2026.csv
2026-08-06,32157919,EVETIS_CPC_CORE,RUNNING,3892518031,593111986,EVT-HC-CHERRY-300,101.05,334,4,2,0,0.0,0.0,0.0,0.0,SKU_ACTUAL,raw/backfill_v1/performance/sku_spend/32157919_01.08.2026-31.08.2026.csv
2026-08-06,32157947,EVETIS_CPC_CORE,RUNNING,1991772098,305101272,EVT-FS-MOIST-30,208.35,452,12,2,1,953.0,953.0,21.9,21.9,SKU_ACTUAL,raw/backfill_v1/performance/sku_spend/32157947_01.08.2026-31.08.2026.csv
2026-08-06,32157965,EVETIS_CPC_CORE,RUNNING,2974977988,438775617,EVT-FC-ACNE-50,131.66,199,13,4,0,0.0,0.0,0.0,0.0,SKU_ACTUAL,raw/backfill_v1/performance/sku_spend/32157965_01.08.2026-31.08.2026.csv
2026-08-06,32157988,EVETIS_CPC_CORE,RUNNING,3530427102,535581675,EVT-FT-ACNE-150,5.84,1,1,0,1,950.0,950.0,0.6,0.6,SKU_ACTUAL,raw/backfill_v1/performance/sku_spend/32157988_01.08.2026-31.08.2026.csv
2026-08-06,32158051,EVETIS_CPC_CORE,RUNNING,3733452761,868597351,EVT-SET-4PC-ACNE,144.98,296,16,1,0,0.0,2900.0,0.0,5.0,SKU_ACTUAL,raw/backfill_v1/performance/sku_spend/32158051_01.08.2026-31.08.2026.csv
2026-08-06,32158176,EVETIS_CPC_CORE,RUNNING,3543342130,535580776,EVT-EP-ENZYME-75,145.19,294,12,1,0,0.0,0.0,0.0,0.0,SKU_ACTUAL,raw/backfill_v1/performance/sku_spend/32158176_01.08.2026-31.08.2026.csv
2026-08-06,32158299,EVETIS_CPC_CORE,INACTIVE,3733947454,909951444,EVT-SET-ACNE-POWDER-SERUM-CREAM,204.83,577,19,1,0,0.0,0.0,0.0,0.0,SKU_ACTUAL,raw/backfill_v1/performance/sku_spend/32158299_01.08.2026-31.08.2026.csv
2026-08-06,33678220,EVETIS_CPC_CORE,INACTIVE,3892223191,930334397,EVT-SET-CHERRY-AMBER,223.05,569,13,1,0,0.0,1165.0,0.0,19.1,SKU_ACTUAL,raw/backfill_v1/performance/sku_spend/33678220_01.08.2026-31.08.2026.csv
2026-08-06,33678220,EVETIS_CPC_CORE,INACTIVE,3892345516,930334395,EVT-SET-HAND-CHERRY,36.84,248,4,0,0,0.0,0.0,0.0,0.0,SKU_ACTUAL,raw/backfill_v1/performance/sku_spend/33678220_01.08.2026-31.08.2026.csv
2026-08-06,33678220,EVETIS_CPC_CORE,INACTIVE,3892410843,930334396,EVT-SET-HAND-AMBER,0.0,51,0,0,0,0.0,0.0,0.0,0.0,SKU_ACTUAL,raw/backfill_v1/performance/sku_spend/33678220_01.08.2026-31.08.2026.csv
2026-08-06,33678288,EVETIS_CPC_CORE,RUNNING,3528293526,535581674,EVT-FT-MOIST-150,132.04,483,10,1,0,0.0,0.0,0.0,0.0,SKU_ACTUAL,raw/backfill_v1/performance/sku_spend/33678288_01.08.2026-31.08.2026.csv
2026-08-06,33703975,EVETIS_CPC_CORE,RUNNING,1994674912,305101361,EVT-FS-ACNE-30,0.0,3,0,0,0,0.0,1694.0,0.0,0.0,SKU_ACTUAL,raw/backfill_v1/performance/sku_spend/33703975_01.08.2026-31.08.2026.csv
2026-08-07,32157919,EVETIS_CPC_CORE,RUNNING,3892518031,593111986,EVT-HC-CHERRY-300,149.73,318,10,4,0,0.0,965.0,0.0,15.5,SKU_ACTUAL,raw/backfill_v1/performance/sku_spend/32157919_01.08.2026-31.08.2026.csv
2026-08-07,32157965,EVETIS_CPC_CORE,RUNNING,2974977988,438775617,EVT-FC-ACNE-50,67.89,326,8,0,0,0.0,0.0,0.0,0.0,SKU_ACTUAL,raw/backfill_v1/performance/sku_spend/32157965_01.08.2026-31.08.2026.csv
2026-08-07,32158051,EVETIS_CPC_CORE,RUNNING,3733452761,868597351,EVT-SET-4PC-ACNE,486.4,1305,42,7,0,0.0,0.0,0.0,0.0,SKU_ACTUAL,raw/backfill_v1/performance/sku_spend/32158051_01.08.2026-31.08.2026.csv
2026-08-07,32158176,EVETIS_CPC_CORE,RUNNING,3543342130,535580776,EVT-EP-ENZYME-75,25.44,127,3,1,1,930.0,1860.0,2.7,1.4,SKU_ACTUAL,raw/backfill_v1/performance/sku_spend/32158176_01.08.2026-31.08.2026.csv
2026-08-07,33678220,EVETIS_CPC_CORE,INACTIVE,3892223191,930334397,EVT-SET-CHERRY-AMBER,299.39,543,13,1,0,0.0,0.0,0.0,0.0,SKU_ACTUAL,raw/backfill_v1/performance/sku_spend/33678220_01.08.2026-31.08.2026.csv
2026-08-07,33678220,EVETIS_CPC_CORE,INACTIVE,3892345516,930334395,EVT-SET-HAND-CHERRY,85.64,167,5,1,0,0.0,1161.0,0.0,7.4,SKU_ACTUAL,raw/backfill_v1/performance/sku_spend/33678220_01.08.2026-31.08.2026.csv
2026-08-07,33678220,EVETIS_CPC_CORE,INACTIVE,3892410843,930334396,EVT-SET-HAND-AMBER,0.0,27,0,0,0,0.0,0.0,0.0,0.0,SKU_ACTUAL,raw/backfill_v1/performance/sku_spend/33678220_01.08.2026-31.08.2026.csv
2026-08-07,33678288,EVETIS_CPC_CORE,RUNNING,3528293526,535581674,EVT-FT-MOIST-150,61.02,283,5,1,1,950.0,3800.0,6.4,1.6,SKU_ACTUAL,raw/backfill_v1/performance/sku_spend/33678288_01.08.2026-31.08.2026.csv
2026-08-07,33703975,EVETIS_CPC_CORE,RUNNING,1994674912,305101361,EVT-FS-ACNE-30,20.15,196,3,0,0,0.0,0.0,0.0,0.0,SKU_ACTUAL,raw/backfill_v1/performance/sku_spend/33703975_01.08.2026-31.08.2026.csv
2026-08-08,32157919,EVETIS_CPC_CORE,RUNNING,3892518031,593111986,EVT-HC-CHERRY-300,103.32,304,6,2,0,0.0,0.0,0.0,0.0,SKU_ACTUAL,raw/backfill_v1/performance/sku_spend/32157919_01.08.2026-31.08.2026.csv
2026-08-08,32157965,EVETIS_CPC_CORE,RUNNING,2974977988,438775617,EVT-FC-ACNE-50,68.36,296,11,2,0,0.0,990.0,0.0,6.9,SKU_ACTUAL,raw/backfill_v1/performance/sku_spend/32157965_01.08.2026-31.08.2026.csv
2026-08-08,32158051,EVETIS_CPC_CORE,RUNNING,3733452761,868597351,EVT-SET-4PC-ACNE,302.73,932,29,4,0,0.0,0.0,0.0,0.0,SKU_ACTUAL,raw/backfill_v1/performance/sku_spend/32158051_01.08.2026-31.08.2026.csv
2026-08-08,32158176,EVETIS_CPC_CORE,RUNNING,3543342130,535580776,EVT-EP-ENZYME-75,77.71,448,8,1,0,0.0,0.0,0.0,0.0,SKU_ACTUAL,raw/backfill_v1/performance/sku_spend/32158176_01.08.2026-31.08.2026.csv
2026-08-08,33678220,EVETIS_CPC_CORE,INACTIVE,3892223191,930334397,EVT-SET-CHERRY-AMBER,284.53,657,15,3,0,0.0,0.0,0.0,0.0,SKU_ACTUAL,raw/backfill_v1/performance/sku_spend/33678220_01.08.2026-31.08.2026.csv
2026-08-08,33678220,EVETIS_CPC_CORE,INACTIVE,3892345516,930334395,EVT-SET-HAND-CHERRY,51.98,262,5,0,0,0.0,0.0,0.0,0.0,SKU_ACTUAL,raw/backfill_v1/performance/sku_spend/33678220_01.08.2026-31.08.2026.csv
2026-08-08,33678220,EVETIS_CPC_CORE,INACTIVE,3892410843,930334396,EVT-SET-HAND-AMBER,69.59,194,4,2,0,0.0,1000.0,0.0,7.0,SKU_ACTUAL,raw/backfill_v1/performance/sku_spend/33678220_01.08.2026-31.08.2026.csv
2026-08-08,33678288,EVETIS_CPC_CORE,RUNNING,3528293526,535581674,EVT-FT-MOIST-150,18.27,268,2,1,0,0.0,0.0,0.0,0.0,SKU_ACTUAL,raw/backfill_v1/performance/sku_spend/33678288_01.08.2026-31.08.2026.csv
2026-08-08,33703975,EVETIS_CPC_CORE,RUNNING,1994674912,305101361,EVT-FS-ACNE-30,7.98,185,3,2,2,1771.0,1684.0,0.5,0.5,SKU_ACTUAL,raw/backfill_v1/performance/sku_spend/33703975_01.08.2026-31.08.2026.csv
2026-08-09,32157891,EVETIS_CPC_CORE,RUNNING,1997079254,252442517,EVT-HC-HAND-300,34.99,135,2,0,0,0.0,819.0,0.0,4.3,SKU_ACTUAL,raw/backfill_v1/performance/sku_spend/32157891_01.08.2026-31.08.2026.csv
2026-08-09,32157919,EVETIS_CPC_CORE,RUNNING,3892518031,593111986,EVT-HC-CHERRY-300,43.27,314,3,0,0,0.0,0.0,3.7,0.0,SKU_ACTUAL,raw/backfill_v1/performance/sku_spend/32157919_01.08.2026-31.08.2026.csv
2026-08-09,32157947,EVETIS_CPC_CORE,RUNNING,1991772098,305101272,EVT-FS-MOIST-30,0.0,0,0,0,1,959.0,0.0,0.0,0.0,SKU_ACTUAL,raw/backfill_v1/performance/sku_spend/32157947_01.08.2026-31.08.2026.csv
2026-08-09,32157965,EVETIS_CPC_CORE,RUNNING,2974977988,438775617,EVT-FC-ACNE-50,106.45,466,16,1,0,0.0,0.0,0.0,0.0,SKU_ACTUAL,raw/backfill_v1/performance/sku_spend/32157965_01.08.2026-31.08.2026.csv
2026-08-09,32158051,EVETIS_CPC_CORE,RUNNING,3733452761,868597351,EVT-SET-4PC-ACNE,327.26,1095,38,1,0,0.0,0.0,0.0,0.0,SKU_ACTUAL,raw/backfill_v1/performance/sku_spend/32158051_01.08.2026-31.08.2026.csv
2026-08-09,32158176,EVETIS_CPC_CORE,RUNNING,3543342130,535580776,EVT-EP-ENZYME-75,116.36,620,14,2,0,0.0,0.0,0.0,0.0,SKU_ACTUAL,raw/backfill_v1/performance/sku_spend/32158176_01.08.2026-31.08.2026.csv
2026-08-09,33678220,EVETIS_CPC_CORE,INACTIVE,3892223191,930334397,EVT-SET-CHERRY-AMBER,136.42,399,9,0,0,0.0,0.0,0.0,0.0,SKU_ACTUAL,raw/backfill_v1/performance/sku_spend/33678220_01.08.2026-31.08.2026.csv
2026-08-09,33678220,EVETIS_CPC_CORE,INACTIVE,3892345516,930334395,EVT-SET-HAND-CHERRY,26.13,122,3,1,0,0.0,1161.0,0.0,2.3,SKU_ACTUAL,raw/backfill_v1/performance/sku_spend/33678220_01.08.2026-31.08.2026.csv
2026-08-09,33678220,EVETIS_CPC_CORE,INACTIVE,3892410843,930334396,EVT-SET-HAND-AMBER,90.49,175,6,1,0,0.0,0.0,0.0,0.0,SKU_ACTUAL,raw/backfill_v1/performance/sku_spend/33678220_01.08.2026-31.08.2026.csv
2026-08-09,33678288,EVETIS_CPC_CORE,RUNNING,3528293526,535581674,EVT-FT-MOIST-150,57.7,557,9,3,0,0.0,950.0,0.0,6.1,SKU_ACTUAL,raw/backfill_v1/performance/sku_spend/33678288_01.08.2026-31.08.2026.csv
2026-08-09,33703975,EVETIS_CPC_CORE,RUNNING,1994674912,305101361,EVT-FS-ACNE-30,61.63,344,7,0,0,0.0,0.0,0.0,0.0,SKU_ACTUAL,raw/backfill_v1/performance/sku_spend/33703975_01.08.2026-31.08.2026.csv
2026-08-10,32157891,EVETIS_CPC_CORE,RUNNING,1997079254,252442517,EVT-HC-HAND-300,191.73,500,11,2,1,819.0,0.0,23.4,0.0,SKU_ACTUAL,raw/backfill_v1/performance/sku_spend/32157891_01.08.2026-31.08.2026.csv
2026-08-10,32157919,EVETIS_CPC_CORE,RUNNING,3892518031,593111986,EVT-HC-CHERRY-300,87.92,333,5,0,0,0.0,0.0,0.0,0.0,SKU_ACTUAL,raw/backfill_v1/performance/sku_spend/32157919_01.08.2026-31.08.2026.csv
2026-08-10,32157947,EVETIS_CPC_CORE,RUNNING,1991772098,305101272,EVT-FS-MOIST-30,33.6,55,2,0,0,0.0,953.0,0.0,3.5,SKU_ACTUAL,raw/backfill_v1/performance/sku_spend/32157947_01.08.2026-31.08.2026.csv
2026-08-10,32157965,EVETIS_CPC_CORE,RUNNING,2974977988,438775617,EVT-FC-ACNE-50,142.06,1103,21,4,0,0.0,990.0,0.0,14.3,SKU_ACTUAL,raw/backfill_v1/performance/sku_spend/32157965_01.08.2026-31.08.2026.csv
2026-08-10,32158051,EVETIS_CPC_CORE,RUNNING,3733452761,868597351,EVT-SET-4PC-ACNE,219.27,950,30,6,0,0.0,5800.0,0.0,3.8,SKU_ACTUAL,raw/backfill_v1/performance/sku_spend/32158051_01.08.2026-31.08.2026.csv
2026-08-10,32158176,EVETIS_CPC_CORE,RUNNING,3543342130,535580776,EVT-EP-ENZYME-75,48.95,651,8,0,0,0.0,0.0,0.0,0.0,SKU_ACTUAL,raw/backfill_v1/performance/sku_spend/32158176_01.08.2026-31.08.2026.csv
2026-08-10,33678220,EVETIS_CPC_CORE,INACTIVE,3892223191,930334397,EVT-SET-CHERRY-AMBER,96.11,407,7,1,0,0.0,0.0,0.0,0.0,SKU_ACTUAL,raw/backfill_v1/performance/sku_spend/33678220_01.08.2026-31.08.2026.csv
2026-08-10,33678220,EVETIS_CPC_CORE,INACTIVE,3892345516,930334395,EVT-SET-HAND-CHERRY,25.23,138,3,0,0,0.0,0.0,0.0,0.0,SKU_ACTUAL,raw/backfill_v1/performance/sku_spend/33678220_01.08.2026-31.08.2026.csv
2026-08-10,33678220,EVETIS_CPC_CORE,INACTIVE,3892410843,930334396,EVT-SET-HAND-AMBER,0.0,132,0,0,0,0.0,0.0,0.0,0.0,SKU_ACTUAL,raw/backfill_v1/performance/sku_spend/33678220_01.08.2026-31.08.2026.csv
2026-08-10,33678288,EVETIS_CPC_CORE,RUNNING,3528293526,535581674,EVT-FT-MOIST-150,38.88,540,5,0,0,0.0,0.0,0.0,0.0,SKU_ACTUAL,raw/backfill_v1/performance/sku_spend/33678288_01.08.2026-31.08.2026.csv
2026-08-10,33703975,EVETIS_CPC_CORE,RUNNING,1994674912,305101361,EVT-FS-ACNE-30,43.3,373,6,1,0,0.0,0.0,0.0,0.0,SKU_ACTUAL,raw/backfill_v1/performance/sku_spend/33703975_01.08.2026-31.08.2026.csv
2026-08-11,32157891,EVETIS_CPC_CORE,RUNNING,1997079254,252442517,EVT-HC-HAND-300,83.18,395,6,0,0,0.0,0.0,0.0,0.0,SKU_ACTUAL,raw/backfill_v1/performance/sku_spend/32157891_01.08.2026-31.08.2026.csv
2026-08-11,32157919,EVETIS_CPC_CORE,RUNNING,3892518031,593111986,EVT-HC-CHERRY-300,0.0,294,0,0,0,0.0,0.0,0.0,0.0,SKU_ACTUAL,raw/backfill_v1/performance/sku_spend/32157919_01.08.2026-31.08.2026.csv
2026-08-11,32157947,EVETIS_CPC_CORE,RUNNING,1991772098,305101272,EVT-FS-MOIST-30,175.97,340,9,0,0,0.0,0.0,0.0,0.0,SKU_ACTUAL,raw/backfill_v1/performance/sku_spend/32157947_01.08.2026-31.08.2026.csv
2026-08-11,32157965,EVETIS_CPC_CORE,RUNNING,2974977988,438775617,EVT-FC-ACNE-50,289.19,1931,27,3,0,0.0,990.0,0.0,29.2,SKU_ACTUAL,raw/backfill_v1/performance/sku_spend/32157965_01.08.2026-31.08.2026.csv
2026-08-11,32158051,EVETIS_CPC_CORE,RUNNING,3733452761,868597351,EVT-SET-4PC-ACNE,196.3,670,27,4,0,0.0,0.0,0.0,0.0,SKU_ACTUAL,raw/backfill_v1/performance/sku_spend/32158051_01.08.2026-31.08.2026.csv
2026-08-11,32158176,EVETIS_CPC_CORE,RUNNING,3543342130,535580776,EVT-EP-ENZYME-75,96.47,610,16,2,0,0.0,0.0,0.0,0.0,SKU_ACTUAL,raw/backfill_v1/performance/sku_spend/32158176_01.08.2026-31.08.2026.csv
2026-08-11,33678220,EVETIS_CPC_CORE,INACTIVE,3892223191,930334397,EVT-SET-CHERRY-AMBER,120.92,493,8,0,0,0.0,0.0,0.0,0.0,SKU_ACTUAL,raw/backfill_v1/performance/sku_spend/33678220_01.08.2026-31.08.2026.csv
2026-08-11,33678220,EVETIS_CPC_CORE,INACTIVE,3892345516,930334395,EVT-SET-HAND-CHERRY,25.8,145,3,0,0,0.0,0.0,0.0,0.0,SKU_ACTUAL,raw/backfill_v1/performance/sku_spend/33678220_01.08.2026-31.08.2026.csv
2026-08-11,33678220,EVETIS_CPC_CORE,INACTIVE,3892410843,930334396,EVT-SET-HAND-AMBER,55.65,163,4,1,0,0.0,0.0,0.0,0.0,SKU_ACTUAL,raw/backfill_v1/performance/sku_spend/33678220_01.08.2026-31.08.2026.csv
2026-08-11,33678288,EVETIS_CPC_CORE,RUNNING,3528293526,535581674,EVT-FT-MOIST-150,64.97,581,10,0,1,950.0,0.0,6.8,0.0,SKU_ACTUAL,raw/backfill_v1/performance/sku_spend/33678288_01.08.2026-31.08.2026.csv
2026-08-11,33703975,EVETIS_CPC_CORE,RUNNING,1994674912,305101361,EVT-FS-ACNE-30,54.66,395,10,2,0,0.0,0.0,0.0,0.0,SKU_ACTUAL,raw/backfill_v1/performance/sku_spend/33703975_01.08.2026-31.08.2026.csv
2026-08-12,32157891,EVETIS_CPC_CORE,RUNNING,1997079254,252442517,EVT-HC-HAND-300,453.99,1240,23,3,0,0.0,0.0,0.0,0.0,SKU_ACTUAL,raw/backfill_v1/performance/sku_spend/32157891_01.08.2026-31.08.2026.csv
2026-08-12,32157919,EVETIS_CPC_CORE,RUNNING,3892518031,593111986,EVT-HC-CHERRY-300,46.58,324,5,1,0,0.0,0.0,4.7,0.0,SKU_ACTUAL,raw/backfill_v1/performance/sku_spend/32157919_01.08.2026-31.08.2026.csv
2026-08-12,32157947,EVETIS_CPC_CORE,RUNNING,1991772098,305101272,EVT-FS-MOIST-30,380.16,1609,19,1,0,0.0,947.0,0.0,40.1,SKU_ACTUAL,raw/backfill_v1/performance/sku_spend/32157947_01.08.2026-31.08.2026.csv
2026-08-12,32157965,EVETIS_CPC_CORE,RUNNING,2974977988,438775617,EVT-FC-ACNE-50,365.56,769,35,5,0,0.0,0.0,0.0,0.0,SKU_ACTUAL,raw/backfill_v1/performance/sku_spend/32157965_01.08.2026-31.08.2026.csv
2026-08-12,32157988,EVETIS_CPC_CORE,RUNNING,3530427102,535581675,EVT-FT-ACNE-150,286.08,518,20,2,1,950.0,2946.0,30.1,9.7,SKU_ACTUAL,raw/backfill_v1/performance/sku_spend/32157988_01.08.2026-31.08.2026.csv
2026-08-12,32158176,EVETIS_CPC_CORE,RUNNING,3543342130,535580776,EVT-EP-ENZYME-75,59.79,530,7,0,0,0.0,0.0,0.0,0.0,SKU_ACTUAL,raw/backfill_v1/performance/sku_spend/32158176_01.08.2026-31.08.2026.csv
2026-08-12,33678192,EVETIS_CPC_CORE,RUNNING,3930712640,593111985,EVT-HC-AMBER-300,224.27,548,5,1,0,0.0,0.0,0.0,0.0,SKU_ACTUAL,raw/backfill_v1/performance/sku_spend/33678192_01.08.2026-31.08.2026.csv
2026-08-12,33678288,EVETIS_CPC_CORE,RUNNING,3528293526,535581674,EVT-FT-MOIST-150,19.08,526,3,0,0,0.0,0.0,0.0,0.0,SKU_ACTUAL,raw/backfill_v1/performance/sku_spend/33678288_01.08.2026-31.08.2026.csv
2026-08-12,33703975,EVETIS_CPC_CORE,RUNNING,1994674912,305101361,EVT-FS-ACNE-30,68.76,402,9,2,0,0.0,3258.0,0.0,2.1,SKU_ACTUAL,raw/backfill_v1/performance/sku_spend/33703975_01.08.2026-31.08.2026.csv
2026-08-13,32157891,EVETIS_CPC_CORE,RUNNING,1997079254,252442517,EVT-HC-HAND-300,307.37,1067,16,4,0,0.0,0.0,0.0,0.0,SKU_ACTUAL,raw/backfill_v1/performance/sku_spend/32157891_01.08.2026-31.08.2026.csv
2026-08-13,32157919,EVETIS_CPC_CORE,RUNNING,3892518031,593111986,EVT-HC-CHERRY-300,29.94,373,2,1,0,0.0,2002.0,0.0,1.5,SKU_ACTUAL,raw/backfill_v1/performance/sku_spend/32157919_01.08.2026-31.08.2026.csv
2026-08-13,32157965,EVETIS_CPC_CORE,RUNNING,2974977988,438775617,EVT-FC-ACNE-50,49.99,282,6,3,0,0.0,1289.0,0.0,3.9,SKU_ACTUAL,raw/backfill_v1/performance/sku_spend/32157965_01.08.2026-31.08.2026.csv
2026-08-13,32157988,EVETIS_CPC_CORE,RUNNING,3530427102,535581675,EVT-FT-ACNE-150,358.83,884,26,6,0,0.0,0.0,0.0,0.0,SKU_ACTUAL,raw/backfill_v1/performance/sku_spend/32157988_01.08.2026-31.08.2026.csv
2026-08-13,32158051,EVETIS_CPC_CORE,RUNNING,3733452761,868597351,EVT-SET-4PC-ACNE,157.34,462,22,2,0,0.0,2982.0,0.0,5.3,SKU_ACTUAL,raw/backfill_v1/performance/sku_spend/32158051_01.08.2026-31.08.2026.csv
2026-08-13,32158176,EVETIS_CPC_CORE,RUNNING,3543342130,535580776,EVT-EP-ENZYME-75,57.44,517,8,2,0,0.0,884.0,0.0,6.5,SKU_ACTUAL,raw/backfill_v1/performance/sku_spend/32158176_01.08.2026-31.08.2026.csv
2026-08-13,33678288,EVETIS_CPC_CORE,RUNNING,3528293526,535581674,EVT-FT-MOIST-150,75.78,505,9,0,0,0.0,0.0,0.0,0.0,SKU_ACTUAL,raw/backfill_v1/performance/sku_spend/33678288_01.08.2026-31.08.2026.csv
2026-08-13,33703975,EVETIS_CPC_CORE,RUNNING,1994674912,305101361,EVT-FS-ACNE-30,89.99,466,9,1,0,0.0,1208.0,0.0,7.4,SKU_ACTUAL,raw/backfill_v1/performance/sku_spend/33703975_01.08.2026-31.08.2026.csv
2026-08-14,32157919,EVETIS_CPC_CORE,RUNNING,3892518031,593111986,EVT-HC-CHERRY-300,123.12,397,6,3,0,0.0,1001.0,0.0,12.3,SKU_ACTUAL,raw/backfill_v1/performance/sku_spend/32157919_01.08.2026-31.08.2026.csv
2026-08-14,32157965,EVETIS_CPC_CORE,RUNNING,2974977988,438775617,EVT-FC-ACNE-50,132.11,344,16,4,1,990.0,0.0,13.3,0.0,SKU_ACTUAL,raw/backfill_v1/performance/sku_spend/32157965_01.08.2026-31.08.2026.csv
2026-08-14,32157988,EVETIS_CPC_CORE,RUNNING,3530427102,535581675,EVT-FT-ACNE-150,242.17,890,16,1,0,0.0,998.0,0.0,24.3,SKU_ACTUAL,raw/backfill_v1/performance/sku_spend/32157988_01.08.2026-31.08.2026.csv
2026-08-14,32158008,EVETIS_CPC_CORE,RUNNING,3735674506,910584041,EVT-SET-TON-SER-CREAM-ACNE,40.18,147,5,2,0,0.0,0.0,0.0,0.0,SKU_ACTUAL,raw/backfill_v1/performance/sku_spend/32158008_01.08.2026-31.08.2026.csv
2026-08-14,32158051,EVETIS_CPC_CORE,RUNNING,3733452761,868597351,EVT-SET-4PC-ACNE,128.8,567,17,2,0,0.0,0.0,0.0,0.0,SKU_ACTUAL,raw/backfill_v1/performance/sku_spend/32158051_01.08.2026-31.08.2026.csv
2026-08-14,32158176,EVETIS_CPC_CORE,RUNNING,3543342130,535580776,EVT-EP-ENZYME-75,98.43,505,17,5,1,1009.0,1009.0,9.8,9.8,SKU_ACTUAL,raw/backfill_v1/performance/sku_spend/32158176_01.08.2026-31.08.2026.csv
2026-08-14,32158299,EVETIS_CPC_CORE,INACTIVE,3733947454,909951444,EVT-SET-ACNE-POWDER-SERUM-CREAM,34.46,181,4,0,0,0.0,0.0,0.0,0.0,SKU_ACTUAL,raw/backfill_v1/performance/sku_spend/32158299_01.08.2026-31.08.2026.csv
2026-08-14,33678192,EVETIS_CPC_CORE,RUNNING,3930712640,593111985,EVT-HC-AMBER-300,27.78,54,2,0,0,0.0,0.0,0.0,0.0,SKU_ACTUAL,raw/backfill_v1/performance/sku_spend/33678192_01.08.2026-31.08.2026.csv
2026-08-14,33678288,EVETIS_CPC_CORE,RUNNING,3528293526,535581674,EVT-FT-MOIST-150,78.75,534,10,1,0,0.0,0.0,0.0,0.0,SKU_ACTUAL,raw/backfill_v1/performance/sku_spend/33678288_01.08.2026-31.08.2026.csv
2026-08-14,33678331,EVETIS_CPC_CORE,INACTIVE,3735183318,910330849,EVT-SET-MOIST-TONIC-SERUM,77.87,111,4,1,0,0.0,0.0,0.0,0.0,SKU_ACTUAL,raw/backfill_v1/performance/sku_spend/33678331_01.08.2026-31.08.2026.csv
2026-08-14,33678331,EVETIS_CPC_CORE,INACTIVE,4843362212,1083392113,EVT-SET-ACNE-TONIC-SERUM,44.48,130,3,1,0,0.0,0.0,0.0,0.0,SKU_ACTUAL,raw/backfill_v1/performance/sku_spend/33678331_01.08.2026-31.08.2026.csv
2026-08-14,33703975,EVETIS_CPC_CORE,RUNNING,1994674912,305101361,EVT-FS-ACNE-30,83.39,455,7,2,0,0.0,1208.0,0.0,6.9,SKU_ACTUAL,raw/backfill_v1/performance/sku_spend/33703975_01.08.2026-31.08.2026.csv
2026-08-15,32157919,EVETIS_CPC_CORE,RUNNING,3892518031,593111986,EVT-HC-CHERRY-300,65.55,327,7,1,0,0.0,0.0,5.5,0.0,SKU_ACTUAL,raw/backfill_v1/performance/sku_spend/32157919_01.08.2026-31.08.2026.csv
2026-08-15,32157947,EVETIS_CPC_CORE,RUNNING,1991772098,305101272,EVT-FS-MOIST-30,140.7,323,8,1,1,947.0,0.0,14.9,0.0,SKU_ACTUAL,raw/backfill_v1/performance/sku_spend/32157947_01.08.2026-31.08.2026.csv
2026-08-15,32157965,EVETIS_CPC_CORE,RUNNING,2974977988,438775617,EVT-FC-ACNE-50,90.74,413,11,2,0,0.0,0.0,0.0,0.0,SKU_ACTUAL,raw/backfill_v1/performance/sku_spend/32157965_01.08.2026-31.08.2026.csv
2026-08-15,32157988,EVETIS_CPC_CORE,RUNNING,3530427102,535581675,EVT-FT-ACNE-150,173.48,604,16,4,0,0.0,0.0,0.0,0.0,SKU_ACTUAL,raw/backfill_v1/performance/sku_spend/32157988_01.08.2026-31.08.2026.csv
2026-08-15,32158008,EVETIS_CPC_CORE,RUNNING,3735674506,910584041,EVT-SET-TON-SER-CREAM-ACNE,72.16,338,11,1,0,0.0,0.0,0.0,0.0,SKU_ACTUAL,raw/backfill_v1/performance/sku_spend/32158008_01.08.2026-31.08.2026.csv
2026-08-15,32158051,EVETIS_CPC_CORE,RUNNING,3733452761,868597351,EVT-SET-4PC-ACNE,159.29,714,30,4,1,2958.0,2958.0,5.4,5.4,SKU_ACTUAL,raw/backfill_v1/performance/sku_spend/32158051_01.08.2026-31.08.2026.csv
2026-08-15,32158176,EVETIS_CPC_CORE,RUNNING,3543342130,535580776,EVT-EP-ENZYME-75,136.58,616,16,2,0,0.0,0.0,0.0,0.0,SKU_ACTUAL,raw/backfill_v1/performance/sku_spend/32158176_01.08.2026-31.08.2026.csv
2026-08-15,32158299,EVETIS_CPC_CORE,INACTIVE,3733947454,909951444,EVT-SET-ACNE-POWDER-SERUM-CREAM,113.92,587,14,0,0,0.0,0.0,0.0,0.0,SKU_ACTUAL,raw/backfill_v1/performance/sku_spend/32158299_01.08.2026-31.08.2026.csv
2026-08-15,33678192,EVETIS_CPC_CORE,RUNNING,3930712640,593111985,EVT-HC-AMBER-300,19.84,117,1,0,0,0.0,0.0,0.0,0.0,SKU_ACTUAL,raw/backfill_v1/performance/sku_spend/33678192_01.08.2026-31.08.2026.csv
2026-08-15,33678288,EVETIS_CPC_CORE,RUNNING,3528293526,535581674,EVT-FT-MOIST-150,53.13,381,7,0,0,0.0,0.0,0.0,0.0,SKU_ACTUAL,raw/backfill_v1/performance/sku_spend/33678288_01.08.2026-31.08.2026.csv
2026-08-15,33678331,EVETIS_CPC_CORE,INACTIVE,3735183318,910330849,EVT-SET-MOIST-TONIC-SERUM,59.76,317,7,0,0,0.0,0.0,0.0,0.0,SKU_ACTUAL,raw/backfill_v1/performance/sku_spend/33678331_01.08.2026-31.08.2026.csv
2026-08-15,33678331,EVETIS_CPC_CORE,INACTIVE,4843362212,1083392113,EVT-SET-ACNE-TONIC-SERUM,21.71,161,1,1,0,0.0,0.0,0.0,0.0,SKU_ACTUAL,raw/backfill_v1/performance/sku_spend/33678331_01.08.2026-31.08.2026.csv
2026-08-15,33703975,EVETIS_CPC_CORE,RUNNING,1994674912,305101361,EVT-FS-ACNE-30,48.7,306,4,0,1,1208.0,0.0,4.0,0.0,SKU_ACTUAL,raw/backfill_v1/performance/sku_spend/33703975_01.08.2026-31.08.2026.csv
2026-08-16,32157891,EVETIS_CPC_CORE,RUNNING,1997079254,252442517,EVT-HC-HAND-300,316.14,699,14,0,0,0.0,0.0,0.0,0.0,SKU_ACTUAL,raw/backfill_v1/performance/sku_spend/32157891_01.08.2026-31.08.2026.csv
2026-08-16,32157919,EVETIS_CPC_CORE,RUNNING,3892518031,593111986,EVT-HC-CHERRY-300,46.33,295,3,0,0,0.0,1001.0,0.0,4.6,SKU_ACTUAL,raw/backfill_v1/performance/sku_spend/32157919_01.08.2026-31.08.2026.csv
2026-08-16,32157947,EVETIS_CPC_CORE,RUNNING,1991772098,305101272,EVT-FS-MOIST-30,162.09,481,12,1,0,0.0,2384.0,0.0,6.8,SKU_ACTUAL,raw/backfill_v1/performance/sku_spend/32157947_01.08.2026-31.08.2026.csv
2026-08-16,32157965,EVETIS_CPC_CORE,RUNNING,2974977988,438775617,EVT-FC-ACNE-50,77.57,532,13,2,0,0.0,0.0,0.0,0.0,SKU_ACTUAL,raw/backfill_v1/performance/sku_spend/32157965_01.08.2026-31.08.2026.csv
2026-08-16,32157988,EVETIS_CPC_CORE,RUNNING,3530427102,535581675,EVT-FT-ACNE-150,28.97,298,4,0,0,0.0,0.0,0.0,0.0,SKU_ACTUAL,raw/backfill_v1/performance/sku_spend/32157988_01.08.2026-31.08.2026.csv
2026-08-16,32158008,EVETIS_CPC_CORE,RUNNING,3735674506,910584041,EVT-SET-TON-SER-CREAM-ACNE,185.94,732,29,4,0,0.0,1950.0,0.0,9.5,SKU_ACTUAL,raw/backfill_v1/performance/sku_spend/32158008_01.08.2026-31.08.2026.csv
2026-08-16,32158051,EVETIS_CPC_CORE,RUNNING,3733452761,868597351,EVT-SET-4PC-ACNE,197.41,1103,33,6,0,0.0,0.0,0.0,0.0,SKU_ACTUAL,raw/backfill_v1/performance/sku_spend/32158051_01.08.2026-31.08.2026.csv
2026-08-16,32158176,EVETIS_CPC_CORE,RUNNING,3543342130,535580776,EVT-EP-ENZYME-75,46.35,600,9,0,0,0.0,0.0,0.0,0.0,SKU_ACTUAL,raw/backfill_v1/performance/sku_spend/32158176_01.08.2026-31.08.2026.csv
2026-08-16,32158299,EVETIS_CPC_CORE,INACTIVE,3733947454,909951444,EVT-SET-ACNE-POWDER-SERUM-CREAM,93.82,1074,17,2,0,0.0,0.0,0.0,0.0,SKU_ACTUAL,raw/backfill_v1/performance/sku_spend/32158299_01.08.2026-31.08.2026.csv
2026-08-16,33678192,EVETIS_CPC_CORE,RUNNING,3930712640,593111985,EVT-HC-AMBER-300,5.64,143,1,0,0,0.0,0.0,0.0,0.0,SKU_ACTUAL,raw/backfill_v1/performance/sku_spend/33678192_01.08.2026-31.08.2026.csv
2026-08-16,33678288,EVETIS_CPC_CORE,RUNNING,3528293526,535581674,EVT-FT-MOIST-150,69.01,399,9,1,0,0.0,1002.0,0.0,6.9,SKU_ACTUAL,raw/backfill_v1/performance/sku_spend/33678288_01.08.2026-31.08.2026.csv
2026-08-16,33678331,EVETIS_CPC_CORE,INACTIVE,3735183318,910330849,EVT-SET-MOIST-TONIC-SERUM,7.4,215,2,0,0,0.0,0.0,0.0,0.0,SKU_ACTUAL,raw/backfill_v1/performance/sku_spend/33678331_01.08.2026-31.08.2026.csv
2026-08-16,33678331,EVETIS_CPC_CORE,INACTIVE,4843362212,1083392113,EVT-SET-ACNE-TONIC-SERUM,19.12,136,1,0,0,0.0,0.0,0.0,0.0,SKU_ACTUAL,raw/backfill_v1/performance/sku_spend/33678331_01.08.2026-31.08.2026.csv
2026-08-16,33703975,EVETIS_CPC_CORE,RUNNING,1994674912,305101361,EVT-FS-ACNE-30,37.11,301,6,4,0,0.0,1208.0,0.0,3.1,SKU_ACTUAL,raw/backfill_v1/performance/sku_spend/33703975_01.08.2026-31.08.2026.csv
2026-08-17,32157919,EVETIS_CPC_CORE,RUNNING,3892518031,593111986,EVT-HC-CHERRY-300,38.37,286,4,1,0,0.0,0.0,0.0,0.0,SKU_ACTUAL,raw/backfill_v1/performance/sku_spend/32157919_01.08.2026-31.08.2026.csv
2026-08-17,32157947,EVETIS_CPC_CORE,RUNNING,1991772098,305101272,EVT-FS-MOIST-30,718.92,2019,40,2,1,1192.0,1192.0,60.3,60.3,SKU_ACTUAL,raw/backfill_v1/performance/sku_spend/32157947_01.08.2026-31.08.2026.csv
2026-08-17,32157965,EVETIS_CPC_CORE,RUNNING,2974977988,438775617,EVT-FC-ACNE-50,132.96,577,18,3,1,1253.0,1253.0,10.6,10.6,SKU_ACTUAL,raw/backfill_v1/performance/sku_spend/32157965_01.08.2026-31.08.2026.csv
2026-08-17,32158008,EVETIS_CPC_CORE,RUNNING,3735674506,910584041,EVT-SET-TON-SER-CREAM-ACNE,0.0,1,0,0,0,0.0,3900.0,0.0,0.0,SKU_ACTUAL,raw/backfill_v1/performance/sku_spend/32158008_01.08.2026-31.08.2026.csv
2026-08-17,32158176,EVETIS_CPC_CORE,RUNNING,3543342130,535580776,EVT-EP-ENZYME-75,68.79,537,8,1,1,884.0,0.0,7.8,0.0,SKU_ACTUAL,raw/backfill_v1/performance/sku_spend/32158176_01.08.2026-31.08.2026.csv
2026-08-17,32158299,EVETIS_CPC_CORE,INACTIVE,3733947454,909951444,EVT-SET-ACNE-POWDER-SERUM-CREAM,256.87,2035,45,4,0,0.0,0.0,0.0,0.0,SKU_ACTUAL,raw/backfill_v1/performance/sku_spend/32158299_01.08.2026-31.08.2026.csv
2026-08-17,33678192,EVETIS_CPC_CORE,RUNNING,3930712640,593111985,EVT-HC-AMBER-300,85.75,215,6,0,0,0.0,967.0,0.0,8.9,SKU_ACTUAL,raw/backfill_v1/performance/sku_spend/33678192_01.08.2026-31.08.2026.csv
2026-08-17,33678288,EVETIS_CPC_CORE,RUNNING,3528293526,535581674,EVT-FT-MOIST-150,61.09,318,8,0,0,0.0,0.0,0.0,0.0,SKU_ACTUAL,raw/backfill_v1/performance/sku_spend/33678288_01.08.2026-31.08.2026.csv
2026-08-17,33678331,EVETIS_CPC_CORE,INACTIVE,3735183318,910330849,EVT-SET-MOIST-TONIC-SERUM,0.0,99,0,0,0,0.0,0.0,0.0,0.0,SKU_ACTUAL,raw/backfill_v1/performance/sku_spend/33678331_01.08.2026-31.08.2026.csv
2026-08-17,33678331,EVETIS_CPC_CORE,INACTIVE,4843362212,1083392113,EVT-SET-ACNE-TONIC-SERUM,134.3,255,7,1,0,0.0,0.0,0.0,0.0,SKU_ACTUAL,raw/backfill_v1/performance/sku_spend/33678331_01.08.2026-31.08.2026.csv
2026-08-17,33703975,EVETIS_CPC_CORE,RUNNING,1994674912,305101361,EVT-FS-ACNE-30,65.36,400,5,2,1,842.0,0.0,7.8,0.0,SKU_ACTUAL,raw/backfill_v1/performance/sku_spend/33703975_01.08.2026-31.08.2026.csv
2026-08-18,32157919,EVETIS_CPC_CORE,RUNNING,3892518031,593111986,EVT-HC-CHERRY-300,32.47,317,5,1,0,0.0,0.0,0.0,0.0,SKU_ACTUAL,raw/backfill_v1/performance/sku_spend/32157919_01.08.2026-31.08.2026.csv
2026-08-18,32157947,EVETIS_CPC_CORE,RUNNING,1991772098,305101272,EVT-FS-MOIST-30,509.45,1542,30,3,0,0.0,0.0,0.0,0.0,SKU_ACTUAL,raw/backfill_v1/performance/sku_spend/32157947_01.08.2026-31.08.2026.csv
2026-08-18,32157965,EVETIS_CPC_CORE,RUNNING,2974977988,438775617,EVT-FC-ACNE-50,138.47,623,16,1,0,0.0,0.0,0.0,0.0,SKU_ACTUAL,raw/backfill_v1/performance/sku_spend/32157965_01.08.2026-31.08.2026.csv
2026-08-18,32158176,EVETIS_CPC_CORE,RUNNING,3543342130,535580776,EVT-EP-ENZYME-75,131.42,631,21,4,0,0.0,0.0,0.0,0.0,SKU_ACTUAL,raw/backfill_v1/performance/sku_spend/32158176_01.08.2026-31.08.2026.csv
2026-08-18,32158299,EVETIS_CPC_CORE,INACTIVE,3733947454,909951444,EVT-SET-ACNE-POWDER-SERUM-CREAM,162.52,1522,29,1,0,0.0,0.0,0.0,0.0,SKU_ACTUAL,raw/backfill_v1/performance/sku_spend/32158299_01.08.2026-31.08.2026.csv
2026-08-18,33678192,EVETIS_CPC_CORE,RUNNING,3930712640,593111985,EVT-HC-AMBER-300,94.61,519,5,0,1,967.0,0.0,9.8,0.0,SKU_ACTUAL,raw/backfill_v1/performance/sku_spend/33678192_01.08.2026-31.08.2026.csv
2026-08-18,33678288,EVETIS_CPC_CORE,RUNNING,3528293526,535581674,EVT-FT-MOIST-150,28.99,215,6,0,0,0.0,1992.0,0.0,1.5,SKU_ACTUAL,raw/backfill_v1/performance/sku_spend/33678288_01.08.2026-31.08.2026.csv
2026-08-18,33678331,EVETIS_CPC_CORE,INACTIVE,3735183318,910330849,EVT-SET-MOIST-TONIC-SERUM,17.06,71,4,0,0,0.0,0.0,0.0,0.0,SKU_ACTUAL,raw/backfill_v1/performance/sku_spend/33678331_01.08.2026-31.08.2026.csv
2026-08-18,33678331,EVETIS_CPC_CORE,INACTIVE,4843362212,1083392113,EVT-SET-ACNE-TONIC-SERUM,153.2,527,8,3,0,0.0,0.0,0.0,0.0,SKU_ACTUAL,raw/backfill_v1/performance/sku_spend/33678331_01.08.2026-31.08.2026.csv
2026-08-18,33703975,EVETIS_CPC_CORE,RUNNING,1994674912,305101361,EVT-FS-ACNE-30,34.04,295,5,0,0,0.0,0.0,0.0,0.0,SKU_ACTUAL,raw/backfill_v1/performance/sku_spend/33703975_01.08.2026-31.08.2026.csv
2026-08-19,32157919,EVETIS_CPC_CORE,RUNNING,3892518031,593111986,EVT-HC-CHERRY-300,162.79,345,10,3,0,0.0,0.0,0.0,0.0,SKU_ACTUAL,raw/backfill_v1/performance/sku_spend/32157919_01.08.2026-31.08.2026.csv
2026-08-19,32157965,EVETIS_CPC_CORE,RUNNING,2974977988,438775617,EVT-FC-ACNE-50,100.26,527,20,4,1,1289.0,1133.0,7.8,8.8,SKU_ACTUAL,raw/backfill_v1/performance/sku_spend/32157965_01.08.2026-31.08.2026.csv
2026-08-19,32158051,EVETIS_CPC_CORE,RUNNING,3733452761,868597351,EVT-SET-4PC-ACNE,0.0,0,0,0,1,2958.0,5916.0,0.0,0.0,SKU_ACTUAL,raw/backfill_v1/performance/sku_spend/32158051_01.08.2026-31.08.2026.csv
2026-08-19,32158176,EVETIS_CPC_CORE,RUNNING,3543342130,535580776,EVT-EP-ENZYME-75,193.94,999,22,6,0,0.0,2997.0,0.0,6.5,SKU_ACTUAL,raw/backfill_v1/performance/sku_spend/32158176_01.08.2026-31.08.2026.csv
2026-08-19,33678192,EVETIS_CPC_CORE,RUNNING,3930712640,593111985,EVT-HC-AMBER-300,180.2,453,9,1,0,0.0,959.0,0.0,18.8,SKU_ACTUAL,raw/backfill_v1/performance/sku_spend/33678192_01.08.2026-31.08.2026.csv
2026-08-19,33678288,EVETIS_CPC_CORE,RUNNING,3528293526,535581674,EVT-FT-MOIST-150,4.34,167,1,0,0,0.0,0.0,0.0,0.0,SKU_ACTUAL,raw/backfill_v1/performance/sku_spend/33678288_01.08.2026-31.08.2026.csv
2026-08-19,33678331,EVETIS_CPC_CORE,INACTIVE,3735183318,910330849,EVT-SET-MOIST-TONIC-SERUM,21.12,208,6,0,0,0.0,0.0,0.0,0.0,SKU_ACTUAL,raw/backfill_v1/performance/sku_spend/33678331_01.08.2026-31.08.2026.csv
2026-08-19,33678331,EVETIS_CPC_CORE,INACTIVE,4843362212,1083392113,EVT-SET-ACNE-TONIC-SERUM,104.53,334,6,2,0,0.0,1421.0,0.0,7.4,SKU_ACTUAL,raw/backfill_v1/performance/sku_spend/33678331_01.08.2026-31.08.2026.csv
2026-08-19,33703975,EVETIS_CPC_CORE,RUNNING,1994674912,305101361,EVT-FS-ACNE-30,13.77,290,4,1,0,0.0,1208.0,0.0,1.1,SKU_ACTUAL,raw/backfill_v1/performance/sku_spend/33703975_01.08.2026-31.08.2026.csv
2026-08-20,32157891,EVETIS_CPC_CORE,RUNNING,1997079254,252442517,EVT-HC-HAND-300,105.44,305,7,1,0,0.0,1626.0,0.0,6.5,SKU_ACTUAL,raw/backfill_v1/performance/sku_spend/32157891_01.08.2026-31.08.2026.csv
2026-08-20,32157919,EVETIS_CPC_CORE,RUNNING,3892518031,593111986,EVT-HC-CHERRY-300,121.13,476,9,1,0,0.0,0.0,0.0,0.0,SKU_ACTUAL,raw/backfill_v1/performance/sku_spend/32157919_01.08.2026-31.08.2026.csv
2026-08-20,32157947,EVETIS_CPC_CORE,RUNNING,1991772098,305101272,EVT-FS-MOIST-30,5.02,143,2,0,0,0.0,0.0,0.0,0.0,SKU_ACTUAL,raw/backfill_v1/performance/sku_spend/32157947_01.08.2026-31.08.2026.csv
2026-08-20,32157965,EVETIS_CPC_CORE,RUNNING,2974977988,438775617,EVT-FC-ACNE-50,272.48,679,27,6,1,1133.0,1133.0,24.1,24.0,SKU_ACTUAL,raw/backfill_v1/performance/sku_spend/32157965_01.08.2026-31.08.2026.csv
2026-08-20,32157988,EVETIS_CPC_CORE,RUNNING,3530427102,535581675,EVT-FT-ACNE-150,281.96,473,23,9,1,986.0,1972.0,28.6,14.3,SKU_ACTUAL,raw/backfill_v1/performance/sku_spend/32157988_01.08.2026-31.08.2026.csv
2026-08-20,32158051,EVETIS_CPC_CORE,RUNNING,3733452761,868597351,EVT-SET-4PC-ACNE,0.0,0,0,0,1,2900.0,0.0,0.0,0.0,SKU_ACTUAL,raw/backfill_v1/performance/sku_spend/32158051_01.08.2026-31.08.2026.csv
2026-08-20,32158176,EVETIS_CPC_CORE,RUNNING,3543342130,535580776,EVT-EP-ENZYME-75,125.71,1073,22,2,0,0.0,1998.0,0.0,6.3,SKU_ACTUAL,raw/backfill_v1/performance/sku_spend/32158176_01.08.2026-31.08.2026.csv
2026-08-20,33678192,EVETIS_CPC_CORE,RUNNING,3930712640,593111985,EVT-HC-AMBER-300,394.03,694,23,4,0,0.0,0.0,0.0,0.0,SKU_ACTUAL,raw/backfill_v1/performance/sku_spend/33678192_01.08.2026-31.08.2026.csv
2026-08-20,33678288,EVETIS_CPC_CORE,RUNNING,3528293526,535581674,EVT-FT-MOIST-150,75.22,259,7,1,1,996.0,996.0,7.6,7.6,SKU_ACTUAL,raw/backfill_v1/performance/sku_spend/33678288_01.08.2026-31.08.2026.csv
2026-08-20,33678331,EVETIS_CPC_CORE,INACTIVE,3735183318,910330849,EVT-SET-MOIST-TONIC-SERUM,120.27,338,17,4,0,0.0,0.0,0.0,0.0,SKU_ACTUAL,raw/backfill_v1/performance/sku_spend/33678331_01.08.2026-31.08.2026.csv
2026-08-20,33678331,EVETIS_CPC_CORE,INACTIVE,4843362212,1083392113,EVT-SET-ACNE-TONIC-SERUM,151.41,487,12,2,0,0.0,0.0,0.0,0.0,SKU_ACTUAL,raw/backfill_v1/performance/sku_spend/33678331_01.08.2026-31.08.2026.csv
2026-08-20,33703975,EVETIS_CPC_CORE,RUNNING,1994674912,305101361,EVT-FS-ACNE-30,30.05,324,4,0,1,1208.0,0.0,2.5,0.0,SKU_ACTUAL,raw/backfill_v1/performance/sku_spend/33703975_01.08.2026-31.08.2026.csv
2026-08-21,32157891,EVETIS_CPC_CORE,RUNNING,1997079254,252442517,EVT-HC-HAND-300,152.41,351,10,1,0,0.0,1676.0,0.0,9.1,SKU_ACTUAL,raw/backfill_v1/performance/sku_spend/32157891_01.08.2026-31.08.2026.csv
2026-08-21,32157919,EVETIS_CPC_CORE,RUNNING,3892518031,593111986,EVT-HC-CHERRY-300,54.38,335,4,2,0,0.0,0.0,0.0,0.0,SKU_ACTUAL,raw/backfill_v1/performance/sku_spend/32157919_01.08.2026-31.08.2026.csv
2026-08-21,32157947,EVETIS_CPC_CORE,RUNNING,1991772098,305101272,EVT-FS-MOIST-30,3.46,154,1,0,0,0.0,0.0,0.0,0.0,SKU_ACTUAL,raw/backfill_v1/performance/sku_spend/32157947_01.08.2026-31.08.2026.csv
2026-08-21,32157965,EVETIS_CPC_CORE,RUNNING,2974977988,438775617,EVT-FC-ACNE-50,103.74,590,13,2,0,0.0,1183.0,0.0,8.8,SKU_ACTUAL,raw/backfill_v1/performance/sku_spend/32157965_01.08.2026-31.08.2026.csv
2026-08-21,32157988,EVETIS_CPC_CORE,RUNNING,3530427102,535581675,EVT-FT-ACNE-150,113.52,503,13,4,1,986.0,1972.0,11.5,5.8,SKU_ACTUAL,raw/backfill_v1/performance/sku_spend/32157988_01.08.2026-31.08.2026.csv
2026-08-21,32158008,EVETIS_CPC_CORE,RUNNING,3735674506,910584041,EVT-SET-TON-SER-CREAM-ACNE,0.0,0,0,0,1,1950.0,1937.0,0.0,0.0,SKU_ACTUAL,raw/backfill_v1/performance/sku_spend/32158008_01.08.2026-31.08.2026.csv
2026-08-21,32158176,EVETIS_CPC_CORE,RUNNING,3543342130,535580776,EVT-EP-ENZYME-75,135.93,614,16,0,1,999.0,0.0,13.6,0.0,SKU_ACTUAL,raw/backfill_v1/performance/sku_spend/32158176_01.08.2026-31.08.2026.csv
2026-08-21,33678192,EVETIS_CPC_CORE,RUNNING,3930712640,593111985,EVT-HC-AMBER-300,143.65,447,9,0,1,959.0,0.0,6.9,0.0,SKU_ACTUAL,raw/backfill_v1/performance/sku_spend/33678192_01.08.2026-31.08.2026.csv
2026-08-21,33678288,EVETIS_CPC_CORE,RUNNING,3528293526,535581674,EVT-FT-MOIST-150,5.31,276,2,1,0,0.0,0.0,0.0,0.0,SKU_ACTUAL,raw/backfill_v1/performance/sku_spend/33678288_01.08.2026-31.08.2026.csv
2026-08-21,33678331,EVETIS_CPC_CORE,INACTIVE,3735183318,910330849,EVT-SET-MOIST-TONIC-SERUM,87.94,186,8,1,0,0.0,0.0,0.0,0.0,SKU_ACTUAL,raw/backfill_v1/performance/sku_spend/33678331_01.08.2026-31.08.2026.csv
2026-08-21,33678331,EVETIS_CPC_CORE,INACTIVE,4843362212,1083392113,EVT-SET-ACNE-TONIC-SERUM,71.05,380,5,0,0,0.0,0.0,0.0,0.0,SKU_ACTUAL,raw/backfill_v1/performance/sku_spend/33678331_01.08.2026-31.08.2026.csv
2026-08-21,33703975,EVETIS_CPC_CORE,RUNNING,1994674912,305101361,EVT-FS-ACNE-30,102.68,350,13,1,0,0.0,0.0,0.0,0.0,SKU_ACTUAL,raw/backfill_v1/performance/sku_spend/33703975_01.08.2026-31.08.2026.csv
2026-08-22,32157891,EVETIS_CPC_CORE,RUNNING,1997079254,252442517,EVT-HC-HAND-300,80.9,305,6,0,0,0.0,0.0,0.0,0.0,SKU_ACTUAL,raw/backfill_v1/performance/sku_spend/32157891_01.08.2026-31.08.2026.csv
2026-08-22,32157919,EVETIS_CPC_CORE,RUNNING,3892518031,593111986,EVT-HC-CHERRY-300,101.85,305,9,3,0,0.0,1001.0,10.1,10.2,SKU_ACTUAL,raw/backfill_v1/performance/sku_spend/32157919_01.08.2026-31.08.2026.csv
2026-08-22,32157947,EVETIS_CPC_CORE,RUNNING,1991772098,305101272,EVT-FS-MOIST-30,15.89,117,3,0,0,0.0,0.0,0.0,0.0,SKU_ACTUAL,raw/backfill_v1/performance/sku_spend/32157947_01.08.2026-31.08.2026.csv
2026-08-22,32157965,EVETIS_CPC_CORE,RUNNING,2974977988,438775617,EVT-FC-ACNE-50,189.52,609,20,1,0,0.0,1183.0,0.0,16.0,SKU_ACTUAL,raw/backfill_v1/performance/sku_spend/32157965_01.08.2026-31.08.2026.csv
2026-08-22,32157988,EVETIS_CPC_CORE,RUNNING,3530427102,535581675,EVT-FT-ACNE-150,88.37,633,15,1,0,0.0,1036.0,0.0,8.5,SKU_ACTUAL,raw/backfill_v1/performance/sku_spend/32157988_01.08.2026-31.08.2026.csv
2026-08-22,32158176,EVETIS_CPC_CORE,RUNNING,3543342130,535580776,EVT-EP-ENZYME-75,120.75,629,15,4,0,0.0,2042.0,0.0,5.9,SKU_ACTUAL,raw/backfill_v1/performance/sku_spend/32158176_01.08.2026-31.08.2026.csv
2026-08-22,33678192,EVETIS_CPC_CORE,RUNNING,3930712640,593111985,EVT-HC-AMBER-300,45.89,264,3,0,0,0.0,1009.0,0.0,4.5,SKU_ACTUAL,raw/backfill_v1/performance/sku_spend/33678192_01.08.2026-31.08.2026.csv
2026-08-22,33678288,EVETIS_CPC_CORE,RUNNING,3528293526,535581674,EVT-FT-MOIST-150,16.14,196,2,0,0,0.0,0.0,0.0,0.0,SKU_ACTUAL,raw/backfill_v1/performance/sku_spend/33678288_01.08.2026-31.08.2026.csv
2026-08-22,33678331,EVETIS_CPC_CORE,INACTIVE,3735183318,910330849,EVT-SET-MOIST-TONIC-SERUM,7.76,139,2,0,0,0.0,0.0,0.0,0.0,SKU_ACTUAL,raw/backfill_v1/performance/sku_spend/33678331_01.08.2026-31.08.2026.csv
2026-08-22,33678331,EVETIS_CPC_CORE,INACTIVE,4843362212,1083392113,EVT-SET-ACNE-TONIC-SERUM,35.32,194,3,2,0,0.0,0.0,0.0,0.0,SKU_ACTUAL,raw/backfill_v1/performance/sku_spend/33678331_01.08.2026-31.08.2026.csv
2026-08-22,33703975,EVETIS_CPC_CORE,RUNNING,1994674912,305101361,EVT-FS-ACNE-30,23.76,314,5,0,0,0.0,0.0,0.0,0.0,SKU_ACTUAL,raw/backfill_v1/performance/sku_spend/33703975_01.08.2026-31.08.2026.csv
2026-08-23,32157891,EVETIS_CPC_CORE,RUNNING,1997079254,252442517,EVT-HC-HAND-300,54.34,338,6,1,0,0.0,0.0,0.0,0.0,SKU_ACTUAL,raw/backfill_v1/performance/sku_spend/32157891_01.08.2026-31.08.2026.csv
2026-08-23,32157919,EVETIS_CPC_CORE,RUNNING,3892518031,593111986,EVT-HC-CHERRY-300,100.9,383,7,2,1,1001.0,0.0,10.1,0.0,SKU_ACTUAL,raw/backfill_v1/performance/sku_spend/32157919_01.08.2026-31.08.2026.csv
2026-08-23,32157947,EVETIS_CPC_CORE,RUNNING,1991772098,305101272,EVT-FS-MOIST-30,32.52,150,3,0,0,0.0,0.0,0.0,0.0,SKU_ACTUAL,raw/backfill_v1/performance/sku_spend/32157947_01.08.2026-31.08.2026.csv
2026-08-23,32157965,EVETIS_CPC_CORE,RUNNING,2974977988,438775617,EVT-FC-ACNE-50,214.37,645,27,6,0,0.0,0.0,0.0,0.0,SKU_ACTUAL,raw/backfill_v1/performance/sku_spend/32157965_01.08.2026-31.08.2026.csv
2026-08-23,32157988,EVETIS_CPC_CORE,RUNNING,3530427102,535581675,EVT-FT-ACNE-150,240.19,1177,33,6,0,0.0,0.0,0.0,0.0,SKU_ACTUAL,raw/backfill_v1/performance/sku_spend/32157988_01.08.2026-31.08.2026.csv
2026-08-23,32158176,EVETIS_CPC_CORE,RUNNING,3543342130,535580776,EVT-EP-ENZYME-75,109.77,689,13,1,0,0.0,0.0,0.0,0.0,SKU_ACTUAL,raw/backfill_v1/performance/sku_spend/32158176_01.08.2026-31.08.2026.csv
2026-08-23,33678192,EVETIS_CPC_CORE,RUNNING,3930712640,593111985,EVT-HC-AMBER-300,74.08,254,5,2,0,0.0,0.0,0.0,0.0,SKU_ACTUAL,raw/backfill_v1/performance/sku_spend/33678192_01.08.2026-31.08.2026.csv
2026-08-23,33678288,EVETIS_CPC_CORE,RUNNING,3528293526,535581674,EVT-FT-MOIST-150,34.45,211,3,0,0,0.0,1042.0,0.0,3.3,SKU_ACTUAL,raw/backfill_v1/performance/sku_spend/33678288_01.08.2026-31.08.2026.csv
2026-08-23,33678331,EVETIS_CPC_CORE,INACTIVE,3735183318,910330849,EVT-SET-MOIST-TONIC-SERUM,24.73,162,4,0,0,0.0,1223.0,0.0,2.0,SKU_ACTUAL,raw/backfill_v1/performance/sku_spend/33678331_01.08.2026-31.08.2026.csv
2026-08-23,33678331,EVETIS_CPC_CORE,INACTIVE,4843362212,1083392113,EVT-SET-ACNE-TONIC-SERUM,107.06,288,8,1,0,0.0,0.0,0.0,0.0,SKU_ACTUAL,raw/backfill_v1/performance/sku_spend/33678331_01.08.2026-31.08.2026.csv
2026-08-23,33703975,EVETIS_CPC_CORE,RUNNING,1994674912,305101361,EVT-FS-ACNE-30,34.37,382,5,0,0,0.0,1208.0,0.0,2.8,SKU_ACTUAL,raw/backfill_v1/performance/sku_spend/33703975_01.08.2026-31.08.2026.csv
2026-08-24,32157891,EVETIS_CPC_CORE,RUNNING,1997079254,252442517,EVT-HC-HAND-300,130.9,359,12,2,0,0.0,0.0,0.0,0.0,SKU_ACTUAL,raw/backfill_v1/performance/sku_spend/32157891_01.08.2026-31.08.2026.csv
2026-08-24,32157919,EVETIS_CPC_CORE,RUNNING,3892518031,593111986,EVT-HC-CHERRY-300,113.72,348,8,3,0,0.0,0.0,0.0,0.0,SKU_ACTUAL,raw/backfill_v1/performance/sku_spend/32157919_01.08.2026-31.08.2026.csv
2026-08-24,32157947,EVETIS_CPC_CORE,RUNNING,1991772098,305101272,EVT-FS-MOIST-30,3.37,138,1,0,0,0.0,0.0,0.0,0.0,SKU_ACTUAL,raw/backfill_v1/performance/sku_spend/32157947_01.08.2026-31.08.2026.csv
2026-08-24,32157965,EVETIS_CPC_CORE,RUNNING,2974977988,438775617,EVT-FC-ACNE-50,190.49,525,20,3,0,0.0,0.0,0.0,0.0,SKU_ACTUAL,raw/backfill_v1/performance/sku_spend/32157965_01.08.2026-31.08.2026.csv
2026-08-24,32157988,EVETIS_CPC_CORE,RUNNING,3530427102,535581675,EVT-FT-ACNE-150,88.45,964,16,3,0,0.0,1036.0,0.0,8.5,SKU_ACTUAL,raw/backfill_v1/performance/sku_spend/32157988_01.08.2026-31.08.2026.csv
2026-08-24,32158176,EVETIS_CPC_CORE,RUNNING,3543342130,535580776,EVT-EP-ENZYME-75,62.54,449,9,1,3,3019.0,1021.0,2.1,6.1,SKU_ACTUAL,raw/backfill_v1/performance/sku_spend/32158176_01.08.2026-31.08.2026.csv
2026-08-24,33678192,EVETIS_CPC_CORE,RUNNING,3930712640,593111985,EVT-HC-AMBER-300,61.96,256,4,1,0,0.0,0.0,0.0,0.0,SKU_ACTUAL,raw/backfill_v1/performance/sku_spend/33678192_01.08.2026-31.08.2026.csv
2026-08-24,33678288,EVETIS_CPC_CORE,RUNNING,3528293526,535581674,EVT-FT-MOIST-150,1.0,177,1,0,0,0.0,0.0,0.0,0.0,SKU_ACTUAL,raw/backfill_v1/performance/sku_spend/33678288_01.08.2026-31.08.2026.csv
2026-08-24,33678331,EVETIS_CPC_CORE,INACTIVE,3735183318,910330849,EVT-SET-MOIST-TONIC-SERUM,20.79,110,2,1,0,0.0,1223.0,0.0,1.7,SKU_ACTUAL,raw/backfill_v1/performance/sku_spend/33678331_01.08.2026-31.08.2026.csv
2026-08-24,33678331,EVETIS_CPC_CORE,INACTIVE,4843362212,1083392113,EVT-SET-ACNE-TONIC-SERUM,43.0,242,5,1,0,0.0,0.0,0.0,0.0,SKU_ACTUAL,raw/backfill_v1/performance/sku_spend/33678331_01.08.2026-31.08.2026.csv
2026-08-24,33703975,EVETIS_CPC_CORE,RUNNING,1994674912,305101361,EVT-FS-ACNE-30,41.94,282,6,0,0,0.0,0.0,0.0,0.0,SKU_ACTUAL,raw/backfill_v1/performance/sku_spend/33703975_01.08.2026-31.08.2026.csv
2026-08-25,32157891,EVETIS_CPC_CORE,RUNNING,1997079254,252442517,EVT-HC-HAND-300,56.07,467,7,2,0,0.0,0.0,0.0,0.0,SKU_ACTUAL,raw/backfill_v1/performance/sku_spend/32157891_01.08.2026-31.08.2026.csv
2026-08-25,32157919,EVETIS_CPC_CORE,RUNNING,3892518031,593111986,EVT-HC-CHERRY-300,85.12,521,6,0,0,0.0,0.0,0.0,0.0,SKU_ACTUAL,raw/backfill_v1/performance/sku_spend/32157919_01.08.2026-31.08.2026.csv
2026-08-25,32157947,EVETIS_CPC_CORE,RUNNING,1991772098,305101272,EVT-FS-MOIST-30,7.65,191,1,0,0,0.0,0.0,0.0,0.0,SKU_ACTUAL,raw/backfill_v1/performance/sku_spend/32157947_01.08.2026-31.08.2026.csv
2026-08-25,32157965,EVETIS_CPC_CORE,RUNNING,2974977988,438775617,EVT-FC-ACNE-50,29.7,300,7,0,0,0.0,0.0,0.0,0.0,SKU_ACTUAL,raw/backfill_v1/performance/sku_spend/32157965_01.08.2026-31.08.2026.csv
2026-08-25,32157988,EVETIS_CPC_CORE,RUNNING,3530427102,535581675,EVT-FT-ACNE-150,227.88,1644,26,6,0,0.0,0.0,18.6,0.0,SKU_ACTUAL,raw/backfill_v1/performance/sku_spend/32157988_01.08.2026-31.08.2026.csv
2026-08-25,32158008,EVETIS_CPC_CORE,RUNNING,3735674506,910584041,EVT-SET-TON-SER-CREAM-ACNE,567.15,1526,50,4,0,0.0,0.0,0.0,0.0,SKU_ACTUAL,raw/backfill_v1/performance/sku_spend/32158008_01.08.2026-31.08.2026.csv
2026-08-25,32158051,EVETIS_CPC_CORE,RUNNING,3733452761,868597351,EVT-SET-4PC-ACNE,1226.6,2439,69,5,0,0.0,0.0,0.0,0.0,SKU_ACTUAL,raw/backfill_v1/performance/sku_spend/32158051_01.08.2026-31.08.2026.csv
2026-08-25,32158176,EVETIS_CPC_CORE,RUNNING,3543342130,535580776,EVT-EP-ENZYME-75,30.44,522,4,1,1,1021.0,0.0,3.0,0.0,SKU_ACTUAL,raw/backfill_v1/performance/sku_spend/32158176_01.08.2026-31.08.2026.csv
2026-08-25,33678192,EVETIS_CPC_CORE,RUNNING,3930712640,593111985,EVT-HC-AMBER-300,61.15,215,7,1,0,0.0,0.0,0.0,0.0,SKU_ACTUAL,raw/backfill_v1/performance/sku_spend/33678192_01.08.2026-31.08.2026.csv
2026-08-25,33678288,EVETIS_CPC_CORE,RUNNING,3528293526,535581674,EVT-FT-MOIST-150,178.94,483,12,1,0,0.0,0.0,0.0,0.0,SKU_ACTUAL,raw/backfill_v1/performance/sku_spend/33678288_01.08.2026-31.08.2026.csv
2026-08-25,33678331,EVETIS_CPC_CORE,INACTIVE,3735183318,910330849,EVT-SET-MOIST-TONIC-SERUM,0.0,41,0,0,1,1223.0,0.0,0.0,0.0,SKU_ACTUAL,raw/backfill_v1/performance/sku_spend/33678331_01.08.2026-31.08.2026.csv
2026-08-25,33678331,EVETIS_CPC_CORE,INACTIVE,4843362212,1083392113,EVT-SET-ACNE-TONIC-SERUM,14.22,85,1,0,0,0.0,0.0,0.0,0.0,SKU_ACTUAL,raw/backfill_v1/performance/sku_spend/33678331_01.08.2026-31.08.2026.csv
2026-08-25,33703975,EVETIS_CPC_CORE,RUNNING,1994674912,305101361,EVT-FS-ACNE-30,54.14,590,8,2,0,0.0,1258.0,0.0,4.3,SKU_ACTUAL,raw/backfill_v1/performance/sku_spend/33703975_01.08.2026-31.08.2026.csv
2026-08-26,32157891,EVETIS_CPC_CORE,RUNNING,1997079254,252442517,EVT-HC-HAND-300,54.34,375,8,0,0,0.0,0.0,0.0,0.0,SKU_ACTUAL,raw/backfill_v1/performance/sku_spend/32157891_01.08.2026-31.08.2026.csv
2026-08-26,32157919,EVETIS_CPC_CORE,RUNNING,3892518031,593111986,EVT-HC-CHERRY-300,182.54,817,11,2,1,1065.0,1065.0,17.1,17.1,SKU_ACTUAL,raw/backfill_v1/performance/sku_spend/32157919_01.08.2026-31.08.2026.csv
2026-08-26,32157947,EVETIS_CPC_CORE,RUNNING,1991772098,305101272,EVT-FS-MOIST-30,51.9,282,8,0,0,0.0,0.0,0.0,0.0,SKU_ACTUAL,raw/backfill_v1/performance/sku_spend/32157947_01.08.2026-31.08.2026.csv
2026-08-26,32157965,EVETIS_CPC_CORE,RUNNING,2974977988,438775617,EVT-FC-ACNE-50,83.61,274,17,2,0,0.0,1233.0,0.0,6.8,SKU_ACTUAL,raw/backfill_v1/performance/sku_spend/32157965_01.08.2026-31.08.2026.csv
2026-08-26,32157988,EVETIS_CPC_CORE,RUNNING,3530427102,535581675,EVT-FT-ACNE-150,429.76,2396,41,5,0,0.0,0.0,0.0,0.0,SKU_ACTUAL,raw/backfill_v1/performance/sku_spend/32157988_01.08.2026-31.08.2026.csv
2026-08-26,32158008,EVETIS_CPC_CORE,RUNNING,3735674506,910584041,EVT-SET-TON-SER-CREAM-ACNE,151.74,555,14,3,0,0.0,0.0,0.0,0.0,SKU_ACTUAL,raw/backfill_v1/performance/sku_spend/32158008_01.08.2026-31.08.2026.csv
2026-08-26,32158051,EVETIS_CPC_CORE,RUNNING,3733452761,868597351,EVT-SET-4PC-ACNE,581.22,1212,35,3,0,0.0,0.0,0.0,0.0,SKU_ACTUAL,raw/backfill_v1/performance/sku_spend/32158051_01.08.2026-31.08.2026.csv
2026-08-26,32158176,EVETIS_CPC_CORE,RUNNING,3543342130,535580776,EVT-EP-ENZYME-75,30.31,309,5,0,0,0.0,0.0,0.0,0.0,SKU_ACTUAL,raw/backfill_v1/performance/sku_spend/32158176_01.08.2026-31.08.2026.csv
2026-08-26,33678192,EVETIS_CPC_CORE,RUNNING,3930712640,593111985,EVT-HC-AMBER-300,17.34,174,2,0,0,0.0,0.0,1.3,0.0,SKU_ACTUAL,raw/backfill_v1/performance/sku_spend/33678192_01.08.2026-31.08.2026.csv
2026-08-26,33678288,EVETIS_CPC_CORE,RUNNING,3528293526,535581674,EVT-FT-MOIST-150,258.78,865,14,2,1,1096.0,1096.0,23.6,23.6,SKU_ACTUAL,raw/backfill_v1/performance/sku_spend/33678288_01.08.2026-31.08.2026.csv
2026-08-26,33703975,EVETIS_CPC_CORE,RUNNING,1994674912,305101361,EVT-FS-ACNE-30,168.7,1233,21,2,0,0.0,0.0,0.0,0.0,SKU_ACTUAL,raw/backfill_v1/performance/sku_spend/33703975_01.08.2026-31.08.2026.csv
2026-08-27,32157891,EVETIS_CPC_CORE,RUNNING,1997079254,252442517,EVT-HC-HAND-300,51.23,358,7,1,1,813.0,913.0,6.3,5.6,SKU_ACTUAL,raw/backfill_v1/performance/sku_spend/32157891_01.08.2026-31.08.2026.csv
2026-08-27,32157919,EVETIS_CPC_CORE,RUNNING,3892518031,593111986,EVT-HC-CHERRY-300,187.99,770,12,3,0,0.0,2130.0,0.0,8.8,SKU_ACTUAL,raw/backfill_v1/performance/sku_spend/32157919_01.08.2026-31.08.2026.csv
2026-08-27,32157947,EVETIS_CPC_CORE,RUNNING,1991772098,305101272,EVT-FS-MOIST-30,21.7,263,3,0,0,0.0,0.0,0.0,0.0,SKU_ACTUAL,raw/backfill_v1/performance/sku_spend/32157947_01.08.2026-31.08.2026.csv
2026-08-27,32157965,EVETIS_CPC_CORE,RUNNING,2974977988,438775617,EVT-FC-ACNE-50,75.79,210,17,3,0,0.0,0.0,0.0,0.0,SKU_ACTUAL,raw/backfill_v1/performance/sku_spend/32157965_01.08.2026-31.08.2026.csv
2026-08-27,32157988,EVETIS_CPC_CORE,RUNNING,3530427102,535581675,EVT-FT-ACNE-150,367.51,1653,42,6,0,0.0,1086.0,0.0,33.8,SKU_ACTUAL,raw/backfill_v1/performance/sku_spend/32157988_01.08.2026-31.08.2026.csv
2026-08-27,32158176,EVETIS_CPC_CORE,RUNNING,3543342130,535580776,EVT-EP-ENZYME-75,11.62,244,3,0,0,0.0,0.0,0.0,0.0,SKU_ACTUAL,raw/backfill_v1/performance/sku_spend/32158176_01.08.2026-31.08.2026.csv
2026-08-27,33678192,EVETIS_CPC_CORE,RUNNING,3930712640,593111985,EVT-HC-AMBER-300,12.15,144,2,0,0,0.0,0.0,0.0,0.0,SKU_ACTUAL,raw/backfill_v1/performance/sku_spend/33678192_01.08.2026-31.08.2026.csv
2026-08-27,33678288,EVETIS_CPC_CORE,RUNNING,3528293526,535581674,EVT-FT-MOIST-150,64.09,677,6,1,0,0.0,0.0,5.9,0.0,SKU_ACTUAL,raw/backfill_v1/performance/sku_spend/33678288_01.08.2026-31.08.2026.csv
2026-08-27,33703975,EVETIS_CPC_CORE,RUNNING,1994674912,305101361,EVT-FS-ACNE-30,117.27,1093,11,2,0,0.0,0.0,0.0,0.0,SKU_ACTUAL,raw/backfill_v1/performance/sku_spend/33703975_01.08.2026-31.08.2026.csv
2026-08-28,32157891,EVETIS_CPC_CORE,RUNNING,1997079254,252442517,EVT-HC-HAND-300,35.08,288,5,1,0,0.0,913.0,0.0,3.8,SKU_ACTUAL,raw/backfill_v1/performance/sku_spend/32157891_01.08.2026-31.08.2026.csv
2026-08-28,32157919,EVETIS_CPC_CORE,RUNNING,3892518031,593111986,EVT-HC-CHERRY-300,246.2,882,15,3,1,1001.0,0.0,24.6,0.0,SKU_ACTUAL,raw/backfill_v1/performance/sku_spend/32157919_01.08.2026-31.08.2026.csv
2026-08-28,32157947,EVETIS_CPC_CORE,RUNNING,1991772098,305101272,EVT-FS-MOIST-30,99.3,401,12,1,0,0.0,0.0,0.0,0.0,SKU_ACTUAL,raw/backfill_v1/performance/sku_spend/32157947_01.08.2026-31.08.2026.csv
2026-08-28,32157965,EVETIS_CPC_CORE,RUNNING,2974977988,438775617,EVT-FC-ACNE-50,38.3,218,9,0,1,1183.0,0.0,3.2,0.0,SKU_ACTUAL,raw/backfill_v1/performance/sku_spend/32157965_01.08.2026-31.08.2026.csv
2026-08-28,32157988,EVETIS_CPC_CORE,RUNNING,3530427102,535581675,EVT-FT-ACNE-150,584.13,1503,51,11,1,986.0,1086.0,59.2,53.8,SKU_ACTUAL,raw/backfill_v1/performance/sku_spend/32157988_01.08.2026-31.08.2026.csv
2026-08-28,32158176,EVETIS_CPC_CORE,RUNNING,3543342130,535580776,EVT-EP-ENZYME-75,36.56,284,8,0,0,0.0,0.0,0.0,0.0,SKU_ACTUAL,raw/backfill_v1/performance/sku_spend/32158176_01.08.2026-31.08.2026.csv
2026-08-28,33678192,EVETIS_CPC_CORE,RUNNING,3930712640,593111985,EVT-HC-AMBER-300,22.08,144,3,0,0,0.0,0.0,0.0,0.0,SKU_ACTUAL,raw/backfill_v1/performance/sku_spend/33678192_01.08.2026-31.08.2026.csv
2026-08-28,33678288,EVETIS_CPC_CORE,RUNNING,3528293526,535581674,EVT-FT-MOIST-150,343.1,1038,24,5,1,1002.0,0.0,34.2,0.0,SKU_ACTUAL,raw/backfill_v1/performance/sku_spend/33678288_01.08.2026-31.08.2026.csv
2026-08-28,33703975,EVETIS_CPC_CORE,RUNNING,1994674912,305101361,EVT-FS-ACNE-30,194.25,885,14,4,0,0.0,3774.0,0.0,5.1,SKU_ACTUAL,raw/backfill_v1/performance/sku_spend/33703975_01.08.2026-31.08.2026.csv
2026-08-29,32157891,EVETIS_CPC_CORE,RUNNING,1997079254,252442517,EVT-HC-HAND-300,12.64,407,2,0,0,0.0,1757.0,0.0,0.7,SKU_ACTUAL,raw/backfill_v1/performance/sku_spend/32157891_01.08.2026-31.08.2026.csv
2026-08-29,32157919,EVETIS_CPC_CORE,RUNNING,3892518031,593111986,EVT-HC-CHERRY-300,377.22,1439,24,2,0,0.0,0.0,41.3,0.0,SKU_ACTUAL,raw/backfill_v1/performance/sku_spend/32157919_01.08.2026-31.08.2026.csv
2026-08-29,32157947,EVETIS_CPC_CORE,RUNNING,1991772098,305101272,EVT-FS-MOIST-30,48.81,440,6,0,0,0.0,0.0,0.0,0.0,SKU_ACTUAL,raw/backfill_v1/performance/sku_spend/32157947_01.08.2026-31.08.2026.csv
2026-08-29,32157965,EVETIS_CPC_CORE,RUNNING,2974977988,438775617,EVT-FC-ACNE-50,68.7,249,14,4,1,1233.0,1233.0,5.6,5.6,SKU_ACTUAL,raw/backfill_v1/performance/sku_spend/32157965_01.08.2026-31.08.2026.csv
2026-08-29,32157988,EVETIS_CPC_CORE,RUNNING,3530427102,535581675,EVT-FT-ACNE-150,313.47,1487,29,8,1,1036.0,1086.0,30.3,28.9,SKU_ACTUAL,raw/backfill_v1/performance/sku_spend/32157988_01.08.2026-31.08.2026.csv
2026-08-29,32158176,EVETIS_CPC_CORE,RUNNING,3543342130,535580776,EVT-EP-ENZYME-75,35.73,222,8,1,0,0.0,0.0,0.0,0.0,SKU_ACTUAL,raw/backfill_v1/performance/sku_spend/32158176_01.08.2026-31.08.2026.csv
2026-08-29,33678192,EVETIS_CPC_CORE,RUNNING,3930712640,593111985,EVT-HC-AMBER-300,17.16,151,2,1,0,0.0,0.0,0.0,0.0,SKU_ACTUAL,raw/backfill_v1/performance/sku_spend/33678192_01.08.2026-31.08.2026.csv
2026-08-29,33678288,EVETIS_CPC_CORE,RUNNING,3528293526,535581674,EVT-FT-MOIST-150,428.31,1209,34,7,0,0.0,1096.0,0.0,39.1,SKU_ACTUAL,raw/backfill_v1/performance/sku_spend/33678288_01.08.2026-31.08.2026.csv
2026-08-29,33703975,EVETIS_CPC_CORE,RUNNING,1994674912,305101361,EVT-FS-ACNE-30,69.7,523,8,0,1,1258.0,2516.0,5.5,2.8,SKU_ACTUAL,raw/backfill_v1/performance/sku_spend/33703975_01.08.2026-31.08.2026.csv
2026-08-30,32157891,EVETIS_CPC_CORE,RUNNING,1997079254,252442517,EVT-HC-HAND-300,265.19,1091,24,4,0,0.0,0.0,0.0,0.0,SKU_ACTUAL,raw/backfill_v1/performance/sku_spend/32157891_01.08.2026-31.08.2026.csv
2026-08-30,32157919,EVETIS_CPC_CORE,RUNNING,3892518031,593111986,EVT-HC-CHERRY-300,221.93,894,13,2,0,0.0,0.0,0.0,0.0,SKU_ACTUAL,raw/backfill_v1/performance/sku_spend/32157919_01.08.2026-31.08.2026.csv
2026-08-30,32157947,EVETIS_CPC_CORE,RUNNING,1991772098,305101272,EVT-FS-MOIST-30,49.65,311,6,0,0,0.0,1128.0,0.0,4.4,SKU_ACTUAL,raw/backfill_v1/performance/sku_spend/32157947_01.08.2026-31.08.2026.csv
2026-08-30,32157965,EVETIS_CPC_CORE,RUNNING,2974977988,438775617,EVT-FC-ACNE-50,74.86,295,15,1,0,0.0,0.0,0.0,0.0,SKU_ACTUAL,raw/backfill_v1/performance/sku_spend/32157965_01.08.2026-31.08.2026.csv
2026-08-30,32157988,EVETIS_CPC_CORE,RUNNING,3530427102,535581675,EVT-FT-ACNE-150,236.02,1048,22,5,0,0.0,2172.0,0.0,10.9,SKU_ACTUAL,raw/backfill_v1/performance/sku_spend/32157988_01.08.2026-31.08.2026.csv
2026-08-30,32158008,EVETIS_CPC_CORE,RUNNING,3735674506,910584041,EVT-SET-TON-SER-CREAM-ACNE,194.31,739,29,6,1,1937.0,3874.0,10.0,5.0,SKU_ACTUAL,raw/backfill_v1/performance/sku_spend/32158008_01.08.2026-31.08.2026.csv
2026-08-30,32158051,EVETIS_CPC_CORE,RUNNING,3733452761,868597351,EVT-SET-4PC-ACNE,241.62,695,32,5,0,0.0,0.0,0.0,0.0,SKU_ACTUAL,raw/backfill_v1/performance/sku_spend/32158051_01.08.2026-31.08.2026.csv
2026-08-30,32158176,EVETIS_CPC_CORE,RUNNING,3543342130,535580776,EVT-EP-ENZYME-75,22.31,262,8,0,0,0.0,0.0,0.0,0.0,SKU_ACTUAL,raw/backfill_v1/performance/sku_spend/32158176_01.08.2026-31.08.2026.csv
2026-08-30,33678192,EVETIS_CPC_CORE,RUNNING,3930712640,593111985,EVT-HC-AMBER-300,42.52,146,5,1,0,0.0,1059.0,0.0,4.0,SKU_ACTUAL,raw/backfill_v1/performance/sku_spend/33678192_01.08.2026-31.08.2026.csv
2026-08-30,33678288,EVETIS_CPC_CORE,RUNNING,3528293526,535581674,EVT-FT-MOIST-150,82.49,611,8,2,0,0.0,2192.0,0.0,3.8,SKU_ACTUAL,raw/backfill_v1/performance/sku_spend/33678288_01.08.2026-31.08.2026.csv
2026-08-30,33703975,EVETIS_CPC_CORE,RUNNING,1994674912,305101361,EVT-FS-ACNE-30,339.78,1050,18,1,0,0.0,1258.0,0.0,27.0,SKU_ACTUAL,raw/backfill_v1/performance/sku_spend/33703975_01.08.2026-31.08.2026.csv
2026-08-31,32157891,EVETIS_CPC_CORE,RUNNING,1997079254,252442517,EVT-HC-HAND-300,35.38,148,3,0,0,0.0,1946.0,0.0,1.8,SKU_ACTUAL,raw/backfill_v1/performance/sku_spend/32157891_01.08.2026-31.08.2026.csv
2026-08-31,32157919,EVETIS_CPC_CORE,RUNNING,3892518031,593111986,EVT-HC-CHERRY-300,0.0,3,0,0,0,0.0,0.0,0.0,0.0,SKU_ACTUAL,raw/backfill_v1/performance/sku_spend/32157919_01.08.2026-31.08.2026.csv
2026-08-31,32157947,EVETIS_CPC_CORE,RUNNING,1991772098,305101272,EVT-FS-MOIST-30,0.0,11,0,0,0,0.0,1234.0,0.0,0.0,SKU_ACTUAL,raw/backfill_v1/performance/sku_spend/32157947_01.08.2026-31.08.2026.csv
2026-08-31,32157965,EVETIS_CPC_CORE,RUNNING,2974977988,438775617,EVT-FC-ACNE-50,0.0,18,0,0,0,0.0,0.0,0.0,0.0,SKU_ACTUAL,raw/backfill_v1/performance/sku_spend/32157965_01.08.2026-31.08.2026.csv
2026-08-31,32157988,EVETIS_CPC_CORE,RUNNING,3530427102,535581675,EVT-FT-ACNE-150,8.54,47,2,0,1,1086.0,0.0,0.8,0.0,SKU_ACTUAL,raw/backfill_v1/performance/sku_spend/32157988_01.08.2026-31.08.2026.csv
2026-08-31,32158008,EVETIS_CPC_CORE,RUNNING,3735674506,910584041,EVT-SET-TON-SER-CREAM-ACNE,21.14,65,3,0,0,0.0,1937.0,0.0,1.1,SKU_ACTUAL,raw/backfill_v1/performance/sku_spend/32158008_01.08.2026-31.08.2026.csv
2026-08-31,32158051,EVETIS_CPC_CORE,RUNNING,3733452761,868597351,EVT-SET-4PC-ACNE,47.68,76,6,0,0,0.0,0.0,0.0,0.0,SKU_ACTUAL,raw/backfill_v1/performance/sku_spend/32158051_01.08.2026-31.08.2026.csv
2026-08-31,32158176,EVETIS_CPC_CORE,RUNNING,3543342130,535580776,EVT-EP-ENZYME-75,0.0,22,0,0,0,0.0,0.0,0.0,0.0,SKU_ACTUAL,raw/backfill_v1/performance/sku_spend/32158176_01.08.2026-31.08.2026.csv
2026-08-31,33678192,EVETIS_CPC_CORE,RUNNING,3930712640,593111985,EVT-HC-AMBER-300,0.0,9,0,0,0,0.0,1059.0,0.0,0.0,SKU_ACTUAL,raw/backfill_v1/performance/sku_spend/33678192_01.08.2026-31.08.2026.csv
2026-08-31,33678288,EVETIS_CPC_CORE,RUNNING,3528293526,535581674,EVT-FT-MOIST-150,3.68,6,1,0,0,0.0,1096.0,0.0,0.3,SKU_ACTUAL,raw/backfill_v1/performance/sku_spend/33678288_01.08.2026-31.08.2026.csv
2026-08-31,33703975,EVETIS_CPC_CORE,RUNNING,1994674912,305101361,EVT-FS-ACNE-30,37.43,134,1,1,0,0.0,1258.0,0.0,3.0,SKU_ACTUAL,raw/backfill_v1/performance/sku_spend/33703975_01.08.2026-31.08.2026.csv
