date,campaign_id,campaign_group,campaign_state_current,expense_rub,bonus_expense_rub,subscription_expense_rub,impressions,clicks,orders,revenue,ctr,cpc,drr_api_if_present,source_raw_file
2026-06-01,27251978,EVETIS_CPC_LEGACY,ARCHIVED,73.46,0.0,0.0,570,21,2,1460.0,3.6842,3.4981,NOT_AVAILABLE,raw/backfill_v1/performance/expense_20260601.csv
2026-06-01,27307535,EVETIS_CPC_LEGACY,ARCHIVED,14.34,0.0,0.0,399,4,0,0.0,1.0025,3.585,NOT_AVAILABLE,raw/backfill_v1/performance/expense_20260601.csv
2026-06-01,27307598,EVETIS_CPC_LEGACY,ARCHIVED,16.41,0.0,0.0,299,8,0,0.0,2.6756,2.0513,NOT_AVAILABLE,raw/backfill_v1/performance/expense_20260601.csv
2026-06-01,27443733,EVETIS_CPC_LEGACY,ARCHIVED,64.31,0.0,0.0,323,21,0,0.0,6.5015,3.0624,NOT_AVAILABLE,raw/backfill_v1/performance/expense_20260601.csv
2026-06-02,27251978,EVETIS_CPC_LEGACY,ARCHIVED,70.63,0.0,0.0,745,20,0,0.0,2.6846,3.5315,NOT_AVAILABLE,raw/backfill_v1/performance/expense_20260602.csv
2026-06-02,27307535,EVETIS_CPC_LEGACY,ARCHIVED,43.26,0.0,0.0,457,10,1,530.0,2.1882,4.326,NOT_AVAILABLE,raw/backfill_v1/performance/expense_20260602.csv
2026-06-02,27307598,EVETIS_CPC_LEGACY,ARCHIVED,31.28,0.0,0.0,350,8,0,0.0,2.2857,3.91,NOT_AVAILABLE,raw/backfill_v1/performance/expense_20260602.csv
2026-06-02,27443733,EVETIS_CPC_LEGACY,ARCHIVED,52.57,0.0,0.0,521,17,0,0.0,3.263,3.0924,NOT_AVAILABLE,raw/backfill_v1/performance/expense_20260602.csv
2026-06-03,27251978,EVETIS_CPC_LEGACY,ARCHIVED,50.82,0.0,0.0,418,14,0,0.0,3.3493,3.63,NOT_AVAILABLE,raw/backfill_v1/performance/expense_20260603.csv
2026-06-03,27307535,EVETIS_CPC_LEGACY,ARCHIVED,40.0,0.0,0.0,407,9,1,480.0,2.2113,4.4444,NOT_AVAILABLE,raw/backfill_v1/performance/expense_20260603.csv
2026-06-03,27307598,EVETIS_CPC_LEGACY,ARCHIVED,19.5,0.0,0.0,416,7,0,0.0,1.6827,2.7857,NOT_AVAILABLE,raw/backfill_v1/performance/expense_20260603.csv
2026-06-03,27443733,EVETIS_CPC_LEGACY,ARCHIVED,46.8,0.0,0.0,595,12,0,0.0,2.0168,3.9,NOT_AVAILABLE,raw/backfill_v1/performance/expense_20260603.csv
2026-06-04,23094942,EVETIS_CPC_LEGACY,ARCHIVED,NOT_AVAILABLE,NOT_AVAILABLE,NOT_AVAILABLE,0,0,1,730.0,NOT_APPLICABLE,NOT_APPLICABLE,NOT_AVAILABLE,performance/daily_*.csv
2026-06-04,23094954,EVETIS_CPC_LEGACY,ARCHIVED,NOT_AVAILABLE,NOT_AVAILABLE,NOT_AVAILABLE,0,0,1,933.0,NOT_APPLICABLE,NOT_APPLICABLE,NOT_AVAILABLE,performance/daily_*.csv
2026-06-04,27251978,EVETIS_CPC_LEGACY,ARCHIVED,44.47,0.0,0.0,377,11,1,730.0,2.9178,4.0427,NOT_AVAILABLE,raw/backfill_v1/performance/expense_20260604.csv
2026-06-04,27307535,EVETIS_CPC_LEGACY,ARCHIVED,6.99,0.0,0.0,464,3,0,0.0,0.6466,2.33,NOT_AVAILABLE,raw/backfill_v1/performance/expense_20260604.csv
2026-06-04,27307598,EVETIS_CPC_LEGACY,ARCHIVED,28.45,0.0,0.0,501,8,0,0.0,1.5968,3.5562,NOT_AVAILABLE,raw/backfill_v1/performance/expense_20260604.csv
2026-06-04,27443733,EVETIS_CPC_LEGACY,ARCHIVED,59.98,0.0,0.0,684,13,0,0.0,1.9006,4.6138,NOT_AVAILABLE,raw/backfill_v1/performance/expense_20260604.csv
2026-06-05,14503166,SEARCH_PROMO,RUNNING,NOT_AVAILABLE,NOT_AVAILABLE,NOT_AVAILABLE,7,0,0,0.0,0.0,NOT_APPLICABLE,NOT_AVAILABLE,performance/daily_*.csv
2026-06-05,27251978,EVETIS_CPC_LEGACY,ARCHIVED,51.69,0.0,0.0,431,13,0,0.0,3.0162,3.9762,NOT_AVAILABLE,raw/backfill_v1/performance/expense_20260605.csv
2026-06-05,27307535,EVETIS_CPC_LEGACY,ARCHIVED,25.8,0.0,0.0,547,6,0,0.0,1.0969,4.3,NOT_AVAILABLE,raw/backfill_v1/performance/expense_20260605.csv
2026-06-05,27307598,EVETIS_CPC_LEGACY,ARCHIVED,45.64,0.0,0.0,507,12,0,0.0,2.3669,3.8033,NOT_AVAILABLE,raw/backfill_v1/performance/expense_20260605.csv
2026-06-05,27443733,EVETIS_CPC_LEGACY,ARCHIVED,62.84,0.0,0.0,789,18,0,0.0,2.2814,3.4911,NOT_AVAILABLE,raw/backfill_v1/performance/expense_20260605.csv
2026-06-06,14503166,SEARCH_PROMO,RUNNING,NOT_AVAILABLE,NOT_AVAILABLE,NOT_AVAILABLE,20,0,0,0.0,0.0,NOT_APPLICABLE,NOT_AVAILABLE,performance/daily_*.csv
2026-06-06,27251978,EVETIS_CPC_LEGACY,ARCHIVED,73.69,0.0,0.0,476,19,0,0.0,3.9916,3.8784,NOT_AVAILABLE,raw/backfill_v1/performance/expense_20260606.csv
2026-06-06,27307535,EVETIS_CPC_LEGACY,ARCHIVED,75.99,0.0,0.0,635,14,1,530.0,2.2047,5.4279,NOT_AVAILABLE,raw/backfill_v1/performance/expense_20260606.csv
2026-06-06,27307598,EVETIS_CPC_LEGACY,ARCHIVED,101.01,0.0,0.0,547,22,0,0.0,4.0219,4.5914,NOT_AVAILABLE,raw/backfill_v1/performance/expense_20260606.csv
2026-06-06,27443733,EVETIS_CPC_LEGACY,ARCHIVED,123.27,0.0,0.0,954,22,0,0.0,2.3061,5.6032,NOT_AVAILABLE,raw/backfill_v1/performance/expense_20260606.csv
2026-06-07,14503166,SEARCH_PROMO,RUNNING,NOT_AVAILABLE,NOT_AVAILABLE,NOT_AVAILABLE,64,2,0,0.0,3.125,NOT_APPLICABLE,NOT_AVAILABLE,performance/daily_*.csv
2026-06-07,27251978,EVETIS_CPC_LEGACY,ARCHIVED,92.16,0.0,0.0,617,22,0,0.0,3.5656,4.1891,NOT_AVAILABLE,raw/backfill_v1/performance/expense_20260607.csv
2026-06-07,27307535,EVETIS_CPC_LEGACY,ARCHIVED,126.84,0.0,0.0,963,21,0,0.0,2.1807,6.04,NOT_AVAILABLE,raw/backfill_v1/performance/expense_20260607.csv
2026-06-07,27307598,EVETIS_CPC_LEGACY,ARCHIVED,61.54,0.0,0.0,399,14,0,0.0,3.5088,4.3957,NOT_AVAILABLE,raw/backfill_v1/performance/expense_20260607.csv
2026-06-07,27443733,EVETIS_CPC_LEGACY,ARCHIVED,168.17,0.0,0.0,1206,27,0,0.0,2.2388,6.2285,NOT_AVAILABLE,raw/backfill_v1/performance/expense_20260607.csv
2026-06-08,14503166,SEARCH_PROMO,RUNNING,168.0,0.0,0.0,60,0,1,1680.0,0.0,NOT_APPLICABLE,NOT_AVAILABLE,raw/backfill_v1/performance/expense_20260608.csv
2026-06-08,27251978,EVETIS_CPC_LEGACY,ARCHIVED,84.95,0.0,0.0,566,18,0,0.0,3.1802,4.7194,NOT_AVAILABLE,raw/backfill_v1/performance/expense_20260608.csv
2026-06-08,27307535,EVETIS_CPC_LEGACY,ARCHIVED,61.93,0.0,0.0,884,13,0,0.0,1.4706,4.7638,NOT_AVAILABLE,raw/backfill_v1/performance/expense_20260608.csv
2026-06-08,27307598,EVETIS_CPC_LEGACY,ARCHIVED,28.47,0.0,0.0,186,7,0,0.0,3.7634,4.0671,NOT_AVAILABLE,raw/backfill_v1/performance/expense_20260608.csv
2026-06-08,27443733,EVETIS_CPC_LEGACY,ARCHIVED,131.2,0.0,0.0,1247,28,1,1680.0,2.2454,4.6857,NOT_AVAILABLE,raw/backfill_v1/performance/expense_20260608.csv
2026-06-09,14503166,SEARCH_PROMO,RUNNING,163.0,0.0,0.0,91,0,1,1630.0,0.0,NOT_APPLICABLE,NOT_AVAILABLE,raw/backfill_v1/performance/expense_20260609.csv
2026-06-09,27251978,EVETIS_CPC_LEGACY,ARCHIVED,111.13,0.0,0.0,569,23,2,2467.0,4.0422,4.8317,NOT_AVAILABLE,raw/backfill_v1/performance/expense_20260609.csv
2026-06-09,27307535,EVETIS_CPC_LEGACY,ARCHIVED,58.95,0.0,0.0,581,7,0,0.0,1.2048,8.4214,NOT_AVAILABLE,raw/backfill_v1/performance/expense_20260609.csv
2026-06-09,27307598,EVETIS_CPC_LEGACY,ARCHIVED,19.84,0.0,0.0,170,6,0,0.0,3.5294,3.3067,NOT_AVAILABLE,raw/backfill_v1/performance/expense_20260609.csv
2026-06-09,27443733,EVETIS_CPC_LEGACY,ARCHIVED,159.4,0.0,0.0,1645,30,0,0.0,1.8237,5.3133,NOT_AVAILABLE,raw/backfill_v1/performance/expense_20260609.csv
2026-06-10,14503166,SEARCH_PROMO,RUNNING,NOT_AVAILABLE,NOT_AVAILABLE,NOT_AVAILABLE,157,5,0,0.0,3.1847,NOT_APPLICABLE,NOT_AVAILABLE,performance/daily_*.csv
2026-06-10,27251978,EVETIS_CPC_LEGACY,ARCHIVED,49.79,0.0,0.0,528,13,0,0.0,2.4621,3.83,NOT_AVAILABLE,raw/backfill_v1/performance/expense_20260610.csv
2026-06-10,27307535,EVETIS_CPC_LEGACY,ARCHIVED,102.7,0.0,0.0,693,12,0,0.0,1.7316,8.5583,NOT_AVAILABLE,raw/backfill_v1/performance/expense_20260610.csv
2026-06-10,27307598,EVETIS_CPC_LEGACY,ARCHIVED,32.29,0.0,0.0,136,10,0,0.0,7.3529,3.229,NOT_AVAILABLE,raw/backfill_v1/performance/expense_20260610.csv
2026-06-10,27443733,EVETIS_CPC_LEGACY,ARCHIVED,264.54,0.0,0.0,1576,47,0,0.0,2.9822,5.6285,NOT_AVAILABLE,raw/backfill_v1/performance/expense_20260610.csv
2026-06-11,14503166,SEARCH_PROMO,RUNNING,NOT_AVAILABLE,NOT_AVAILABLE,NOT_AVAILABLE,169,5,0,0.0,2.9586,NOT_APPLICABLE,NOT_AVAILABLE,performance/daily_*.csv
2026-06-11,27251978,EVETIS_CPC_LEGACY,ARCHIVED,81.83,0.0,0.0,526,21,0,0.0,3.9924,3.8967,NOT_AVAILABLE,raw/backfill_v1/performance/expense_20260611.csv
2026-06-11,27307535,EVETIS_CPC_LEGACY,ARCHIVED,91.9,0.0,0.0,919,11,0,0.0,1.197,8.3545,NOT_AVAILABLE,raw/backfill_v1/performance/expense_20260611.csv
2026-06-11,27307598,EVETIS_CPC_LEGACY,ARCHIVED,29.68,0.0,0.0,141,9,0,0.0,6.383,3.2978,NOT_AVAILABLE,raw/backfill_v1/performance/expense_20260611.csv
2026-06-11,27443733,EVETIS_CPC_LEGACY,ARCHIVED,207.12,0.0,0.0,1472,39,0,0.0,2.6495,5.3108,NOT_AVAILABLE,raw/backfill_v1/performance/expense_20260611.csv
2026-06-12,14503166,SEARCH_PROMO,RUNNING,360.0,0.0,0.0,186,2,2,3600.0,1.0753,180.0,NOT_AVAILABLE,raw/backfill_v1/performance/expense_20260612.csv
2026-06-12,27251978,EVETIS_CPC_LEGACY,ARCHIVED,56.39,0.0,0.0,460,14,0,0.0,3.0435,4.0279,NOT_AVAILABLE,raw/backfill_v1/performance/expense_20260612.csv
2026-06-12,27307535,EVETIS_CPC_LEGACY,ARCHIVED,82.02,0.0,0.0,810,11,0,0.0,1.358,7.4564,NOT_AVAILABLE,raw/backfill_v1/performance/expense_20260612.csv
2026-06-12,27307598,EVETIS_CPC_LEGACY,ARCHIVED,10.18,0.0,0.0,126,3,0,0.0,2.381,3.3933,NOT_AVAILABLE,raw/backfill_v1/performance/expense_20260612.csv
2026-06-12,27443733,EVETIS_CPC_LEGACY,ARCHIVED,331.8,0.0,0.0,1378,60,0,0.0,4.3541,5.53,NOT_AVAILABLE,raw/backfill_v1/performance/expense_20260612.csv
2026-06-13,14503166,SEARCH_PROMO,RUNNING,NOT_AVAILABLE,NOT_AVAILABLE,NOT_AVAILABLE,148,2,0,0.0,1.3514,NOT_APPLICABLE,NOT_AVAILABLE,performance/daily_*.csv
2026-06-13,27251978,EVETIS_CPC_LEGACY,ARCHIVED,106.17,0.0,0.0,626,22,0,0.0,3.5144,4.8259,NOT_AVAILABLE,raw/backfill_v1/performance/expense_20260613.csv
2026-06-13,27307535,EVETIS_CPC_LEGACY,ARCHIVED,130.49,0.0,0.0,798,14,0,0.0,1.7544,9.3207,NOT_AVAILABLE,raw/backfill_v1/performance/expense_20260613.csv
2026-06-13,27307598,EVETIS_CPC_LEGACY,ARCHIVED,3.89,0.0,0.0,192,1,0,0.0,0.5208,3.89,NOT_AVAILABLE,raw/backfill_v1/performance/expense_20260613.csv
2026-06-13,27443733,EVETIS_CPC_LEGACY,ARCHIVED,288.02,0.0,0.0,1602,48,0,0.0,2.9963,6.0004,NOT_AVAILABLE,raw/backfill_v1/performance/expense_20260613.csv
2026-06-14,14503166,SEARCH_PROMO,RUNNING,NOT_AVAILABLE,NOT_AVAILABLE,NOT_AVAILABLE,115,0,0,0.0,0.0,NOT_APPLICABLE,NOT_AVAILABLE,performance/daily_*.csv
2026-06-14,27251978,EVETIS_CPC_LEGACY,ARCHIVED,79.83,0.0,0.0,539,21,1,1000.0,3.8961,3.8014,NOT_AVAILABLE,raw/backfill_v1/performance/expense_20260614.csv
2026-06-14,27307535,EVETIS_CPC_LEGACY,ARCHIVED,119.88,0.0,0.0,802,14,0,0.0,1.7456,8.5629,NOT_AVAILABLE,raw/backfill_v1/performance/expense_20260614.csv
2026-06-14,27307598,EVETIS_CPC_LEGACY,ARCHIVED,26.05,0.0,0.0,197,7,0,0.0,3.5533,3.7214,NOT_AVAILABLE,raw/backfill_v1/performance/expense_20260614.csv
2026-06-14,27443733,EVETIS_CPC_LEGACY,ARCHIVED,158.27,0.0,0.0,1165,27,1,3221.0,2.3176,5.8619,NOT_AVAILABLE,raw/backfill_v1/performance/expense_20260614.csv
2026-06-15,14503166,SEARCH_PROMO,RUNNING,NOT_AVAILABLE,NOT_AVAILABLE,NOT_AVAILABLE,126,2,0,0.0,1.5873,NOT_APPLICABLE,NOT_AVAILABLE,performance/daily_*.csv
2026-06-15,27251978,EVETIS_CPC_LEGACY,ARCHIVED,53.92,0.0,0.0,465,13,0,0.0,2.7957,4.1477,NOT_AVAILABLE,raw/backfill_v1/performance/expense_20260615.csv
2026-06-15,27307535,EVETIS_CPC_LEGACY,ARCHIVED,104.25,0.0,0.0,633,12,0,0.0,1.8957,8.6875,NOT_AVAILABLE,raw/backfill_v1/performance/expense_20260615.csv
2026-06-15,27307598,EVETIS_CPC_LEGACY,ARCHIVED,NOT_AVAILABLE,NOT_AVAILABLE,NOT_AVAILABLE,125,0,0,0.0,0.0,NOT_APPLICABLE,NOT_AVAILABLE,performance/daily_*.csv
2026-06-15,27443733,EVETIS_CPC_LEGACY,ARCHIVED,137.19,0.0,0.0,848,25,0,0.0,2.9481,5.4876,NOT_AVAILABLE,raw/backfill_v1/performance/expense_20260615.csv
2026-06-16,14503166,SEARCH_PROMO,RUNNING,105.0,0.0,0.0,89,2,1,1050.0,2.2472,52.5,NOT_AVAILABLE,raw/backfill_v1/performance/expense_20260616.csv
2026-06-16,27251978,EVETIS_CPC_LEGACY,ARCHIVED,40.89,0.0,0.0,514,10,0,0.0,1.9455,4.089,NOT_AVAILABLE,raw/backfill_v1/performance/expense_20260616.csv
2026-06-16,27307535,EVETIS_CPC_LEGACY,ARCHIVED,78.71,0.0,0.0,556,10,0,0.0,1.7986,7.871,NOT_AVAILABLE,raw/backfill_v1/performance/expense_20260616.csv
2026-06-16,27307598,EVETIS_CPC_LEGACY,ARCHIVED,3.18,0.0,0.0,140,1,0,0.0,0.7143,3.18,NOT_AVAILABLE,raw/backfill_v1/performance/expense_20260616.csv
2026-06-16,27443733,EVETIS_CPC_LEGACY,ARCHIVED,108.79,0.0,0.0,1212,20,2,3480.0,1.6502,5.4395,NOT_AVAILABLE,raw/backfill_v1/performance/expense_20260616.csv
2026-06-17,14503166,SEARCH_PROMO,RUNNING,NOT_AVAILABLE,NOT_AVAILABLE,NOT_AVAILABLE,85,4,0,0.0,4.7059,NOT_APPLICABLE,NOT_AVAILABLE,performance/daily_*.csv
2026-06-17,27251978,EVETIS_CPC_LEGACY,ARCHIVED,41.05,0.0,0.0,406,9,0,0.0,2.2167,4.5611,NOT_AVAILABLE,raw/backfill_v1/performance/expense_20260617.csv
2026-06-17,27307535,EVETIS_CPC_LEGACY,ARCHIVED,97.75,0.0,0.0,475,11,1,530.0,2.3158,8.8864,NOT_AVAILABLE,raw/backfill_v1/performance/expense_20260617.csv
2026-06-17,27307598,EVETIS_CPC_LEGACY,ARCHIVED,28.02,0.0,0.0,205,6,0,0.0,2.9268,4.67,NOT_AVAILABLE,raw/backfill_v1/performance/expense_20260617.csv
2026-06-17,27443733,EVETIS_CPC_LEGACY,ARCHIVED,161.71,0.0,0.0,1229,27,0,0.0,2.1969,5.9893,NOT_AVAILABLE,raw/backfill_v1/performance/expense_20260617.csv
2026-06-18,14503166,SEARCH_PROMO,RUNNING,NOT_AVAILABLE,NOT_AVAILABLE,NOT_AVAILABLE,34,1,0,0.0,2.9412,NOT_APPLICABLE,NOT_AVAILABLE,performance/daily_*.csv
2026-06-18,27251978,EVETIS_CPC_LEGACY,ARCHIVED,25.52,0.0,0.0,311,6,0,0.0,1.9293,4.2533,NOT_AVAILABLE,raw/backfill_v1/performance/expense_20260618.csv
2026-06-18,27307535,EVETIS_CPC_LEGACY,ARCHIVED,50.22,0.0,0.0,431,6,0,0.0,1.3921,8.37,NOT_AVAILABLE,raw/backfill_v1/performance/expense_20260618.csv
2026-06-18,27307598,EVETIS_CPC_LEGACY,ARCHIVED,40.64,0.0,0.0,252,9,0,0.0,3.5714,4.5156,NOT_AVAILABLE,raw/backfill_v1/performance/expense_20260618.csv
2026-06-18,27443733,EVETIS_CPC_LEGACY,ARCHIVED,174.14,0.0,0.0,1226,26,0,0.0,2.1207,6.6977,NOT_AVAILABLE,raw/backfill_v1/performance/expense_20260618.csv
2026-06-19,27251978,EVETIS_CPC_LEGACY,ARCHIVED,55.49,0.0,0.0,335,10,0,0.0,2.9851,5.549,NOT_AVAILABLE,raw/backfill_v1/performance/expense_20260619.csv
2026-06-19,27307535,EVETIS_CPC_LEGACY,ARCHIVED,37.88,0.0,0.0,350,4,0,0.0,1.1429,9.47,NOT_AVAILABLE,raw/backfill_v1/performance/expense_20260619.csv
2026-06-19,27307598,EVETIS_CPC_LEGACY,ARCHIVED,32.06,0.0,0.0,201,4,0,0.0,1.99,8.015,NOT_AVAILABLE,raw/backfill_v1/performance/expense_20260619.csv
2026-06-19,27443733,EVETIS_CPC_LEGACY,ARCHIVED,123.54,0.0,0.0,960,20,0,0.0,2.0833,6.177,NOT_AVAILABLE,raw/backfill_v1/performance/expense_20260619.csv
2026-06-20,27251978,EVETIS_CPC_LEGACY,ARCHIVED,77.13,0.0,0.0,309,18,1,1000.0,5.8252,4.285,NOT_AVAILABLE,raw/backfill_v1/performance/expense_20260620.csv
2026-06-20,27307535,EVETIS_CPC_LEGACY,ARCHIVED,29.22,0.0,0.0,331,4,1,1200.0,1.2085,7.305,NOT_AVAILABLE,raw/backfill_v1/performance/expense_20260620.csv
2026-06-20,27307598,EVETIS_CPC_LEGACY,ARCHIVED,16.58,0.0,0.0,203,4,0,0.0,1.9704,4.145,NOT_AVAILABLE,raw/backfill_v1/performance/expense_20260620.csv
2026-06-20,27443733,EVETIS_CPC_LEGACY,ARCHIVED,127.92,0.0,0.0,926,20,0,0.0,2.1598,6.396,NOT_AVAILABLE,raw/backfill_v1/performance/expense_20260620.csv
2026-06-21,27251978,EVETIS_CPC_LEGACY,ARCHIVED,40.89,0.0,0.0,362,9,0,0.0,2.4862,4.5433,NOT_AVAILABLE,raw/backfill_v1/performance/expense_20260621.csv
2026-06-21,27307535,EVETIS_CPC_LEGACY,ARCHIVED,55.33,0.0,0.0,314,8,0,0.0,2.5478,6.9162,NOT_AVAILABLE,raw/backfill_v1/performance/expense_20260621.csv
2026-06-21,27307598,EVETIS_CPC_LEGACY,ARCHIVED,35.72,0.0,0.0,241,7,0,0.0,2.9046,5.1029,NOT_AVAILABLE,raw/backfill_v1/performance/expense_20260621.csv
2026-06-21,27443733,EVETIS_CPC_LEGACY,ARCHIVED,168.06,0.0,0.0,1037,24,0,0.0,2.3144,7.0025,NOT_AVAILABLE,raw/backfill_v1/performance/expense_20260621.csv
2026-06-22,27251978,EVETIS_CPC_LEGACY,ARCHIVED,47.58,0.0,0.0,445,14,0,0.0,3.1461,3.3986,NOT_AVAILABLE,raw/backfill_v1/performance/expense_20260622.csv
2026-06-22,27307535,EVETIS_CPC_LEGACY,ARCHIVED,120.75,0.0,0.0,438,15,0,0.0,3.4247,8.05,NOT_AVAILABLE,raw/backfill_v1/performance/expense_20260622.csv
2026-06-22,27307598,EVETIS_CPC_LEGACY,ARCHIVED,40.19,0.0,0.0,236,11,0,0.0,4.661,3.6536,NOT_AVAILABLE,raw/backfill_v1/performance/expense_20260622.csv
2026-06-22,27443733,EVETIS_CPC_LEGACY,ARCHIVED,210.81,0.0,0.0,934,28,0,0.0,2.9979,7.5289,NOT_AVAILABLE,raw/backfill_v1/performance/expense_20260622.csv
2026-06-23,27251978,EVETIS_CPC_LEGACY,ARCHIVED,32.94,0.0,0.0,384,7,0,0.0,1.8229,4.7057,NOT_AVAILABLE,raw/backfill_v1/performance/expense_20260623.csv
2026-06-23,27307535,EVETIS_CPC_LEGACY,ARCHIVED,43.12,0.0,0.0,380,6,0,0.0,1.5789,7.1867,NOT_AVAILABLE,raw/backfill_v1/performance/expense_20260623.csv
2026-06-23,27307598,EVETIS_CPC_LEGACY,ARCHIVED,61.49,0.0,0.0,321,15,0,0.0,4.6729,4.0993,NOT_AVAILABLE,raw/backfill_v1/performance/expense_20260623.csv
2026-06-23,27443733,EVETIS_CPC_LEGACY,ARCHIVED,110.13,0.0,0.0,965,17,0,0.0,1.7617,6.4782,NOT_AVAILABLE,raw/backfill_v1/performance/expense_20260623.csv
2026-06-24,14503166,SEARCH_PROMO,RUNNING,243.0,0.0,0.0,0,0,1,2430.0,NOT_APPLICABLE,NOT_APPLICABLE,NOT_AVAILABLE,raw/backfill_v1/performance/expense_20260624.csv
2026-06-24,27251978,EVETIS_CPC_LEGACY,ARCHIVED,109.79,0.0,0.0,872,30,0,0.0,3.4404,3.6597,NOT_AVAILABLE,raw/backfill_v1/performance/expense_20260624.csv
2026-06-24,27307535,EVETIS_CPC_LEGACY,ARCHIVED,110.94,0.0,0.0,448,13,0,0.0,2.9018,8.5338,NOT_AVAILABLE,raw/backfill_v1/performance/expense_20260624.csv
2026-06-24,27307598,EVETIS_CPC_LEGACY,ARCHIVED,57.14,0.0,0.0,493,12,0,0.0,2.4341,4.7617,NOT_AVAILABLE,raw/backfill_v1/performance/expense_20260624.csv
2026-06-24,27443733,EVETIS_CPC_LEGACY,ARCHIVED,317.87,0.0,0.0,1649,45,1,2430.0,2.7289,7.0638,NOT_AVAILABLE,raw/backfill_v1/performance/expense_20260624.csv
2026-06-25,27251978,EVETIS_CPC_LEGACY,ARCHIVED,131.49,0.0,0.0,881,38,0,0.0,4.3133,3.4603,NOT_AVAILABLE,raw/backfill_v1/performance/expense_20260625.csv
2026-06-25,27307535,EVETIS_CPC_LEGACY,ARCHIVED,61.09,0.0,0.0,460,8,0,0.0,1.7391,7.6363,NOT_AVAILABLE,raw/backfill_v1/performance/expense_20260625.csv
2026-06-25,27307598,EVETIS_CPC_LEGACY,ARCHIVED,74.59,0.0,0.0,303,13,0,0.0,4.2904,5.7377,NOT_AVAILABLE,raw/backfill_v1/performance/expense_20260625.csv
2026-06-25,27443733,EVETIS_CPC_LEGACY,ARCHIVED,244.83,0.0,0.0,1354,37,0,0.0,2.7326,6.617,NOT_AVAILABLE,raw/backfill_v1/performance/expense_20260625.csv
2026-06-26,27251978,EVETIS_CPC_LEGACY,ARCHIVED,57.67,0.0,0.0,584,16,2,2487.0,2.7397,3.6044,NOT_AVAILABLE,raw/backfill_v1/performance/expense_20260626.csv
2026-06-26,27307535,EVETIS_CPC_LEGACY,ARCHIVED,NOT_AVAILABLE,NOT_AVAILABLE,NOT_AVAILABLE,376,0,0,0.0,0.0,NOT_APPLICABLE,NOT_AVAILABLE,performance/daily_*.csv
2026-06-26,27307598,EVETIS_CPC_LEGACY,ARCHIVED,57.28,0.0,0.0,251,12,0,0.0,4.7809,4.7733,NOT_AVAILABLE,raw/backfill_v1/performance/expense_20260626.csv
2026-06-26,27443733,EVETIS_CPC_LEGACY,ARCHIVED,122.66,0.0,0.0,1031,23,0,0.0,2.2308,5.333,NOT_AVAILABLE,raw/backfill_v1/performance/expense_20260626.csv
2026-06-27,27251978,EVETIS_CPC_LEGACY,ARCHIVED,69.01,0.0,0.0,457,18,0,0.0,3.9387,3.8339,NOT_AVAILABLE,raw/backfill_v1/performance/expense_20260627.csv
2026-06-27,27307535,EVETIS_CPC_LEGACY,ARCHIVED,50.5,0.0,0.0,371,6,0,0.0,1.6173,8.4167,NOT_AVAILABLE,raw/backfill_v1/performance/expense_20260627.csv
2026-06-27,27307598,EVETIS_CPC_LEGACY,ARCHIVED,65.3,0.0,0.0,266,13,0,0.0,4.8872,5.0231,NOT_AVAILABLE,raw/backfill_v1/performance/expense_20260627.csv
2026-06-27,27443733,EVETIS_CPC_LEGACY,ARCHIVED,290.86,0.0,0.0,1230,39,0,0.0,3.1707,7.4579,NOT_AVAILABLE,raw/backfill_v1/performance/expense_20260627.csv
2026-06-28,27251978,EVETIS_CPC_LEGACY,ARCHIVED,60.59,0.0,0.0,560,18,0,0.0,3.2143,3.3661,NOT_AVAILABLE,raw/backfill_v1/performance/expense_20260628.csv
2026-06-28,27307535,EVETIS_CPC_LEGACY,ARCHIVED,69.92,0.0,0.0,538,10,0,0.0,1.8587,6.992,NOT_AVAILABLE,raw/backfill_v1/performance/expense_20260628.csv
2026-06-28,27307598,EVETIS_CPC_LEGACY,ARCHIVED,64.19,0.0,0.0,472,14,0,0.0,2.9661,4.585,NOT_AVAILABLE,raw/backfill_v1/performance/expense_20260628.csv
2026-06-28,27443733,EVETIS_CPC_LEGACY,ARCHIVED,246.56,0.0,0.0,2076,41,0,0.0,1.975,6.0137,NOT_AVAILABLE,raw/backfill_v1/performance/expense_20260628.csv
2026-06-29,27251978,EVETIS_CPC_LEGACY,ARCHIVED,90.9,0.0,0.0,654,22,1,823.0,3.3639,4.1318,NOT_AVAILABLE,raw/backfill_v1/performance/expense_20260629.csv
2026-06-29,27307535,EVETIS_CPC_LEGACY,ARCHIVED,51.4,0.0,0.0,551,7,0,0.0,1.2704,7.3429,NOT_AVAILABLE,raw/backfill_v1/performance/expense_20260629.csv
2026-06-29,27307598,EVETIS_CPC_LEGACY,ARCHIVED,74.04,0.0,0.0,442,15,1,872.0,3.3937,4.936,NOT_AVAILABLE,raw/backfill_v1/performance/expense_20260629.csv
2026-06-29,27443733,EVETIS_CPC_LEGACY,ARCHIVED,286.6,0.0,0.0,1761,37,0,0.0,2.1011,7.7459,NOT_AVAILABLE,raw/backfill_v1/performance/expense_20260629.csv
2026-06-30,27251978,EVETIS_CPC_LEGACY,ARCHIVED,67.38,0.0,0.0,536,18,1,832.0,3.3582,3.7433,NOT_AVAILABLE,raw/backfill_v1/performance/expense_20260630.csv
2026-06-30,27307535,EVETIS_CPC_LEGACY,ARCHIVED,110.87,0.0,0.0,524,12,0,0.0,2.2901,9.2392,NOT_AVAILABLE,raw/backfill_v1/performance/expense_20260630.csv
2026-06-30,27307598,EVETIS_CPC_LEGACY,ARCHIVED,155.43,0.0,0.0,730,32,0,0.0,4.3836,4.8572,NOT_AVAILABLE,raw/backfill_v1/performance/expense_20260630.csv
2026-06-30,27443733,EVETIS_CPC_LEGACY,ARCHIVED,364.33,0.0,0.0,1810,56,0,0.0,3.0939,6.5059,NOT_AVAILABLE,raw/backfill_v1/performance/expense_20260630.csv
2026-07-01,27251978,EVETIS_CPC_LEGACY,ARCHIVED,64.26,0.0,0.0,547,15,0,0.0,2.7422,4.284,NOT_AVAILABLE,raw/backfill_v1/performance/expense_20260701.csv
2026-07-01,27307535,EVETIS_CPC_LEGACY,ARCHIVED,102.63,0.0,0.0,642,14,0,0.0,2.1807,7.3307,NOT_AVAILABLE,raw/backfill_v1/performance/expense_20260701.csv
2026-07-01,27307598,EVETIS_CPC_LEGACY,ARCHIVED,140.4,0.0,0.0,618,30,0,0.0,4.8544,4.68,NOT_AVAILABLE,raw/backfill_v1/performance/expense_20260701.csv
2026-07-01,27443733,EVETIS_CPC_LEGACY,ARCHIVED,312.73,0.0,0.0,1798,56,0,0.0,3.1146,5.5845,NOT_AVAILABLE,raw/backfill_v1/performance/expense_20260701.csv
2026-07-02,27251978,EVETIS_CPC_LEGACY,ARCHIVED,39.66,0.0,0.0,633,10,1,967.0,1.5798,3.966,NOT_AVAILABLE,raw/backfill_v1/performance/expense_20260702.csv
2026-07-02,27307535,EVETIS_CPC_LEGACY,ARCHIVED,116.53,0.0,0.0,664,11,0,0.0,1.6566,10.5936,NOT_AVAILABLE,raw/backfill_v1/performance/expense_20260702.csv
2026-07-02,27307598,EVETIS_CPC_LEGACY,ARCHIVED,551.75,0.0,0.0,1574,84,0,0.0,5.3367,6.5685,NOT_AVAILABLE,raw/backfill_v1/performance/expense_20260702.csv
2026-07-02,27443733,EVETIS_CPC_LEGACY,ARCHIVED,453.58,0.0,0.0,2236,70,1,1261.0,3.1306,6.4797,NOT_AVAILABLE,raw/backfill_v1/performance/expense_20260702.csv
2026-07-03,27251978,EVETIS_CPC_LEGACY,ARCHIVED,119.13,0.0,0.0,1223,27,0,0.0,2.2077,4.4122,NOT_AVAILABLE,raw/backfill_v1/performance/expense_20260703.csv
2026-07-03,27307535,EVETIS_CPC_LEGACY,ARCHIVED,132.03,0.0,0.0,941,14,0,0.0,1.4878,9.4307,NOT_AVAILABLE,raw/backfill_v1/performance/expense_20260703.csv
2026-07-03,27307598,EVETIS_CPC_LEGACY,ARCHIVED,609.04,0.0,0.0,2247,112,1,975.0,4.9844,5.4379,NOT_AVAILABLE,raw/backfill_v1/performance/expense_20260703.csv
2026-07-03,27443733,EVETIS_CPC_LEGACY,ARCHIVED,440.21,0.0,0.0,1987,75,0,0.0,3.7745,5.8695,NOT_AVAILABLE,raw/backfill_v1/performance/expense_20260703.csv
2026-07-04,27251978,EVETIS_CPC_LEGACY,ARCHIVED,169.75,0.0,0.0,1702,37,0,0.0,2.1739,4.5878,NOT_AVAILABLE,raw/backfill_v1/performance/expense_20260704.csv
2026-07-04,27307535,EVETIS_CPC_LEGACY,ARCHIVED,178.84,0.0,0.0,1409,20,1,1230.0,1.4194,8.942,NOT_AVAILABLE,raw/backfill_v1/performance/expense_20260704.csv
2026-07-04,27307598,EVETIS_CPC_LEGACY,ARCHIVED,657.54,0.0,0.0,2637,139,0,0.0,5.2711,4.7305,NOT_AVAILABLE,raw/backfill_v1/performance/expense_20260704.csv
2026-07-04,27443733,EVETIS_CPC_LEGACY,ARCHIVED,556.42,0.0,0.0,2497,101,1,1823.0,4.0449,5.5091,NOT_AVAILABLE,raw/backfill_v1/performance/expense_20260704.csv
2026-07-05,27251978,EVETIS_CPC_LEGACY,ARCHIVED,499.78,0.0,0.0,3804,100,0,0.0,2.6288,4.9978,NOT_AVAILABLE,raw/backfill_v1/performance/expense_20260705.csv
2026-07-05,27307535,EVETIS_CPC_LEGACY,ARCHIVED,378.8,0.0,0.0,3091,43,1,1230.0,1.3911,8.8093,NOT_AVAILABLE,raw/backfill_v1/performance/expense_20260705.csv
2026-07-05,27307598,EVETIS_CPC_LEGACY,ARCHIVED,659.38,0.0,0.0,8097,133,1,1060.0,1.6426,4.9577,NOT_AVAILABLE,raw/backfill_v1/performance/expense_20260705.csv
2026-07-05,27443733,EVETIS_CPC_LEGACY,ARCHIVED,1755.53,0.0,0.0,7597,290,0,0.0,3.8173,6.0536,NOT_AVAILABLE,raw/backfill_v1/performance/expense_20260705.csv
2026-07-06,27251978,EVETIS_CPC_LEGACY,ARCHIVED,232.55,0.0,0.0,1863,44,0,0.0,2.3618,5.2852,NOT_AVAILABLE,raw/backfill_v1/performance/expense_20260706.csv
2026-07-06,27307535,EVETIS_CPC_LEGACY,ARCHIVED,245.41,0.0,0.0,1665,29,0,0.0,1.7417,8.4624,NOT_AVAILABLE,raw/backfill_v1/performance/expense_20260706.csv
2026-07-06,27307598,EVETIS_CPC_LEGACY,ARCHIVED,494.32,0.0,0.0,7255,107,0,0.0,1.4748,4.6198,NOT_AVAILABLE,raw/backfill_v1/performance/expense_20260706.csv
2026-07-06,27443733,EVETIS_CPC_LEGACY,ARCHIVED,1331.39,0.0,0.0,5953,218,3,7444.0,3.662,6.1073,NOT_AVAILABLE,raw/backfill_v1/performance/expense_20260706.csv
2026-07-07,27443733,EVETIS_CPC_LEGACY,ARCHIVED,NOT_AVAILABLE,NOT_AVAILABLE,NOT_AVAILABLE,0,0,1,2831.0,NOT_APPLICABLE,NOT_APPLICABLE,NOT_AVAILABLE,performance/daily_*.csv
2026-07-08,27307598,EVETIS_CPC_LEGACY,ARCHIVED,NOT_AVAILABLE,NOT_AVAILABLE,NOT_AVAILABLE,0,0,1,896.0,NOT_APPLICABLE,NOT_APPLICABLE,NOT_AVAILABLE,performance/daily_*.csv
2026-07-09,27307535,EVETIS_CPC_LEGACY,ARCHIVED,NOT_AVAILABLE,NOT_AVAILABLE,NOT_AVAILABLE,0,0,1,1416.0,NOT_APPLICABLE,NOT_APPLICABLE,NOT_AVAILABLE,performance/daily_*.csv
2026-07-09,27307598,EVETIS_CPC_LEGACY,ARCHIVED,NOT_AVAILABLE,NOT_AVAILABLE,NOT_AVAILABLE,0,0,1,853.0,NOT_APPLICABLE,NOT_APPLICABLE,NOT_AVAILABLE,performance/daily_*.csv
2026-07-10,27307535,EVETIS_CPC_LEGACY,ARCHIVED,NOT_AVAILABLE,NOT_AVAILABLE,NOT_AVAILABLE,0,0,1,1176.0,NOT_APPLICABLE,NOT_APPLICABLE,NOT_AVAILABLE,performance/daily_*.csv
2026-07-10,27443733,EVETIS_CPC_LEGACY,ARCHIVED,NOT_AVAILABLE,NOT_AVAILABLE,NOT_AVAILABLE,0,0,1,2162.0,NOT_APPLICABLE,NOT_APPLICABLE,NOT_AVAILABLE,performance/daily_*.csv
2026-07-11,32157891,EVETIS_CPC_CORE,RUNNING,NOT_AVAILABLE,NOT_AVAILABLE,NOT_AVAILABLE,22,0,0,0.0,0.0,NOT_APPLICABLE,NOT_AVAILABLE,performance/daily_*.csv
2026-07-11,32157919,EVETIS_CPC_CORE,RUNNING,NOT_AVAILABLE,NOT_AVAILABLE,NOT_AVAILABLE,17,0,0,0.0,0.0,NOT_APPLICABLE,NOT_AVAILABLE,performance/daily_*.csv
2026-07-11,32157947,EVETIS_CPC_CORE,RUNNING,NOT_AVAILABLE,NOT_AVAILABLE,NOT_AVAILABLE,4,0,0,0.0,0.0,NOT_APPLICABLE,NOT_AVAILABLE,performance/daily_*.csv
2026-07-11,32157965,EVETIS_CPC_CORE,RUNNING,17.86,0.0,0.0,252,6,0,0.0,2.381,2.9767,NOT_AVAILABLE,raw/backfill_v1/performance/expense_20260711.csv
2026-07-11,32157988,EVETIS_CPC_CORE,RUNNING,6.96,0.0,0.0,26,2,0,0.0,7.6923,3.48,NOT_AVAILABLE,raw/backfill_v1/performance/expense_20260711.csv
2026-07-11,32158008,EVETIS_CPC_CORE,RUNNING,8.1,0.0,0.0,35,2,0,0.0,5.7143,4.05,NOT_AVAILABLE,raw/backfill_v1/performance/expense_20260711.csv
2026-07-11,32158051,EVETIS_CPC_CORE,RUNNING,19.71,0.0,0.0,82,5,0,0.0,6.0976,3.942,NOT_AVAILABLE,raw/backfill_v1/performance/expense_20260711.csv
2026-07-11,32158176,EVETIS_CPC_CORE,RUNNING,2.88,0.0,0.0,29,1,0,0.0,3.4483,2.88,NOT_AVAILABLE,raw/backfill_v1/performance/expense_20260711.csv
2026-07-11,32158299,EVETIS_CPC_CORE,INACTIVE,NOT_AVAILABLE,NOT_AVAILABLE,NOT_AVAILABLE,9,0,0,0.0,0.0,NOT_APPLICABLE,NOT_AVAILABLE,performance/daily_*.csv
2026-07-12,32157891,EVETIS_CPC_CORE,RUNNING,4.54,0.0,0.0,102,1,0,0.0,0.9804,4.54,NOT_AVAILABLE,raw/backfill_v1/performance/expense_20260712.csv
2026-07-12,32157919,EVETIS_CPC_CORE,RUNNING,NOT_AVAILABLE,NOT_AVAILABLE,NOT_AVAILABLE,124,0,0,0.0,0.0,NOT_APPLICABLE,NOT_AVAILABLE,performance/daily_*.csv
2026-07-12,32157947,EVETIS_CPC_CORE,RUNNING,3.82,0.0,0.0,27,2,0,0.0,7.4074,1.91,NOT_AVAILABLE,raw/backfill_v1/performance/expense_20260712.csv
2026-07-12,32157965,EVETIS_CPC_CORE,RUNNING,48.53,0.0,0.0,339,17,0,0.0,5.0147,2.8547,NOT_AVAILABLE,raw/backfill_v1/performance/expense_20260712.csv
2026-07-12,32157988,EVETIS_CPC_CORE,RUNNING,3.99,0.0,0.0,51,1,0,0.0,1.9608,3.99,NOT_AVAILABLE,raw/backfill_v1/performance/expense_20260712.csv
2026-07-12,32158008,EVETIS_CPC_CORE,RUNNING,17.64,0.0,0.0,76,4,0,0.0,5.2632,4.41,NOT_AVAILABLE,raw/backfill_v1/performance/expense_20260712.csv
2026-07-12,32158051,EVETIS_CPC_CORE,RUNNING,36.56,0.0,0.0,217,9,0,0.0,4.1475,4.0622,NOT_AVAILABLE,raw/backfill_v1/performance/expense_20260712.csv
2026-07-12,32158176,EVETIS_CPC_CORE,RUNNING,27.22,0.0,0.0,103,7,0,0.0,6.7961,3.8886,NOT_AVAILABLE,raw/backfill_v1/performance/expense_20260712.csv
2026-07-12,32158299,EVETIS_CPC_CORE,INACTIVE,NOT_AVAILABLE,NOT_AVAILABLE,NOT_AVAILABLE,23,0,0,0.0,0.0,NOT_APPLICABLE,NOT_AVAILABLE,performance/daily_*.csv
2026-07-13,27443733,EVETIS_CPC_LEGACY,ARCHIVED,NOT_AVAILABLE,NOT_AVAILABLE,NOT_AVAILABLE,0,0,1,1420.0,NOT_APPLICABLE,NOT_APPLICABLE,NOT_AVAILABLE,performance/daily_*.csv
2026-07-13,32157891,EVETIS_CPC_CORE,RUNNING,40.85,0.0,0.0,408,8,1,650.0,1.9608,5.1063,NOT_AVAILABLE,raw/backfill_v1/performance/expense_20260713.csv
2026-07-13,32157919,EVETIS_CPC_CORE,RUNNING,25.83,0.0,0.0,470,4,0,0.0,0.8511,6.4575,NOT_AVAILABLE,raw/backfill_v1/performance/expense_20260713.csv
2026-07-13,32157947,EVETIS_CPC_CORE,RUNNING,NOT_AVAILABLE,NOT_AVAILABLE,NOT_AVAILABLE,32,0,0,0.0,0.0,NOT_APPLICABLE,NOT_AVAILABLE,performance/daily_*.csv
2026-07-13,32157965,EVETIS_CPC_CORE,RUNNING,22.81,0.0,0.0,329,7,0,0.0,2.1277,3.2586,NOT_AVAILABLE,raw/backfill_v1/performance/expense_20260713.csv
2026-07-13,32157988,EVETIS_CPC_CORE,RUNNING,2.58,0.0,0.0,86,1,0,0.0,1.1628,2.58,NOT_AVAILABLE,raw/backfill_v1/performance/expense_20260713.csv
2026-07-13,32158008,EVETIS_CPC_CORE,RUNNING,11.42,0.0,0.0,111,2,0,0.0,1.8018,5.71,NOT_AVAILABLE,raw/backfill_v1/performance/expense_20260713.csv
2026-07-13,32158051,EVETIS_CPC_CORE,RUNNING,26.78,0.0,0.0,252,8,0,0.0,3.1746,3.3475,NOT_AVAILABLE,raw/backfill_v1/performance/expense_20260713.csv
2026-07-13,32158176,EVETIS_CPC_CORE,RUNNING,4.46,0.0,0.0,114,1,0,0.0,0.8772,4.46,NOT_AVAILABLE,raw/backfill_v1/performance/expense_20260713.csv
2026-07-13,32158299,EVETIS_CPC_CORE,INACTIVE,1.0,0.0,0.0,119,1,0,0.0,0.8403,1.0,NOT_AVAILABLE,raw/backfill_v1/performance/expense_20260713.csv
2026-07-14,27443733,EVETIS_CPC_LEGACY,ARCHIVED,NOT_AVAILABLE,NOT_AVAILABLE,NOT_AVAILABLE,0,0,1,1416.0,NOT_APPLICABLE,NOT_APPLICABLE,NOT_AVAILABLE,performance/daily_*.csv
2026-07-14,32157891,EVETIS_CPC_CORE,RUNNING,28.17,0.0,0.0,323,5,0,0.0,1.548,5.634,NOT_AVAILABLE,raw/backfill_v1/performance/expense_20260714.csv
2026-07-14,32157919,EVETIS_CPC_CORE,RUNNING,41.32,0.0,0.0,439,6,0,0.0,1.3667,6.8867,NOT_AVAILABLE,raw/backfill_v1/performance/expense_20260714.csv
2026-07-14,32157947,EVETIS_CPC_CORE,RUNNING,5.96,0.0,0.0,56,1,0,0.0,1.7857,5.96,NOT_AVAILABLE,raw/backfill_v1/performance/expense_20260714.csv
2026-07-14,32157965,EVETIS_CPC_CORE,RUNNING,46.36,0.0,0.0,361,13,0,0.0,3.6011,3.5662,NOT_AVAILABLE,raw/backfill_v1/performance/expense_20260714.csv
2026-07-14,32157988,EVETIS_CPC_CORE,RUNNING,24.6,0.0,0.0,126,6,0,0.0,4.7619,4.1,NOT_AVAILABLE,raw/backfill_v1/performance/expense_20260714.csv
2026-07-14,32158008,EVETIS_CPC_CORE,RUNNING,26.56,0.0,0.0,136,5,0,0.0,3.6765,5.312,NOT_AVAILABLE,raw/backfill_v1/performance/expense_20260714.csv
2026-07-14,32158051,EVETIS_CPC_CORE,RUNNING,30.75,0.0,0.0,217,9,0,0.0,4.1475,3.4167,NOT_AVAILABLE,raw/backfill_v1/performance/expense_20260714.csv
2026-07-14,32158176,EVETIS_CPC_CORE,RUNNING,96.54,0.0,0.0,236,18,0,0.0,7.6271,5.3633,NOT_AVAILABLE,raw/backfill_v1/performance/expense_20260714.csv
2026-07-14,32158299,EVETIS_CPC_CORE,INACTIVE,24.65,0.0,0.0,142,4,0,0.0,2.8169,6.1625,NOT_AVAILABLE,raw/backfill_v1/performance/expense_20260714.csv
2026-07-15,32157891,EVETIS_CPC_CORE,RUNNING,67.95,0.0,0.0,454,9,0,0.0,1.9824,7.55,NOT_AVAILABLE,raw/backfill_v1/performance/expense_20260715.csv
2026-07-15,32157919,EVETIS_CPC_CORE,RUNNING,37.93,0.0,0.0,194,4,0,0.0,2.0619,9.4825,NOT_AVAILABLE,raw/backfill_v1/performance/expense_20260715.csv
2026-07-15,32157947,EVETIS_CPC_CORE,RUNNING,7.94,0.0,0.0,87,2,0,0.0,2.2989,3.97,NOT_AVAILABLE,raw/backfill_v1/performance/expense_20260715.csv
2026-07-15,32157965,EVETIS_CPC_CORE,RUNNING,73.88,0.0,0.0,465,18,0,0.0,3.871,4.1044,NOT_AVAILABLE,raw/backfill_v1/performance/expense_20260715.csv
2026-07-15,32157988,EVETIS_CPC_CORE,RUNNING,4.82,0.0,0.0,143,2,1,1109.0,1.3986,2.41,NOT_AVAILABLE,raw/backfill_v1/performance/expense_20260715.csv
2026-07-15,32158008,EVETIS_CPC_CORE,RUNNING,51.69,0.0,0.0,258,10,0,0.0,3.876,5.169,NOT_AVAILABLE,raw/backfill_v1/performance/expense_20260715.csv
2026-07-15,32158051,EVETIS_CPC_CORE,RUNNING,97.6,0.0,0.0,490,25,0,0.0,5.102,3.904,NOT_AVAILABLE,raw/backfill_v1/performance/expense_20260715.csv
2026-07-15,32158176,EVETIS_CPC_CORE,RUNNING,142.7,0.0,0.0,334,22,0,0.0,6.5868,6.4864,NOT_AVAILABLE,raw/backfill_v1/performance/expense_20260715.csv
2026-07-15,32158299,EVETIS_CPC_CORE,INACTIVE,52.58,0.0,0.0,333,10,0,0.0,3.003,5.258,NOT_AVAILABLE,raw/backfill_v1/performance/expense_20260715.csv
2026-07-16,32157891,EVETIS_CPC_CORE,RUNNING,115.6,0.0,0.0,595,14,0,0.0,2.3529,8.2571,NOT_AVAILABLE,raw/backfill_v1/performance/expense_20260716.csv
2026-07-16,32157919,EVETIS_CPC_CORE,RUNNING,52.07,0.0,0.0,281,7,0,0.0,2.4911,7.4386,NOT_AVAILABLE,raw/backfill_v1/performance/expense_20260716.csv
2026-07-16,32157947,EVETIS_CPC_CORE,RUNNING,29.33,0.0,0.0,82,4,0,0.0,4.878,7.3325,NOT_AVAILABLE,raw/backfill_v1/performance/expense_20260716.csv
2026-07-16,32157965,EVETIS_CPC_CORE,RUNNING,43.17,0.0,0.0,181,10,0,0.0,5.5249,4.317,NOT_AVAILABLE,raw/backfill_v1/performance/expense_20260716.csv
2026-07-16,32157988,EVETIS_CPC_CORE,RUNNING,41.17,0.0,0.0,339,5,0,0.0,1.4749,8.234,NOT_AVAILABLE,raw/backfill_v1/performance/expense_20260716.csv
2026-07-16,32158008,EVETIS_CPC_CORE,RUNNING,100.92,0.0,0.0,372,15,0,0.0,4.0323,6.728,NOT_AVAILABLE,raw/backfill_v1/performance/expense_20260716.csv
2026-07-16,32158051,EVETIS_CPC_CORE,RUNNING,172.87,0.0,0.0,1001,38,1,2841.0,3.7962,4.5492,NOT_AVAILABLE,raw/backfill_v1/performance/expense_20260716.csv
2026-07-16,32158176,EVETIS_CPC_CORE,RUNNING,127.83,0.0,0.0,499,20,0,0.0,4.008,6.3915,NOT_AVAILABLE,raw/backfill_v1/performance/expense_20260716.csv
2026-07-16,32158299,EVETIS_CPC_CORE,INACTIVE,60.66,0.0,0.0,396,8,0,0.0,2.0202,7.5825,NOT_AVAILABLE,raw/backfill_v1/performance/expense_20260716.csv
2026-07-17,32157891,EVETIS_CPC_CORE,RUNNING,98.13,0.0,0.0,598,13,0,0.0,2.1739,7.5485,NOT_AVAILABLE,raw/backfill_v1/performance/expense_20260717.csv
2026-07-17,32157919,EVETIS_CPC_CORE,RUNNING,64.46,0.0,0.0,295,8,0,0.0,2.7119,8.0575,NOT_AVAILABLE,raw/backfill_v1/performance/expense_20260717.csv
2026-07-17,32157947,EVETIS_CPC_CORE,RUNNING,83.03,0.0,0.0,124,9,0,0.0,7.2581,9.2256,NOT_AVAILABLE,raw/backfill_v1/performance/expense_20260717.csv
2026-07-17,32157965,EVETIS_CPC_CORE,RUNNING,62.55,0.0,0.0,180,9,0,0.0,5.0,6.95,NOT_AVAILABLE,raw/backfill_v1/performance/expense_20260717.csv
2026-07-17,32157988,EVETIS_CPC_CORE,RUNNING,129.26,0.0,0.0,421,19,0,0.0,4.5131,6.8032,NOT_AVAILABLE,raw/backfill_v1/performance/expense_20260717.csv
2026-07-17,32158008,EVETIS_CPC_CORE,RUNNING,102.39,0.0,0.0,309,15,0,0.0,4.8544,6.826,NOT_AVAILABLE,raw/backfill_v1/performance/expense_20260717.csv
2026-07-17,32158051,EVETIS_CPC_CORE,RUNNING,142.76,0.0,0.0,698,29,0,0.0,4.1547,4.9228,NOT_AVAILABLE,raw/backfill_v1/performance/expense_20260717.csv
2026-07-17,32158176,EVETIS_CPC_CORE,RUNNING,137.18,0.0,0.0,362,20,0,0.0,5.5249,6.859,NOT_AVAILABLE,raw/backfill_v1/performance/expense_20260717.csv
2026-07-17,32158299,EVETIS_CPC_CORE,INACTIVE,54.9,0.0,0.0,310,8,0,0.0,2.5806,6.8625,NOT_AVAILABLE,raw/backfill_v1/performance/expense_20260717.csv
2026-07-18,27251978,EVETIS_CPC_LEGACY,ARCHIVED,NOT_AVAILABLE,NOT_AVAILABLE,NOT_AVAILABLE,0,0,1,2045.0,NOT_APPLICABLE,NOT_APPLICABLE,NOT_AVAILABLE,performance/daily_*.csv
2026-07-18,32157891,EVETIS_CPC_CORE,RUNNING,122.22,0.0,0.0,476,15,1,586.0,3.1513,8.148,NOT_AVAILABLE,raw/backfill_v1/performance/expense_20260718.csv
2026-07-18,32157919,EVETIS_CPC_CORE,RUNNING,46.93,0.0,0.0,216,7,0,0.0,3.2407,6.7043,NOT_AVAILABLE,raw/backfill_v1/performance/expense_20260718.csv
2026-07-18,32157947,EVETIS_CPC_CORE,RUNNING,51.77,0.0,0.0,171,6,0,0.0,3.5088,8.6283,NOT_AVAILABLE,raw/backfill_v1/performance/expense_20260718.csv
2026-07-18,32157965,EVETIS_CPC_CORE,RUNNING,295.18,0.0,0.0,404,19,0,0.0,4.703,15.5358,NOT_AVAILABLE,raw/backfill_v1/performance/expense_20260718.csv
2026-07-18,32157988,EVETIS_CPC_CORE,RUNNING,112.53,0.0,0.0,464,17,0,0.0,3.6638,6.6194,NOT_AVAILABLE,raw/backfill_v1/performance/expense_20260718.csv
2026-07-18,32158008,EVETIS_CPC_CORE,RUNNING,73.42,0.0,0.0,327,11,0,0.0,3.3639,6.6745,NOT_AVAILABLE,raw/backfill_v1/performance/expense_20260718.csv
2026-07-18,32158051,EVETIS_CPC_CORE,RUNNING,154.45,0.0,0.0,519,31,0,0.0,5.973,4.9823,NOT_AVAILABLE,raw/backfill_v1/performance/expense_20260718.csv
2026-07-18,32158176,EVETIS_CPC_CORE,RUNNING,268.19,0.0,0.0,475,37,0,0.0,7.7895,7.2484,NOT_AVAILABLE,raw/backfill_v1/performance/expense_20260718.csv
2026-07-18,32158299,EVETIS_CPC_CORE,INACTIVE,183.28,0.0,0.0,441,24,0,0.0,5.4422,7.6367,NOT_AVAILABLE,raw/backfill_v1/performance/expense_20260718.csv
2026-07-19,32157891,EVETIS_CPC_CORE,RUNNING,184.16,0.0,0.0,895,21,1,586.0,2.3464,8.7695,NOT_AVAILABLE,raw/backfill_v1/performance/expense_20260719.csv
2026-07-19,32157919,EVETIS_CPC_CORE,RUNNING,33.67,0.0,0.0,271,3,0,0.0,1.107,11.2233,NOT_AVAILABLE,raw/backfill_v1/performance/expense_20260719.csv
2026-07-19,32157947,EVETIS_CPC_CORE,RUNNING,39.99,0.0,0.0,189,4,1,845.0,2.1164,9.9975,NOT_AVAILABLE,raw/backfill_v1/performance/expense_20260719.csv
2026-07-19,32157965,EVETIS_CPC_CORE,RUNNING,74.05,0.0,0.0,212,11,1,1021.0,5.1887,6.7318,NOT_AVAILABLE,raw/backfill_v1/performance/expense_20260719.csv
2026-07-19,32157988,EVETIS_CPC_CORE,RUNNING,132.2,0.0,0.0,555,20,1,1109.0,3.6036,6.61,NOT_AVAILABLE,raw/backfill_v1/performance/expense_20260719.csv
2026-07-19,32158008,EVETIS_CPC_CORE,RUNNING,105.99,0.0,0.0,401,15,1,2045.0,3.7406,7.066,NOT_AVAILABLE,raw/backfill_v1/performance/expense_20260719.csv
2026-07-19,32158051,EVETIS_CPC_CORE,RUNNING,138.0,0.0,0.0,423,27,0,0.0,6.383,5.1111,NOT_AVAILABLE,raw/backfill_v1/performance/expense_20260719.csv
2026-07-19,32158176,EVETIS_CPC_CORE,RUNNING,118.08,0.0,0.0,372,18,0,0.0,4.8387,6.56,NOT_AVAILABLE,raw/backfill_v1/performance/expense_20260719.csv
2026-07-19,32158299,EVETIS_CPC_CORE,INACTIVE,143.02,0.0,0.0,445,20,1,1586.0,4.4944,7.151,NOT_AVAILABLE,raw/backfill_v1/performance/expense_20260719.csv
2026-07-20,32157891,EVETIS_CPC_CORE,RUNNING,134.89,0.0,0.0,1073,18,2,1172.0,1.6775,7.4939,NOT_AVAILABLE,raw/backfill_v1/performance/expense_20260720.csv
2026-07-20,32157919,EVETIS_CPC_CORE,RUNNING,26.63,0.0,0.0,278,3,1,1530.0,1.0791,8.8767,NOT_AVAILABLE,raw/backfill_v1/performance/expense_20260720.csv
2026-07-20,32157947,EVETIS_CPC_CORE,RUNNING,128.21,0.0,0.0,247,13,0,0.0,5.2632,9.8623,NOT_AVAILABLE,raw/backfill_v1/performance/expense_20260720.csv
2026-07-20,32157965,EVETIS_CPC_CORE,RUNNING,54.29,0.0,0.0,298,10,2,2042.0,3.3557,5.429,NOT_AVAILABLE,raw/backfill_v1/performance/expense_20260720.csv
2026-07-20,32157988,EVETIS_CPC_CORE,RUNNING,83.07,0.0,0.0,508,13,0,0.0,2.5591,6.39,NOT_AVAILABLE,raw/backfill_v1/performance/expense_20260720.csv
2026-07-20,32158008,EVETIS_CPC_CORE,RUNNING,173.15,0.0,0.0,570,25,0,0.0,4.386,6.926,NOT_AVAILABLE,raw/backfill_v1/performance/expense_20260720.csv
2026-07-20,32158051,EVETIS_CPC_CORE,RUNNING,196.68,0.0,0.0,541,41,0,0.0,7.5786,4.7971,NOT_AVAILABLE,raw/backfill_v1/performance/expense_20260720.csv
2026-07-20,32158176,EVETIS_CPC_CORE,RUNNING,195.28,0.0,0.0,636,35,1,1123.0,5.5031,5.5794,NOT_AVAILABLE,raw/backfill_v1/performance/expense_20260720.csv
2026-07-20,32158299,EVETIS_CPC_CORE,INACTIVE,182.25,0.0,0.0,707,27,0,0.0,3.819,6.75,NOT_AVAILABLE,raw/backfill_v1/performance/expense_20260720.csv
2026-07-21,32157891,EVETIS_CPC_CORE,RUNNING,59.71,0.0,0.0,803,10,0,0.0,1.2453,5.971,NOT_AVAILABLE,raw/backfill_v1/performance/expense_20260721.csv
2026-07-21,32157919,EVETIS_CPC_CORE,RUNNING,59.04,0.0,0.0,372,7,0,0.0,1.8817,8.4343,NOT_AVAILABLE,raw/backfill_v1/performance/expense_20260721.csv
2026-07-21,32157947,EVETIS_CPC_CORE,RUNNING,137.82,0.0,0.0,302,11,0,0.0,3.6424,12.5291,NOT_AVAILABLE,raw/backfill_v1/performance/expense_20260721.csv
2026-07-21,32157965,EVETIS_CPC_CORE,RUNNING,105.93,0.0,0.0,399,22,1,1021.0,5.5138,4.815,NOT_AVAILABLE,raw/backfill_v1/performance/expense_20260721.csv
2026-07-21,32157988,EVETIS_CPC_CORE,RUNNING,144.53,0.0,0.0,568,21,0,0.0,3.6972,6.8824,NOT_AVAILABLE,raw/backfill_v1/performance/expense_20260721.csv
2026-07-21,32158008,EVETIS_CPC_CORE,RUNNING,187.1,0.0,0.0,549,27,0,0.0,4.918,6.9296,NOT_AVAILABLE,raw/backfill_v1/performance/expense_20260721.csv
2026-07-21,32158051,EVETIS_CPC_CORE,RUNNING,123.3,0.0,0.0,594,27,0,0.0,4.5455,4.5667,NOT_AVAILABLE,raw/backfill_v1/performance/expense_20260721.csv
2026-07-21,32158176,EVETIS_CPC_CORE,RUNNING,298.68,0.0,0.0,926,49,0,0.0,5.2916,6.0955,NOT_AVAILABLE,raw/backfill_v1/performance/expense_20260721.csv
2026-07-21,32158299,EVETIS_CPC_CORE,INACTIVE,117.29,0.0,0.0,565,17,0,0.0,3.0088,6.8994,NOT_AVAILABLE,raw/backfill_v1/performance/expense_20260721.csv
2026-07-22,32157891,EVETIS_CPC_CORE,RUNNING,94.29,0.0,0.0,502,9,0,0.0,1.7928,10.4767,NOT_AVAILABLE,raw/backfill_v1/performance/expense_20260722.csv
2026-07-22,32157919,EVETIS_CPC_CORE,RUNNING,191.63,0.0,0.0,1263,18,0,0.0,1.4252,10.6461,NOT_AVAILABLE,raw/backfill_v1/performance/expense_20260722.csv
2026-07-22,32157947,EVETIS_CPC_CORE,RUNNING,10.68,0.0,0.0,261,2,0,0.0,0.7663,5.34,NOT_AVAILABLE,raw/backfill_v1/performance/expense_20260722.csv
2026-07-22,32157965,EVETIS_CPC_CORE,RUNNING,18.41,0.0,0.0,110,4,0,0.0,3.6364,4.6025,NOT_AVAILABLE,raw/backfill_v1/performance/expense_20260722.csv
2026-07-22,32157988,EVETIS_CPC_CORE,RUNNING,339.01,0.0,0.0,1074,49,0,0.0,4.5624,6.9186,NOT_AVAILABLE,raw/backfill_v1/performance/expense_20260722.csv
2026-07-22,32158008,EVETIS_CPC_CORE,RUNNING,82.94,0.0,0.0,350,12,0,0.0,3.4286,6.9117,NOT_AVAILABLE,raw/backfill_v1/performance/expense_20260722.csv
2026-07-22,32158051,EVETIS_CPC_CORE,RUNNING,85.84,0.0,0.0,570,15,0,0.0,2.6316,5.7227,NOT_AVAILABLE,raw/backfill_v1/performance/expense_20260722.csv
2026-07-22,32158176,EVETIS_CPC_CORE,RUNNING,60.52,0.0,0.0,395,10,0,0.0,2.5316,6.052,NOT_AVAILABLE,raw/backfill_v1/performance/expense_20260722.csv
2026-07-22,32158299,EVETIS_CPC_CORE,INACTIVE,100.29,0.0,0.0,810,15,0,0.0,1.8519,6.686,NOT_AVAILABLE,raw/backfill_v1/performance/expense_20260722.csv
2026-07-23,32157891,EVETIS_CPC_CORE,RUNNING,69.12,0.0,0.0,396,9,0,0.0,2.2727,7.68,NOT_AVAILABLE,raw/backfill_v1/performance/expense_20260723.csv
2026-07-23,32157919,EVETIS_CPC_CORE,RUNNING,110.33,0.0,0.0,1103,11,1,1275.0,0.9973,10.03,NOT_AVAILABLE,raw/backfill_v1/performance/expense_20260723.csv
2026-07-23,32157947,EVETIS_CPC_CORE,RUNNING,64.6,0.0,0.0,345,6,0,0.0,1.7391,10.7667,NOT_AVAILABLE,raw/backfill_v1/performance/expense_20260723.csv
2026-07-23,32157965,EVETIS_CPC_CORE,RUNNING,25.88,0.0,0.0,109,6,0,0.0,5.5046,4.3133,NOT_AVAILABLE,raw/backfill_v1/performance/expense_20260723.csv
2026-07-23,32157988,EVETIS_CPC_CORE,RUNNING,119.69,0.0,0.0,635,15,0,0.0,2.3622,7.9793,NOT_AVAILABLE,raw/backfill_v1/performance/expense_20260723.csv
2026-07-23,32158008,EVETIS_CPC_CORE,RUNNING,54.16,0.0,0.0,344,8,0,0.0,2.3256,6.77,NOT_AVAILABLE,raw/backfill_v1/performance/expense_20260723.csv
2026-07-23,32158051,EVETIS_CPC_CORE,RUNNING,152.21,0.0,0.0,729,26,0,0.0,3.5665,5.8542,NOT_AVAILABLE,raw/backfill_v1/performance/expense_20260723.csv
2026-07-23,32158176,EVETIS_CPC_CORE,RUNNING,70.18,0.0,0.0,395,12,0,0.0,3.038,5.8483,NOT_AVAILABLE,raw/backfill_v1/performance/expense_20260723.csv
2026-07-23,32158299,EVETIS_CPC_CORE,INACTIVE,126.9,0.0,0.0,625,17,1,2216.0,2.72,7.4647,NOT_AVAILABLE,raw/backfill_v1/performance/expense_20260723.csv
2026-07-24,32157891,EVETIS_CPC_CORE,RUNNING,87.37,0.0,0.0,408,9,0,0.0,2.2059,9.7078,NOT_AVAILABLE,raw/backfill_v1/performance/expense_20260724.csv
2026-07-24,32157919,EVETIS_CPC_CORE,RUNNING,55.01,0.0,0.0,282,6,0,0.0,2.1277,9.1683,NOT_AVAILABLE,raw/backfill_v1/performance/expense_20260724.csv
2026-07-24,32157947,EVETIS_CPC_CORE,RUNNING,98.19,0.0,0.0,608,9,0,0.0,1.4803,10.91,NOT_AVAILABLE,raw/backfill_v1/performance/expense_20260724.csv
2026-07-24,32157965,EVETIS_CPC_CORE,RUNNING,54.32,0.0,0.0,129,8,0,0.0,6.2016,6.79,NOT_AVAILABLE,raw/backfill_v1/performance/expense_20260724.csv
2026-07-24,32157988,EVETIS_CPC_CORE,RUNNING,184.35,0.0,0.0,734,22,0,0.0,2.9973,8.3795,NOT_AVAILABLE,raw/backfill_v1/performance/expense_20260724.csv
2026-07-24,32158008,EVETIS_CPC_CORE,RUNNING,93.8,0.0,0.0,381,14,0,0.0,3.6745,6.7,NOT_AVAILABLE,raw/backfill_v1/performance/expense_20260724.csv
2026-07-24,32158051,EVETIS_CPC_CORE,RUNNING,102.19,0.0,0.0,470,19,0,0.0,4.0426,5.3784,NOT_AVAILABLE,raw/backfill_v1/performance/expense_20260724.csv
2026-07-24,32158176,EVETIS_CPC_CORE,RUNNING,118.94,0.0,0.0,676,14,0,0.0,2.071,8.4957,NOT_AVAILABLE,raw/backfill_v1/performance/expense_20260724.csv
2026-07-24,32158299,EVETIS_CPC_CORE,INACTIVE,59.79,0.0,0.0,288,8,0,0.0,2.7778,7.4737,NOT_AVAILABLE,raw/backfill_v1/performance/expense_20260724.csv
2026-07-25,32157891,EVETIS_CPC_CORE,RUNNING,50.54,0.0,0.0,490,6,0,0.0,1.2245,8.4233,NOT_AVAILABLE,raw/backfill_v1/performance/expense_20260725.csv
2026-07-25,32157919,EVETIS_CPC_CORE,RUNNING,86.9,0.0,0.0,302,8,0,0.0,2.649,10.8625,NOT_AVAILABLE,raw/backfill_v1/performance/expense_20260725.csv
2026-07-25,32157947,EVETIS_CPC_CORE,RUNNING,92.64,0.0,0.0,718,8,0,0.0,1.1142,11.58,NOT_AVAILABLE,raw/backfill_v1/performance/expense_20260725.csv
2026-07-25,32157965,EVETIS_CPC_CORE,RUNNING,118.25,0.0,0.0,227,17,0,0.0,7.489,6.9559,NOT_AVAILABLE,raw/backfill_v1/performance/expense_20260725.csv
2026-07-25,32157988,EVETIS_CPC_CORE,RUNNING,192.34,0.0,0.0,877,26,0,0.0,2.9647,7.3977,NOT_AVAILABLE,raw/backfill_v1/performance/expense_20260725.csv
2026-07-25,32158008,EVETIS_CPC_CORE,RUNNING,75.8,0.0,0.0,548,8,0,0.0,1.4599,9.475,NOT_AVAILABLE,raw/backfill_v1/performance/expense_20260725.csv
2026-07-25,32158051,EVETIS_CPC_CORE,RUNNING,81.46,0.0,0.0,439,14,0,0.0,3.1891,5.8186,NOT_AVAILABLE,raw/backfill_v1/performance/expense_20260725.csv
2026-07-25,32158176,EVETIS_CPC_CORE,RUNNING,57.29,0.0,0.0,397,10,0,0.0,2.5189,5.729,NOT_AVAILABLE,raw/backfill_v1/performance/expense_20260725.csv
2026-07-25,32158299,EVETIS_CPC_CORE,INACTIVE,36.43,0.0,0.0,271,5,0,0.0,1.845,7.286,NOT_AVAILABLE,raw/backfill_v1/performance/expense_20260725.csv
2026-07-26,32157891,EVETIS_CPC_CORE,RUNNING,180.19,0.0,0.0,702,19,0,0.0,2.7066,9.4837,NOT_AVAILABLE,raw/backfill_v1/performance/expense_20260726.csv
2026-07-26,32157919,EVETIS_CPC_CORE,RUNNING,101.92,0.0,0.0,396,8,1,1101.0,2.0202,12.74,NOT_AVAILABLE,raw/backfill_v1/performance/expense_20260726.csv
2026-07-26,32157947,EVETIS_CPC_CORE,RUNNING,143.94,0.0,0.0,722,12,1,838.0,1.662,11.995,NOT_AVAILABLE,raw/backfill_v1/performance/expense_20260726.csv
2026-07-26,32157965,EVETIS_CPC_CORE,RUNNING,67.85,0.0,0.0,269,10,0,0.0,3.7175,6.785,NOT_AVAILABLE,raw/backfill_v1/performance/expense_20260726.csv
2026-07-26,32157988,EVETIS_CPC_CORE,RUNNING,228.07,0.0,0.0,892,30,0,0.0,3.3632,7.6023,NOT_AVAILABLE,raw/backfill_v1/performance/expense_20260726.csv
2026-07-26,32158008,EVETIS_CPC_CORE,RUNNING,137.97,0.0,0.0,624,16,0,0.0,2.5641,8.6231,NOT_AVAILABLE,raw/backfill_v1/performance/expense_20260726.csv
2026-07-26,32158051,EVETIS_CPC_CORE,RUNNING,132.48,0.0,0.0,605,23,0,0.0,3.8017,5.76,NOT_AVAILABLE,raw/backfill_v1/performance/expense_20260726.csv
2026-07-26,32158176,EVETIS_CPC_CORE,RUNNING,103.71,0.0,0.0,458,15,0,0.0,3.2751,6.914,NOT_AVAILABLE,raw/backfill_v1/performance/expense_20260726.csv
2026-07-26,32158299,EVETIS_CPC_CORE,INACTIVE,80.95,0.0,0.0,343,12,0,0.0,3.4985,6.7458,NOT_AVAILABLE,raw/backfill_v1/performance/expense_20260726.csv
2026-07-27,32157891,EVETIS_CPC_CORE,RUNNING,100.72,0.0,0.0,592,10,0,0.0,1.6892,10.072,NOT_AVAILABLE,raw/backfill_v1/performance/expense_20260727.csv
2026-07-27,32157919,EVETIS_CPC_CORE,RUNNING,15.31,0.0,0.0,358,1,0,0.0,0.2793,15.31,NOT_AVAILABLE,raw/backfill_v1/performance/expense_20260727.csv
2026-07-27,32157947,EVETIS_CPC_CORE,RUNNING,138.53,0.0,0.0,513,10,0,0.0,1.9493,13.853,NOT_AVAILABLE,raw/backfill_v1/performance/expense_20260727.csv
2026-07-27,32157965,EVETIS_CPC_CORE,RUNNING,86.35,0.0,0.0,221,12,1,1297.0,5.4299,7.1958,NOT_AVAILABLE,raw/backfill_v1/performance/expense_20260727.csv
2026-07-27,32157988,EVETIS_CPC_CORE,RUNNING,159.54,0.0,0.0,938,19,0,0.0,2.0256,8.3968,NOT_AVAILABLE,raw/backfill_v1/performance/expense_20260727.csv
2026-07-27,32158008,EVETIS_CPC_CORE,RUNNING,153.62,0.0,0.0,537,17,0,0.0,3.1657,9.0365,NOT_AVAILABLE,raw/backfill_v1/performance/expense_20260727.csv
2026-07-27,32158051,EVETIS_CPC_CORE,RUNNING,127.78,0.0,0.0,687,21,0,0.0,3.0568,6.0848,NOT_AVAILABLE,raw/backfill_v1/performance/expense_20260727.csv
2026-07-27,32158176,EVETIS_CPC_CORE,RUNNING,46.05,0.0,0.0,227,9,0,0.0,3.9648,5.1167,NOT_AVAILABLE,raw/backfill_v1/performance/expense_20260727.csv
2026-07-27,32158299,EVETIS_CPC_CORE,INACTIVE,104.88,0.0,0.0,444,14,0,0.0,3.1532,7.4914,NOT_AVAILABLE,raw/backfill_v1/performance/expense_20260727.csv
2026-07-28,32157891,EVETIS_CPC_CORE,RUNNING,144.6,0.0,0.0,950,14,1,861.0,1.4737,10.3286,NOT_AVAILABLE,raw/backfill_v1/performance/expense_20260728.csv
2026-07-28,32157919,EVETIS_CPC_CORE,RUNNING,24.0,0.0,0.0,282,2,0,0.0,0.7092,12.0,NOT_AVAILABLE,raw/backfill_v1/performance/expense_20260728.csv
2026-07-28,32157947,EVETIS_CPC_CORE,RUNNING,276.19,0.0,0.0,535,19,0,0.0,3.5514,14.5363,NOT_AVAILABLE,raw/backfill_v1/performance/expense_20260728.csv
2026-07-28,32157965,EVETIS_CPC_CORE,RUNNING,256.81,0.0,0.0,532,34,0,0.0,6.391,7.5532,NOT_AVAILABLE,raw/backfill_v1/performance/expense_20260728.csv
2026-07-28,32157988,EVETIS_CPC_CORE,RUNNING,317.34,0.0,0.0,940,41,0,0.0,4.3617,7.74,NOT_AVAILABLE,raw/backfill_v1/performance/expense_20260728.csv
2026-07-28,32158008,EVETIS_CPC_CORE,RUNNING,245.47,0.0,0.0,607,29,0,0.0,4.7776,8.4645,NOT_AVAILABLE,raw/backfill_v1/performance/expense_20260728.csv
2026-07-28,32158051,EVETIS_CPC_CORE,RUNNING,135.28,0.0,0.0,469,22,1,4101.0,4.6908,6.1491,NOT_AVAILABLE,raw/backfill_v1/performance/expense_20260728.csv
2026-07-28,32158176,EVETIS_CPC_CORE,RUNNING,252.33,0.0,0.0,571,34,0,0.0,5.9545,7.4215,NOT_AVAILABLE,raw/backfill_v1/performance/expense_20260728.csv
2026-07-28,32158299,EVETIS_CPC_CORE,INACTIVE,149.06,0.0,0.0,610,22,0,0.0,3.6066,6.7755,NOT_AVAILABLE,raw/backfill_v1/performance/expense_20260728.csv
2026-07-29,32157891,EVETIS_CPC_CORE,RUNNING,352.25,0.0,0.0,1728,33,2,1800.0,1.9097,10.6742,NOT_AVAILABLE,raw/backfill_v1/performance/expense_20260729.csv
2026-07-29,32157919,EVETIS_CPC_CORE,RUNNING,115.56,0.0,0.0,418,9,1,1101.0,2.1531,12.84,NOT_AVAILABLE,raw/backfill_v1/performance/expense_20260729.csv
2026-07-29,32157947,EVETIS_CPC_CORE,RUNNING,154.53,0.0,0.0,775,11,0,0.0,1.4194,14.0482,NOT_AVAILABLE,raw/backfill_v1/performance/expense_20260729.csv
2026-07-29,32157965,EVETIS_CPC_CORE,RUNNING,189.04,0.0,0.0,479,22,0,0.0,4.5929,8.5927,NOT_AVAILABLE,raw/backfill_v1/performance/expense_20260729.csv
2026-07-29,32157988,EVETIS_CPC_CORE,RUNNING,262.05,0.0,0.0,924,41,1,1128.0,4.4372,6.3915,NOT_AVAILABLE,raw/backfill_v1/performance/expense_20260729.csv
2026-07-29,32158008,EVETIS_CPC_CORE,RUNNING,150.44,0.0,0.0,537,21,0,0.0,3.9106,7.1638,NOT_AVAILABLE,raw/backfill_v1/performance/expense_20260729.csv
2026-07-29,32158051,EVETIS_CPC_CORE,RUNNING,200.88,0.0,0.0,619,30,0,0.0,4.8465,6.696,NOT_AVAILABLE,raw/backfill_v1/performance/expense_20260729.csv
2026-07-29,32158176,EVETIS_CPC_CORE,RUNNING,142.46,0.0,0.0,549,22,0,0.0,4.0073,6.4755,NOT_AVAILABLE,raw/backfill_v1/performance/expense_20260729.csv
2026-07-29,32158299,EVETIS_CPC_CORE,INACTIVE,206.87,0.0,0.0,844,29,0,0.0,3.436,7.1334,NOT_AVAILABLE,raw/backfill_v1/performance/expense_20260729.csv
2026-07-29,33678192,EVETIS_CPC_CORE,RUNNING,NOT_AVAILABLE,NOT_AVAILABLE,NOT_AVAILABLE,11,0,0,0.0,0.0,NOT_APPLICABLE,NOT_AVAILABLE,performance/daily_*.csv
2026-07-29,33678220,EVETIS_CPC_CORE,INACTIVE,NOT_AVAILABLE,NOT_AVAILABLE,NOT_AVAILABLE,15,0,0,0.0,0.0,NOT_APPLICABLE,NOT_AVAILABLE,performance/daily_*.csv
2026-07-29,33678261,EVETIS_CPC_CORE,INACTIVE,NOT_AVAILABLE,NOT_AVAILABLE,NOT_AVAILABLE,19,0,0,0.0,0.0,NOT_APPLICABLE,NOT_AVAILABLE,performance/daily_*.csv
2026-07-29,33678288,EVETIS_CPC_CORE,RUNNING,NOT_AVAILABLE,NOT_AVAILABLE,NOT_AVAILABLE,35,0,0,0.0,0.0,NOT_APPLICABLE,NOT_AVAILABLE,performance/daily_*.csv
2026-07-29,33678331,EVETIS_CPC_CORE,INACTIVE,NOT_AVAILABLE,NOT_AVAILABLE,NOT_AVAILABLE,16,0,0,0.0,0.0,NOT_APPLICABLE,NOT_AVAILABLE,performance/daily_*.csv
2026-07-30,32157891,EVETIS_CPC_CORE,RUNNING,371.07,0.0,0.0,1784,28,1,900.0,1.5695,13.2525,NOT_AVAILABLE,raw/backfill_v1/performance/expense_20260730.csv
2026-07-30,32157919,EVETIS_CPC_CORE,RUNNING,192.04,0.0,0.0,974,13,0,0.0,1.3347,14.7723,NOT_AVAILABLE,raw/backfill_v1/performance/expense_20260730.csv
2026-07-30,32157947,EVETIS_CPC_CORE,RUNNING,334.79,0.0,0.0,712,22,2,1918.0,3.0899,15.2177,NOT_AVAILABLE,raw/backfill_v1/performance/expense_20260730.csv
2026-07-30,32157965,EVETIS_CPC_CORE,RUNNING,299.1,0.0,0.0,513,30,1,1297.0,5.848,9.97,NOT_AVAILABLE,raw/backfill_v1/performance/expense_20260730.csv
2026-07-30,32157988,EVETIS_CPC_CORE,RUNNING,262.16,0.0,0.0,1095,36,1,1128.0,3.2877,7.2822,NOT_AVAILABLE,raw/backfill_v1/performance/expense_20260730.csv
2026-07-30,32158008,EVETIS_CPC_CORE,RUNNING,195.26,0.0,0.0,743,23,0,0.0,3.0956,8.4896,NOT_AVAILABLE,raw/backfill_v1/performance/expense_20260730.csv
2026-07-30,32158051,EVETIS_CPC_CORE,RUNNING,53.94,0.0,0.0,173,8,0,0.0,4.6243,6.7425,NOT_AVAILABLE,raw/backfill_v1/performance/expense_20260730.csv
2026-07-30,32158176,EVETIS_CPC_CORE,RUNNING,221.53,0.0,0.0,656,28,0,0.0,4.2683,7.9118,NOT_AVAILABLE,raw/backfill_v1/performance/expense_20260730.csv
2026-07-30,32158299,EVETIS_CPC_CORE,INACTIVE,67.98,0.0,0.0,387,11,0,0.0,2.8424,6.18,NOT_AVAILABLE,raw/backfill_v1/performance/expense_20260730.csv
2026-07-30,33678192,EVETIS_CPC_CORE,RUNNING,NOT_AVAILABLE,NOT_AVAILABLE,NOT_AVAILABLE,7,0,0,0.0,0.0,NOT_APPLICABLE,NOT_AVAILABLE,performance/daily_*.csv
2026-07-30,33678220,EVETIS_CPC_CORE,INACTIVE,3.73,0.0,0.0,43,1,0,0.0,2.3256,3.73,NOT_AVAILABLE,raw/backfill_v1/performance/expense_20260730.csv
2026-07-30,33678261,EVETIS_CPC_CORE,INACTIVE,NOT_AVAILABLE,NOT_AVAILABLE,NOT_AVAILABLE,14,0,0,0.0,0.0,NOT_APPLICABLE,NOT_AVAILABLE,performance/daily_*.csv
2026-07-30,33678288,EVETIS_CPC_CORE,RUNNING,1.0,0.0,0.0,24,1,0,0.0,4.1667,1.0,NOT_AVAILABLE,raw/backfill_v1/performance/expense_20260730.csv
2026-07-30,33678331,EVETIS_CPC_CORE,INACTIVE,NOT_AVAILABLE,NOT_AVAILABLE,NOT_AVAILABLE,12,0,0,0.0,0.0,NOT_APPLICABLE,NOT_AVAILABLE,performance/daily_*.csv
2026-07-30,33703975,EVETIS_CPC_CORE,RUNNING,119.4,0.0,0.0,347,13,0,0.0,3.7464,9.1846,NOT_AVAILABLE,raw/backfill_v1/performance/expense_20260730.csv
2026-07-31,32157891,EVETIS_CPC_CORE,RUNNING,216.63,0.0,0.0,705,17,0,0.0,2.4113,12.7429,NOT_AVAILABLE,raw/backfill_v1/performance/expense_20260731.csv
2026-07-31,32157919,EVETIS_CPC_CORE,RUNNING,98.05,0.0,0.0,724,5,0,0.0,0.6906,19.61,NOT_AVAILABLE,raw/backfill_v1/performance/expense_20260731.csv
2026-07-31,32157947,EVETIS_CPC_CORE,RUNNING,250.38,0.0,0.0,397,16,0,0.0,4.0302,15.6487,NOT_AVAILABLE,raw/backfill_v1/performance/expense_20260731.csv
2026-07-31,32157965,EVETIS_CPC_CORE,RUNNING,248.8,0.0,0.0,468,20,0,0.0,4.2735,12.44,NOT_AVAILABLE,raw/backfill_v1/performance/expense_20260731.csv
2026-07-31,32157988,EVETIS_CPC_CORE,RUNNING,294.1,0.0,0.0,1153,30,1,1128.0,2.6019,9.8033,NOT_AVAILABLE,raw/backfill_v1/performance/expense_20260731.csv
2026-07-31,32158008,EVETIS_CPC_CORE,RUNNING,232.29,0.0,0.0,555,25,0,0.0,4.5045,9.2916,NOT_AVAILABLE,raw/backfill_v1/performance/expense_20260731.csv
2026-07-31,32158176,EVETIS_CPC_CORE,RUNNING,282.38,0.0,0.0,683,32,1,1132.0,4.6852,8.8244,NOT_AVAILABLE,raw/backfill_v1/performance/expense_20260731.csv
2026-07-31,33678220,EVETIS_CPC_CORE,INACTIVE,NOT_AVAILABLE,NOT_AVAILABLE,NOT_AVAILABLE,75,0,0,0.0,0.0,NOT_APPLICABLE,NOT_AVAILABLE,performance/daily_*.csv
2026-07-31,33678288,EVETIS_CPC_CORE,RUNNING,2.67,0.0,0.0,27,1,0,0.0,3.7037,2.67,NOT_AVAILABLE,raw/backfill_v1/performance/expense_20260731.csv
2026-07-31,33703975,EVETIS_CPC_CORE,RUNNING,206.94,0.0,0.0,560,16,0,0.0,2.8571,12.9337,NOT_AVAILABLE,raw/backfill_v1/performance/expense_20260731.csv
2026-08-01,32157891,EVETIS_CPC_CORE,RUNNING,220.79,0.0,0.0,784,15,0,0.0,1.9133,14.7193,NOT_AVAILABLE,raw/backfill_v1/performance/expense_20260801.csv
2026-08-01,32157919,EVETIS_CPC_CORE,RUNNING,131.61,0.0,0.0,475,7,0,0.0,1.4737,18.8014,NOT_AVAILABLE,raw/backfill_v1/performance/expense_20260801.csv
2026-08-01,32157947,EVETIS_CPC_CORE,RUNNING,149.23,0.0,0.0,148,12,0,0.0,8.1081,12.4358,NOT_AVAILABLE,raw/backfill_v1/performance/expense_20260801.csv
2026-08-01,32157965,EVETIS_CPC_CORE,RUNNING,157.77,0.0,0.0,195,15,0,0.0,7.6923,10.518,NOT_AVAILABLE,raw/backfill_v1/performance/expense_20260801.csv
2026-08-01,32157988,EVETIS_CPC_CORE,RUNNING,149.72,0.0,0.0,302,17,1,1000.0,5.6291,8.8071,NOT_AVAILABLE,raw/backfill_v1/performance/expense_20260801.csv
2026-08-01,32158008,EVETIS_CPC_CORE,RUNNING,152.16,0.0,0.0,372,17,0,0.0,4.5699,8.9506,NOT_AVAILABLE,raw/backfill_v1/performance/expense_20260801.csv
2026-08-01,32158176,EVETIS_CPC_CORE,RUNNING,146.6,0.0,0.0,273,17,0,0.0,6.2271,8.6235,NOT_AVAILABLE,raw/backfill_v1/performance/expense_20260801.csv
2026-08-01,33678220,EVETIS_CPC_CORE,INACTIVE,5.84,0.0,0.0,82,1,0,0.0,1.2195,5.84,NOT_AVAILABLE,raw/backfill_v1/performance/expense_20260801.csv
2026-08-01,33678288,EVETIS_CPC_CORE,RUNNING,1.0,0.0,0.0,55,1,0,0.0,1.8182,1.0,NOT_AVAILABLE,raw/backfill_v1/performance/expense_20260801.csv
2026-08-01,33703975,EVETIS_CPC_CORE,RUNNING,209.22,0.0,0.0,348,18,0,0.0,5.1724,11.6233,NOT_AVAILABLE,raw/backfill_v1/performance/expense_20260801.csv
2026-08-02,32157891,EVETIS_CPC_CORE,RUNNING,230.09,0.0,0.0,618,14,0,0.0,2.2654,16.435,NOT_AVAILABLE,raw/backfill_v1/performance/expense_20260802.csv
2026-08-02,32157919,EVETIS_CPC_CORE,RUNNING,119.63,0.0,0.0,389,7,0,0.0,1.7995,17.09,NOT_AVAILABLE,raw/backfill_v1/performance/expense_20260802.csv
2026-08-02,32157947,EVETIS_CPC_CORE,RUNNING,213.73,0.0,0.0,559,17,0,0.0,3.0411,12.5724,NOT_AVAILABLE,raw/backfill_v1/performance/expense_20260802.csv
2026-08-02,32157965,EVETIS_CPC_CORE,RUNNING,235.73,0.0,0.0,256,23,0,0.0,8.9844,10.2491,NOT_AVAILABLE,raw/backfill_v1/performance/expense_20260802.csv
2026-08-02,32157988,EVETIS_CPC_CORE,RUNNING,194.53,0.0,0.0,231,14,0,0.0,6.0606,13.895,NOT_AVAILABLE,raw/backfill_v1/performance/expense_20260802.csv
2026-08-02,32158008,EVETIS_CPC_CORE,RUNNING,129.28,0.0,0.0,269,12,0,0.0,4.461,10.7733,NOT_AVAILABLE,raw/backfill_v1/performance/expense_20260802.csv
2026-08-02,32158051,EVETIS_CPC_CORE,RUNNING,170.35,0.0,0.0,470,26,0,0.0,5.5319,6.5519,NOT_AVAILABLE,raw/backfill_v1/performance/expense_20260802.csv
2026-08-02,32158176,EVETIS_CPC_CORE,RUNNING,202.08,0.0,0.0,738,25,0,0.0,3.3875,8.0832,NOT_AVAILABLE,raw/backfill_v1/performance/expense_20260802.csv
2026-08-02,33678220,EVETIS_CPC_CORE,INACTIVE,35.13,0.0,0.0,133,6,0,0.0,4.5113,5.855,NOT_AVAILABLE,raw/backfill_v1/performance/expense_20260802.csv
2026-08-02,33678288,EVETIS_CPC_CORE,RUNNING,49.84,0.0,0.0,209,5,0,0.0,2.3923,9.968,NOT_AVAILABLE,raw/backfill_v1/performance/expense_20260802.csv
2026-08-02,33703975,EVETIS_CPC_CORE,RUNNING,202.43,0.0,0.0,468,21,0,0.0,4.4872,9.6395,NOT_AVAILABLE,raw/backfill_v1/performance/expense_20260802.csv
2026-08-03,32157891,EVETIS_CPC_CORE,RUNNING,190.76,0.0,0.0,330,12,1,1092.0,3.6364,15.8967,NOT_AVAILABLE,raw/backfill_v1/performance/expense_20260803.csv
2026-08-03,32157919,EVETIS_CPC_CORE,RUNNING,165.17,0.0,0.0,373,9,0,0.0,2.4129,18.3522,NOT_AVAILABLE,raw/backfill_v1/performance/expense_20260803.csv
2026-08-03,32157947,EVETIS_CPC_CORE,RUNNING,14.61,0.0,0.0,117,1,0,0.0,0.8547,14.61,NOT_AVAILABLE,raw/backfill_v1/performance/expense_20260803.csv
2026-08-03,32157965,EVETIS_CPC_CORE,RUNNING,174.65,0.0,0.0,199,13,0,0.0,6.5327,13.4346,NOT_AVAILABLE,raw/backfill_v1/performance/expense_20260803.csv
2026-08-03,32157988,EVETIS_CPC_CORE,RUNNING,147.31,0.0,0.0,322,14,0,0.0,4.3478,10.5221,NOT_AVAILABLE,raw/backfill_v1/performance/expense_20260803.csv
2026-08-03,32158051,EVETIS_CPC_CORE,RUNNING,199.32,0.0,0.0,570,30,0,0.0,5.2632,6.644,NOT_AVAILABLE,raw/backfill_v1/performance/expense_20260803.csv
2026-08-03,32158176,EVETIS_CPC_CORE,RUNNING,281.51,0.0,0.0,364,22,0,0.0,6.044,12.7959,NOT_AVAILABLE,raw/backfill_v1/performance/expense_20260803.csv
2026-08-03,32158299,EVETIS_CPC_CORE,INACTIVE,42.38,0.0,0.0,193,4,0,0.0,2.0725,10.595,NOT_AVAILABLE,raw/backfill_v1/performance/expense_20260803.csv
2026-08-03,33678220,EVETIS_CPC_CORE,INACTIVE,24.37,0.0,0.0,176,4,0,0.0,2.2727,6.0925,NOT_AVAILABLE,raw/backfill_v1/performance/expense_20260803.csv
2026-08-03,33678288,EVETIS_CPC_CORE,RUNNING,159.55,0.0,0.0,429,14,0,0.0,3.2634,11.3964,NOT_AVAILABLE,raw/backfill_v1/performance/expense_20260803.csv
2026-08-03,33703975,EVETIS_CPC_CORE,RUNNING,240.71,0.0,0.0,653,14,0,0.0,2.144,17.1936,NOT_AVAILABLE,raw/backfill_v1/performance/expense_20260803.csv
2026-08-04,32157891,EVETIS_CPC_CORE,RUNNING,51.72,0.0,0.0,285,3,0,0.0,1.0526,17.24,NOT_AVAILABLE,raw/backfill_v1/performance/expense_20260804.csv
2026-08-04,32157919,EVETIS_CPC_CORE,RUNNING,160.29,0.0,0.0,314,8,1,965.0,2.5478,20.0362,NOT_AVAILABLE,raw/backfill_v1/performance/expense_20260804.csv
2026-08-04,32157947,EVETIS_CPC_CORE,RUNNING,160.94,0.0,0.0,195,7,2,2195.0,3.5897,22.9914,NOT_AVAILABLE,raw/backfill_v1/performance/expense_20260804.csv
2026-08-04,32157965,EVETIS_CPC_CORE,RUNNING,229.43,0.0,0.0,529,19,0,0.0,3.5917,12.0753,NOT_AVAILABLE,raw/backfill_v1/performance/expense_20260804.csv
2026-08-04,32157988,EVETIS_CPC_CORE,RUNNING,193.68,0.0,0.0,693,21,0,0.0,3.0303,9.2229,NOT_AVAILABLE,raw/backfill_v1/performance/expense_20260804.csv
2026-08-04,32158008,EVETIS_CPC_CORE,RUNNING,130.95,0.0,0.0,329,14,0,0.0,4.2553,9.3536,NOT_AVAILABLE,raw/backfill_v1/performance/expense_20260804.csv
2026-08-04,32158051,EVETIS_CPC_CORE,RUNNING,247.74,0.0,0.0,701,28,0,0.0,3.9943,8.8479,NOT_AVAILABLE,raw/backfill_v1/performance/expense_20260804.csv
2026-08-04,32158176,EVETIS_CPC_CORE,RUNNING,194.27,0.0,0.0,883,19,0,0.0,2.1518,10.2247,NOT_AVAILABLE,raw/backfill_v1/performance/expense_20260804.csv
2026-08-04,32158299,EVETIS_CPC_CORE,INACTIVE,71.21,0.0,0.0,201,5,0,0.0,2.4876,14.242,NOT_AVAILABLE,raw/backfill_v1/performance/expense_20260804.csv
2026-08-04,33678192,EVETIS_CPC_CORE,RUNNING,90.78,0.0,0.0,236,3,0,0.0,1.2712,30.26,NOT_AVAILABLE,raw/backfill_v1/performance/expense_20260804.csv
2026-08-04,33678220,EVETIS_CPC_CORE,INACTIVE,15.06,0.0,0.0,153,3,0,0.0,1.9608,5.02,NOT_AVAILABLE,raw/backfill_v1/performance/expense_20260804.csv
2026-08-04,33678288,EVETIS_CPC_CORE,RUNNING,215.02,0.0,0.0,813,13,1,886.0,1.599,16.54,NOT_AVAILABLE,raw/backfill_v1/performance/expense_20260804.csv
2026-08-04,33703975,EVETIS_CPC_CORE,RUNNING,536.58,0.0,0.0,1613,32,0,0.0,1.9839,16.7681,NOT_AVAILABLE,raw/backfill_v1/performance/expense_20260804.csv
2026-08-05,32157891,EVETIS_CPC_CORE,RUNNING,138.57,0.0,0.0,341,9,1,965.0,2.6393,15.3967,NOT_AVAILABLE,raw/backfill_v1/performance/expense_20260805.csv
2026-08-05,32157919,EVETIS_CPC_CORE,RUNNING,149.44,0.0,0.0,234,6,0,0.0,2.5641,24.9067,NOT_AVAILABLE,raw/backfill_v1/performance/expense_20260805.csv
2026-08-05,32157947,EVETIS_CPC_CORE,RUNNING,224.54,0.0,0.0,653,14,1,1180.0,2.144,16.0386,NOT_AVAILABLE,raw/backfill_v1/performance/expense_20260805.csv
2026-08-05,32157965,EVETIS_CPC_CORE,RUNNING,177.08,0.0,0.0,555,15,0,0.0,2.7027,11.8053,NOT_AVAILABLE,raw/backfill_v1/performance/expense_20260805.csv
2026-08-05,32157988,EVETIS_CPC_CORE,RUNNING,211.21,0.0,0.0,471,19,1,903.0,4.034,11.1163,NOT_AVAILABLE,raw/backfill_v1/performance/expense_20260805.csv
2026-08-05,32158008,EVETIS_CPC_CORE,RUNNING,60.92,0.0,0.0,318,5,0,0.0,1.5723,12.184,NOT_AVAILABLE,raw/backfill_v1/performance/expense_20260805.csv
2026-08-05,32158051,EVETIS_CPC_CORE,RUNNING,97.41,0.0,0.0,320,13,0,0.0,4.0625,7.4931,NOT_AVAILABLE,raw/backfill_v1/performance/expense_20260805.csv
2026-08-05,32158176,EVETIS_CPC_CORE,RUNNING,161.97,0.0,0.0,579,14,0,0.0,2.418,11.5693,NOT_AVAILABLE,raw/backfill_v1/performance/expense_20260805.csv
2026-08-05,32158299,EVETIS_CPC_CORE,INACTIVE,146.3,0.0,0.0,533,11,0,0.0,2.0638,13.3,NOT_AVAILABLE,raw/backfill_v1/performance/expense_20260805.csv
2026-08-05,33678192,EVETIS_CPC_CORE,RUNNING,115.15,0.0,0.0,281,3,0,0.0,1.0676,38.3833,NOT_AVAILABLE,raw/backfill_v1/performance/expense_20260805.csv
2026-08-05,33678220,EVETIS_CPC_CORE,INACTIVE,48.75,0.0,0.0,295,8,0,0.0,2.7119,6.0938,NOT_AVAILABLE,raw/backfill_v1/performance/expense_20260805.csv
2026-08-05,33678288,EVETIS_CPC_CORE,RUNNING,151.89,0.0,0.0,341,8,0,0.0,2.346,18.9862,NOT_AVAILABLE,raw/backfill_v1/performance/expense_20260805.csv
2026-08-05,33703975,EVETIS_CPC_CORE,RUNNING,NOT_AVAILABLE,NOT_AVAILABLE,NOT_AVAILABLE,0,0,1,929.0,NOT_APPLICABLE,NOT_APPLICABLE,NOT_AVAILABLE,performance/daily_*.csv
2026-08-06,32157891,EVETIS_CPC_CORE,RUNNING,208.25,0.0,0.0,394,10,0,0.0,2.5381,20.825,NOT_AVAILABLE,raw/backfill_v1/performance/expense_20260806.csv
2026-08-06,32157919,EVETIS_CPC_CORE,RUNNING,101.05,0.0,0.0,334,4,0,0.0,1.1976,25.2625,NOT_AVAILABLE,raw/backfill_v1/performance/expense_20260806.csv
2026-08-06,32157947,EVETIS_CPC_CORE,RUNNING,208.35,0.0,0.0,452,12,1,953.0,2.6549,17.3625,NOT_AVAILABLE,raw/backfill_v1/performance/expense_20260806.csv
2026-08-06,32157965,EVETIS_CPC_CORE,RUNNING,131.66,0.0,0.0,199,13,0,0.0,6.5327,10.1277,NOT_AVAILABLE,raw/backfill_v1/performance/expense_20260806.csv
2026-08-06,32157988,EVETIS_CPC_CORE,RUNNING,5.84,0.0,0.0,1,1,1,950.0,100.0,5.84,NOT_AVAILABLE,raw/backfill_v1/performance/expense_20260806.csv
2026-08-06,32158051,EVETIS_CPC_CORE,RUNNING,144.98,0.0,0.0,296,16,0,0.0,5.4054,9.0612,NOT_AVAILABLE,raw/backfill_v1/performance/expense_20260806.csv
2026-08-06,32158176,EVETIS_CPC_CORE,RUNNING,145.19,0.0,0.0,294,12,0,0.0,4.0816,12.0992,NOT_AVAILABLE,raw/backfill_v1/performance/expense_20260806.csv
2026-08-06,32158299,EVETIS_CPC_CORE,INACTIVE,204.83,0.0,0.0,577,19,0,0.0,3.2929,10.7805,NOT_AVAILABLE,raw/backfill_v1/performance/expense_20260806.csv
2026-08-06,33678220,EVETIS_CPC_CORE,INACTIVE,259.89,0.0,0.0,868,17,0,0.0,1.9585,15.2876,NOT_AVAILABLE,raw/backfill_v1/performance/expense_20260806.csv
2026-08-06,33678288,EVETIS_CPC_CORE,RUNNING,132.04,0.0,0.0,483,10,0,0.0,2.0704,13.204,NOT_AVAILABLE,raw/backfill_v1/performance/expense_20260806.csv
2026-08-06,33703975,EVETIS_CPC_CORE,RUNNING,NOT_AVAILABLE,NOT_AVAILABLE,NOT_AVAILABLE,3,0,0,0.0,0.0,NOT_APPLICABLE,NOT_AVAILABLE,performance/daily_*.csv
2026-08-07,32157919,EVETIS_CPC_CORE,RUNNING,149.73,0.0,0.0,318,10,0,0.0,3.1447,14.973,NOT_AVAILABLE,raw/backfill_v1/performance/expense_20260807.csv
2026-08-07,32157965,EVETIS_CPC_CORE,RUNNING,67.89,0.0,0.0,326,8,0,0.0,2.454,8.4863,NOT_AVAILABLE,raw/backfill_v1/performance/expense_20260807.csv
2026-08-07,32158051,EVETIS_CPC_CORE,RUNNING,486.4,0.0,0.0,1305,42,0,0.0,3.2184,11.581,NOT_AVAILABLE,raw/backfill_v1/performance/expense_20260807.csv
2026-08-07,32158176,EVETIS_CPC_CORE,RUNNING,25.44,0.0,0.0,127,3,1,930.0,2.3622,8.48,NOT_AVAILABLE,raw/backfill_v1/performance/expense_20260807.csv
2026-08-07,33678220,EVETIS_CPC_CORE,INACTIVE,385.03,0.0,0.0,737,18,0,0.0,2.4423,21.3906,NOT_AVAILABLE,raw/backfill_v1/performance/expense_20260807.csv
2026-08-07,33678288,EVETIS_CPC_CORE,RUNNING,61.02,0.0,0.0,283,5,1,950.0,1.7668,12.204,NOT_AVAILABLE,raw/backfill_v1/performance/expense_20260807.csv
2026-08-07,33703975,EVETIS_CPC_CORE,RUNNING,20.15,0.0,0.0,196,3,0,0.0,1.5306,6.7167,NOT_AVAILABLE,raw/backfill_v1/performance/expense_20260807.csv
2026-08-08,32157919,EVETIS_CPC_CORE,RUNNING,103.32,0.0,0.0,304,6,0,0.0,1.9737,17.22,NOT_AVAILABLE,raw/backfill_v1/performance/expense_20260808.csv
2026-08-08,32157965,EVETIS_CPC_CORE,RUNNING,68.36,0.0,0.0,296,11,0,0.0,3.7162,6.2145,NOT_AVAILABLE,raw/backfill_v1/performance/expense_20260808.csv
2026-08-08,32158051,EVETIS_CPC_CORE,RUNNING,302.73,0.0,0.0,932,29,0,0.0,3.1116,10.439,NOT_AVAILABLE,raw/backfill_v1/performance/expense_20260808.csv
2026-08-08,32158176,EVETIS_CPC_CORE,RUNNING,77.71,0.0,0.0,448,8,0,0.0,1.7857,9.7137,NOT_AVAILABLE,raw/backfill_v1/performance/expense_20260808.csv
2026-08-08,33678220,EVETIS_CPC_CORE,INACTIVE,406.09,0.0,0.0,1113,24,0,0.0,2.1563,16.9204,NOT_AVAILABLE,raw/backfill_v1/performance/expense_20260808.csv
2026-08-08,33678288,EVETIS_CPC_CORE,RUNNING,18.27,0.0,0.0,268,2,0,0.0,0.7463,9.135,NOT_AVAILABLE,raw/backfill_v1/performance/expense_20260808.csv
2026-08-08,33703975,EVETIS_CPC_CORE,RUNNING,7.98,0.0,0.0,185,3,2,1771.0,1.6216,2.66,NOT_AVAILABLE,raw/backfill_v1/performance/expense_20260808.csv
2026-08-09,32157891,EVETIS_CPC_CORE,RUNNING,34.99,0.0,0.0,135,2,0,0.0,1.4815,17.495,NOT_AVAILABLE,raw/backfill_v1/performance/expense_20260809.csv
2026-08-09,32157919,EVETIS_CPC_CORE,RUNNING,43.27,0.0,0.0,314,3,1,1161.0,0.9554,14.4233,NOT_AVAILABLE,raw/backfill_v1/performance/expense_20260809.csv
2026-08-09,32157947,EVETIS_CPC_CORE,RUNNING,NOT_AVAILABLE,NOT_AVAILABLE,NOT_AVAILABLE,0,0,1,959.0,NOT_APPLICABLE,NOT_APPLICABLE,NOT_AVAILABLE,performance/daily_*.csv
2026-08-09,32157965,EVETIS_CPC_CORE,RUNNING,106.45,0.0,0.0,466,16,0,0.0,3.4335,6.6531,NOT_AVAILABLE,raw/backfill_v1/performance/expense_20260809.csv
2026-08-09,32158051,EVETIS_CPC_CORE,RUNNING,327.26,0.0,0.0,1095,38,0,0.0,3.4703,8.6121,NOT_AVAILABLE,raw/backfill_v1/performance/expense_20260809.csv
2026-08-09,32158176,EVETIS_CPC_CORE,RUNNING,116.36,0.0,0.0,620,14,0,0.0,2.2581,8.3114,NOT_AVAILABLE,raw/backfill_v1/performance/expense_20260809.csv
2026-08-09,33678220,EVETIS_CPC_CORE,INACTIVE,253.04,0.0,0.0,696,18,0,0.0,2.5862,14.0578,NOT_AVAILABLE,raw/backfill_v1/performance/expense_20260809.csv
2026-08-09,33678288,EVETIS_CPC_CORE,RUNNING,57.7,0.0,0.0,557,9,0,0.0,1.6158,6.4111,NOT_AVAILABLE,raw/backfill_v1/performance/expense_20260809.csv
2026-08-09,33703975,EVETIS_CPC_CORE,RUNNING,61.63,0.0,0.0,344,7,0,0.0,2.0349,8.8043,NOT_AVAILABLE,raw/backfill_v1/performance/expense_20260809.csv
2026-08-10,32157891,EVETIS_CPC_CORE,RUNNING,191.73,0.0,0.0,500,11,1,819.0,2.2,17.43,NOT_AVAILABLE,raw/backfill_v1/performance/expense_20260810.csv
2026-08-10,32157919,EVETIS_CPC_CORE,RUNNING,87.92,0.0,0.0,333,5,0,0.0,1.5015,17.584,NOT_AVAILABLE,raw/backfill_v1/performance/expense_20260810.csv
2026-08-10,32157947,EVETIS_CPC_CORE,RUNNING,33.6,0.0,0.0,55,2,0,0.0,3.6364,16.8,NOT_AVAILABLE,raw/backfill_v1/performance/expense_20260810.csv
2026-08-10,32157965,EVETIS_CPC_CORE,RUNNING,142.06,0.0,0.0,1103,21,0,0.0,1.9039,6.7648,NOT_AVAILABLE,raw/backfill_v1/performance/expense_20260810.csv
2026-08-10,32158051,EVETIS_CPC_CORE,RUNNING,219.27,0.0,0.0,950,30,0,0.0,3.1579,7.309,NOT_AVAILABLE,raw/backfill_v1/performance/expense_20260810.csv
2026-08-10,32158176,EVETIS_CPC_CORE,RUNNING,48.95,0.0,0.0,651,8,0,0.0,1.2289,6.1188,NOT_AVAILABLE,raw/backfill_v1/performance/expense_20260810.csv
2026-08-10,33678220,EVETIS_CPC_CORE,INACTIVE,121.34,0.0,0.0,677,10,0,0.0,1.4771,12.134,NOT_AVAILABLE,raw/backfill_v1/performance/expense_20260810.csv
2026-08-10,33678288,EVETIS_CPC_CORE,RUNNING,38.88,0.0,0.0,540,5,0,0.0,0.9259,7.776,NOT_AVAILABLE,raw/backfill_v1/performance/expense_20260810.csv
2026-08-10,33703975,EVETIS_CPC_CORE,RUNNING,43.3,0.0,0.0,373,6,0,0.0,1.6086,7.2167,NOT_AVAILABLE,raw/backfill_v1/performance/expense_20260810.csv
2026-08-11,32157891,EVETIS_CPC_CORE,RUNNING,83.18,0.0,0.0,395,6,0,0.0,1.519,13.8633,NOT_AVAILABLE,raw/backfill_v1/performance/expense_20260811.csv
2026-08-11,32157919,EVETIS_CPC_CORE,RUNNING,NOT_AVAILABLE,NOT_AVAILABLE,NOT_AVAILABLE,294,0,0,0.0,0.0,NOT_APPLICABLE,NOT_AVAILABLE,performance/daily_*.csv
2026-08-11,32157947,EVETIS_CPC_CORE,RUNNING,175.97,0.0,0.0,340,9,0,0.0,2.6471,19.5522,NOT_AVAILABLE,raw/backfill_v1/performance/expense_20260811.csv
2026-08-11,32157965,EVETIS_CPC_CORE,RUNNING,289.19,0.0,0.0,1931,27,0,0.0,1.3982,10.7107,NOT_AVAILABLE,raw/backfill_v1/performance/expense_20260811.csv
2026-08-11,32158051,EVETIS_CPC_CORE,RUNNING,196.3,0.0,0.0,670,27,0,0.0,4.0299,7.2704,NOT_AVAILABLE,raw/backfill_v1/performance/expense_20260811.csv
2026-08-11,32158176,EVETIS_CPC_CORE,RUNNING,96.47,0.0,0.0,610,16,0,0.0,2.623,6.0294,NOT_AVAILABLE,raw/backfill_v1/performance/expense_20260811.csv
2026-08-11,33678220,EVETIS_CPC_CORE,INACTIVE,202.37,0.0,0.0,801,15,0,0.0,1.8727,13.4913,NOT_AVAILABLE,raw/backfill_v1/performance/expense_20260811.csv
2026-08-11,33678288,EVETIS_CPC_CORE,RUNNING,64.97,0.0,0.0,581,10,1,950.0,1.7212,6.497,NOT_AVAILABLE,raw/backfill_v1/performance/expense_20260811.csv
2026-08-11,33703975,EVETIS_CPC_CORE,RUNNING,54.66,0.0,0.0,395,10,0,0.0,2.5316,5.466,NOT_AVAILABLE,raw/backfill_v1/performance/expense_20260811.csv
2026-08-12,32157891,EVETIS_CPC_CORE,RUNNING,453.99,0.0,0.0,1240,23,0,0.0,1.8548,19.7387,NOT_AVAILABLE,raw/backfill_v1/performance/expense_20260812.csv
2026-08-12,32157919,EVETIS_CPC_CORE,RUNNING,46.58,0.0,0.0,324,5,1,1000.0,1.5432,9.316,NOT_AVAILABLE,raw/backfill_v1/performance/expense_20260812.csv
2026-08-12,32157947,EVETIS_CPC_CORE,RUNNING,380.16,0.0,0.0,1609,19,0,0.0,1.1809,20.0084,NOT_AVAILABLE,raw/backfill_v1/performance/expense_20260812.csv
2026-08-12,32157965,EVETIS_CPC_CORE,RUNNING,365.56,0.0,0.0,769,35,0,0.0,4.5514,10.4446,NOT_AVAILABLE,raw/backfill_v1/performance/expense_20260812.csv
2026-08-12,32157988,EVETIS_CPC_CORE,RUNNING,286.08,0.0,0.0,518,20,1,950.0,3.861,14.304,NOT_AVAILABLE,raw/backfill_v1/performance/expense_20260812.csv
2026-08-12,32158176,EVETIS_CPC_CORE,RUNNING,59.79,0.0,0.0,530,7,0,0.0,1.3208,8.5414,NOT_AVAILABLE,raw/backfill_v1/performance/expense_20260812.csv
2026-08-12,33678192,EVETIS_CPC_CORE,RUNNING,224.27,0.0,0.0,548,5,0,0.0,0.9124,44.854,NOT_AVAILABLE,raw/backfill_v1/performance/expense_20260812.csv
2026-08-12,33678288,EVETIS_CPC_CORE,RUNNING,19.08,0.0,0.0,526,3,0,0.0,0.5703,6.36,NOT_AVAILABLE,raw/backfill_v1/performance/expense_20260812.csv
2026-08-12,33703975,EVETIS_CPC_CORE,RUNNING,68.76,0.0,0.0,402,9,0,0.0,2.2388,7.64,NOT_AVAILABLE,raw/backfill_v1/performance/expense_20260812.csv
2026-08-13,32157891,EVETIS_CPC_CORE,RUNNING,307.37,0.0,0.0,1067,16,0,0.0,1.4995,19.2106,NOT_AVAILABLE,raw/backfill_v1/performance/expense_20260813.csv
2026-08-13,32157919,EVETIS_CPC_CORE,RUNNING,29.94,0.0,0.0,373,2,0,0.0,0.5362,14.97,NOT_AVAILABLE,raw/backfill_v1/performance/expense_20260813.csv
2026-08-13,32157965,EVETIS_CPC_CORE,RUNNING,49.99,0.0,0.0,282,6,0,0.0,2.1277,8.3317,NOT_AVAILABLE,raw/backfill_v1/performance/expense_20260813.csv
2026-08-13,32157988,EVETIS_CPC_CORE,RUNNING,358.83,0.0,0.0,884,26,0,0.0,2.9412,13.8012,NOT_AVAILABLE,raw/backfill_v1/performance/expense_20260813.csv
2026-08-13,32158051,EVETIS_CPC_CORE,RUNNING,157.34,0.0,0.0,462,22,0,0.0,4.7619,7.1518,NOT_AVAILABLE,raw/backfill_v1/performance/expense_20260813.csv
2026-08-13,32158176,EVETIS_CPC_CORE,RUNNING,57.44,0.0,0.0,517,8,0,0.0,1.5474,7.18,NOT_AVAILABLE,raw/backfill_v1/performance/expense_20260813.csv
2026-08-13,33678288,EVETIS_CPC_CORE,RUNNING,75.78,0.0,0.0,505,9,0,0.0,1.7822,8.42,NOT_AVAILABLE,raw/backfill_v1/performance/expense_20260813.csv
2026-08-13,33703975,EVETIS_CPC_CORE,RUNNING,89.99,0.0,0.0,466,9,0,0.0,1.9313,9.9989,NOT_AVAILABLE,raw/backfill_v1/performance/expense_20260813.csv
2026-08-14,32157919,EVETIS_CPC_CORE,RUNNING,123.12,0.0,0.0,397,6,0,0.0,1.5113,20.52,NOT_AVAILABLE,raw/backfill_v1/performance/expense_20260814.csv
2026-08-14,32157965,EVETIS_CPC_CORE,RUNNING,132.11,0.0,0.0,344,16,1,990.0,4.6512,8.2569,NOT_AVAILABLE,raw/backfill_v1/performance/expense_20260814.csv
2026-08-14,32157988,EVETIS_CPC_CORE,RUNNING,242.17,0.0,0.0,890,16,0,0.0,1.7978,15.1356,NOT_AVAILABLE,raw/backfill_v1/performance/expense_20260814.csv
2026-08-14,32158008,EVETIS_CPC_CORE,RUNNING,40.18,0.0,0.0,147,5,0,0.0,3.4014,8.036,NOT_AVAILABLE,raw/backfill_v1/performance/expense_20260814.csv
2026-08-14,32158051,EVETIS_CPC_CORE,RUNNING,128.8,0.0,0.0,567,17,0,0.0,2.9982,7.5765,NOT_AVAILABLE,raw/backfill_v1/performance/expense_20260814.csv
2026-08-14,32158176,EVETIS_CPC_CORE,RUNNING,98.43,0.0,0.0,505,17,1,1009.0,3.3663,5.79,NOT_AVAILABLE,raw/backfill_v1/performance/expense_20260814.csv
2026-08-14,32158299,EVETIS_CPC_CORE,INACTIVE,34.46,0.0,0.0,181,4,0,0.0,2.2099,8.615,NOT_AVAILABLE,raw/backfill_v1/performance/expense_20260814.csv
2026-08-14,33678192,EVETIS_CPC_CORE,RUNNING,27.78,0.0,0.0,54,2,0,0.0,3.7037,13.89,NOT_AVAILABLE,raw/backfill_v1/performance/expense_20260814.csv
2026-08-14,33678288,EVETIS_CPC_CORE,RUNNING,78.75,0.0,0.0,534,10,0,0.0,1.8727,7.875,NOT_AVAILABLE,raw/backfill_v1/performance/expense_20260814.csv
2026-08-14,33678331,EVETIS_CPC_CORE,INACTIVE,122.36,0.0,0.0,241,7,0,0.0,2.9046,17.48,NOT_AVAILABLE,raw/backfill_v1/performance/expense_20260814.csv
2026-08-14,33703975,EVETIS_CPC_CORE,RUNNING,83.39,0.0,0.0,455,7,0,0.0,1.5385,11.9129,NOT_AVAILABLE,raw/backfill_v1/performance/expense_20260814.csv
2026-08-15,14503166,SEARCH_PROMO,RUNNING,NOT_AVAILABLE,NOT_AVAILABLE,NOT_AVAILABLE,3,0,0,0.0,0.0,NOT_APPLICABLE,NOT_AVAILABLE,performance/daily_*.csv
2026-08-15,32157919,EVETIS_CPC_CORE,RUNNING,65.55,0.0,0.0,327,7,1,1185.0,2.1407,9.3643,NOT_AVAILABLE,raw/backfill_v1/performance/expense_20260815.csv
2026-08-15,32157947,EVETIS_CPC_CORE,RUNNING,140.7,0.0,0.0,323,8,1,947.0,2.4768,17.5875,NOT_AVAILABLE,raw/backfill_v1/performance/expense_20260815.csv
2026-08-15,32157965,EVETIS_CPC_CORE,RUNNING,90.74,0.0,0.0,413,11,0,0.0,2.6634,8.2491,NOT_AVAILABLE,raw/backfill_v1/performance/expense_20260815.csv
2026-08-15,32157988,EVETIS_CPC_CORE,RUNNING,173.48,0.0,0.0,604,16,0,0.0,2.649,10.8425,NOT_AVAILABLE,raw/backfill_v1/performance/expense_20260815.csv
2026-08-15,32158008,EVETIS_CPC_CORE,RUNNING,72.16,0.0,0.0,338,11,0,0.0,3.2544,6.56,NOT_AVAILABLE,raw/backfill_v1/performance/expense_20260815.csv
2026-08-15,32158051,EVETIS_CPC_CORE,RUNNING,159.29,0.0,0.0,714,30,1,2958.0,4.2017,5.3097,NOT_AVAILABLE,raw/backfill_v1/performance/expense_20260815.csv
2026-08-15,32158176,EVETIS_CPC_CORE,RUNNING,136.58,0.0,0.0,616,16,0,0.0,2.5974,8.5363,NOT_AVAILABLE,raw/backfill_v1/performance/expense_20260815.csv
2026-08-15,32158299,EVETIS_CPC_CORE,INACTIVE,113.92,0.0,0.0,587,14,0,0.0,2.385,8.1371,NOT_AVAILABLE,raw/backfill_v1/performance/expense_20260815.csv
2026-08-15,33678192,EVETIS_CPC_CORE,RUNNING,19.84,0.0,0.0,117,1,0,0.0,0.8547,19.84,NOT_AVAILABLE,raw/backfill_v1/performance/expense_20260815.csv
2026-08-15,33678288,EVETIS_CPC_CORE,RUNNING,53.13,0.0,0.0,381,7,0,0.0,1.8373,7.59,NOT_AVAILABLE,raw/backfill_v1/performance/expense_20260815.csv
2026-08-15,33678331,EVETIS_CPC_CORE,INACTIVE,81.47,0.0,0.0,478,8,0,0.0,1.6736,10.1837,NOT_AVAILABLE,raw/backfill_v1/performance/expense_20260815.csv
2026-08-15,33703975,EVETIS_CPC_CORE,RUNNING,48.7,0.0,0.0,306,4,1,1208.0,1.3072,12.175,NOT_AVAILABLE,raw/backfill_v1/performance/expense_20260815.csv
2026-08-16,14503166,SEARCH_PROMO,RUNNING,NOT_AVAILABLE,NOT_AVAILABLE,NOT_AVAILABLE,22,1,0,0.0,4.5455,NOT_APPLICABLE,NOT_AVAILABLE,performance/daily_*.csv
2026-08-16,32157891,EVETIS_CPC_CORE,RUNNING,316.14,0.0,0.0,699,14,0,0.0,2.0029,22.5814,NOT_AVAILABLE,raw/backfill_v1/performance/expense_20260816.csv
2026-08-16,32157919,EVETIS_CPC_CORE,RUNNING,46.33,0.0,0.0,295,3,0,0.0,1.0169,15.4433,NOT_AVAILABLE,raw/backfill_v1/performance/expense_20260816.csv
2026-08-16,32157947,EVETIS_CPC_CORE,RUNNING,162.09,0.0,0.0,481,12,0,0.0,2.4948,13.5075,NOT_AVAILABLE,raw/backfill_v1/performance/expense_20260816.csv
2026-08-16,32157965,EVETIS_CPC_CORE,RUNNING,77.57,0.0,0.0,532,13,0,0.0,2.4436,5.9669,NOT_AVAILABLE,raw/backfill_v1/performance/expense_20260816.csv
2026-08-16,32157988,EVETIS_CPC_CORE,RUNNING,28.97,0.0,0.0,298,4,0,0.0,1.3423,7.2425,NOT_AVAILABLE,raw/backfill_v1/performance/expense_20260816.csv
2026-08-16,32158008,EVETIS_CPC_CORE,RUNNING,185.94,0.0,0.0,732,29,0,0.0,3.9617,6.4117,NOT_AVAILABLE,raw/backfill_v1/performance/expense_20260816.csv
2026-08-16,32158051,EVETIS_CPC_CORE,RUNNING,197.41,0.0,0.0,1103,33,0,0.0,2.9918,5.9821,NOT_AVAILABLE,raw/backfill_v1/performance/expense_20260816.csv
2026-08-16,32158176,EVETIS_CPC_CORE,RUNNING,46.35,0.0,0.0,600,9,0,0.0,1.5,5.15,NOT_AVAILABLE,raw/backfill_v1/performance/expense_20260816.csv
2026-08-16,32158299,EVETIS_CPC_CORE,INACTIVE,93.82,0.0,0.0,1074,17,0,0.0,1.5829,5.5188,NOT_AVAILABLE,raw/backfill_v1/performance/expense_20260816.csv
2026-08-16,33678192,EVETIS_CPC_CORE,RUNNING,5.64,0.0,0.0,143,1,0,0.0,0.6993,5.64,NOT_AVAILABLE,raw/backfill_v1/performance/expense_20260816.csv
2026-08-16,33678288,EVETIS_CPC_CORE,RUNNING,69.01,0.0,0.0,399,9,0,0.0,2.2556,7.6678,NOT_AVAILABLE,raw/backfill_v1/performance/expense_20260816.csv
2026-08-16,33678331,EVETIS_CPC_CORE,INACTIVE,26.51,0.0,0.0,351,3,0,0.0,0.8547,8.8367,NOT_AVAILABLE,raw/backfill_v1/performance/expense_20260816.csv
2026-08-16,33703975,EVETIS_CPC_CORE,RUNNING,37.11,0.0,0.0,301,6,0,0.0,1.9934,6.185,NOT_AVAILABLE,raw/backfill_v1/performance/expense_20260816.csv
2026-08-17,14503166,SEARCH_PROMO,RUNNING,119.2,0.0,0.0,55,2,1,1192.0,3.6364,59.6,NOT_AVAILABLE,raw/backfill_v1/performance/expense_20260817.csv
2026-08-17,32157919,EVETIS_CPC_CORE,RUNNING,38.37,0.0,0.0,286,4,0,0.0,1.3986,9.5925,NOT_AVAILABLE,raw/backfill_v1/performance/expense_20260817.csv
2026-08-17,32157947,EVETIS_CPC_CORE,RUNNING,718.92,0.0,0.0,2019,40,1,1192.0,1.9812,17.973,NOT_AVAILABLE,raw/backfill_v1/performance/expense_20260817.csv
2026-08-17,32157965,EVETIS_CPC_CORE,RUNNING,132.96,0.0,0.0,577,18,1,1253.0,3.1196,7.3867,NOT_AVAILABLE,raw/backfill_v1/performance/expense_20260817.csv
2026-08-17,32158008,EVETIS_CPC_CORE,RUNNING,NOT_AVAILABLE,NOT_AVAILABLE,NOT_AVAILABLE,1,0,0,0.0,0.0,NOT_APPLICABLE,NOT_AVAILABLE,performance/daily_*.csv
2026-08-17,32158176,EVETIS_CPC_CORE,RUNNING,68.79,0.0,0.0,537,8,1,884.0,1.4898,8.5988,NOT_AVAILABLE,raw/backfill_v1/performance/expense_20260817.csv
2026-08-17,32158299,EVETIS_CPC_CORE,INACTIVE,256.87,0.0,0.0,2035,45,0,0.0,2.2113,5.7082,NOT_AVAILABLE,raw/backfill_v1/performance/expense_20260817.csv
2026-08-17,33678192,EVETIS_CPC_CORE,RUNNING,85.75,0.0,0.0,215,6,0,0.0,2.7907,14.2917,NOT_AVAILABLE,raw/backfill_v1/performance/expense_20260817.csv
2026-08-17,33678288,EVETIS_CPC_CORE,RUNNING,61.09,0.0,0.0,318,8,0,0.0,2.5157,7.6363,NOT_AVAILABLE,raw/backfill_v1/performance/expense_20260817.csv
2026-08-17,33678331,EVETIS_CPC_CORE,INACTIVE,134.3,0.0,0.0,354,7,0,0.0,1.9774,19.1857,NOT_AVAILABLE,raw/backfill_v1/performance/expense_20260817.csv
2026-08-17,33703975,EVETIS_CPC_CORE,RUNNING,65.36,0.0,0.0,400,5,1,842.0,1.25,13.072,NOT_AVAILABLE,raw/backfill_v1/performance/expense_20260817.csv
2026-08-18,14503166,SEARCH_PROMO,RUNNING,NOT_AVAILABLE,NOT_AVAILABLE,NOT_AVAILABLE,72,2,0,0.0,2.7778,NOT_APPLICABLE,NOT_AVAILABLE,performance/daily_*.csv
2026-08-18,32157919,EVETIS_CPC_CORE,RUNNING,32.47,0.0,0.0,317,5,0,0.0,1.5773,6.494,NOT_AVAILABLE,raw/backfill_v1/performance/expense_20260818.csv
2026-08-18,32157947,EVETIS_CPC_CORE,RUNNING,509.45,0.0,0.0,1542,30,0,0.0,1.9455,16.9817,NOT_AVAILABLE,raw/backfill_v1/performance/expense_20260818.csv
2026-08-18,32157965,EVETIS_CPC_CORE,RUNNING,138.47,0.0,0.0,623,16,0,0.0,2.5682,8.6544,NOT_AVAILABLE,raw/backfill_v1/performance/expense_20260818.csv
2026-08-18,32158176,EVETIS_CPC_CORE,RUNNING,131.42,0.0,0.0,631,21,0,0.0,3.3281,6.2581,NOT_AVAILABLE,raw/backfill_v1/performance/expense_20260818.csv
2026-08-18,32158299,EVETIS_CPC_CORE,INACTIVE,162.52,0.0,0.0,1522,29,0,0.0,1.9054,5.6041,NOT_AVAILABLE,raw/backfill_v1/performance/expense_20260818.csv
2026-08-18,33678192,EVETIS_CPC_CORE,RUNNING,94.61,0.0,0.0,519,5,1,967.0,0.9634,18.922,NOT_AVAILABLE,raw/backfill_v1/performance/expense_20260818.csv
2026-08-18,33678288,EVETIS_CPC_CORE,RUNNING,28.99,0.0,0.0,215,6,0,0.0,2.7907,4.8317,NOT_AVAILABLE,raw/backfill_v1/performance/expense_20260818.csv
2026-08-18,33678331,EVETIS_CPC_CORE,INACTIVE,170.27,0.0,0.0,598,12,0,0.0,2.0067,14.1892,NOT_AVAILABLE,raw/backfill_v1/performance/expense_20260818.csv
2026-08-18,33703975,EVETIS_CPC_CORE,RUNNING,34.04,0.0,0.0,295,5,0,0.0,1.6949,6.808,NOT_AVAILABLE,raw/backfill_v1/performance/expense_20260818.csv
2026-08-19,14503166,SEARCH_PROMO,RUNNING,NOT_AVAILABLE,NOT_AVAILABLE,NOT_AVAILABLE,118,1,0,0.0,0.8475,NOT_APPLICABLE,NOT_AVAILABLE,performance/daily_*.csv
2026-08-19,32157919,EVETIS_CPC_CORE,RUNNING,162.79,0.0,0.0,345,10,0,0.0,2.8986,16.279,NOT_AVAILABLE,raw/backfill_v1/performance/expense_20260819.csv
2026-08-19,32157965,EVETIS_CPC_CORE,RUNNING,100.26,0.0,0.0,527,20,1,1289.0,3.7951,5.013,NOT_AVAILABLE,raw/backfill_v1/performance/expense_20260819.csv
2026-08-19,32158051,EVETIS_CPC_CORE,RUNNING,NOT_AVAILABLE,NOT_AVAILABLE,NOT_AVAILABLE,0,0,1,2958.0,NOT_APPLICABLE,NOT_APPLICABLE,NOT_AVAILABLE,performance/daily_*.csv
2026-08-19,32158176,EVETIS_CPC_CORE,RUNNING,193.94,0.0,0.0,999,22,0,0.0,2.2022,8.8155,NOT_AVAILABLE,raw/backfill_v1/performance/expense_20260819.csv
2026-08-19,33678192,EVETIS_CPC_CORE,RUNNING,180.2,0.0,0.0,453,9,0,0.0,1.9868,20.0222,NOT_AVAILABLE,raw/backfill_v1/performance/expense_20260819.csv
2026-08-19,33678288,EVETIS_CPC_CORE,RUNNING,4.34,0.0,0.0,167,1,0,0.0,0.5988,4.34,NOT_AVAILABLE,raw/backfill_v1/performance/expense_20260819.csv
2026-08-19,33678331,EVETIS_CPC_CORE,INACTIVE,125.65,0.0,0.0,542,12,0,0.0,2.214,10.4708,NOT_AVAILABLE,raw/backfill_v1/performance/expense_20260819.csv
2026-08-19,33703975,EVETIS_CPC_CORE,RUNNING,13.77,0.0,0.0,290,4,0,0.0,1.3793,3.4425,NOT_AVAILABLE,raw/backfill_v1/performance/expense_20260819.csv
2026-08-20,14503166,SEARCH_PROMO,RUNNING,119.2,0.0,0.0,64,2,1,1192.0,3.125,59.6,NOT_AVAILABLE,raw/backfill_v1/performance/expense_20260820.csv
2026-08-20,32157891,EVETIS_CPC_CORE,RUNNING,105.44,0.0,0.0,305,7,0,0.0,2.2951,15.0629,NOT_AVAILABLE,raw/backfill_v1/performance/expense_20260820.csv
2026-08-20,32157919,EVETIS_CPC_CORE,RUNNING,121.13,0.0,0.0,476,9,0,0.0,1.8908,13.4589,NOT_AVAILABLE,raw/backfill_v1/performance/expense_20260820.csv
2026-08-20,32157947,EVETIS_CPC_CORE,RUNNING,5.02,0.0,0.0,143,2,0,0.0,1.3986,2.51,NOT_AVAILABLE,raw/backfill_v1/performance/expense_20260820.csv
2026-08-20,32157965,EVETIS_CPC_CORE,RUNNING,272.48,0.0,0.0,679,27,1,1133.0,3.9764,10.0919,NOT_AVAILABLE,raw/backfill_v1/performance/expense_20260820.csv
2026-08-20,32157988,EVETIS_CPC_CORE,RUNNING,281.96,0.0,0.0,473,23,1,986.0,4.8626,12.2591,NOT_AVAILABLE,raw/backfill_v1/performance/expense_20260820.csv
2026-08-20,32158051,EVETIS_CPC_CORE,RUNNING,NOT_AVAILABLE,NOT_AVAILABLE,NOT_AVAILABLE,0,0,1,2900.0,NOT_APPLICABLE,NOT_APPLICABLE,NOT_AVAILABLE,performance/daily_*.csv
2026-08-20,32158176,EVETIS_CPC_CORE,RUNNING,125.71,0.0,0.0,1073,22,0,0.0,2.0503,5.7141,NOT_AVAILABLE,raw/backfill_v1/performance/expense_20260820.csv
2026-08-20,33678192,EVETIS_CPC_CORE,RUNNING,394.03,0.0,0.0,694,23,0,0.0,3.3141,17.1317,NOT_AVAILABLE,raw/backfill_v1/performance/expense_20260820.csv
2026-08-20,33678288,EVETIS_CPC_CORE,RUNNING,75.22,0.0,0.0,259,7,1,996.0,2.7027,10.7457,NOT_AVAILABLE,raw/backfill_v1/performance/expense_20260820.csv
2026-08-20,33678331,EVETIS_CPC_CORE,INACTIVE,271.68,0.0,0.0,825,29,0,0.0,3.5152,9.3683,NOT_AVAILABLE,raw/backfill_v1/performance/expense_20260820.csv
2026-08-20,33703975,EVETIS_CPC_CORE,RUNNING,30.05,0.0,0.0,324,4,1,1208.0,1.2346,7.5125,NOT_AVAILABLE,raw/backfill_v1/performance/expense_20260820.csv
2026-08-21,14503166,SEARCH_PROMO,RUNNING,NOT_AVAILABLE,NOT_AVAILABLE,NOT_AVAILABLE,7,0,0,0.0,0.0,NOT_APPLICABLE,NOT_AVAILABLE,performance/daily_*.csv
2026-08-21,32157891,EVETIS_CPC_CORE,RUNNING,152.41,0.0,0.0,351,10,0,0.0,2.849,15.241,NOT_AVAILABLE,raw/backfill_v1/performance/expense_20260821.csv
2026-08-21,32157919,EVETIS_CPC_CORE,RUNNING,54.38,0.0,0.0,335,4,0,0.0,1.194,13.595,NOT_AVAILABLE,raw/backfill_v1/performance/expense_20260821.csv
2026-08-21,32157947,EVETIS_CPC_CORE,RUNNING,3.46,0.0,0.0,154,1,0,0.0,0.6494,3.46,NOT_AVAILABLE,raw/backfill_v1/performance/expense_20260821.csv
2026-08-21,32157965,EVETIS_CPC_CORE,RUNNING,103.74,0.0,0.0,590,13,0,0.0,2.2034,7.98,NOT_AVAILABLE,raw/backfill_v1/performance/expense_20260821.csv
2026-08-21,32157988,EVETIS_CPC_CORE,RUNNING,113.52,0.0,0.0,503,13,1,986.0,2.5845,8.7323,NOT_AVAILABLE,raw/backfill_v1/performance/expense_20260821.csv
2026-08-21,32158008,EVETIS_CPC_CORE,RUNNING,NOT_AVAILABLE,NOT_AVAILABLE,NOT_AVAILABLE,0,0,1,1950.0,NOT_APPLICABLE,NOT_APPLICABLE,NOT_AVAILABLE,performance/daily_*.csv
2026-08-21,32158176,EVETIS_CPC_CORE,RUNNING,135.93,0.0,0.0,614,16,1,999.0,2.6059,8.4956,NOT_AVAILABLE,raw/backfill_v1/performance/expense_20260821.csv
2026-08-21,33678192,EVETIS_CPC_CORE,RUNNING,143.65,0.0,0.0,447,9,2,2090.0,2.0134,15.9611,NOT_AVAILABLE,raw/backfill_v1/performance/expense_20260821.csv
2026-08-21,33678288,EVETIS_CPC_CORE,RUNNING,5.31,0.0,0.0,276,2,0,0.0,0.7246,2.655,NOT_AVAILABLE,raw/backfill_v1/performance/expense_20260821.csv
2026-08-21,33678331,EVETIS_CPC_CORE,INACTIVE,158.99,0.0,0.0,566,13,0,0.0,2.2968,12.23,NOT_AVAILABLE,raw/backfill_v1/performance/expense_20260821.csv
2026-08-21,33703975,EVETIS_CPC_CORE,RUNNING,102.68,0.0,0.0,350,13,0,0.0,3.7143,7.8985,NOT_AVAILABLE,raw/backfill_v1/performance/expense_20260821.csv
2026-08-22,32157891,EVETIS_CPC_CORE,RUNNING,80.9,0.0,0.0,305,6,0,0.0,1.9672,13.4833,NOT_AVAILABLE,raw/backfill_v1/performance/expense_20260822.csv
2026-08-22,32157919,EVETIS_CPC_CORE,RUNNING,101.85,0.0,0.0,305,9,1,1009.0,2.9508,11.3167,NOT_AVAILABLE,raw/backfill_v1/performance/expense_20260822.csv
2026-08-22,32157947,EVETIS_CPC_CORE,RUNNING,15.89,0.0,0.0,117,3,0,0.0,2.5641,5.2967,NOT_AVAILABLE,raw/backfill_v1/performance/expense_20260822.csv
2026-08-22,32157965,EVETIS_CPC_CORE,RUNNING,189.52,0.0,0.0,609,20,0,0.0,3.2841,9.476,NOT_AVAILABLE,raw/backfill_v1/performance/expense_20260822.csv
2026-08-22,32157988,EVETIS_CPC_CORE,RUNNING,88.37,0.0,0.0,633,15,0,0.0,2.3697,5.8913,NOT_AVAILABLE,raw/backfill_v1/performance/expense_20260822.csv
2026-08-22,32158176,EVETIS_CPC_CORE,RUNNING,120.75,0.0,0.0,629,15,0,0.0,2.3847,8.05,NOT_AVAILABLE,raw/backfill_v1/performance/expense_20260822.csv
2026-08-22,33678192,EVETIS_CPC_CORE,RUNNING,45.89,0.0,0.0,264,3,0,0.0,1.1364,15.2967,NOT_AVAILABLE,raw/backfill_v1/performance/expense_20260822.csv
2026-08-22,33678288,EVETIS_CPC_CORE,RUNNING,16.14,0.0,0.0,196,2,0,0.0,1.0204,8.07,NOT_AVAILABLE,raw/backfill_v1/performance/expense_20260822.csv
2026-08-22,33678331,EVETIS_CPC_CORE,INACTIVE,43.08,0.0,0.0,333,5,0,0.0,1.5015,8.616,NOT_AVAILABLE,raw/backfill_v1/performance/expense_20260822.csv
2026-08-22,33703975,EVETIS_CPC_CORE,RUNNING,23.76,0.0,0.0,314,5,0,0.0,1.5924,4.752,NOT_AVAILABLE,raw/backfill_v1/performance/expense_20260822.csv
2026-08-23,32157891,EVETIS_CPC_CORE,RUNNING,54.34,0.0,0.0,338,6,0,0.0,1.7751,9.0567,NOT_AVAILABLE,raw/backfill_v1/performance/expense_20260823.csv
2026-08-23,32157919,EVETIS_CPC_CORE,RUNNING,100.9,0.0,0.0,383,7,1,1001.0,1.8277,14.4143,NOT_AVAILABLE,raw/backfill_v1/performance/expense_20260823.csv
2026-08-23,32157947,EVETIS_CPC_CORE,RUNNING,32.52,0.0,0.0,150,3,0,0.0,2.0,10.84,NOT_AVAILABLE,raw/backfill_v1/performance/expense_20260823.csv
2026-08-23,32157965,EVETIS_CPC_CORE,RUNNING,214.37,0.0,0.0,645,27,0,0.0,4.186,7.9396,NOT_AVAILABLE,raw/backfill_v1/performance/expense_20260823.csv
2026-08-23,32157988,EVETIS_CPC_CORE,RUNNING,240.19,0.0,0.0,1177,33,0,0.0,2.8037,7.2785,NOT_AVAILABLE,raw/backfill_v1/performance/expense_20260823.csv
2026-08-23,32158176,EVETIS_CPC_CORE,RUNNING,109.77,0.0,0.0,689,13,0,0.0,1.8868,8.4438,NOT_AVAILABLE,raw/backfill_v1/performance/expense_20260823.csv
2026-08-23,33678192,EVETIS_CPC_CORE,RUNNING,74.08,0.0,0.0,254,5,0,0.0,1.9685,14.816,NOT_AVAILABLE,raw/backfill_v1/performance/expense_20260823.csv
2026-08-23,33678288,EVETIS_CPC_CORE,RUNNING,34.45,0.0,0.0,211,3,0,0.0,1.4218,11.4833,NOT_AVAILABLE,raw/backfill_v1/performance/expense_20260823.csv
2026-08-23,33678331,EVETIS_CPC_CORE,INACTIVE,131.79,0.0,0.0,450,12,0,0.0,2.6667,10.9825,NOT_AVAILABLE,raw/backfill_v1/performance/expense_20260823.csv
2026-08-23,33703975,EVETIS_CPC_CORE,RUNNING,34.37,0.0,0.0,382,5,0,0.0,1.3089,6.874,NOT_AVAILABLE,raw/backfill_v1/performance/expense_20260823.csv
2026-08-24,32157891,EVETIS_CPC_CORE,RUNNING,130.9,0.0,0.0,359,12,0,0.0,3.3426,10.9083,NOT_AVAILABLE,raw/backfill_v1/performance/expense_20260824.csv
2026-08-24,32157919,EVETIS_CPC_CORE,RUNNING,113.72,0.0,0.0,348,8,0,0.0,2.2989,14.215,NOT_AVAILABLE,raw/backfill_v1/performance/expense_20260824.csv
2026-08-24,32157947,EVETIS_CPC_CORE,RUNNING,3.37,0.0,0.0,138,1,0,0.0,0.7246,3.37,NOT_AVAILABLE,raw/backfill_v1/performance/expense_20260824.csv
2026-08-24,32157965,EVETIS_CPC_CORE,RUNNING,190.49,0.0,0.0,525,20,0,0.0,3.8095,9.5245,NOT_AVAILABLE,raw/backfill_v1/performance/expense_20260824.csv
2026-08-24,32157988,EVETIS_CPC_CORE,RUNNING,88.45,0.0,0.0,964,16,0,0.0,1.6598,5.5281,NOT_AVAILABLE,raw/backfill_v1/performance/expense_20260824.csv
2026-08-24,32158176,EVETIS_CPC_CORE,RUNNING,62.54,0.0,0.0,449,9,3,3019.0,2.0045,6.9489,NOT_AVAILABLE,raw/backfill_v1/performance/expense_20260824.csv
2026-08-24,33678192,EVETIS_CPC_CORE,RUNNING,61.96,0.0,0.0,256,4,0,0.0,1.5625,15.49,NOT_AVAILABLE,raw/backfill_v1/performance/expense_20260824.csv
2026-08-24,33678288,EVETIS_CPC_CORE,RUNNING,1.0,0.0,0.0,177,1,0,0.0,0.565,1.0,NOT_AVAILABLE,raw/backfill_v1/performance/expense_20260824.csv
2026-08-24,33678331,EVETIS_CPC_CORE,INACTIVE,63.79,0.0,0.0,352,7,0,0.0,1.9886,9.1129,NOT_AVAILABLE,raw/backfill_v1/performance/expense_20260824.csv
2026-08-24,33703975,EVETIS_CPC_CORE,RUNNING,41.94,0.0,0.0,282,6,0,0.0,2.1277,6.99,NOT_AVAILABLE,raw/backfill_v1/performance/expense_20260824.csv
2026-08-25,32157891,EVETIS_CPC_CORE,RUNNING,56.07,0.0,0.0,467,7,0,0.0,1.4989,8.01,NOT_AVAILABLE,raw/backfill_v1/performance/expense_20260825.csv
2026-08-25,32157919,EVETIS_CPC_CORE,RUNNING,85.12,0.0,0.0,521,6,0,0.0,1.1516,14.1867,NOT_AVAILABLE,raw/backfill_v1/performance/expense_20260825.csv
2026-08-25,32157947,EVETIS_CPC_CORE,RUNNING,7.65,0.0,0.0,191,1,0,0.0,0.5236,7.65,NOT_AVAILABLE,raw/backfill_v1/performance/expense_20260825.csv
2026-08-25,32157965,EVETIS_CPC_CORE,RUNNING,29.7,0.0,0.0,300,7,0,0.0,2.3333,4.2429,NOT_AVAILABLE,raw/backfill_v1/performance/expense_20260825.csv
2026-08-25,32157988,EVETIS_CPC_CORE,RUNNING,227.88,0.0,0.0,1644,26,1,1223.0,1.5815,8.7646,NOT_AVAILABLE,raw/backfill_v1/performance/expense_20260825.csv
2026-08-25,32158008,EVETIS_CPC_CORE,RUNNING,567.15,0.0,0.0,1526,50,0,0.0,3.2765,11.343,NOT_AVAILABLE,raw/backfill_v1/performance/expense_20260825.csv
2026-08-25,32158051,EVETIS_CPC_CORE,RUNNING,1226.6,0.0,0.0,2439,69,0,0.0,2.829,17.7768,NOT_AVAILABLE,raw/backfill_v1/performance/expense_20260825.csv
2026-08-25,32158176,EVETIS_CPC_CORE,RUNNING,30.44,0.0,0.0,522,4,1,1021.0,0.7663,7.61,NOT_AVAILABLE,raw/backfill_v1/performance/expense_20260825.csv
2026-08-25,33678192,EVETIS_CPC_CORE,RUNNING,61.15,0.0,0.0,215,7,0,0.0,3.2558,8.7357,NOT_AVAILABLE,raw/backfill_v1/performance/expense_20260825.csv
2026-08-25,33678288,EVETIS_CPC_CORE,RUNNING,178.94,0.0,0.0,483,12,0,0.0,2.4845,14.9117,NOT_AVAILABLE,raw/backfill_v1/performance/expense_20260825.csv
2026-08-25,33678331,EVETIS_CPC_CORE,INACTIVE,14.22,0.0,0.0,126,1,1,1223.0,0.7937,14.22,NOT_AVAILABLE,raw/backfill_v1/performance/expense_20260825.csv
2026-08-25,33703975,EVETIS_CPC_CORE,RUNNING,54.14,0.0,0.0,590,8,0,0.0,1.3559,6.7675,NOT_AVAILABLE,raw/backfill_v1/performance/expense_20260825.csv
2026-08-26,32157891,EVETIS_CPC_CORE,RUNNING,54.34,0.0,0.0,375,8,0,0.0,2.1333,6.7925,NOT_AVAILABLE,raw/backfill_v1/performance/expense_20260826.csv
2026-08-26,32157919,EVETIS_CPC_CORE,RUNNING,182.54,0.0,0.0,817,11,1,1065.0,1.3464,16.5945,NOT_AVAILABLE,raw/backfill_v1/performance/expense_20260826.csv
2026-08-26,32157947,EVETIS_CPC_CORE,RUNNING,51.9,0.0,0.0,282,8,0,0.0,2.8369,6.4875,NOT_AVAILABLE,raw/backfill_v1/performance/expense_20260826.csv
2026-08-26,32157965,EVETIS_CPC_CORE,RUNNING,83.61,0.0,0.0,274,17,0,0.0,6.2044,4.9182,NOT_AVAILABLE,raw/backfill_v1/performance/expense_20260826.csv
2026-08-26,32157988,EVETIS_CPC_CORE,RUNNING,429.76,0.0,0.0,2396,41,0,0.0,1.7112,10.482,NOT_AVAILABLE,raw/backfill_v1/performance/expense_20260826.csv
2026-08-26,32158008,EVETIS_CPC_CORE,RUNNING,151.74,0.0,0.0,555,14,0,0.0,2.5225,10.8386,NOT_AVAILABLE,raw/backfill_v1/performance/expense_20260826.csv
2026-08-26,32158051,EVETIS_CPC_CORE,RUNNING,581.22,0.0,0.0,1212,35,0,0.0,2.8878,16.6063,NOT_AVAILABLE,raw/backfill_v1/performance/expense_20260826.csv
2026-08-26,32158176,EVETIS_CPC_CORE,RUNNING,30.31,0.0,0.0,309,5,0,0.0,1.6181,6.062,NOT_AVAILABLE,raw/backfill_v1/performance/expense_20260826.csv
2026-08-26,33678192,EVETIS_CPC_CORE,RUNNING,17.34,0.0,0.0,174,2,1,1288.0,1.1494,8.67,NOT_AVAILABLE,raw/backfill_v1/performance/expense_20260826.csv
2026-08-26,33678288,EVETIS_CPC_CORE,RUNNING,258.78,0.0,0.0,865,14,1,1096.0,1.6185,18.4843,NOT_AVAILABLE,raw/backfill_v1/performance/expense_20260826.csv
2026-08-26,33703975,EVETIS_CPC_CORE,RUNNING,168.7,0.0,0.0,1233,21,0,0.0,1.7032,8.0333,NOT_AVAILABLE,raw/backfill_v1/performance/expense_20260826.csv
2026-08-27,32157891,EVETIS_CPC_CORE,RUNNING,51.23,0.0,0.0,358,7,1,813.0,1.9553,7.3186,NOT_AVAILABLE,raw/backfill_v1/performance/expense_20260827.csv
2026-08-27,32157919,EVETIS_CPC_CORE,RUNNING,187.99,0.0,0.0,770,12,0,0.0,1.5584,15.6658,NOT_AVAILABLE,raw/backfill_v1/performance/expense_20260827.csv
2026-08-27,32157947,EVETIS_CPC_CORE,RUNNING,21.7,0.0,0.0,263,3,0,0.0,1.1407,7.2333,NOT_AVAILABLE,raw/backfill_v1/performance/expense_20260827.csv
2026-08-27,32157965,EVETIS_CPC_CORE,RUNNING,75.79,0.0,0.0,210,17,0,0.0,8.0952,4.4582,NOT_AVAILABLE,raw/backfill_v1/performance/expense_20260827.csv
2026-08-27,32157988,EVETIS_CPC_CORE,RUNNING,367.51,0.0,0.0,1653,42,0,0.0,2.5408,8.7502,NOT_AVAILABLE,raw/backfill_v1/performance/expense_20260827.csv
2026-08-27,32158176,EVETIS_CPC_CORE,RUNNING,11.62,0.0,0.0,244,3,0,0.0,1.2295,3.8733,NOT_AVAILABLE,raw/backfill_v1/performance/expense_20260827.csv
2026-08-27,33678192,EVETIS_CPC_CORE,RUNNING,12.15,0.0,0.0,144,2,0,0.0,1.3889,6.075,NOT_AVAILABLE,raw/backfill_v1/performance/expense_20260827.csv
2026-08-27,33678288,EVETIS_CPC_CORE,RUNNING,64.09,0.0,0.0,677,6,1,1086.0,0.8863,10.6817,NOT_AVAILABLE,raw/backfill_v1/performance/expense_20260827.csv
2026-08-27,33703975,EVETIS_CPC_CORE,RUNNING,117.27,0.0,0.0,1093,11,0,0.0,1.0064,10.6609,NOT_AVAILABLE,raw/backfill_v1/performance/expense_20260827.csv
2026-08-28,32157891,EVETIS_CPC_CORE,RUNNING,35.08,0.0,0.0,288,5,0,0.0,1.7361,7.016,NOT_AVAILABLE,raw/backfill_v1/performance/expense_20260828.csv
2026-08-28,32157919,EVETIS_CPC_CORE,RUNNING,246.2,0.0,0.0,882,15,1,1001.0,1.7007,16.4133,NOT_AVAILABLE,raw/backfill_v1/performance/expense_20260828.csv
2026-08-28,32157947,EVETIS_CPC_CORE,RUNNING,99.3,0.0,0.0,401,12,0,0.0,2.9925,8.275,NOT_AVAILABLE,raw/backfill_v1/performance/expense_20260828.csv
2026-08-28,32157965,EVETIS_CPC_CORE,RUNNING,38.3,0.0,0.0,218,9,1,1183.0,4.1284,4.2556,NOT_AVAILABLE,raw/backfill_v1/performance/expense_20260828.csv
2026-08-28,32157988,EVETIS_CPC_CORE,RUNNING,584.13,0.0,0.0,1503,51,1,986.0,3.3932,11.4535,NOT_AVAILABLE,raw/backfill_v1/performance/expense_20260828.csv
2026-08-28,32158176,EVETIS_CPC_CORE,RUNNING,36.56,0.0,0.0,284,8,0,0.0,2.8169,4.57,NOT_AVAILABLE,raw/backfill_v1/performance/expense_20260828.csv
2026-08-28,33678192,EVETIS_CPC_CORE,RUNNING,22.08,0.0,0.0,144,3,0,0.0,2.0833,7.36,NOT_AVAILABLE,raw/backfill_v1/performance/expense_20260828.csv
2026-08-28,33678288,EVETIS_CPC_CORE,RUNNING,343.1,0.0,0.0,1038,24,1,1002.0,2.3121,14.2958,NOT_AVAILABLE,raw/backfill_v1/performance/expense_20260828.csv
2026-08-28,33703975,EVETIS_CPC_CORE,RUNNING,194.25,0.0,0.0,885,14,0,0.0,1.5819,13.875,NOT_AVAILABLE,raw/backfill_v1/performance/expense_20260828.csv
2026-08-29,32157891,EVETIS_CPC_CORE,RUNNING,12.64,0.0,0.0,407,2,0,0.0,0.4914,6.32,NOT_AVAILABLE,raw/backfill_v1/performance/expense_20260829.csv
2026-08-29,32157919,EVETIS_CPC_CORE,RUNNING,377.22,0.0,0.0,1439,24,1,913.0,1.6678,15.7175,NOT_AVAILABLE,raw/backfill_v1/performance/expense_20260829.csv
2026-08-29,32157947,EVETIS_CPC_CORE,RUNNING,48.81,0.0,0.0,440,6,0,0.0,1.3636,8.135,NOT_AVAILABLE,raw/backfill_v1/performance/expense_20260829.csv
2026-08-29,32157965,EVETIS_CPC_CORE,RUNNING,68.7,0.0,0.0,249,14,1,1233.0,5.6225,4.9071,NOT_AVAILABLE,raw/backfill_v1/performance/expense_20260829.csv
2026-08-29,32157988,EVETIS_CPC_CORE,RUNNING,313.47,0.0,0.0,1487,29,1,1036.0,1.9502,10.8093,NOT_AVAILABLE,raw/backfill_v1/performance/expense_20260829.csv
2026-08-29,32158176,EVETIS_CPC_CORE,RUNNING,35.73,0.0,0.0,222,8,0,0.0,3.6036,4.4662,NOT_AVAILABLE,raw/backfill_v1/performance/expense_20260829.csv
2026-08-29,33678192,EVETIS_CPC_CORE,RUNNING,17.16,0.0,0.0,151,2,0,0.0,1.3245,8.58,NOT_AVAILABLE,raw/backfill_v1/performance/expense_20260829.csv
2026-08-29,33678288,EVETIS_CPC_CORE,RUNNING,428.31,0.0,0.0,1209,34,0,0.0,2.8122,12.5974,NOT_AVAILABLE,raw/backfill_v1/performance/expense_20260829.csv
2026-08-29,33703975,EVETIS_CPC_CORE,RUNNING,69.7,0.0,0.0,523,8,1,1258.0,1.5296,8.7125,NOT_AVAILABLE,raw/backfill_v1/performance/expense_20260829.csv
2026-08-30,32157891,EVETIS_CPC_CORE,RUNNING,265.19,0.0,0.0,1091,24,0,0.0,2.1998,11.0496,NOT_AVAILABLE,raw/backfill_v1/performance/expense_20260830.csv
2026-08-30,32157919,EVETIS_CPC_CORE,RUNNING,221.93,0.0,0.0,894,13,0,0.0,1.4541,17.0715,NOT_AVAILABLE,raw/backfill_v1/performance/expense_20260830.csv
2026-08-30,32157947,EVETIS_CPC_CORE,RUNNING,49.65,0.0,0.0,311,6,0,0.0,1.9293,8.275,NOT_AVAILABLE,raw/backfill_v1/performance/expense_20260830.csv
2026-08-30,32157965,EVETIS_CPC_CORE,RUNNING,74.86,0.0,0.0,295,15,0,0.0,5.0847,4.9907,NOT_AVAILABLE,raw/backfill_v1/performance/expense_20260830.csv
2026-08-30,32157988,EVETIS_CPC_CORE,RUNNING,236.02,0.0,0.0,1048,22,0,0.0,2.0992,10.7282,NOT_AVAILABLE,raw/backfill_v1/performance/expense_20260830.csv
2026-08-30,32158008,EVETIS_CPC_CORE,RUNNING,194.31,0.0,0.0,739,29,1,1937.0,3.9242,6.7003,NOT_AVAILABLE,raw/backfill_v1/performance/expense_20260830.csv
2026-08-30,32158051,EVETIS_CPC_CORE,RUNNING,241.62,0.0,0.0,695,32,0,0.0,4.6043,7.5506,NOT_AVAILABLE,raw/backfill_v1/performance/expense_20260830.csv
2026-08-30,32158176,EVETIS_CPC_CORE,RUNNING,22.31,0.0,0.0,262,8,0,0.0,3.0534,2.7887,NOT_AVAILABLE,raw/backfill_v1/performance/expense_20260830.csv
2026-08-30,33678192,EVETIS_CPC_CORE,RUNNING,42.52,0.0,0.0,146,5,0,0.0,3.4247,8.504,NOT_AVAILABLE,raw/backfill_v1/performance/expense_20260830.csv
2026-08-30,33678288,EVETIS_CPC_CORE,RUNNING,82.49,0.0,0.0,611,8,0,0.0,1.3093,10.3112,NOT_AVAILABLE,raw/backfill_v1/performance/expense_20260830.csv
2026-08-30,33703975,EVETIS_CPC_CORE,RUNNING,339.78,0.0,0.0,1050,18,0,0.0,1.7143,18.8767,NOT_AVAILABLE,raw/backfill_v1/performance/expense_20260830.csv
2026-08-31,32157891,EVETIS_CPC_CORE,RUNNING,NOT_AVAILABLE,NOT_AVAILABLE,NOT_AVAILABLE,1295,18,0,0.0,1.39,NOT_APPLICABLE,NOT_AVAILABLE,performance/daily_*.csv
2026-08-31,32157919,EVETIS_CPC_CORE,RUNNING,NOT_AVAILABLE,NOT_AVAILABLE,NOT_AVAILABLE,58,4,0,0.0,6.8966,NOT_APPLICABLE,NOT_AVAILABLE,performance/daily_*.csv
2026-08-31,32157947,EVETIS_CPC_CORE,RUNNING,NOT_AVAILABLE,NOT_AVAILABLE,NOT_AVAILABLE,70,3,0,0.0,4.2857,NOT_APPLICABLE,NOT_AVAILABLE,performance/daily_*.csv
2026-08-31,32157965,EVETIS_CPC_CORE,RUNNING,NOT_AVAILABLE,NOT_AVAILABLE,NOT_AVAILABLE,168,5,1,1133.0,2.9762,NOT_APPLICABLE,NOT_AVAILABLE,performance/daily_*.csv
2026-08-31,32157988,EVETIS_CPC_CORE,RUNNING,NOT_AVAILABLE,NOT_AVAILABLE,NOT_AVAILABLE,340,9,1,1086.0,2.6471,NOT_APPLICABLE,NOT_AVAILABLE,performance/daily_*.csv
2026-08-31,32158008,EVETIS_CPC_CORE,RUNNING,NOT_AVAILABLE,NOT_AVAILABLE,NOT_AVAILABLE,550,28,1,1937.0,5.0909,NOT_APPLICABLE,NOT_AVAILABLE,performance/daily_*.csv
2026-08-31,32158051,EVETIS_CPC_CORE,RUNNING,NOT_AVAILABLE,NOT_AVAILABLE,NOT_AVAILABLE,522,30,0,0.0,5.7471,NOT_APPLICABLE,NOT_AVAILABLE,performance/daily_*.csv
2026-08-31,32158176,EVETIS_CPC_CORE,RUNNING,NOT_AVAILABLE,NOT_AVAILABLE,NOT_AVAILABLE,152,3,1,999.0,1.9737,NOT_APPLICABLE,NOT_AVAILABLE,performance/daily_*.csv
2026-08-31,33678192,EVETIS_CPC_CORE,RUNNING,NOT_AVAILABLE,NOT_AVAILABLE,NOT_AVAILABLE,56,0,0,0.0,0.0,NOT_APPLICABLE,NOT_AVAILABLE,performance/daily_*.csv
2026-08-31,33678288,EVETIS_CPC_CORE,RUNNING,NOT_AVAILABLE,NOT_AVAILABLE,NOT_AVAILABLE,157,5,1,1096.0,3.1847,NOT_APPLICABLE,NOT_AVAILABLE,performance/daily_*.csv
2026-08-31,33703975,EVETIS_CPC_CORE,RUNNING,NOT_AVAILABLE,NOT_AVAILABLE,NOT_AVAILABLE,679,12,1,1208.0,1.7673,NOT_APPLICABLE,NOT_AVAILABLE,performance/daily_*.csv
