DATE,SKU,CELL,METRIC,OLD,NEW,CHANGE_TYPE,SOURCE,REASON
"2026-09-10","252442517","AG746","storage","20.7","","LATE_SOURCE_CORRECTION","RAW_WB_PAID_STORAGE","день 2026-09-10 закрыт в книге 2026-09-10; в ячейке стояла формула-наследие, источник RAW_WB_PAID_STORAGE даёт GAP (пусто)"
"2026-09 (все 30 строк)","252442517","AD737","commission","0.454322","0.453985","MODEL_PARAMETER_REFRESH","V_UNITKA_COMMISSION_RATES 2026-08-12..2026-09-10 (своя)","ставка rolling-окна пересчитана (V_UNITKA_COMMISSION_RATES 2026-08-12..2026-09-10 (своя))"
"2026-09 (все 30 строк)","252442517","AD738","commission","0.454322","0.453985","MODEL_PARAMETER_REFRESH","V_UNITKA_COMMISSION_RATES 2026-08-12..2026-09-10 (своя)","ставка rolling-окна пересчитана (V_UNITKA_COMMISSION_RATES 2026-08-12..2026-09-10 (своя))"
"2026-09 (все 30 строк)","252442517","AD739","commission","0.454322","0.453985","MODEL_PARAMETER_REFRESH","V_UNITKA_COMMISSION_RATES 2026-08-12..2026-09-10 (своя)","ставка rolling-окна пересчитана (V_UNITKA_COMMISSION_RATES 2026-08-12..2026-09-10 (своя))"
"2026-09 (все 30 строк)","252442517","AD740","commission","0.454322","0.453985","MODEL_PARAMETER_REFRESH","V_UNITKA_COMMISSION_RATES 2026-08-12..2026-09-10 (своя)","ставка rolling-окна пересчитана (V_UNITKA_COMMISSION_RATES 2026-08-12..2026-09-10 (своя))"
"2026-09 (все 30 строк)","252442517","AD741","commission","0.454322","0.453985","MODEL_PARAMETER_REFRESH","V_UNITKA_COMMISSION_RATES 2026-08-12..2026-09-10 (своя)","ставка rolling-окна пересчитана (V_UNITKA_COMMISSION_RATES 2026-08-12..2026-09-10 (своя))"
"2026-09 (все 30 строк)","252442517","AD742","commission","0.454322","0.453985","MODEL_PARAMETER_REFRESH","V_UNITKA_COMMISSION_RATES 2026-08-12..2026-09-10 (своя)","ставка rolling-окна пересчитана (V_UNITKA_COMMISSION_RATES 2026-08-12..2026-09-10 (своя))"
"2026-09 (все 30 строк)","252442517","AD743","commission","0.454322","0.453985","MODEL_PARAMETER_REFRESH","V_UNITKA_COMMISSION_RATES 2026-08-12..2026-09-10 (своя)","ставка rolling-окна пересчитана (V_UNITKA_COMMISSION_RATES 2026-08-12..2026-09-10 (своя))"
"2026-09 (все 30 строк)","252442517","AD744","commission","0.454322","0.453985","MODEL_PARAMETER_REFRESH","V_UNITKA_COMMISSION_RATES 2026-08-12..2026-09-10 (своя)","ставка rolling-окна пересчитана (V_UNITKA_COMMISSION_RATES 2026-08-12..2026-09-10 (своя))"
"2026-09 (все 30 строк)","252442517","AD745","commission","0.454322","0.453985","MODEL_PARAMETER_REFRESH","V_UNITKA_COMMISSION_RATES 2026-08-12..2026-09-10 (своя)","ставка rolling-окна пересчитана (V_UNITKA_COMMISSION_RATES 2026-08-12..2026-09-10 (своя))"
"2026-09 (все 30 строк)","252442517","AD746","commission","0.454322","0.453985","MODEL_PARAMETER_REFRESH","V_UNITKA_COMMISSION_RATES 2026-08-12..2026-09-10 (своя)","ставка rolling-окна пересчитана (V_UNITKA_COMMISSION_RATES 2026-08-12..2026-09-10 (своя))"
"2026-09 (все 30 строк)","252442517","AD747","commission","0.454322","0.453985","MODEL_PARAMETER_REFRESH","V_UNITKA_COMMISSION_RATES 2026-08-12..2026-09-10 (своя)","ставка rolling-окна пересчитана (V_UNITKA_COMMISSION_RATES 2026-08-12..2026-09-10 (своя))"
"2026-09 (все 30 строк)","252442517","AD748","commission","0.454322","0.453985","MODEL_PARAMETER_REFRESH","V_UNITKA_COMMISSION_RATES 2026-08-12..2026-09-10 (своя)","ставка rolling-окна пересчитана (V_UNITKA_COMMISSION_RATES 2026-08-12..2026-09-10 (своя))"
"2026-09 (все 30 строк)","252442517","AD749","commission","0.454322","0.453985","MODEL_PARAMETER_REFRESH","V_UNITKA_COMMISSION_RATES 2026-08-12..2026-09-10 (своя)","ставка rolling-окна пересчитана (V_UNITKA_COMMISSION_RATES 2026-08-12..2026-09-10 (своя))"
"2026-09 (все 30 строк)","252442517","AD750","commission","0.454322","0.453985","MODEL_PARAMETER_REFRESH","V_UNITKA_COMMISSION_RATES 2026-08-12..2026-09-10 (своя)","ставка rolling-окна пересчитана (V_UNITKA_COMMISSION_RATES 2026-08-12..2026-09-10 (своя))"
"2026-09 (все 30 строк)","252442517","AD751","commission","0.454322","0.453985","MODEL_PARAMETER_REFRESH","V_UNITKA_COMMISSION_RATES 2026-08-12..2026-09-10 (своя)","ставка rolling-окна пересчитана (V_UNITKA_COMMISSION_RATES 2026-08-12..2026-09-10 (своя))"
"2026-09 (все 30 строк)","252442517","AD752","commission","0.454322","0.453985","MODEL_PARAMETER_REFRESH","V_UNITKA_COMMISSION_RATES 2026-08-12..2026-09-10 (своя)","ставка rolling-окна пересчитана (V_UNITKA_COMMISSION_RATES 2026-08-12..2026-09-10 (своя))"
"2026-09 (все 30 строк)","252442517","AD753","commission","0.454322","0.453985","MODEL_PARAMETER_REFRESH","V_UNITKA_COMMISSION_RATES 2026-08-12..2026-09-10 (своя)","ставка rolling-окна пересчитана (V_UNITKA_COMMISSION_RATES 2026-08-12..2026-09-10 (своя))"
"2026-09 (все 30 строк)","252442517","AD754","commission","0.454322","0.453985","MODEL_PARAMETER_REFRESH","V_UNITKA_COMMISSION_RATES 2026-08-12..2026-09-10 (своя)","ставка rolling-окна пересчитана (V_UNITKA_COMMISSION_RATES 2026-08-12..2026-09-10 (своя))"
"2026-09 (все 30 строк)","252442517","AD755","commission","0.454322","0.453985","MODEL_PARAMETER_REFRESH","V_UNITKA_COMMISSION_RATES 2026-08-12..2026-09-10 (своя)","ставка rolling-окна пересчитана (V_UNITKA_COMMISSION_RATES 2026-08-12..2026-09-10 (своя))"
"2026-09 (все 30 строк)","252442517","AD756","commission","0.454322","0.453985","MODEL_PARAMETER_REFRESH","V_UNITKA_COMMISSION_RATES 2026-08-12..2026-09-10 (своя)","ставка rolling-окна пересчитана (V_UNITKA_COMMISSION_RATES 2026-08-12..2026-09-10 (своя))"
"2026-09 (все 30 строк)","252442517","AD757","commission","0.454322","0.453985","MODEL_PARAMETER_REFRESH","V_UNITKA_COMMISSION_RATES 2026-08-12..2026-09-10 (своя)","ставка rolling-окна пересчитана (V_UNITKA_COMMISSION_RATES 2026-08-12..2026-09-10 (своя))"
"2026-09 (все 30 строк)","252442517","AD758","commission","0.454322","0.453985","MODEL_PARAMETER_REFRESH","V_UNITKA_COMMISSION_RATES 2026-08-12..2026-09-10 (своя)","ставка rolling-окна пересчитана (V_UNITKA_COMMISSION_RATES 2026-08-12..2026-09-10 (своя))"
"2026-09 (все 30 строк)","252442517","AD759","commission","0.454322","0.453985","MODEL_PARAMETER_REFRESH","V_UNITKA_COMMISSION_RATES 2026-08-12..2026-09-10 (своя)","ставка rolling-окна пересчитана (V_UNITKA_COMMISSION_RATES 2026-08-12..2026-09-10 (своя))"
"2026-09 (все 30 строк)","252442517","AD760","commission","0.454322","0.453985","MODEL_PARAMETER_REFRESH","V_UNITKA_COMMISSION_RATES 2026-08-12..2026-09-10 (своя)","ставка rolling-окна пересчитана (V_UNITKA_COMMISSION_RATES 2026-08-12..2026-09-10 (своя))"
"2026-09 (все 30 строк)","252442517","AD761","commission","0.454322","0.453985","MODEL_PARAMETER_REFRESH","V_UNITKA_COMMISSION_RATES 2026-08-12..2026-09-10 (своя)","ставка rolling-окна пересчитана (V_UNITKA_COMMISSION_RATES 2026-08-12..2026-09-10 (своя))"
"2026-09 (все 30 строк)","252442517","AD762","commission","0.454322","0.453985","MODEL_PARAMETER_REFRESH","V_UNITKA_COMMISSION_RATES 2026-08-12..2026-09-10 (своя)","ставка rolling-окна пересчитана (V_UNITKA_COMMISSION_RATES 2026-08-12..2026-09-10 (своя))"
"2026-09 (все 30 строк)","252442517","AD763","commission","0.454322","0.453985","MODEL_PARAMETER_REFRESH","V_UNITKA_COMMISSION_RATES 2026-08-12..2026-09-10 (своя)","ставка rolling-окна пересчитана (V_UNITKA_COMMISSION_RATES 2026-08-12..2026-09-10 (своя))"
"2026-09 (все 30 строк)","252442517","AD764","commission","0.454322","0.453985","MODEL_PARAMETER_REFRESH","V_UNITKA_COMMISSION_RATES 2026-08-12..2026-09-10 (своя)","ставка rolling-окна пересчитана (V_UNITKA_COMMISSION_RATES 2026-08-12..2026-09-10 (своя))"
"2026-09 (все 30 строк)","252442517","AD765","commission","0.454322","0.453985","MODEL_PARAMETER_REFRESH","V_UNITKA_COMMISSION_RATES 2026-08-12..2026-09-10 (своя)","ставка rolling-окна пересчитана (V_UNITKA_COMMISSION_RATES 2026-08-12..2026-09-10 (своя))"
"2026-09 (все 30 строк)","252442517","AD766","commission","0.454322","0.453985","MODEL_PARAMETER_REFRESH","V_UNITKA_COMMISSION_RATES 2026-08-12..2026-09-10 (своя)","ставка rolling-окна пересчитана (V_UNITKA_COMMISSION_RATES 2026-08-12..2026-09-10 (своя))"
"2026-09-01","252442341","BE737","storage","0","0","NO_CHANGE","RAW_WB_PAID_STORAGE","формула-наследие → значение, результат тот же"
"2026-09-02","252442341","BE738","storage","0","0","NO_CHANGE","RAW_WB_PAID_STORAGE","формула-наследие → значение, результат тот же"
"2026-09-03","252442341","BE739","storage","0","0","NO_CHANGE","RAW_WB_PAID_STORAGE","формула-наследие → значение, результат тот же"
"2026-09-04","252442341","BE740","storage","0","0","NO_CHANGE","RAW_WB_PAID_STORAGE","формула-наследие → значение, результат тот же"
"2026-09-05","252442341","BE741","storage","0","0","NO_CHANGE","RAW_WB_PAID_STORAGE","формула-наследие → значение, результат тот же"
"2026-09-06","252442341","BE742","storage","0","0","NO_CHANGE","RAW_WB_PAID_STORAGE","формула-наследие → значение, результат тот же"
"2026-09-07","252442341","BE743","storage","0","0","NO_CHANGE","RAW_WB_PAID_STORAGE","формула-наследие → значение, результат тот же"
"2026-09-08","252442341","BE744","storage","0","0","NO_CHANGE","RAW_WB_PAID_STORAGE","формула-наследие → значение, результат тот же"
"2026-09-09","252442341","BE745","storage","0","0","NO_CHANGE","RAW_WB_PAID_STORAGE","формула-наследие → значение, результат тот же"
"2026-09-10","252442341","AR746","stock","0","0","NO_CHANGE","FACT_STOCKS_SNAPSHOT","формула-наследие → значение, результат тот же"
"2026-09 (все 30 строк)","252442341","BB737","commission","0.455916","0.45578","MODEL_PARAMETER_REFRESH","V_UNITKA_COMMISSION_RATES 2026-08-12..2026-09-10 (магазин)","ставка rolling-окна пересчитана (V_UNITKA_COMMISSION_RATES 2026-08-12..2026-09-10 (магазин))"
"2026-09 (все 30 строк)","252442341","BB738","commission","0.455916","0.45578","MODEL_PARAMETER_REFRESH","V_UNITKA_COMMISSION_RATES 2026-08-12..2026-09-10 (магазин)","ставка rolling-окна пересчитана (V_UNITKA_COMMISSION_RATES 2026-08-12..2026-09-10 (магазин))"
"2026-09 (все 30 строк)","252442341","BB739","commission","0.455916","0.45578","MODEL_PARAMETER_REFRESH","V_UNITKA_COMMISSION_RATES 2026-08-12..2026-09-10 (магазин)","ставка rolling-окна пересчитана (V_UNITKA_COMMISSION_RATES 2026-08-12..2026-09-10 (магазин))"
"2026-09 (все 30 строк)","252442341","BB740","commission","0.455916","0.45578","MODEL_PARAMETER_REFRESH","V_UNITKA_COMMISSION_RATES 2026-08-12..2026-09-10 (магазин)","ставка rolling-окна пересчитана (V_UNITKA_COMMISSION_RATES 2026-08-12..2026-09-10 (магазин))"
"2026-09 (все 30 строк)","252442341","BB741","commission","0.455916","0.45578","MODEL_PARAMETER_REFRESH","V_UNITKA_COMMISSION_RATES 2026-08-12..2026-09-10 (магазин)","ставка rolling-окна пересчитана (V_UNITKA_COMMISSION_RATES 2026-08-12..2026-09-10 (магазин))"
"2026-09 (все 30 строк)","252442341","BB742","commission","0.455916","0.45578","MODEL_PARAMETER_REFRESH","V_UNITKA_COMMISSION_RATES 2026-08-12..2026-09-10 (магазин)","ставка rolling-окна пересчитана (V_UNITKA_COMMISSION_RATES 2026-08-12..2026-09-10 (магазин))"
"2026-09 (все 30 строк)","252442341","BB743","commission","0.455916","0.45578","MODEL_PARAMETER_REFRESH","V_UNITKA_COMMISSION_RATES 2026-08-12..2026-09-10 (магазин)","ставка rolling-окна пересчитана (V_UNITKA_COMMISSION_RATES 2026-08-12..2026-09-10 (магазин))"
"2026-09 (все 30 строк)","252442341","BB744","commission","0.455916","0.45578","MODEL_PARAMETER_REFRESH","V_UNITKA_COMMISSION_RATES 2026-08-12..2026-09-10 (магазин)","ставка rolling-окна пересчитана (V_UNITKA_COMMISSION_RATES 2026-08-12..2026-09-10 (магазин))"
"2026-09 (все 30 строк)","252442341","BB745","commission","0.455916","0.45578","MODEL_PARAMETER_REFRESH","V_UNITKA_COMMISSION_RATES 2026-08-12..2026-09-10 (магазин)","ставка rolling-окна пересчитана (V_UNITKA_COMMISSION_RATES 2026-08-12..2026-09-10 (магазин))"
"2026-09 (все 30 строк)","252442341","BB746","commission","0.455916","0.45578","MODEL_PARAMETER_REFRESH","V_UNITKA_COMMISSION_RATES 2026-08-12..2026-09-10 (магазин)","ставка rolling-окна пересчитана (V_UNITKA_COMMISSION_RATES 2026-08-12..2026-09-10 (магазин))"
"2026-09 (все 30 строк)","252442341","BB747","commission","0.455916","0.45578","MODEL_PARAMETER_REFRESH","V_UNITKA_COMMISSION_RATES 2026-08-12..2026-09-10 (магазин)","ставка rolling-окна пересчитана (V_UNITKA_COMMISSION_RATES 2026-08-12..2026-09-10 (магазин))"
"2026-09 (все 30 строк)","252442341","BB748","commission","0.455916","0.45578","MODEL_PARAMETER_REFRESH","V_UNITKA_COMMISSION_RATES 2026-08-12..2026-09-10 (магазин)","ставка rolling-окна пересчитана (V_UNITKA_COMMISSION_RATES 2026-08-12..2026-09-10 (магазин))"
"2026-09 (все 30 строк)","252442341","BB749","commission","0.455916","0.45578","MODEL_PARAMETER_REFRESH","V_UNITKA_COMMISSION_RATES 2026-08-12..2026-09-10 (магазин)","ставка rolling-окна пересчитана (V_UNITKA_COMMISSION_RATES 2026-08-12..2026-09-10 (магазин))"
"2026-09 (все 30 строк)","252442341","BB750","commission","0.455916","0.45578","MODEL_PARAMETER_REFRESH","V_UNITKA_COMMISSION_RATES 2026-08-12..2026-09-10 (магазин)","ставка rolling-окна пересчитана (V_UNITKA_COMMISSION_RATES 2026-08-12..2026-09-10 (магазин))"
"2026-09 (все 30 строк)","252442341","BB751","commission","0.455916","0.45578","MODEL_PARAMETER_REFRESH","V_UNITKA_COMMISSION_RATES 2026-08-12..2026-09-10 (магазин)","ставка rolling-окна пересчитана (V_UNITKA_COMMISSION_RATES 2026-08-12..2026-09-10 (магазин))"
"2026-09 (все 30 строк)","252442341","BB752","commission","0.455916","0.45578","MODEL_PARAMETER_REFRESH","V_UNITKA_COMMISSION_RATES 2026-08-12..2026-09-10 (магазин)","ставка rolling-окна пересчитана (V_UNITKA_COMMISSION_RATES 2026-08-12..2026-09-10 (магазин))"
"2026-09 (все 30 строк)","252442341","BB753","commission","0.455916","0.45578","MODEL_PARAMETER_REFRESH","V_UNITKA_COMMISSION_RATES 2026-08-12..2026-09-10 (магазин)","ставка rolling-окна пересчитана (V_UNITKA_COMMISSION_RATES 2026-08-12..2026-09-10 (магазин))"
"2026-09 (все 30 строк)","252442341","BB754","commission","0.455916","0.45578","MODEL_PARAMETER_REFRESH","V_UNITKA_COMMISSION_RATES 2026-08-12..2026-09-10 (магазин)","ставка rolling-окна пересчитана (V_UNITKA_COMMISSION_RATES 2026-08-12..2026-09-10 (магазин))"
"2026-09 (все 30 строк)","252442341","BB755","commission","0.455916","0.45578","MODEL_PARAMETER_REFRESH","V_UNITKA_COMMISSION_RATES 2026-08-12..2026-09-10 (магазин)","ставка rolling-окна пересчитана (V_UNITKA_COMMISSION_RATES 2026-08-12..2026-09-10 (магазин))"
"2026-09 (все 30 строк)","252442341","BB756","commission","0.455916","0.45578","MODEL_PARAMETER_REFRESH","V_UNITKA_COMMISSION_RATES 2026-08-12..2026-09-10 (магазин)","ставка rolling-окна пересчитана (V_UNITKA_COMMISSION_RATES 2026-08-12..2026-09-10 (магазин))"
"2026-09 (все 30 строк)","252442341","BB757","commission","0.455916","0.45578","MODEL_PARAMETER_REFRESH","V_UNITKA_COMMISSION_RATES 2026-08-12..2026-09-10 (магазин)","ставка rolling-окна пересчитана (V_UNITKA_COMMISSION_RATES 2026-08-12..2026-09-10 (магазин))"
"2026-09 (все 30 строк)","252442341","BB758","commission","0.455916","0.45578","MODEL_PARAMETER_REFRESH","V_UNITKA_COMMISSION_RATES 2026-08-12..2026-09-10 (магазин)","ставка rolling-окна пересчитана (V_UNITKA_COMMISSION_RATES 2026-08-12..2026-09-10 (магазин))"
"2026-09 (все 30 строк)","252442341","BB759","commission","0.455916","0.45578","MODEL_PARAMETER_REFRESH","V_UNITKA_COMMISSION_RATES 2026-08-12..2026-09-10 (магазин)","ставка rolling-окна пересчитана (V_UNITKA_COMMISSION_RATES 2026-08-12..2026-09-10 (магазин))"
"2026-09 (все 30 строк)","252442341","BB760","commission","0.455916","0.45578","MODEL_PARAMETER_REFRESH","V_UNITKA_COMMISSION_RATES 2026-08-12..2026-09-10 (магазин)","ставка rolling-окна пересчитана (V_UNITKA_COMMISSION_RATES 2026-08-12..2026-09-10 (магазин))"
"2026-09 (все 30 строк)","252442341","BB761","commission","0.455916","0.45578","MODEL_PARAMETER_REFRESH","V_UNITKA_COMMISSION_RATES 2026-08-12..2026-09-10 (магазин)","ставка rolling-окна пересчитана (V_UNITKA_COMMISSION_RATES 2026-08-12..2026-09-10 (магазин))"
"2026-09 (все 30 строк)","252442341","BB762","commission","0.455916","0.45578","MODEL_PARAMETER_REFRESH","V_UNITKA_COMMISSION_RATES 2026-08-12..2026-09-10 (магазин)","ставка rolling-окна пересчитана (V_UNITKA_COMMISSION_RATES 2026-08-12..2026-09-10 (магазин))"
"2026-09 (все 30 строк)","252442341","BB763","commission","0.455916","0.45578","MODEL_PARAMETER_REFRESH","V_UNITKA_COMMISSION_RATES 2026-08-12..2026-09-10 (магазин)","ставка rolling-окна пересчитана (V_UNITKA_COMMISSION_RATES 2026-08-12..2026-09-10 (магазин))"
"2026-09 (все 30 строк)","252442341","BB764","commission","0.455916","0.45578","MODEL_PARAMETER_REFRESH","V_UNITKA_COMMISSION_RATES 2026-08-12..2026-09-10 (магазин)","ставка rolling-окна пересчитана (V_UNITKA_COMMISSION_RATES 2026-08-12..2026-09-10 (магазин))"
"2026-09 (все 30 строк)","252442341","BB765","commission","0.455916","0.45578","MODEL_PARAMETER_REFRESH","V_UNITKA_COMMISSION_RATES 2026-08-12..2026-09-10 (магазин)","ставка rolling-окна пересчитана (V_UNITKA_COMMISSION_RATES 2026-08-12..2026-09-10 (магазин))"
"2026-09 (все 30 строк)","252442341","BB766","commission","0.455916","0.45578","MODEL_PARAMETER_REFRESH","V_UNITKA_COMMISSION_RATES 2026-08-12..2026-09-10 (магазин)","ставка rolling-окна пересчитана (V_UNITKA_COMMISSION_RATES 2026-08-12..2026-09-10 (магазин))"
"2026-09-01","252441968","CC737","storage","0","0","NO_CHANGE","RAW_WB_PAID_STORAGE","формула-наследие → значение, результат тот же"
"2026-09-02","252441968","CC738","storage","0","0","NO_CHANGE","RAW_WB_PAID_STORAGE","формула-наследие → значение, результат тот же"
"2026-09-03","252441968","CC739","storage","0","0","NO_CHANGE","RAW_WB_PAID_STORAGE","формула-наследие → значение, результат тот же"
"2026-09-04","252441968","CC740","storage","0","0","NO_CHANGE","RAW_WB_PAID_STORAGE","формула-наследие → значение, результат тот же"
"2026-09-05","252441968","CC741","storage","0","0","NO_CHANGE","RAW_WB_PAID_STORAGE","формула-наследие → значение, результат тот же"
"2026-09-06","252441968","CC742","storage","0","0","NO_CHANGE","RAW_WB_PAID_STORAGE","формула-наследие → значение, результат тот же"
"2026-09-07","252441968","CC743","storage","0","0","NO_CHANGE","RAW_WB_PAID_STORAGE","формула-наследие → значение, результат тот же"
"2026-09-08","252441968","CC744","storage","0","0","NO_CHANGE","RAW_WB_PAID_STORAGE","формула-наследие → значение, результат тот же"
"2026-09-09","252441968","CC745","storage","0","0","NO_CHANGE","RAW_WB_PAID_STORAGE","формула-наследие → значение, результат тот же"
"2026-09-10","252441968","BP746","stock","0","0","NO_CHANGE","FACT_STOCKS_SNAPSHOT","формула-наследие → значение, результат тот же"
"2026-09 (все 30 строк)","252441968","BZ737","commission","0.455916","0.45578","MODEL_PARAMETER_REFRESH","V_UNITKA_COMMISSION_RATES 2026-08-12..2026-09-10 (магазин)","ставка rolling-окна пересчитана (V_UNITKA_COMMISSION_RATES 2026-08-12..2026-09-10 (магазин))"
"2026-09 (все 30 строк)","252441968","BZ738","commission","0.455916","0.45578","MODEL_PARAMETER_REFRESH","V_UNITKA_COMMISSION_RATES 2026-08-12..2026-09-10 (магазин)","ставка rolling-окна пересчитана (V_UNITKA_COMMISSION_RATES 2026-08-12..2026-09-10 (магазин))"
"2026-09 (все 30 строк)","252441968","BZ739","commission","0.455916","0.45578","MODEL_PARAMETER_REFRESH","V_UNITKA_COMMISSION_RATES 2026-08-12..2026-09-10 (магазин)","ставка rolling-окна пересчитана (V_UNITKA_COMMISSION_RATES 2026-08-12..2026-09-10 (магазин))"
"2026-09 (все 30 строк)","252441968","BZ740","commission","0.455916","0.45578","MODEL_PARAMETER_REFRESH","V_UNITKA_COMMISSION_RATES 2026-08-12..2026-09-10 (магазин)","ставка rolling-окна пересчитана (V_UNITKA_COMMISSION_RATES 2026-08-12..2026-09-10 (магазин))"
"2026-09 (все 30 строк)","252441968","BZ741","commission","0.455916","0.45578","MODEL_PARAMETER_REFRESH","V_UNITKA_COMMISSION_RATES 2026-08-12..2026-09-10 (магазин)","ставка rolling-окна пересчитана (V_UNITKA_COMMISSION_RATES 2026-08-12..2026-09-10 (магазин))"
"2026-09 (все 30 строк)","252441968","BZ742","commission","0.455916","0.45578","MODEL_PARAMETER_REFRESH","V_UNITKA_COMMISSION_RATES 2026-08-12..2026-09-10 (магазин)","ставка rolling-окна пересчитана (V_UNITKA_COMMISSION_RATES 2026-08-12..2026-09-10 (магазин))"
"2026-09 (все 30 строк)","252441968","BZ743","commission","0.455916","0.45578","MODEL_PARAMETER_REFRESH","V_UNITKA_COMMISSION_RATES 2026-08-12..2026-09-10 (магазин)","ставка rolling-окна пересчитана (V_UNITKA_COMMISSION_RATES 2026-08-12..2026-09-10 (магазин))"
"2026-09 (все 30 строк)","252441968","BZ744","commission","0.455916","0.45578","MODEL_PARAMETER_REFRESH","V_UNITKA_COMMISSION_RATES 2026-08-12..2026-09-10 (магазин)","ставка rolling-окна пересчитана (V_UNITKA_COMMISSION_RATES 2026-08-12..2026-09-10 (магазин))"
"2026-09 (все 30 строк)","252441968","BZ745","commission","0.455916","0.45578","MODEL_PARAMETER_REFRESH","V_UNITKA_COMMISSION_RATES 2026-08-12..2026-09-10 (магазин)","ставка rolling-окна пересчитана (V_UNITKA_COMMISSION_RATES 2026-08-12..2026-09-10 (магазин))"
"2026-09 (все 30 строк)","252441968","BZ746","commission","0.455916","0.45578","MODEL_PARAMETER_REFRESH","V_UNITKA_COMMISSION_RATES 2026-08-12..2026-09-10 (магазин)","ставка rolling-окна пересчитана (V_UNITKA_COMMISSION_RATES 2026-08-12..2026-09-10 (магазин))"
"2026-09 (все 30 строк)","252441968","BZ747","commission","0.455916","0.45578","MODEL_PARAMETER_REFRESH","V_UNITKA_COMMISSION_RATES 2026-08-12..2026-09-10 (магазин)","ставка rolling-окна пересчитана (V_UNITKA_COMMISSION_RATES 2026-08-12..2026-09-10 (магазин))"
"2026-09 (все 30 строк)","252441968","BZ748","commission","0.455916","0.45578","MODEL_PARAMETER_REFRESH","V_UNITKA_COMMISSION_RATES 2026-08-12..2026-09-10 (магазин)","ставка rolling-окна пересчитана (V_UNITKA_COMMISSION_RATES 2026-08-12..2026-09-10 (магазин))"
"2026-09 (все 30 строк)","252441968","BZ749","commission","0.455916","0.45578","MODEL_PARAMETER_REFRESH","V_UNITKA_COMMISSION_RATES 2026-08-12..2026-09-10 (магазин)","ставка rolling-окна пересчитана (V_UNITKA_COMMISSION_RATES 2026-08-12..2026-09-10 (магазин))"
"2026-09 (все 30 строк)","252441968","BZ750","commission","0.455916","0.45578","MODEL_PARAMETER_REFRESH","V_UNITKA_COMMISSION_RATES 2026-08-12..2026-09-10 (магазин)","ставка rolling-окна пересчитана (V_UNITKA_COMMISSION_RATES 2026-08-12..2026-09-10 (магазин))"
"2026-09 (все 30 строк)","252441968","BZ751","commission","0.455916","0.45578","MODEL_PARAMETER_REFRESH","V_UNITKA_COMMISSION_RATES 2026-08-12..2026-09-10 (магазин)","ставка rolling-окна пересчитана (V_UNITKA_COMMISSION_RATES 2026-08-12..2026-09-10 (магазин))"
"2026-09 (все 30 строк)","252441968","BZ752","commission","0.455916","0.45578","MODEL_PARAMETER_REFRESH","V_UNITKA_COMMISSION_RATES 2026-08-12..2026-09-10 (магазин)","ставка rolling-окна пересчитана (V_UNITKA_COMMISSION_RATES 2026-08-12..2026-09-10 (магазин))"
"2026-09 (все 30 строк)","252441968","BZ753","commission","0.455916","0.45578","MODEL_PARAMETER_REFRESH","V_UNITKA_COMMISSION_RATES 2026-08-12..2026-09-10 (магазин)","ставка rolling-окна пересчитана (V_UNITKA_COMMISSION_RATES 2026-08-12..2026-09-10 (магазин))"
"2026-09 (все 30 строк)","252441968","BZ754","commission","0.455916","0.45578","MODEL_PARAMETER_REFRESH","V_UNITKA_COMMISSION_RATES 2026-08-12..2026-09-10 (магазин)","ставка rolling-окна пересчитана (V_UNITKA_COMMISSION_RATES 2026-08-12..2026-09-10 (магазин))"
"2026-09 (все 30 строк)","252441968","BZ755","commission","0.455916","0.45578","MODEL_PARAMETER_REFRESH","V_UNITKA_COMMISSION_RATES 2026-08-12..2026-09-10 (магазин)","ставка rolling-окна пересчитана (V_UNITKA_COMMISSION_RATES 2026-08-12..2026-09-10 (магазин))"
"2026-09 (все 30 строк)","252441968","BZ756","commission","0.455916","0.45578","MODEL_PARAMETER_REFRESH","V_UNITKA_COMMISSION_RATES 2026-08-12..2026-09-10 (магазин)","ставка rolling-окна пересчитана (V_UNITKA_COMMISSION_RATES 2026-08-12..2026-09-10 (магазин))"
"2026-09 (все 30 строк)","252441968","BZ757","commission","0.455916","0.45578","MODEL_PARAMETER_REFRESH","V_UNITKA_COMMISSION_RATES 2026-08-12..2026-09-10 (магазин)","ставка rolling-окна пересчитана (V_UNITKA_COMMISSION_RATES 2026-08-12..2026-09-10 (магазин))"
"2026-09 (все 30 строк)","252441968","BZ758","commission","0.455916","0.45578","MODEL_PARAMETER_REFRESH","V_UNITKA_COMMISSION_RATES 2026-08-12..2026-09-10 (магазин)","ставка rolling-окна пересчитана (V_UNITKA_COMMISSION_RATES 2026-08-12..2026-09-10 (магазин))"
"2026-09 (все 30 строк)","252441968","BZ759","commission","0.455916","0.45578","MODEL_PARAMETER_REFRESH","V_UNITKA_COMMISSION_RATES 2026-08-12..2026-09-10 (магазин)","ставка rolling-окна пересчитана (V_UNITKA_COMMISSION_RATES 2026-08-12..2026-09-10 (магазин))"
"2026-09 (все 30 строк)","252441968","BZ760","commission","0.455916","0.45578","MODEL_PARAMETER_REFRESH","V_UNITKA_COMMISSION_RATES 2026-08-12..2026-09-10 (магазин)","ставка rolling-окна пересчитана (V_UNITKA_COMMISSION_RATES 2026-08-12..2026-09-10 (магазин))"
"2026-09 (все 30 строк)","252441968","BZ761","commission","0.455916","0.45578","MODEL_PARAMETER_REFRESH","V_UNITKA_COMMISSION_RATES 2026-08-12..2026-09-10 (магазин)","ставка rolling-окна пересчитана (V_UNITKA_COMMISSION_RATES 2026-08-12..2026-09-10 (магазин))"
"2026-09 (все 30 строк)","252441968","BZ762","commission","0.455916","0.45578","MODEL_PARAMETER_REFRESH","V_UNITKA_COMMISSION_RATES 2026-08-12..2026-09-10 (магазин)","ставка rolling-окна пересчитана (V_UNITKA_COMMISSION_RATES 2026-08-12..2026-09-10 (магазин))"
"2026-09 (все 30 строк)","252441968","BZ763","commission","0.455916","0.45578","MODEL_PARAMETER_REFRESH","V_UNITKA_COMMISSION_RATES 2026-08-12..2026-09-10 (магазин)","ставка rolling-окна пересчитана (V_UNITKA_COMMISSION_RATES 2026-08-12..2026-09-10 (магазин))"
"2026-09 (все 30 строк)","252441968","BZ764","commission","0.455916","0.45578","MODEL_PARAMETER_REFRESH","V_UNITKA_COMMISSION_RATES 2026-08-12..2026-09-10 (магазин)","ставка rolling-окна пересчитана (V_UNITKA_COMMISSION_RATES 2026-08-12..2026-09-10 (магазин))"
"2026-09 (все 30 строк)","252441968","BZ765","commission","0.455916","0.45578","MODEL_PARAMETER_REFRESH","V_UNITKA_COMMISSION_RATES 2026-08-12..2026-09-10 (магазин)","ставка rolling-окна пересчитана (V_UNITKA_COMMISSION_RATES 2026-08-12..2026-09-10 (магазин))"
"2026-09 (все 30 строк)","252441968","BZ766","commission","0.455916","0.45578","MODEL_PARAMETER_REFRESH","V_UNITKA_COMMISSION_RATES 2026-08-12..2026-09-10 (магазин)","ставка rolling-окна пересчитана (V_UNITKA_COMMISSION_RATES 2026-08-12..2026-09-10 (магазин))"
"2026-09 (все 30 строк)","305101272","CX737","commission","0.459073","0.459243","MODEL_PARAMETER_REFRESH","V_UNITKA_COMMISSION_RATES 2026-08-12..2026-09-10 (своя)","ставка rolling-окна пересчитана (V_UNITKA_COMMISSION_RATES 2026-08-12..2026-09-10 (своя))"
"2026-09 (все 30 строк)","305101272","CX738","commission","0.459073","0.459243","MODEL_PARAMETER_REFRESH","V_UNITKA_COMMISSION_RATES 2026-08-12..2026-09-10 (своя)","ставка rolling-окна пересчитана (V_UNITKA_COMMISSION_RATES 2026-08-12..2026-09-10 (своя))"
"2026-09 (все 30 строк)","305101272","CX739","commission","0.459073","0.459243","MODEL_PARAMETER_REFRESH","V_UNITKA_COMMISSION_RATES 2026-08-12..2026-09-10 (своя)","ставка rolling-окна пересчитана (V_UNITKA_COMMISSION_RATES 2026-08-12..2026-09-10 (своя))"
"2026-09 (все 30 строк)","305101272","CX740","commission","0.459073","0.459243","MODEL_PARAMETER_REFRESH","V_UNITKA_COMMISSION_RATES 2026-08-12..2026-09-10 (своя)","ставка rolling-окна пересчитана (V_UNITKA_COMMISSION_RATES 2026-08-12..2026-09-10 (своя))"
"2026-09 (все 30 строк)","305101272","CX741","commission","0.459073","0.459243","MODEL_PARAMETER_REFRESH","V_UNITKA_COMMISSION_RATES 2026-08-12..2026-09-10 (своя)","ставка rolling-окна пересчитана (V_UNITKA_COMMISSION_RATES 2026-08-12..2026-09-10 (своя))"
"2026-09 (все 30 строк)","305101272","CX742","commission","0.459073","0.459243","MODEL_PARAMETER_REFRESH","V_UNITKA_COMMISSION_RATES 2026-08-12..2026-09-10 (своя)","ставка rolling-окна пересчитана (V_UNITKA_COMMISSION_RATES 2026-08-12..2026-09-10 (своя))"
"2026-09 (все 30 строк)","305101272","CX743","commission","0.459073","0.459243","MODEL_PARAMETER_REFRESH","V_UNITKA_COMMISSION_RATES 2026-08-12..2026-09-10 (своя)","ставка rolling-окна пересчитана (V_UNITKA_COMMISSION_RATES 2026-08-12..2026-09-10 (своя))"
"2026-09 (все 30 строк)","305101272","CX744","commission","0.459073","0.459243","MODEL_PARAMETER_REFRESH","V_UNITKA_COMMISSION_RATES 2026-08-12..2026-09-10 (своя)","ставка rolling-окна пересчитана (V_UNITKA_COMMISSION_RATES 2026-08-12..2026-09-10 (своя))"
"2026-09 (все 30 строк)","305101272","CX745","commission","0.459073","0.459243","MODEL_PARAMETER_REFRESH","V_UNITKA_COMMISSION_RATES 2026-08-12..2026-09-10 (своя)","ставка rolling-окна пересчитана (V_UNITKA_COMMISSION_RATES 2026-08-12..2026-09-10 (своя))"
"2026-09 (все 30 строк)","305101272","CX746","commission","0.459073","0.459243","MODEL_PARAMETER_REFRESH","V_UNITKA_COMMISSION_RATES 2026-08-12..2026-09-10 (своя)","ставка rolling-окна пересчитана (V_UNITKA_COMMISSION_RATES 2026-08-12..2026-09-10 (своя))"
"2026-09 (все 30 строк)","305101272","CX747","commission","0.459073","0.459243","MODEL_PARAMETER_REFRESH","V_UNITKA_COMMISSION_RATES 2026-08-12..2026-09-10 (своя)","ставка rolling-окна пересчитана (V_UNITKA_COMMISSION_RATES 2026-08-12..2026-09-10 (своя))"
"2026-09 (все 30 строк)","305101272","CX748","commission","0.459073","0.459243","MODEL_PARAMETER_REFRESH","V_UNITKA_COMMISSION_RATES 2026-08-12..2026-09-10 (своя)","ставка rolling-окна пересчитана (V_UNITKA_COMMISSION_RATES 2026-08-12..2026-09-10 (своя))"
"2026-09 (все 30 строк)","305101272","CX749","commission","0.459073","0.459243","MODEL_PARAMETER_REFRESH","V_UNITKA_COMMISSION_RATES 2026-08-12..2026-09-10 (своя)","ставка rolling-окна пересчитана (V_UNITKA_COMMISSION_RATES 2026-08-12..2026-09-10 (своя))"
"2026-09 (все 30 строк)","305101272","CX750","commission","0.459073","0.459243","MODEL_PARAMETER_REFRESH","V_UNITKA_COMMISSION_RATES 2026-08-12..2026-09-10 (своя)","ставка rolling-окна пересчитана (V_UNITKA_COMMISSION_RATES 2026-08-12..2026-09-10 (своя))"
"2026-09 (все 30 строк)","305101272","CX751","commission","0.459073","0.459243","MODEL_PARAMETER_REFRESH","V_UNITKA_COMMISSION_RATES 2026-08-12..2026-09-10 (своя)","ставка rolling-окна пересчитана (V_UNITKA_COMMISSION_RATES 2026-08-12..2026-09-10 (своя))"
"2026-09 (все 30 строк)","305101272","CX752","commission","0.459073","0.459243","MODEL_PARAMETER_REFRESH","V_UNITKA_COMMISSION_RATES 2026-08-12..2026-09-10 (своя)","ставка rolling-окна пересчитана (V_UNITKA_COMMISSION_RATES 2026-08-12..2026-09-10 (своя))"
"2026-09 (все 30 строк)","305101272","CX753","commission","0.459073","0.459243","MODEL_PARAMETER_REFRESH","V_UNITKA_COMMISSION_RATES 2026-08-12..2026-09-10 (своя)","ставка rolling-окна пересчитана (V_UNITKA_COMMISSION_RATES 2026-08-12..2026-09-10 (своя))"
"2026-09 (все 30 строк)","305101272","CX754","commission","0.459073","0.459243","MODEL_PARAMETER_REFRESH","V_UNITKA_COMMISSION_RATES 2026-08-12..2026-09-10 (своя)","ставка rolling-окна пересчитана (V_UNITKA_COMMISSION_RATES 2026-08-12..2026-09-10 (своя))"
"2026-09 (все 30 строк)","305101272","CX755","commission","0.459073","0.459243","MODEL_PARAMETER_REFRESH","V_UNITKA_COMMISSION_RATES 2026-08-12..2026-09-10 (своя)","ставка rolling-окна пересчитана (V_UNITKA_COMMISSION_RATES 2026-08-12..2026-09-10 (своя))"
"2026-09 (все 30 строк)","305101272","CX756","commission","0.459073","0.459243","MODEL_PARAMETER_REFRESH","V_UNITKA_COMMISSION_RATES 2026-08-12..2026-09-10 (своя)","ставка rolling-окна пересчитана (V_UNITKA_COMMISSION_RATES 2026-08-12..2026-09-10 (своя))"
"2026-09 (все 30 строк)","305101272","CX757","commission","0.459073","0.459243","MODEL_PARAMETER_REFRESH","V_UNITKA_COMMISSION_RATES 2026-08-12..2026-09-10 (своя)","ставка rolling-окна пересчитана (V_UNITKA_COMMISSION_RATES 2026-08-12..2026-09-10 (своя))"
"2026-09 (все 30 строк)","305101272","CX758","commission","0.459073","0.459243","MODEL_PARAMETER_REFRESH","V_UNITKA_COMMISSION_RATES 2026-08-12..2026-09-10 (своя)","ставка rolling-окна пересчитана (V_UNITKA_COMMISSION_RATES 2026-08-12..2026-09-10 (своя))"
"2026-09 (все 30 строк)","305101272","CX759","commission","0.459073","0.459243","MODEL_PARAMETER_REFRESH","V_UNITKA_COMMISSION_RATES 2026-08-12..2026-09-10 (своя)","ставка rolling-окна пересчитана (V_UNITKA_COMMISSION_RATES 2026-08-12..2026-09-10 (своя))"
"2026-09 (все 30 строк)","305101272","CX760","commission","0.459073","0.459243","MODEL_PARAMETER_REFRESH","V_UNITKA_COMMISSION_RATES 2026-08-12..2026-09-10 (своя)","ставка rolling-окна пересчитана (V_UNITKA_COMMISSION_RATES 2026-08-12..2026-09-10 (своя))"
"2026-09 (все 30 строк)","305101272","CX761","commission","0.459073","0.459243","MODEL_PARAMETER_REFRESH","V_UNITKA_COMMISSION_RATES 2026-08-12..2026-09-10 (своя)","ставка rolling-окна пересчитана (V_UNITKA_COMMISSION_RATES 2026-08-12..2026-09-10 (своя))"
"2026-09 (все 30 строк)","305101272","CX762","commission","0.459073","0.459243","MODEL_PARAMETER_REFRESH","V_UNITKA_COMMISSION_RATES 2026-08-12..2026-09-10 (своя)","ставка rolling-окна пересчитана (V_UNITKA_COMMISSION_RATES 2026-08-12..2026-09-10 (своя))"
"2026-09 (все 30 строк)","305101272","CX763","commission","0.459073","0.459243","MODEL_PARAMETER_REFRESH","V_UNITKA_COMMISSION_RATES 2026-08-12..2026-09-10 (своя)","ставка rolling-окна пересчитана (V_UNITKA_COMMISSION_RATES 2026-08-12..2026-09-10 (своя))"
"2026-09 (все 30 строк)","305101272","CX764","commission","0.459073","0.459243","MODEL_PARAMETER_REFRESH","V_UNITKA_COMMISSION_RATES 2026-08-12..2026-09-10 (своя)","ставка rolling-окна пересчитана (V_UNITKA_COMMISSION_RATES 2026-08-12..2026-09-10 (своя))"
"2026-09 (все 30 строк)","305101272","CX765","commission","0.459073","0.459243","MODEL_PARAMETER_REFRESH","V_UNITKA_COMMISSION_RATES 2026-08-12..2026-09-10 (своя)","ставка rolling-окна пересчитана (V_UNITKA_COMMISSION_RATES 2026-08-12..2026-09-10 (своя))"
"2026-09 (все 30 строк)","305101272","CX766","commission","0.459073","0.459243","MODEL_PARAMETER_REFRESH","V_UNITKA_COMMISSION_RATES 2026-08-12..2026-09-10 (своя)","ставка rolling-окна пересчитана (V_UNITKA_COMMISSION_RATES 2026-08-12..2026-09-10 (своя))"
"2026-09 (все 30 строк)","305101361","DV737","commission","0.455755","0.455515","MODEL_PARAMETER_REFRESH","V_UNITKA_COMMISSION_RATES 2026-08-12..2026-09-10 (своя)","ставка rolling-окна пересчитана (V_UNITKA_COMMISSION_RATES 2026-08-12..2026-09-10 (своя))"
"2026-09 (все 30 строк)","305101361","DV738","commission","0.455755","0.455515","MODEL_PARAMETER_REFRESH","V_UNITKA_COMMISSION_RATES 2026-08-12..2026-09-10 (своя)","ставка rolling-окна пересчитана (V_UNITKA_COMMISSION_RATES 2026-08-12..2026-09-10 (своя))"
"2026-09 (все 30 строк)","305101361","DV739","commission","0.455755","0.455515","MODEL_PARAMETER_REFRESH","V_UNITKA_COMMISSION_RATES 2026-08-12..2026-09-10 (своя)","ставка rolling-окна пересчитана (V_UNITKA_COMMISSION_RATES 2026-08-12..2026-09-10 (своя))"
"2026-09 (все 30 строк)","305101361","DV740","commission","0.455755","0.455515","MODEL_PARAMETER_REFRESH","V_UNITKA_COMMISSION_RATES 2026-08-12..2026-09-10 (своя)","ставка rolling-окна пересчитана (V_UNITKA_COMMISSION_RATES 2026-08-12..2026-09-10 (своя))"
"2026-09 (все 30 строк)","305101361","DV741","commission","0.455755","0.455515","MODEL_PARAMETER_REFRESH","V_UNITKA_COMMISSION_RATES 2026-08-12..2026-09-10 (своя)","ставка rolling-окна пересчитана (V_UNITKA_COMMISSION_RATES 2026-08-12..2026-09-10 (своя))"
"2026-09 (все 30 строк)","305101361","DV742","commission","0.455755","0.455515","MODEL_PARAMETER_REFRESH","V_UNITKA_COMMISSION_RATES 2026-08-12..2026-09-10 (своя)","ставка rolling-окна пересчитана (V_UNITKA_COMMISSION_RATES 2026-08-12..2026-09-10 (своя))"
"2026-09 (все 30 строк)","305101361","DV743","commission","0.455755","0.455515","MODEL_PARAMETER_REFRESH","V_UNITKA_COMMISSION_RATES 2026-08-12..2026-09-10 (своя)","ставка rolling-окна пересчитана (V_UNITKA_COMMISSION_RATES 2026-08-12..2026-09-10 (своя))"
"2026-09 (все 30 строк)","305101361","DV744","commission","0.455755","0.455515","MODEL_PARAMETER_REFRESH","V_UNITKA_COMMISSION_RATES 2026-08-12..2026-09-10 (своя)","ставка rolling-окна пересчитана (V_UNITKA_COMMISSION_RATES 2026-08-12..2026-09-10 (своя))"
"2026-09 (все 30 строк)","305101361","DV745","commission","0.455755","0.455515","MODEL_PARAMETER_REFRESH","V_UNITKA_COMMISSION_RATES 2026-08-12..2026-09-10 (своя)","ставка rolling-окна пересчитана (V_UNITKA_COMMISSION_RATES 2026-08-12..2026-09-10 (своя))"
"2026-09 (все 30 строк)","305101361","DV746","commission","0.455755","0.455515","MODEL_PARAMETER_REFRESH","V_UNITKA_COMMISSION_RATES 2026-08-12..2026-09-10 (своя)","ставка rolling-окна пересчитана (V_UNITKA_COMMISSION_RATES 2026-08-12..2026-09-10 (своя))"
"2026-09 (все 30 строк)","305101361","DV747","commission","0.455755","0.455515","MODEL_PARAMETER_REFRESH","V_UNITKA_COMMISSION_RATES 2026-08-12..2026-09-10 (своя)","ставка rolling-окна пересчитана (V_UNITKA_COMMISSION_RATES 2026-08-12..2026-09-10 (своя))"
"2026-09 (все 30 строк)","305101361","DV748","commission","0.455755","0.455515","MODEL_PARAMETER_REFRESH","V_UNITKA_COMMISSION_RATES 2026-08-12..2026-09-10 (своя)","ставка rolling-окна пересчитана (V_UNITKA_COMMISSION_RATES 2026-08-12..2026-09-10 (своя))"
"2026-09 (все 30 строк)","305101361","DV749","commission","0.455755","0.455515","MODEL_PARAMETER_REFRESH","V_UNITKA_COMMISSION_RATES 2026-08-12..2026-09-10 (своя)","ставка rolling-окна пересчитана (V_UNITKA_COMMISSION_RATES 2026-08-12..2026-09-10 (своя))"
"2026-09 (все 30 строк)","305101361","DV750","commission","0.455755","0.455515","MODEL_PARAMETER_REFRESH","V_UNITKA_COMMISSION_RATES 2026-08-12..2026-09-10 (своя)","ставка rolling-окна пересчитана (V_UNITKA_COMMISSION_RATES 2026-08-12..2026-09-10 (своя))"
"2026-09 (все 30 строк)","305101361","DV751","commission","0.455755","0.455515","MODEL_PARAMETER_REFRESH","V_UNITKA_COMMISSION_RATES 2026-08-12..2026-09-10 (своя)","ставка rolling-окна пересчитана (V_UNITKA_COMMISSION_RATES 2026-08-12..2026-09-10 (своя))"
"2026-09 (все 30 строк)","305101361","DV752","commission","0.455755","0.455515","MODEL_PARAMETER_REFRESH","V_UNITKA_COMMISSION_RATES 2026-08-12..2026-09-10 (своя)","ставка rolling-окна пересчитана (V_UNITKA_COMMISSION_RATES 2026-08-12..2026-09-10 (своя))"
"2026-09 (все 30 строк)","305101361","DV753","commission","0.455755","0.455515","MODEL_PARAMETER_REFRESH","V_UNITKA_COMMISSION_RATES 2026-08-12..2026-09-10 (своя)","ставка rolling-окна пересчитана (V_UNITKA_COMMISSION_RATES 2026-08-12..2026-09-10 (своя))"
"2026-09 (все 30 строк)","305101361","DV754","commission","0.455755","0.455515","MODEL_PARAMETER_REFRESH","V_UNITKA_COMMISSION_RATES 2026-08-12..2026-09-10 (своя)","ставка rolling-окна пересчитана (V_UNITKA_COMMISSION_RATES 2026-08-12..2026-09-10 (своя))"
"2026-09 (все 30 строк)","305101361","DV755","commission","0.455755","0.455515","MODEL_PARAMETER_REFRESH","V_UNITKA_COMMISSION_RATES 2026-08-12..2026-09-10 (своя)","ставка rolling-окна пересчитана (V_UNITKA_COMMISSION_RATES 2026-08-12..2026-09-10 (своя))"
"2026-09 (все 30 строк)","305101361","DV756","commission","0.455755","0.455515","MODEL_PARAMETER_REFRESH","V_UNITKA_COMMISSION_RATES 2026-08-12..2026-09-10 (своя)","ставка rolling-окна пересчитана (V_UNITKA_COMMISSION_RATES 2026-08-12..2026-09-10 (своя))"
"2026-09 (все 30 строк)","305101361","DV757","commission","0.455755","0.455515","MODEL_PARAMETER_REFRESH","V_UNITKA_COMMISSION_RATES 2026-08-12..2026-09-10 (своя)","ставка rolling-окна пересчитана (V_UNITKA_COMMISSION_RATES 2026-08-12..2026-09-10 (своя))"
"2026-09 (все 30 строк)","305101361","DV758","commission","0.455755","0.455515","MODEL_PARAMETER_REFRESH","V_UNITKA_COMMISSION_RATES 2026-08-12..2026-09-10 (своя)","ставка rolling-окна пересчитана (V_UNITKA_COMMISSION_RATES 2026-08-12..2026-09-10 (своя))"
"2026-09 (все 30 строк)","305101361","DV759","commission","0.455755","0.455515","MODEL_PARAMETER_REFRESH","V_UNITKA_COMMISSION_RATES 2026-08-12..2026-09-10 (своя)","ставка rolling-окна пересчитана (V_UNITKA_COMMISSION_RATES 2026-08-12..2026-09-10 (своя))"
"2026-09 (все 30 строк)","305101361","DV760","commission","0.455755","0.455515","MODEL_PARAMETER_REFRESH","V_UNITKA_COMMISSION_RATES 2026-08-12..2026-09-10 (своя)","ставка rolling-окна пересчитана (V_UNITKA_COMMISSION_RATES 2026-08-12..2026-09-10 (своя))"
"2026-09 (все 30 строк)","305101361","DV761","commission","0.455755","0.455515","MODEL_PARAMETER_REFRESH","V_UNITKA_COMMISSION_RATES 2026-08-12..2026-09-10 (своя)","ставка rolling-окна пересчитана (V_UNITKA_COMMISSION_RATES 2026-08-12..2026-09-10 (своя))"
"2026-09 (все 30 строк)","305101361","DV762","commission","0.455755","0.455515","MODEL_PARAMETER_REFRESH","V_UNITKA_COMMISSION_RATES 2026-08-12..2026-09-10 (своя)","ставка rolling-окна пересчитана (V_UNITKA_COMMISSION_RATES 2026-08-12..2026-09-10 (своя))"
"2026-09 (все 30 строк)","305101361","DV763","commission","0.455755","0.455515","MODEL_PARAMETER_REFRESH","V_UNITKA_COMMISSION_RATES 2026-08-12..2026-09-10 (своя)","ставка rolling-окна пересчитана (V_UNITKA_COMMISSION_RATES 2026-08-12..2026-09-10 (своя))"
"2026-09 (все 30 строк)","305101361","DV764","commission","0.455755","0.455515","MODEL_PARAMETER_REFRESH","V_UNITKA_COMMISSION_RATES 2026-08-12..2026-09-10 (своя)","ставка rolling-окна пересчитана (V_UNITKA_COMMISSION_RATES 2026-08-12..2026-09-10 (своя))"
"2026-09 (все 30 строк)","305101361","DV765","commission","0.455755","0.455515","MODEL_PARAMETER_REFRESH","V_UNITKA_COMMISSION_RATES 2026-08-12..2026-09-10 (своя)","ставка rolling-окна пересчитана (V_UNITKA_COMMISSION_RATES 2026-08-12..2026-09-10 (своя))"
"2026-09 (все 30 строк)","305101361","DV766","commission","0.455755","0.455515","MODEL_PARAMETER_REFRESH","V_UNITKA_COMMISSION_RATES 2026-08-12..2026-09-10 (своя)","ставка rolling-окна пересчитана (V_UNITKA_COMMISSION_RATES 2026-08-12..2026-09-10 (своя))"
"2026-09-01","438775437","EW737","storage","0","0","NO_CHANGE","RAW_WB_PAID_STORAGE","формула-наследие → значение, результат тот же"
"2026-09-02","438775437","EW738","storage","0","0","NO_CHANGE","RAW_WB_PAID_STORAGE","формула-наследие → значение, результат тот же"
"2026-09-03","438775437","EW739","storage","0","0","NO_CHANGE","RAW_WB_PAID_STORAGE","формула-наследие → значение, результат тот же"
"2026-09-04","438775437","EW740","storage","0","0","NO_CHANGE","RAW_WB_PAID_STORAGE","формула-наследие → значение, результат тот же"
"2026-09-05","438775437","EW741","storage","0","0","NO_CHANGE","RAW_WB_PAID_STORAGE","формула-наследие → значение, результат тот же"
"2026-09-06","438775437","EW742","storage","0","0","NO_CHANGE","RAW_WB_PAID_STORAGE","формула-наследие → значение, результат тот же"
"2026-09-07","438775437","EW743","storage","0","0","NO_CHANGE","RAW_WB_PAID_STORAGE","формула-наследие → значение, результат тот же"
"2026-09-08","438775437","EW744","storage","0","0","NO_CHANGE","RAW_WB_PAID_STORAGE","формула-наследие → значение, результат тот же"
"2026-09-09","438775437","EW745","storage","0","0","NO_CHANGE","RAW_WB_PAID_STORAGE","формула-наследие → значение, результат тот же"
"2026-09-10","438775437","EJ746","stock","0","0","NO_CHANGE","FACT_STOCKS_SNAPSHOT","формула-наследие → значение, результат тот же"
"2026-09 (все 30 строк)","438775437","ET737","commission","0.455726","0.455537","MODEL_PARAMETER_REFRESH","V_UNITKA_COMMISSION_RATES 2026-08-12..2026-09-10 (своя)","ставка rolling-окна пересчитана (V_UNITKA_COMMISSION_RATES 2026-08-12..2026-09-10 (своя))"
"2026-09 (все 30 строк)","438775437","ET738","commission","0.455726","0.455537","MODEL_PARAMETER_REFRESH","V_UNITKA_COMMISSION_RATES 2026-08-12..2026-09-10 (своя)","ставка rolling-окна пересчитана (V_UNITKA_COMMISSION_RATES 2026-08-12..2026-09-10 (своя))"
"2026-09 (все 30 строк)","438775437","ET739","commission","0.455726","0.455537","MODEL_PARAMETER_REFRESH","V_UNITKA_COMMISSION_RATES 2026-08-12..2026-09-10 (своя)","ставка rolling-окна пересчитана (V_UNITKA_COMMISSION_RATES 2026-08-12..2026-09-10 (своя))"
"2026-09 (все 30 строк)","438775437","ET740","commission","0.455726","0.455537","MODEL_PARAMETER_REFRESH","V_UNITKA_COMMISSION_RATES 2026-08-12..2026-09-10 (своя)","ставка rolling-окна пересчитана (V_UNITKA_COMMISSION_RATES 2026-08-12..2026-09-10 (своя))"
"2026-09 (все 30 строк)","438775437","ET741","commission","0.455726","0.455537","MODEL_PARAMETER_REFRESH","V_UNITKA_COMMISSION_RATES 2026-08-12..2026-09-10 (своя)","ставка rolling-окна пересчитана (V_UNITKA_COMMISSION_RATES 2026-08-12..2026-09-10 (своя))"
"2026-09 (все 30 строк)","438775437","ET742","commission","0.455726","0.455537","MODEL_PARAMETER_REFRESH","V_UNITKA_COMMISSION_RATES 2026-08-12..2026-09-10 (своя)","ставка rolling-окна пересчитана (V_UNITKA_COMMISSION_RATES 2026-08-12..2026-09-10 (своя))"
"2026-09 (все 30 строк)","438775437","ET743","commission","0.455726","0.455537","MODEL_PARAMETER_REFRESH","V_UNITKA_COMMISSION_RATES 2026-08-12..2026-09-10 (своя)","ставка rolling-окна пересчитана (V_UNITKA_COMMISSION_RATES 2026-08-12..2026-09-10 (своя))"
"2026-09 (все 30 строк)","438775437","ET744","commission","0.455726","0.455537","MODEL_PARAMETER_REFRESH","V_UNITKA_COMMISSION_RATES 2026-08-12..2026-09-10 (своя)","ставка rolling-окна пересчитана (V_UNITKA_COMMISSION_RATES 2026-08-12..2026-09-10 (своя))"
"2026-09 (все 30 строк)","438775437","ET745","commission","0.455726","0.455537","MODEL_PARAMETER_REFRESH","V_UNITKA_COMMISSION_RATES 2026-08-12..2026-09-10 (своя)","ставка rolling-окна пересчитана (V_UNITKA_COMMISSION_RATES 2026-08-12..2026-09-10 (своя))"
"2026-09 (все 30 строк)","438775437","ET746","commission","0.455726","0.455537","MODEL_PARAMETER_REFRESH","V_UNITKA_COMMISSION_RATES 2026-08-12..2026-09-10 (своя)","ставка rolling-окна пересчитана (V_UNITKA_COMMISSION_RATES 2026-08-12..2026-09-10 (своя))"
"2026-09 (все 30 строк)","438775437","ET747","commission","0.455726","0.455537","MODEL_PARAMETER_REFRESH","V_UNITKA_COMMISSION_RATES 2026-08-12..2026-09-10 (своя)","ставка rolling-окна пересчитана (V_UNITKA_COMMISSION_RATES 2026-08-12..2026-09-10 (своя))"
"2026-09 (все 30 строк)","438775437","ET748","commission","0.455726","0.455537","MODEL_PARAMETER_REFRESH","V_UNITKA_COMMISSION_RATES 2026-08-12..2026-09-10 (своя)","ставка rolling-окна пересчитана (V_UNITKA_COMMISSION_RATES 2026-08-12..2026-09-10 (своя))"
"2026-09 (все 30 строк)","438775437","ET749","commission","0.455726","0.455537","MODEL_PARAMETER_REFRESH","V_UNITKA_COMMISSION_RATES 2026-08-12..2026-09-10 (своя)","ставка rolling-окна пересчитана (V_UNITKA_COMMISSION_RATES 2026-08-12..2026-09-10 (своя))"
"2026-09 (все 30 строк)","438775437","ET750","commission","0.455726","0.455537","MODEL_PARAMETER_REFRESH","V_UNITKA_COMMISSION_RATES 2026-08-12..2026-09-10 (своя)","ставка rolling-окна пересчитана (V_UNITKA_COMMISSION_RATES 2026-08-12..2026-09-10 (своя))"
"2026-09 (все 30 строк)","438775437","ET751","commission","0.455726","0.455537","MODEL_PARAMETER_REFRESH","V_UNITKA_COMMISSION_RATES 2026-08-12..2026-09-10 (своя)","ставка rolling-окна пересчитана (V_UNITKA_COMMISSION_RATES 2026-08-12..2026-09-10 (своя))"
"2026-09 (все 30 строк)","438775437","ET752","commission","0.455726","0.455537","MODEL_PARAMETER_REFRESH","V_UNITKA_COMMISSION_RATES 2026-08-12..2026-09-10 (своя)","ставка rolling-окна пересчитана (V_UNITKA_COMMISSION_RATES 2026-08-12..2026-09-10 (своя))"
"2026-09 (все 30 строк)","438775437","ET753","commission","0.455726","0.455537","MODEL_PARAMETER_REFRESH","V_UNITKA_COMMISSION_RATES 2026-08-12..2026-09-10 (своя)","ставка rolling-окна пересчитана (V_UNITKA_COMMISSION_RATES 2026-08-12..2026-09-10 (своя))"
"2026-09 (все 30 строк)","438775437","ET754","commission","0.455726","0.455537","MODEL_PARAMETER_REFRESH","V_UNITKA_COMMISSION_RATES 2026-08-12..2026-09-10 (своя)","ставка rolling-окна пересчитана (V_UNITKA_COMMISSION_RATES 2026-08-12..2026-09-10 (своя))"
"2026-09 (все 30 строк)","438775437","ET755","commission","0.455726","0.455537","MODEL_PARAMETER_REFRESH","V_UNITKA_COMMISSION_RATES 2026-08-12..2026-09-10 (своя)","ставка rolling-окна пересчитана (V_UNITKA_COMMISSION_RATES 2026-08-12..2026-09-10 (своя))"
"2026-09 (все 30 строк)","438775437","ET756","commission","0.455726","0.455537","MODEL_PARAMETER_REFRESH","V_UNITKA_COMMISSION_RATES 2026-08-12..2026-09-10 (своя)","ставка rolling-окна пересчитана (V_UNITKA_COMMISSION_RATES 2026-08-12..2026-09-10 (своя))"
"2026-09 (все 30 строк)","438775437","ET757","commission","0.455726","0.455537","MODEL_PARAMETER_REFRESH","V_UNITKA_COMMISSION_RATES 2026-08-12..2026-09-10 (своя)","ставка rolling-окна пересчитана (V_UNITKA_COMMISSION_RATES 2026-08-12..2026-09-10 (своя))"
"2026-09 (все 30 строк)","438775437","ET758","commission","0.455726","0.455537","MODEL_PARAMETER_REFRESH","V_UNITKA_COMMISSION_RATES 2026-08-12..2026-09-10 (своя)","ставка rolling-окна пересчитана (V_UNITKA_COMMISSION_RATES 2026-08-12..2026-09-10 (своя))"
"2026-09 (все 30 строк)","438775437","ET759","commission","0.455726","0.455537","MODEL_PARAMETER_REFRESH","V_UNITKA_COMMISSION_RATES 2026-08-12..2026-09-10 (своя)","ставка rolling-окна пересчитана (V_UNITKA_COMMISSION_RATES 2026-08-12..2026-09-10 (своя))"
"2026-09 (все 30 строк)","438775437","ET760","commission","0.455726","0.455537","MODEL_PARAMETER_REFRESH","V_UNITKA_COMMISSION_RATES 2026-08-12..2026-09-10 (своя)","ставка rolling-окна пересчитана (V_UNITKA_COMMISSION_RATES 2026-08-12..2026-09-10 (своя))"
"2026-09 (все 30 строк)","438775437","ET761","commission","0.455726","0.455537","MODEL_PARAMETER_REFRESH","V_UNITKA_COMMISSION_RATES 2026-08-12..2026-09-10 (своя)","ставка rolling-окна пересчитана (V_UNITKA_COMMISSION_RATES 2026-08-12..2026-09-10 (своя))"
"2026-09 (все 30 строк)","438775437","ET762","commission","0.455726","0.455537","MODEL_PARAMETER_REFRESH","V_UNITKA_COMMISSION_RATES 2026-08-12..2026-09-10 (своя)","ставка rolling-окна пересчитана (V_UNITKA_COMMISSION_RATES 2026-08-12..2026-09-10 (своя))"
"2026-09 (все 30 строк)","438775437","ET763","commission","0.455726","0.455537","MODEL_PARAMETER_REFRESH","V_UNITKA_COMMISSION_RATES 2026-08-12..2026-09-10 (своя)","ставка rolling-окна пересчитана (V_UNITKA_COMMISSION_RATES 2026-08-12..2026-09-10 (своя))"
"2026-09 (все 30 строк)","438775437","ET764","commission","0.455726","0.455537","MODEL_PARAMETER_REFRESH","V_UNITKA_COMMISSION_RATES 2026-08-12..2026-09-10 (своя)","ставка rolling-окна пересчитана (V_UNITKA_COMMISSION_RATES 2026-08-12..2026-09-10 (своя))"
"2026-09 (все 30 строк)","438775437","ET765","commission","0.455726","0.455537","MODEL_PARAMETER_REFRESH","V_UNITKA_COMMISSION_RATES 2026-08-12..2026-09-10 (своя)","ставка rolling-окна пересчитана (V_UNITKA_COMMISSION_RATES 2026-08-12..2026-09-10 (своя))"
"2026-09 (все 30 строк)","438775437","ET766","commission","0.455726","0.455537","MODEL_PARAMETER_REFRESH","V_UNITKA_COMMISSION_RATES 2026-08-12..2026-09-10 (своя)","ставка rolling-окна пересчитана (V_UNITKA_COMMISSION_RATES 2026-08-12..2026-09-10 (своя))"
"2026-09 (все 30 строк)","438775617","FR737","commission","0.455317","0.455331","MODEL_PARAMETER_REFRESH","V_UNITKA_COMMISSION_RATES 2026-08-12..2026-09-10 (своя)","ставка rolling-окна пересчитана (V_UNITKA_COMMISSION_RATES 2026-08-12..2026-09-10 (своя))"
"2026-09 (все 30 строк)","438775617","FR738","commission","0.455317","0.455331","MODEL_PARAMETER_REFRESH","V_UNITKA_COMMISSION_RATES 2026-08-12..2026-09-10 (своя)","ставка rolling-окна пересчитана (V_UNITKA_COMMISSION_RATES 2026-08-12..2026-09-10 (своя))"
"2026-09 (все 30 строк)","438775617","FR739","commission","0.455317","0.455331","MODEL_PARAMETER_REFRESH","V_UNITKA_COMMISSION_RATES 2026-08-12..2026-09-10 (своя)","ставка rolling-окна пересчитана (V_UNITKA_COMMISSION_RATES 2026-08-12..2026-09-10 (своя))"
"2026-09 (все 30 строк)","438775617","FR740","commission","0.455317","0.455331","MODEL_PARAMETER_REFRESH","V_UNITKA_COMMISSION_RATES 2026-08-12..2026-09-10 (своя)","ставка rolling-окна пересчитана (V_UNITKA_COMMISSION_RATES 2026-08-12..2026-09-10 (своя))"
"2026-09 (все 30 строк)","438775617","FR741","commission","0.455317","0.455331","MODEL_PARAMETER_REFRESH","V_UNITKA_COMMISSION_RATES 2026-08-12..2026-09-10 (своя)","ставка rolling-окна пересчитана (V_UNITKA_COMMISSION_RATES 2026-08-12..2026-09-10 (своя))"
"2026-09 (все 30 строк)","438775617","FR742","commission","0.455317","0.455331","MODEL_PARAMETER_REFRESH","V_UNITKA_COMMISSION_RATES 2026-08-12..2026-09-10 (своя)","ставка rolling-окна пересчитана (V_UNITKA_COMMISSION_RATES 2026-08-12..2026-09-10 (своя))"
"2026-09 (все 30 строк)","438775617","FR743","commission","0.455317","0.455331","MODEL_PARAMETER_REFRESH","V_UNITKA_COMMISSION_RATES 2026-08-12..2026-09-10 (своя)","ставка rolling-окна пересчитана (V_UNITKA_COMMISSION_RATES 2026-08-12..2026-09-10 (своя))"
"2026-09 (все 30 строк)","438775617","FR744","commission","0.455317","0.455331","MODEL_PARAMETER_REFRESH","V_UNITKA_COMMISSION_RATES 2026-08-12..2026-09-10 (своя)","ставка rolling-окна пересчитана (V_UNITKA_COMMISSION_RATES 2026-08-12..2026-09-10 (своя))"
"2026-09 (все 30 строк)","438775617","FR745","commission","0.455317","0.455331","MODEL_PARAMETER_REFRESH","V_UNITKA_COMMISSION_RATES 2026-08-12..2026-09-10 (своя)","ставка rolling-окна пересчитана (V_UNITKA_COMMISSION_RATES 2026-08-12..2026-09-10 (своя))"
"2026-09 (все 30 строк)","438775617","FR746","commission","0.455317","0.455331","MODEL_PARAMETER_REFRESH","V_UNITKA_COMMISSION_RATES 2026-08-12..2026-09-10 (своя)","ставка rolling-окна пересчитана (V_UNITKA_COMMISSION_RATES 2026-08-12..2026-09-10 (своя))"
"2026-09 (все 30 строк)","438775617","FR747","commission","0.455317","0.455331","MODEL_PARAMETER_REFRESH","V_UNITKA_COMMISSION_RATES 2026-08-12..2026-09-10 (своя)","ставка rolling-окна пересчитана (V_UNITKA_COMMISSION_RATES 2026-08-12..2026-09-10 (своя))"
"2026-09 (все 30 строк)","438775617","FR748","commission","0.455317","0.455331","MODEL_PARAMETER_REFRESH","V_UNITKA_COMMISSION_RATES 2026-08-12..2026-09-10 (своя)","ставка rolling-окна пересчитана (V_UNITKA_COMMISSION_RATES 2026-08-12..2026-09-10 (своя))"
"2026-09 (все 30 строк)","438775617","FR749","commission","0.455317","0.455331","MODEL_PARAMETER_REFRESH","V_UNITKA_COMMISSION_RATES 2026-08-12..2026-09-10 (своя)","ставка rolling-окна пересчитана (V_UNITKA_COMMISSION_RATES 2026-08-12..2026-09-10 (своя))"
"2026-09 (все 30 строк)","438775617","FR750","commission","0.455317","0.455331","MODEL_PARAMETER_REFRESH","V_UNITKA_COMMISSION_RATES 2026-08-12..2026-09-10 (своя)","ставка rolling-окна пересчитана (V_UNITKA_COMMISSION_RATES 2026-08-12..2026-09-10 (своя))"
"2026-09 (все 30 строк)","438775617","FR751","commission","0.455317","0.455331","MODEL_PARAMETER_REFRESH","V_UNITKA_COMMISSION_RATES 2026-08-12..2026-09-10 (своя)","ставка rolling-окна пересчитана (V_UNITKA_COMMISSION_RATES 2026-08-12..2026-09-10 (своя))"
"2026-09 (все 30 строк)","438775617","FR752","commission","0.455317","0.455331","MODEL_PARAMETER_REFRESH","V_UNITKA_COMMISSION_RATES 2026-08-12..2026-09-10 (своя)","ставка rolling-окна пересчитана (V_UNITKA_COMMISSION_RATES 2026-08-12..2026-09-10 (своя))"
"2026-09 (все 30 строк)","438775617","FR753","commission","0.455317","0.455331","MODEL_PARAMETER_REFRESH","V_UNITKA_COMMISSION_RATES 2026-08-12..2026-09-10 (своя)","ставка rolling-окна пересчитана (V_UNITKA_COMMISSION_RATES 2026-08-12..2026-09-10 (своя))"
"2026-09 (все 30 строк)","438775617","FR754","commission","0.455317","0.455331","MODEL_PARAMETER_REFRESH","V_UNITKA_COMMISSION_RATES 2026-08-12..2026-09-10 (своя)","ставка rolling-окна пересчитана (V_UNITKA_COMMISSION_RATES 2026-08-12..2026-09-10 (своя))"
"2026-09 (все 30 строк)","438775617","FR755","commission","0.455317","0.455331","MODEL_PARAMETER_REFRESH","V_UNITKA_COMMISSION_RATES 2026-08-12..2026-09-10 (своя)","ставка rolling-окна пересчитана (V_UNITKA_COMMISSION_RATES 2026-08-12..2026-09-10 (своя))"
"2026-09 (все 30 строк)","438775617","FR756","commission","0.455317","0.455331","MODEL_PARAMETER_REFRESH","V_UNITKA_COMMISSION_RATES 2026-08-12..2026-09-10 (своя)","ставка rolling-окна пересчитана (V_UNITKA_COMMISSION_RATES 2026-08-12..2026-09-10 (своя))"
"2026-09 (все 30 строк)","438775617","FR757","commission","0.455317","0.455331","MODEL_PARAMETER_REFRESH","V_UNITKA_COMMISSION_RATES 2026-08-12..2026-09-10 (своя)","ставка rolling-окна пересчитана (V_UNITKA_COMMISSION_RATES 2026-08-12..2026-09-10 (своя))"
"2026-09 (все 30 строк)","438775617","FR758","commission","0.455317","0.455331","MODEL_PARAMETER_REFRESH","V_UNITKA_COMMISSION_RATES 2026-08-12..2026-09-10 (своя)","ставка rolling-окна пересчитана (V_UNITKA_COMMISSION_RATES 2026-08-12..2026-09-10 (своя))"
"2026-09 (все 30 строк)","438775617","FR759","commission","0.455317","0.455331","MODEL_PARAMETER_REFRESH","V_UNITKA_COMMISSION_RATES 2026-08-12..2026-09-10 (своя)","ставка rolling-окна пересчитана (V_UNITKA_COMMISSION_RATES 2026-08-12..2026-09-10 (своя))"
"2026-09 (все 30 строк)","438775617","FR760","commission","0.455317","0.455331","MODEL_PARAMETER_REFRESH","V_UNITKA_COMMISSION_RATES 2026-08-12..2026-09-10 (своя)","ставка rolling-окна пересчитана (V_UNITKA_COMMISSION_RATES 2026-08-12..2026-09-10 (своя))"
"2026-09 (все 30 строк)","438775617","FR761","commission","0.455317","0.455331","MODEL_PARAMETER_REFRESH","V_UNITKA_COMMISSION_RATES 2026-08-12..2026-09-10 (своя)","ставка rolling-окна пересчитана (V_UNITKA_COMMISSION_RATES 2026-08-12..2026-09-10 (своя))"
"2026-09 (все 30 строк)","438775617","FR762","commission","0.455317","0.455331","MODEL_PARAMETER_REFRESH","V_UNITKA_COMMISSION_RATES 2026-08-12..2026-09-10 (своя)","ставка rolling-окна пересчитана (V_UNITKA_COMMISSION_RATES 2026-08-12..2026-09-10 (своя))"
"2026-09 (все 30 строк)","438775617","FR763","commission","0.455317","0.455331","MODEL_PARAMETER_REFRESH","V_UNITKA_COMMISSION_RATES 2026-08-12..2026-09-10 (своя)","ставка rolling-окна пересчитана (V_UNITKA_COMMISSION_RATES 2026-08-12..2026-09-10 (своя))"
"2026-09 (все 30 строк)","438775617","FR764","commission","0.455317","0.455331","MODEL_PARAMETER_REFRESH","V_UNITKA_COMMISSION_RATES 2026-08-12..2026-09-10 (своя)","ставка rolling-окна пересчитана (V_UNITKA_COMMISSION_RATES 2026-08-12..2026-09-10 (своя))"
"2026-09 (все 30 строк)","438775617","FR765","commission","0.455317","0.455331","MODEL_PARAMETER_REFRESH","V_UNITKA_COMMISSION_RATES 2026-08-12..2026-09-10 (своя)","ставка rolling-окна пересчитана (V_UNITKA_COMMISSION_RATES 2026-08-12..2026-09-10 (своя))"
"2026-09 (все 30 строк)","438775617","FR766","commission","0.455317","0.455331","MODEL_PARAMETER_REFRESH","V_UNITKA_COMMISSION_RATES 2026-08-12..2026-09-10 (своя)","ставка rolling-окна пересчитана (V_UNITKA_COMMISSION_RATES 2026-08-12..2026-09-10 (своя))"
"2026-09-10","567668636","GF746","stock","1","1","NO_CHANGE","FACT_STOCKS_SNAPSHOT","формула-наследие → значение, результат тот же"
"2026-09-10","567668635","HD746","stock","48","48","NO_CHANGE","FACT_STOCKS_SNAPSHOT","формула-наследие → значение, результат тот же"
"2026-09 (все 30 строк)","567668635","HN737","commission","0.457406","0.457366","MODEL_PARAMETER_REFRESH","V_UNITKA_COMMISSION_RATES 2026-08-12..2026-09-10 (своя)","ставка rolling-окна пересчитана (V_UNITKA_COMMISSION_RATES 2026-08-12..2026-09-10 (своя))"
"2026-09 (все 30 строк)","567668635","HN738","commission","0.457406","0.457366","MODEL_PARAMETER_REFRESH","V_UNITKA_COMMISSION_RATES 2026-08-12..2026-09-10 (своя)","ставка rolling-окна пересчитана (V_UNITKA_COMMISSION_RATES 2026-08-12..2026-09-10 (своя))"
"2026-09 (все 30 строк)","567668635","HN739","commission","0.457406","0.457366","MODEL_PARAMETER_REFRESH","V_UNITKA_COMMISSION_RATES 2026-08-12..2026-09-10 (своя)","ставка rolling-окна пересчитана (V_UNITKA_COMMISSION_RATES 2026-08-12..2026-09-10 (своя))"
"2026-09 (все 30 строк)","567668635","HN740","commission","0.457406","0.457366","MODEL_PARAMETER_REFRESH","V_UNITKA_COMMISSION_RATES 2026-08-12..2026-09-10 (своя)","ставка rolling-окна пересчитана (V_UNITKA_COMMISSION_RATES 2026-08-12..2026-09-10 (своя))"
"2026-09 (все 30 строк)","567668635","HN741","commission","0.457406","0.457366","MODEL_PARAMETER_REFRESH","V_UNITKA_COMMISSION_RATES 2026-08-12..2026-09-10 (своя)","ставка rolling-окна пересчитана (V_UNITKA_COMMISSION_RATES 2026-08-12..2026-09-10 (своя))"
"2026-09 (все 30 строк)","567668635","HN742","commission","0.457406","0.457366","MODEL_PARAMETER_REFRESH","V_UNITKA_COMMISSION_RATES 2026-08-12..2026-09-10 (своя)","ставка rolling-окна пересчитана (V_UNITKA_COMMISSION_RATES 2026-08-12..2026-09-10 (своя))"
"2026-09 (все 30 строк)","567668635","HN743","commission","0.457406","0.457366","MODEL_PARAMETER_REFRESH","V_UNITKA_COMMISSION_RATES 2026-08-12..2026-09-10 (своя)","ставка rolling-окна пересчитана (V_UNITKA_COMMISSION_RATES 2026-08-12..2026-09-10 (своя))"
"2026-09 (все 30 строк)","567668635","HN744","commission","0.457406","0.457366","MODEL_PARAMETER_REFRESH","V_UNITKA_COMMISSION_RATES 2026-08-12..2026-09-10 (своя)","ставка rolling-окна пересчитана (V_UNITKA_COMMISSION_RATES 2026-08-12..2026-09-10 (своя))"
"2026-09 (все 30 строк)","567668635","HN745","commission","0.457406","0.457366","MODEL_PARAMETER_REFRESH","V_UNITKA_COMMISSION_RATES 2026-08-12..2026-09-10 (своя)","ставка rolling-окна пересчитана (V_UNITKA_COMMISSION_RATES 2026-08-12..2026-09-10 (своя))"
"2026-09 (все 30 строк)","567668635","HN746","commission","0.457406","0.457366","MODEL_PARAMETER_REFRESH","V_UNITKA_COMMISSION_RATES 2026-08-12..2026-09-10 (своя)","ставка rolling-окна пересчитана (V_UNITKA_COMMISSION_RATES 2026-08-12..2026-09-10 (своя))"
"2026-09 (все 30 строк)","567668635","HN747","commission","0.457406","0.457366","MODEL_PARAMETER_REFRESH","V_UNITKA_COMMISSION_RATES 2026-08-12..2026-09-10 (своя)","ставка rolling-окна пересчитана (V_UNITKA_COMMISSION_RATES 2026-08-12..2026-09-10 (своя))"
"2026-09 (все 30 строк)","567668635","HN748","commission","0.457406","0.457366","MODEL_PARAMETER_REFRESH","V_UNITKA_COMMISSION_RATES 2026-08-12..2026-09-10 (своя)","ставка rolling-окна пересчитана (V_UNITKA_COMMISSION_RATES 2026-08-12..2026-09-10 (своя))"
"2026-09 (все 30 строк)","567668635","HN749","commission","0.457406","0.457366","MODEL_PARAMETER_REFRESH","V_UNITKA_COMMISSION_RATES 2026-08-12..2026-09-10 (своя)","ставка rolling-окна пересчитана (V_UNITKA_COMMISSION_RATES 2026-08-12..2026-09-10 (своя))"
"2026-09 (все 30 строк)","567668635","HN750","commission","0.457406","0.457366","MODEL_PARAMETER_REFRESH","V_UNITKA_COMMISSION_RATES 2026-08-12..2026-09-10 (своя)","ставка rolling-окна пересчитана (V_UNITKA_COMMISSION_RATES 2026-08-12..2026-09-10 (своя))"
"2026-09 (все 30 строк)","567668635","HN751","commission","0.457406","0.457366","MODEL_PARAMETER_REFRESH","V_UNITKA_COMMISSION_RATES 2026-08-12..2026-09-10 (своя)","ставка rolling-окна пересчитана (V_UNITKA_COMMISSION_RATES 2026-08-12..2026-09-10 (своя))"
"2026-09 (все 30 строк)","567668635","HN752","commission","0.457406","0.457366","MODEL_PARAMETER_REFRESH","V_UNITKA_COMMISSION_RATES 2026-08-12..2026-09-10 (своя)","ставка rolling-окна пересчитана (V_UNITKA_COMMISSION_RATES 2026-08-12..2026-09-10 (своя))"
"2026-09 (все 30 строк)","567668635","HN753","commission","0.457406","0.457366","MODEL_PARAMETER_REFRESH","V_UNITKA_COMMISSION_RATES 2026-08-12..2026-09-10 (своя)","ставка rolling-окна пересчитана (V_UNITKA_COMMISSION_RATES 2026-08-12..2026-09-10 (своя))"
"2026-09 (все 30 строк)","567668635","HN754","commission","0.457406","0.457366","MODEL_PARAMETER_REFRESH","V_UNITKA_COMMISSION_RATES 2026-08-12..2026-09-10 (своя)","ставка rolling-окна пересчитана (V_UNITKA_COMMISSION_RATES 2026-08-12..2026-09-10 (своя))"
"2026-09 (все 30 строк)","567668635","HN755","commission","0.457406","0.457366","MODEL_PARAMETER_REFRESH","V_UNITKA_COMMISSION_RATES 2026-08-12..2026-09-10 (своя)","ставка rolling-окна пересчитана (V_UNITKA_COMMISSION_RATES 2026-08-12..2026-09-10 (своя))"
"2026-09 (все 30 строк)","567668635","HN756","commission","0.457406","0.457366","MODEL_PARAMETER_REFRESH","V_UNITKA_COMMISSION_RATES 2026-08-12..2026-09-10 (своя)","ставка rolling-окна пересчитана (V_UNITKA_COMMISSION_RATES 2026-08-12..2026-09-10 (своя))"
"2026-09 (все 30 строк)","567668635","HN757","commission","0.457406","0.457366","MODEL_PARAMETER_REFRESH","V_UNITKA_COMMISSION_RATES 2026-08-12..2026-09-10 (своя)","ставка rolling-окна пересчитана (V_UNITKA_COMMISSION_RATES 2026-08-12..2026-09-10 (своя))"
"2026-09 (все 30 строк)","567668635","HN758","commission","0.457406","0.457366","MODEL_PARAMETER_REFRESH","V_UNITKA_COMMISSION_RATES 2026-08-12..2026-09-10 (своя)","ставка rolling-окна пересчитана (V_UNITKA_COMMISSION_RATES 2026-08-12..2026-09-10 (своя))"
"2026-09 (все 30 строк)","567668635","HN759","commission","0.457406","0.457366","MODEL_PARAMETER_REFRESH","V_UNITKA_COMMISSION_RATES 2026-08-12..2026-09-10 (своя)","ставка rolling-окна пересчитана (V_UNITKA_COMMISSION_RATES 2026-08-12..2026-09-10 (своя))"
"2026-09 (все 30 строк)","567668635","HN760","commission","0.457406","0.457366","MODEL_PARAMETER_REFRESH","V_UNITKA_COMMISSION_RATES 2026-08-12..2026-09-10 (своя)","ставка rolling-окна пересчитана (V_UNITKA_COMMISSION_RATES 2026-08-12..2026-09-10 (своя))"
"2026-09 (все 30 строк)","567668635","HN761","commission","0.457406","0.457366","MODEL_PARAMETER_REFRESH","V_UNITKA_COMMISSION_RATES 2026-08-12..2026-09-10 (своя)","ставка rolling-окна пересчитана (V_UNITKA_COMMISSION_RATES 2026-08-12..2026-09-10 (своя))"
"2026-09 (все 30 строк)","567668635","HN762","commission","0.457406","0.457366","MODEL_PARAMETER_REFRESH","V_UNITKA_COMMISSION_RATES 2026-08-12..2026-09-10 (своя)","ставка rolling-окна пересчитана (V_UNITKA_COMMISSION_RATES 2026-08-12..2026-09-10 (своя))"
"2026-09 (все 30 строк)","567668635","HN763","commission","0.457406","0.457366","MODEL_PARAMETER_REFRESH","V_UNITKA_COMMISSION_RATES 2026-08-12..2026-09-10 (своя)","ставка rolling-окна пересчитана (V_UNITKA_COMMISSION_RATES 2026-08-12..2026-09-10 (своя))"
"2026-09 (все 30 строк)","567668635","HN764","commission","0.457406","0.457366","MODEL_PARAMETER_REFRESH","V_UNITKA_COMMISSION_RATES 2026-08-12..2026-09-10 (своя)","ставка rolling-окна пересчитана (V_UNITKA_COMMISSION_RATES 2026-08-12..2026-09-10 (своя))"
"2026-09 (все 30 строк)","567668635","HN765","commission","0.457406","0.457366","MODEL_PARAMETER_REFRESH","V_UNITKA_COMMISSION_RATES 2026-08-12..2026-09-10 (своя)","ставка rolling-окна пересчитана (V_UNITKA_COMMISSION_RATES 2026-08-12..2026-09-10 (своя))"
"2026-09 (все 30 строк)","567668635","HN766","commission","0.457406","0.457366","MODEL_PARAMETER_REFRESH","V_UNITKA_COMMISSION_RATES 2026-08-12..2026-09-10 (своя)","ставка rolling-окна пересчитана (V_UNITKA_COMMISSION_RATES 2026-08-12..2026-09-10 (своя))"
"2026-09 (все 30 строк)","535581674","IL737","commission","0.45525","0.455002","MODEL_PARAMETER_REFRESH","V_UNITKA_COMMISSION_RATES 2026-08-12..2026-09-10 (своя)","ставка rolling-окна пересчитана (V_UNITKA_COMMISSION_RATES 2026-08-12..2026-09-10 (своя))"
"2026-09 (все 30 строк)","535581674","IL738","commission","0.45525","0.455002","MODEL_PARAMETER_REFRESH","V_UNITKA_COMMISSION_RATES 2026-08-12..2026-09-10 (своя)","ставка rolling-окна пересчитана (V_UNITKA_COMMISSION_RATES 2026-08-12..2026-09-10 (своя))"
"2026-09 (все 30 строк)","535581674","IL739","commission","0.45525","0.455002","MODEL_PARAMETER_REFRESH","V_UNITKA_COMMISSION_RATES 2026-08-12..2026-09-10 (своя)","ставка rolling-окна пересчитана (V_UNITKA_COMMISSION_RATES 2026-08-12..2026-09-10 (своя))"
"2026-09 (все 30 строк)","535581674","IL740","commission","0.45525","0.455002","MODEL_PARAMETER_REFRESH","V_UNITKA_COMMISSION_RATES 2026-08-12..2026-09-10 (своя)","ставка rolling-окна пересчитана (V_UNITKA_COMMISSION_RATES 2026-08-12..2026-09-10 (своя))"
"2026-09 (все 30 строк)","535581674","IL741","commission","0.45525","0.455002","MODEL_PARAMETER_REFRESH","V_UNITKA_COMMISSION_RATES 2026-08-12..2026-09-10 (своя)","ставка rolling-окна пересчитана (V_UNITKA_COMMISSION_RATES 2026-08-12..2026-09-10 (своя))"
"2026-09 (все 30 строк)","535581674","IL742","commission","0.45525","0.455002","MODEL_PARAMETER_REFRESH","V_UNITKA_COMMISSION_RATES 2026-08-12..2026-09-10 (своя)","ставка rolling-окна пересчитана (V_UNITKA_COMMISSION_RATES 2026-08-12..2026-09-10 (своя))"
"2026-09 (все 30 строк)","535581674","IL743","commission","0.45525","0.455002","MODEL_PARAMETER_REFRESH","V_UNITKA_COMMISSION_RATES 2026-08-12..2026-09-10 (своя)","ставка rolling-окна пересчитана (V_UNITKA_COMMISSION_RATES 2026-08-12..2026-09-10 (своя))"
"2026-09 (все 30 строк)","535581674","IL744","commission","0.45525","0.455002","MODEL_PARAMETER_REFRESH","V_UNITKA_COMMISSION_RATES 2026-08-12..2026-09-10 (своя)","ставка rolling-окна пересчитана (V_UNITKA_COMMISSION_RATES 2026-08-12..2026-09-10 (своя))"
"2026-09 (все 30 строк)","535581674","IL745","commission","0.45525","0.455002","MODEL_PARAMETER_REFRESH","V_UNITKA_COMMISSION_RATES 2026-08-12..2026-09-10 (своя)","ставка rolling-окна пересчитана (V_UNITKA_COMMISSION_RATES 2026-08-12..2026-09-10 (своя))"
"2026-09 (все 30 строк)","535581674","IL746","commission","0.45525","0.455002","MODEL_PARAMETER_REFRESH","V_UNITKA_COMMISSION_RATES 2026-08-12..2026-09-10 (своя)","ставка rolling-окна пересчитана (V_UNITKA_COMMISSION_RATES 2026-08-12..2026-09-10 (своя))"
"2026-09 (все 30 строк)","535581674","IL747","commission","0.45525","0.455002","MODEL_PARAMETER_REFRESH","V_UNITKA_COMMISSION_RATES 2026-08-12..2026-09-10 (своя)","ставка rolling-окна пересчитана (V_UNITKA_COMMISSION_RATES 2026-08-12..2026-09-10 (своя))"
"2026-09 (все 30 строк)","535581674","IL748","commission","0.45525","0.455002","MODEL_PARAMETER_REFRESH","V_UNITKA_COMMISSION_RATES 2026-08-12..2026-09-10 (своя)","ставка rolling-окна пересчитана (V_UNITKA_COMMISSION_RATES 2026-08-12..2026-09-10 (своя))"
"2026-09 (все 30 строк)","535581674","IL749","commission","0.45525","0.455002","MODEL_PARAMETER_REFRESH","V_UNITKA_COMMISSION_RATES 2026-08-12..2026-09-10 (своя)","ставка rolling-окна пересчитана (V_UNITKA_COMMISSION_RATES 2026-08-12..2026-09-10 (своя))"
"2026-09 (все 30 строк)","535581674","IL750","commission","0.45525","0.455002","MODEL_PARAMETER_REFRESH","V_UNITKA_COMMISSION_RATES 2026-08-12..2026-09-10 (своя)","ставка rolling-окна пересчитана (V_UNITKA_COMMISSION_RATES 2026-08-12..2026-09-10 (своя))"
"2026-09 (все 30 строк)","535581674","IL751","commission","0.45525","0.455002","MODEL_PARAMETER_REFRESH","V_UNITKA_COMMISSION_RATES 2026-08-12..2026-09-10 (своя)","ставка rolling-окна пересчитана (V_UNITKA_COMMISSION_RATES 2026-08-12..2026-09-10 (своя))"
"2026-09 (все 30 строк)","535581674","IL752","commission","0.45525","0.455002","MODEL_PARAMETER_REFRESH","V_UNITKA_COMMISSION_RATES 2026-08-12..2026-09-10 (своя)","ставка rolling-окна пересчитана (V_UNITKA_COMMISSION_RATES 2026-08-12..2026-09-10 (своя))"
"2026-09 (все 30 строк)","535581674","IL753","commission","0.45525","0.455002","MODEL_PARAMETER_REFRESH","V_UNITKA_COMMISSION_RATES 2026-08-12..2026-09-10 (своя)","ставка rolling-окна пересчитана (V_UNITKA_COMMISSION_RATES 2026-08-12..2026-09-10 (своя))"
"2026-09 (все 30 строк)","535581674","IL754","commission","0.45525","0.455002","MODEL_PARAMETER_REFRESH","V_UNITKA_COMMISSION_RATES 2026-08-12..2026-09-10 (своя)","ставка rolling-окна пересчитана (V_UNITKA_COMMISSION_RATES 2026-08-12..2026-09-10 (своя))"
"2026-09 (все 30 строк)","535581674","IL755","commission","0.45525","0.455002","MODEL_PARAMETER_REFRESH","V_UNITKA_COMMISSION_RATES 2026-08-12..2026-09-10 (своя)","ставка rolling-окна пересчитана (V_UNITKA_COMMISSION_RATES 2026-08-12..2026-09-10 (своя))"
"2026-09 (все 30 строк)","535581674","IL756","commission","0.45525","0.455002","MODEL_PARAMETER_REFRESH","V_UNITKA_COMMISSION_RATES 2026-08-12..2026-09-10 (своя)","ставка rolling-окна пересчитана (V_UNITKA_COMMISSION_RATES 2026-08-12..2026-09-10 (своя))"
"2026-09 (все 30 строк)","535581674","IL757","commission","0.45525","0.455002","MODEL_PARAMETER_REFRESH","V_UNITKA_COMMISSION_RATES 2026-08-12..2026-09-10 (своя)","ставка rolling-окна пересчитана (V_UNITKA_COMMISSION_RATES 2026-08-12..2026-09-10 (своя))"
"2026-09 (все 30 строк)","535581674","IL758","commission","0.45525","0.455002","MODEL_PARAMETER_REFRESH","V_UNITKA_COMMISSION_RATES 2026-08-12..2026-09-10 (своя)","ставка rolling-окна пересчитана (V_UNITKA_COMMISSION_RATES 2026-08-12..2026-09-10 (своя))"
"2026-09 (все 30 строк)","535581674","IL759","commission","0.45525","0.455002","MODEL_PARAMETER_REFRESH","V_UNITKA_COMMISSION_RATES 2026-08-12..2026-09-10 (своя)","ставка rolling-окна пересчитана (V_UNITKA_COMMISSION_RATES 2026-08-12..2026-09-10 (своя))"
"2026-09 (все 30 строк)","535581674","IL760","commission","0.45525","0.455002","MODEL_PARAMETER_REFRESH","V_UNITKA_COMMISSION_RATES 2026-08-12..2026-09-10 (своя)","ставка rolling-окна пересчитана (V_UNITKA_COMMISSION_RATES 2026-08-12..2026-09-10 (своя))"
"2026-09 (все 30 строк)","535581674","IL761","commission","0.45525","0.455002","MODEL_PARAMETER_REFRESH","V_UNITKA_COMMISSION_RATES 2026-08-12..2026-09-10 (своя)","ставка rolling-окна пересчитана (V_UNITKA_COMMISSION_RATES 2026-08-12..2026-09-10 (своя))"
"2026-09 (все 30 строк)","535581674","IL762","commission","0.45525","0.455002","MODEL_PARAMETER_REFRESH","V_UNITKA_COMMISSION_RATES 2026-08-12..2026-09-10 (своя)","ставка rolling-окна пересчитана (V_UNITKA_COMMISSION_RATES 2026-08-12..2026-09-10 (своя))"
"2026-09 (все 30 строк)","535581674","IL763","commission","0.45525","0.455002","MODEL_PARAMETER_REFRESH","V_UNITKA_COMMISSION_RATES 2026-08-12..2026-09-10 (своя)","ставка rolling-окна пересчитана (V_UNITKA_COMMISSION_RATES 2026-08-12..2026-09-10 (своя))"
"2026-09 (все 30 строк)","535581674","IL764","commission","0.45525","0.455002","MODEL_PARAMETER_REFRESH","V_UNITKA_COMMISSION_RATES 2026-08-12..2026-09-10 (своя)","ставка rolling-окна пересчитана (V_UNITKA_COMMISSION_RATES 2026-08-12..2026-09-10 (своя))"
"2026-09 (все 30 строк)","535581674","IL765","commission","0.45525","0.455002","MODEL_PARAMETER_REFRESH","V_UNITKA_COMMISSION_RATES 2026-08-12..2026-09-10 (своя)","ставка rolling-окна пересчитана (V_UNITKA_COMMISSION_RATES 2026-08-12..2026-09-10 (своя))"
"2026-09 (все 30 строк)","535581674","IL766","commission","0.45525","0.455002","MODEL_PARAMETER_REFRESH","V_UNITKA_COMMISSION_RATES 2026-08-12..2026-09-10 (своя)","ставка rolling-окна пересчитана (V_UNITKA_COMMISSION_RATES 2026-08-12..2026-09-10 (своя))"
"2026-09 (все 30 строк)","535581675","JJ737","commission","0.453607","0.453248","MODEL_PARAMETER_REFRESH","V_UNITKA_COMMISSION_RATES 2026-08-12..2026-09-10 (своя)","ставка rolling-окна пересчитана (V_UNITKA_COMMISSION_RATES 2026-08-12..2026-09-10 (своя))"
"2026-09 (все 30 строк)","535581675","JJ738","commission","0.453607","0.453248","MODEL_PARAMETER_REFRESH","V_UNITKA_COMMISSION_RATES 2026-08-12..2026-09-10 (своя)","ставка rolling-окна пересчитана (V_UNITKA_COMMISSION_RATES 2026-08-12..2026-09-10 (своя))"
"2026-09 (все 30 строк)","535581675","JJ739","commission","0.453607","0.453248","MODEL_PARAMETER_REFRESH","V_UNITKA_COMMISSION_RATES 2026-08-12..2026-09-10 (своя)","ставка rolling-окна пересчитана (V_UNITKA_COMMISSION_RATES 2026-08-12..2026-09-10 (своя))"
"2026-09 (все 30 строк)","535581675","JJ740","commission","0.453607","0.453248","MODEL_PARAMETER_REFRESH","V_UNITKA_COMMISSION_RATES 2026-08-12..2026-09-10 (своя)","ставка rolling-окна пересчитана (V_UNITKA_COMMISSION_RATES 2026-08-12..2026-09-10 (своя))"
"2026-09 (все 30 строк)","535581675","JJ741","commission","0.453607","0.453248","MODEL_PARAMETER_REFRESH","V_UNITKA_COMMISSION_RATES 2026-08-12..2026-09-10 (своя)","ставка rolling-окна пересчитана (V_UNITKA_COMMISSION_RATES 2026-08-12..2026-09-10 (своя))"
"2026-09 (все 30 строк)","535581675","JJ742","commission","0.453607","0.453248","MODEL_PARAMETER_REFRESH","V_UNITKA_COMMISSION_RATES 2026-08-12..2026-09-10 (своя)","ставка rolling-окна пересчитана (V_UNITKA_COMMISSION_RATES 2026-08-12..2026-09-10 (своя))"
"2026-09 (все 30 строк)","535581675","JJ743","commission","0.453607","0.453248","MODEL_PARAMETER_REFRESH","V_UNITKA_COMMISSION_RATES 2026-08-12..2026-09-10 (своя)","ставка rolling-окна пересчитана (V_UNITKA_COMMISSION_RATES 2026-08-12..2026-09-10 (своя))"
"2026-09 (все 30 строк)","535581675","JJ744","commission","0.453607","0.453248","MODEL_PARAMETER_REFRESH","V_UNITKA_COMMISSION_RATES 2026-08-12..2026-09-10 (своя)","ставка rolling-окна пересчитана (V_UNITKA_COMMISSION_RATES 2026-08-12..2026-09-10 (своя))"
"2026-09 (все 30 строк)","535581675","JJ745","commission","0.453607","0.453248","MODEL_PARAMETER_REFRESH","V_UNITKA_COMMISSION_RATES 2026-08-12..2026-09-10 (своя)","ставка rolling-окна пересчитана (V_UNITKA_COMMISSION_RATES 2026-08-12..2026-09-10 (своя))"
"2026-09 (все 30 строк)","535581675","JJ746","commission","0.453607","0.453248","MODEL_PARAMETER_REFRESH","V_UNITKA_COMMISSION_RATES 2026-08-12..2026-09-10 (своя)","ставка rolling-окна пересчитана (V_UNITKA_COMMISSION_RATES 2026-08-12..2026-09-10 (своя))"
"2026-09 (все 30 строк)","535581675","JJ747","commission","0.453607","0.453248","MODEL_PARAMETER_REFRESH","V_UNITKA_COMMISSION_RATES 2026-08-12..2026-09-10 (своя)","ставка rolling-окна пересчитана (V_UNITKA_COMMISSION_RATES 2026-08-12..2026-09-10 (своя))"
"2026-09 (все 30 строк)","535581675","JJ748","commission","0.453607","0.453248","MODEL_PARAMETER_REFRESH","V_UNITKA_COMMISSION_RATES 2026-08-12..2026-09-10 (своя)","ставка rolling-окна пересчитана (V_UNITKA_COMMISSION_RATES 2026-08-12..2026-09-10 (своя))"
"2026-09 (все 30 строк)","535581675","JJ749","commission","0.453607","0.453248","MODEL_PARAMETER_REFRESH","V_UNITKA_COMMISSION_RATES 2026-08-12..2026-09-10 (своя)","ставка rolling-окна пересчитана (V_UNITKA_COMMISSION_RATES 2026-08-12..2026-09-10 (своя))"
"2026-09 (все 30 строк)","535581675","JJ750","commission","0.453607","0.453248","MODEL_PARAMETER_REFRESH","V_UNITKA_COMMISSION_RATES 2026-08-12..2026-09-10 (своя)","ставка rolling-окна пересчитана (V_UNITKA_COMMISSION_RATES 2026-08-12..2026-09-10 (своя))"
"2026-09 (все 30 строк)","535581675","JJ751","commission","0.453607","0.453248","MODEL_PARAMETER_REFRESH","V_UNITKA_COMMISSION_RATES 2026-08-12..2026-09-10 (своя)","ставка rolling-окна пересчитана (V_UNITKA_COMMISSION_RATES 2026-08-12..2026-09-10 (своя))"
"2026-09 (все 30 строк)","535581675","JJ752","commission","0.453607","0.453248","MODEL_PARAMETER_REFRESH","V_UNITKA_COMMISSION_RATES 2026-08-12..2026-09-10 (своя)","ставка rolling-окна пересчитана (V_UNITKA_COMMISSION_RATES 2026-08-12..2026-09-10 (своя))"
"2026-09 (все 30 строк)","535581675","JJ753","commission","0.453607","0.453248","MODEL_PARAMETER_REFRESH","V_UNITKA_COMMISSION_RATES 2026-08-12..2026-09-10 (своя)","ставка rolling-окна пересчитана (V_UNITKA_COMMISSION_RATES 2026-08-12..2026-09-10 (своя))"
"2026-09 (все 30 строк)","535581675","JJ754","commission","0.453607","0.453248","MODEL_PARAMETER_REFRESH","V_UNITKA_COMMISSION_RATES 2026-08-12..2026-09-10 (своя)","ставка rolling-окна пересчитана (V_UNITKA_COMMISSION_RATES 2026-08-12..2026-09-10 (своя))"
"2026-09 (все 30 строк)","535581675","JJ755","commission","0.453607","0.453248","MODEL_PARAMETER_REFRESH","V_UNITKA_COMMISSION_RATES 2026-08-12..2026-09-10 (своя)","ставка rolling-окна пересчитана (V_UNITKA_COMMISSION_RATES 2026-08-12..2026-09-10 (своя))"
"2026-09 (все 30 строк)","535581675","JJ756","commission","0.453607","0.453248","MODEL_PARAMETER_REFRESH","V_UNITKA_COMMISSION_RATES 2026-08-12..2026-09-10 (своя)","ставка rolling-окна пересчитана (V_UNITKA_COMMISSION_RATES 2026-08-12..2026-09-10 (своя))"
"2026-09 (все 30 строк)","535581675","JJ757","commission","0.453607","0.453248","MODEL_PARAMETER_REFRESH","V_UNITKA_COMMISSION_RATES 2026-08-12..2026-09-10 (своя)","ставка rolling-окна пересчитана (V_UNITKA_COMMISSION_RATES 2026-08-12..2026-09-10 (своя))"
"2026-09 (все 30 строк)","535581675","JJ758","commission","0.453607","0.453248","MODEL_PARAMETER_REFRESH","V_UNITKA_COMMISSION_RATES 2026-08-12..2026-09-10 (своя)","ставка rolling-окна пересчитана (V_UNITKA_COMMISSION_RATES 2026-08-12..2026-09-10 (своя))"
"2026-09 (все 30 строк)","535581675","JJ759","commission","0.453607","0.453248","MODEL_PARAMETER_REFRESH","V_UNITKA_COMMISSION_RATES 2026-08-12..2026-09-10 (своя)","ставка rolling-окна пересчитана (V_UNITKA_COMMISSION_RATES 2026-08-12..2026-09-10 (своя))"
"2026-09 (все 30 строк)","535581675","JJ760","commission","0.453607","0.453248","MODEL_PARAMETER_REFRESH","V_UNITKA_COMMISSION_RATES 2026-08-12..2026-09-10 (своя)","ставка rolling-окна пересчитана (V_UNITKA_COMMISSION_RATES 2026-08-12..2026-09-10 (своя))"
"2026-09 (все 30 строк)","535581675","JJ761","commission","0.453607","0.453248","MODEL_PARAMETER_REFRESH","V_UNITKA_COMMISSION_RATES 2026-08-12..2026-09-10 (своя)","ставка rolling-окна пересчитана (V_UNITKA_COMMISSION_RATES 2026-08-12..2026-09-10 (своя))"
"2026-09 (все 30 строк)","535581675","JJ762","commission","0.453607","0.453248","MODEL_PARAMETER_REFRESH","V_UNITKA_COMMISSION_RATES 2026-08-12..2026-09-10 (своя)","ставка rolling-окна пересчитана (V_UNITKA_COMMISSION_RATES 2026-08-12..2026-09-10 (своя))"
"2026-09 (все 30 строк)","535581675","JJ763","commission","0.453607","0.453248","MODEL_PARAMETER_REFRESH","V_UNITKA_COMMISSION_RATES 2026-08-12..2026-09-10 (своя)","ставка rolling-окна пересчитана (V_UNITKA_COMMISSION_RATES 2026-08-12..2026-09-10 (своя))"
"2026-09 (все 30 строк)","535581675","JJ764","commission","0.453607","0.453248","MODEL_PARAMETER_REFRESH","V_UNITKA_COMMISSION_RATES 2026-08-12..2026-09-10 (своя)","ставка rolling-окна пересчитана (V_UNITKA_COMMISSION_RATES 2026-08-12..2026-09-10 (своя))"
"2026-09 (все 30 строк)","535581675","JJ765","commission","0.453607","0.453248","MODEL_PARAMETER_REFRESH","V_UNITKA_COMMISSION_RATES 2026-08-12..2026-09-10 (своя)","ставка rolling-окна пересчитана (V_UNITKA_COMMISSION_RATES 2026-08-12..2026-09-10 (своя))"
"2026-09 (все 30 строк)","535581675","JJ766","commission","0.453607","0.453248","MODEL_PARAMETER_REFRESH","V_UNITKA_COMMISSION_RATES 2026-08-12..2026-09-10 (своя)","ставка rolling-окна пересчитана (V_UNITKA_COMMISSION_RATES 2026-08-12..2026-09-10 (своя))"
"2026-09-07","773170315","KU743","cancels","0","1","LATE_SOURCE_CORRECTION","PROXY_FACT_ORDERS","день 2026-09-07 закрыт в книге 2026-09-10; источник PROXY_FACT_ORDERS пересчитал значение задним числом"
"2026-09-10","773170315","KV746","stock","0","0","NO_CHANGE","FACT_STOCKS_SNAPSHOT","формула-наследие → значение, результат тот же"
"2026-09 (все 30 строк)","773170315","LF737","commission","0.455916","0.45578","MODEL_PARAMETER_REFRESH","V_UNITKA_COMMISSION_RATES 2026-08-12..2026-09-10 (магазин)","ставка rolling-окна пересчитана (V_UNITKA_COMMISSION_RATES 2026-08-12..2026-09-10 (магазин))"
"2026-09 (все 30 строк)","773170315","LF738","commission","0.455916","0.45578","MODEL_PARAMETER_REFRESH","V_UNITKA_COMMISSION_RATES 2026-08-12..2026-09-10 (магазин)","ставка rolling-окна пересчитана (V_UNITKA_COMMISSION_RATES 2026-08-12..2026-09-10 (магазин))"
"2026-09 (все 30 строк)","773170315","LF739","commission","0.455916","0.45578","MODEL_PARAMETER_REFRESH","V_UNITKA_COMMISSION_RATES 2026-08-12..2026-09-10 (магазин)","ставка rolling-окна пересчитана (V_UNITKA_COMMISSION_RATES 2026-08-12..2026-09-10 (магазин))"
"2026-09 (все 30 строк)","773170315","LF740","commission","0.455916","0.45578","MODEL_PARAMETER_REFRESH","V_UNITKA_COMMISSION_RATES 2026-08-12..2026-09-10 (магазин)","ставка rolling-окна пересчитана (V_UNITKA_COMMISSION_RATES 2026-08-12..2026-09-10 (магазин))"
"2026-09 (все 30 строк)","773170315","LF741","commission","0.455916","0.45578","MODEL_PARAMETER_REFRESH","V_UNITKA_COMMISSION_RATES 2026-08-12..2026-09-10 (магазин)","ставка rolling-окна пересчитана (V_UNITKA_COMMISSION_RATES 2026-08-12..2026-09-10 (магазин))"
"2026-09 (все 30 строк)","773170315","LF742","commission","0.455916","0.45578","MODEL_PARAMETER_REFRESH","V_UNITKA_COMMISSION_RATES 2026-08-12..2026-09-10 (магазин)","ставка rolling-окна пересчитана (V_UNITKA_COMMISSION_RATES 2026-08-12..2026-09-10 (магазин))"
"2026-09 (все 30 строк)","773170315","LF743","commission","0.455916","0.45578","MODEL_PARAMETER_REFRESH","V_UNITKA_COMMISSION_RATES 2026-08-12..2026-09-10 (магазин)","ставка rolling-окна пересчитана (V_UNITKA_COMMISSION_RATES 2026-08-12..2026-09-10 (магазин))"
"2026-09 (все 30 строк)","773170315","LF744","commission","0.455916","0.45578","MODEL_PARAMETER_REFRESH","V_UNITKA_COMMISSION_RATES 2026-08-12..2026-09-10 (магазин)","ставка rolling-окна пересчитана (V_UNITKA_COMMISSION_RATES 2026-08-12..2026-09-10 (магазин))"
"2026-09 (все 30 строк)","773170315","LF745","commission","0.455916","0.45578","MODEL_PARAMETER_REFRESH","V_UNITKA_COMMISSION_RATES 2026-08-12..2026-09-10 (магазин)","ставка rolling-окна пересчитана (V_UNITKA_COMMISSION_RATES 2026-08-12..2026-09-10 (магазин))"
"2026-09 (все 30 строк)","773170315","LF746","commission","0.455916","0.45578","MODEL_PARAMETER_REFRESH","V_UNITKA_COMMISSION_RATES 2026-08-12..2026-09-10 (магазин)","ставка rolling-окна пересчитана (V_UNITKA_COMMISSION_RATES 2026-08-12..2026-09-10 (магазин))"
"2026-09 (все 30 строк)","773170315","LF747","commission","0.455916","0.45578","MODEL_PARAMETER_REFRESH","V_UNITKA_COMMISSION_RATES 2026-08-12..2026-09-10 (магазин)","ставка rolling-окна пересчитана (V_UNITKA_COMMISSION_RATES 2026-08-12..2026-09-10 (магазин))"
"2026-09 (все 30 строк)","773170315","LF748","commission","0.455916","0.45578","MODEL_PARAMETER_REFRESH","V_UNITKA_COMMISSION_RATES 2026-08-12..2026-09-10 (магазин)","ставка rolling-окна пересчитана (V_UNITKA_COMMISSION_RATES 2026-08-12..2026-09-10 (магазин))"
"2026-09 (все 30 строк)","773170315","LF749","commission","0.455916","0.45578","MODEL_PARAMETER_REFRESH","V_UNITKA_COMMISSION_RATES 2026-08-12..2026-09-10 (магазин)","ставка rolling-окна пересчитана (V_UNITKA_COMMISSION_RATES 2026-08-12..2026-09-10 (магазин))"
"2026-09 (все 30 строк)","773170315","LF750","commission","0.455916","0.45578","MODEL_PARAMETER_REFRESH","V_UNITKA_COMMISSION_RATES 2026-08-12..2026-09-10 (магазин)","ставка rolling-окна пересчитана (V_UNITKA_COMMISSION_RATES 2026-08-12..2026-09-10 (магазин))"
"2026-09 (все 30 строк)","773170315","LF751","commission","0.455916","0.45578","MODEL_PARAMETER_REFRESH","V_UNITKA_COMMISSION_RATES 2026-08-12..2026-09-10 (магазин)","ставка rolling-окна пересчитана (V_UNITKA_COMMISSION_RATES 2026-08-12..2026-09-10 (магазин))"
"2026-09 (все 30 строк)","773170315","LF752","commission","0.455916","0.45578","MODEL_PARAMETER_REFRESH","V_UNITKA_COMMISSION_RATES 2026-08-12..2026-09-10 (магазин)","ставка rolling-окна пересчитана (V_UNITKA_COMMISSION_RATES 2026-08-12..2026-09-10 (магазин))"
"2026-09 (все 30 строк)","773170315","LF753","commission","0.455916","0.45578","MODEL_PARAMETER_REFRESH","V_UNITKA_COMMISSION_RATES 2026-08-12..2026-09-10 (магазин)","ставка rolling-окна пересчитана (V_UNITKA_COMMISSION_RATES 2026-08-12..2026-09-10 (магазин))"
"2026-09 (все 30 строк)","773170315","LF754","commission","0.455916","0.45578","MODEL_PARAMETER_REFRESH","V_UNITKA_COMMISSION_RATES 2026-08-12..2026-09-10 (магазин)","ставка rolling-окна пересчитана (V_UNITKA_COMMISSION_RATES 2026-08-12..2026-09-10 (магазин))"
"2026-09 (все 30 строк)","773170315","LF755","commission","0.455916","0.45578","MODEL_PARAMETER_REFRESH","V_UNITKA_COMMISSION_RATES 2026-08-12..2026-09-10 (магазин)","ставка rolling-окна пересчитана (V_UNITKA_COMMISSION_RATES 2026-08-12..2026-09-10 (магазин))"
"2026-09 (все 30 строк)","773170315","LF756","commission","0.455916","0.45578","MODEL_PARAMETER_REFRESH","V_UNITKA_COMMISSION_RATES 2026-08-12..2026-09-10 (магазин)","ставка rolling-окна пересчитана (V_UNITKA_COMMISSION_RATES 2026-08-12..2026-09-10 (магазин))"
"2026-09 (все 30 строк)","773170315","LF757","commission","0.455916","0.45578","MODEL_PARAMETER_REFRESH","V_UNITKA_COMMISSION_RATES 2026-08-12..2026-09-10 (магазин)","ставка rolling-окна пересчитана (V_UNITKA_COMMISSION_RATES 2026-08-12..2026-09-10 (магазин))"
"2026-09 (все 30 строк)","773170315","LF758","commission","0.455916","0.45578","MODEL_PARAMETER_REFRESH","V_UNITKA_COMMISSION_RATES 2026-08-12..2026-09-10 (магазин)","ставка rolling-окна пересчитана (V_UNITKA_COMMISSION_RATES 2026-08-12..2026-09-10 (магазин))"
"2026-09 (все 30 строк)","773170315","LF759","commission","0.455916","0.45578","MODEL_PARAMETER_REFRESH","V_UNITKA_COMMISSION_RATES 2026-08-12..2026-09-10 (магазин)","ставка rolling-окна пересчитана (V_UNITKA_COMMISSION_RATES 2026-08-12..2026-09-10 (магазин))"
"2026-09 (все 30 строк)","773170315","LF760","commission","0.455916","0.45578","MODEL_PARAMETER_REFRESH","V_UNITKA_COMMISSION_RATES 2026-08-12..2026-09-10 (магазин)","ставка rolling-окна пересчитана (V_UNITKA_COMMISSION_RATES 2026-08-12..2026-09-10 (магазин))"
"2026-09 (все 30 строк)","773170315","LF761","commission","0.455916","0.45578","MODEL_PARAMETER_REFRESH","V_UNITKA_COMMISSION_RATES 2026-08-12..2026-09-10 (магазин)","ставка rolling-окна пересчитана (V_UNITKA_COMMISSION_RATES 2026-08-12..2026-09-10 (магазин))"
"2026-09 (все 30 строк)","773170315","LF762","commission","0.455916","0.45578","MODEL_PARAMETER_REFRESH","V_UNITKA_COMMISSION_RATES 2026-08-12..2026-09-10 (магазин)","ставка rolling-окна пересчитана (V_UNITKA_COMMISSION_RATES 2026-08-12..2026-09-10 (магазин))"
"2026-09 (все 30 строк)","773170315","LF763","commission","0.455916","0.45578","MODEL_PARAMETER_REFRESH","V_UNITKA_COMMISSION_RATES 2026-08-12..2026-09-10 (магазин)","ставка rolling-окна пересчитана (V_UNITKA_COMMISSION_RATES 2026-08-12..2026-09-10 (магазин))"
"2026-09 (все 30 строк)","773170315","LF764","commission","0.455916","0.45578","MODEL_PARAMETER_REFRESH","V_UNITKA_COMMISSION_RATES 2026-08-12..2026-09-10 (магазин)","ставка rolling-окна пересчитана (V_UNITKA_COMMISSION_RATES 2026-08-12..2026-09-10 (магазин))"
"2026-09 (все 30 строк)","773170315","LF765","commission","0.455916","0.45578","MODEL_PARAMETER_REFRESH","V_UNITKA_COMMISSION_RATES 2026-08-12..2026-09-10 (магазин)","ставка rolling-окна пересчитана (V_UNITKA_COMMISSION_RATES 2026-08-12..2026-09-10 (магазин))"
"2026-09 (все 30 строк)","773170315","LF766","commission","0.455916","0.45578","MODEL_PARAMETER_REFRESH","V_UNITKA_COMMISSION_RATES 2026-08-12..2026-09-10 (магазин)","ставка rolling-окна пересчитана (V_UNITKA_COMMISSION_RATES 2026-08-12..2026-09-10 (магазин))"
"2026-09-01","773170316","MG737","storage","0","0","NO_CHANGE","RAW_WB_PAID_STORAGE","формула-наследие → значение, результат тот же"
"2026-09-02","773170316","MG738","storage","0","0","NO_CHANGE","RAW_WB_PAID_STORAGE","формула-наследие → значение, результат тот же"
"2026-09-03","773170316","MG739","storage","0","0","NO_CHANGE","RAW_WB_PAID_STORAGE","формула-наследие → значение, результат тот же"
"2026-09-04","773170316","MG740","storage","0","0","NO_CHANGE","RAW_WB_PAID_STORAGE","формула-наследие → значение, результат тот же"
"2026-09-05","773170316","MG741","storage","0","0","NO_CHANGE","RAW_WB_PAID_STORAGE","формула-наследие → значение, результат тот же"
"2026-09-06","773170316","MG742","storage","0","0","NO_CHANGE","RAW_WB_PAID_STORAGE","формула-наследие → значение, результат тот же"
"2026-09-07","773170316","MG743","storage","0","0","NO_CHANGE","RAW_WB_PAID_STORAGE","формула-наследие → значение, результат тот же"
"2026-09-08","773170316","MG744","storage","0","0","NO_CHANGE","RAW_WB_PAID_STORAGE","формула-наследие → значение, результат тот же"
"2026-09-09","773170316","MG745","storage","0","0","NO_CHANGE","RAW_WB_PAID_STORAGE","формула-наследие → значение, результат тот же"
"2026-09-10","773170316","LT746","stock","0","0","NO_CHANGE","FACT_STOCKS_SNAPSHOT","формула-наследие → значение, результат тот же"
"2026-09 (все 30 строк)","773170316","MD737","commission","0.45549","0.457952","MODEL_PARAMETER_REFRESH","V_UNITKA_COMMISSION_RATES 2026-08-12..2026-09-10 (своя)","ставка rolling-окна пересчитана (V_UNITKA_COMMISSION_RATES 2026-08-12..2026-09-10 (своя))"
"2026-09 (все 30 строк)","773170316","MD738","commission","0.45549","0.457952","MODEL_PARAMETER_REFRESH","V_UNITKA_COMMISSION_RATES 2026-08-12..2026-09-10 (своя)","ставка rolling-окна пересчитана (V_UNITKA_COMMISSION_RATES 2026-08-12..2026-09-10 (своя))"
"2026-09 (все 30 строк)","773170316","MD739","commission","0.45549","0.457952","MODEL_PARAMETER_REFRESH","V_UNITKA_COMMISSION_RATES 2026-08-12..2026-09-10 (своя)","ставка rolling-окна пересчитана (V_UNITKA_COMMISSION_RATES 2026-08-12..2026-09-10 (своя))"
"2026-09 (все 30 строк)","773170316","MD740","commission","0.45549","0.457952","MODEL_PARAMETER_REFRESH","V_UNITKA_COMMISSION_RATES 2026-08-12..2026-09-10 (своя)","ставка rolling-окна пересчитана (V_UNITKA_COMMISSION_RATES 2026-08-12..2026-09-10 (своя))"
"2026-09 (все 30 строк)","773170316","MD741","commission","0.45549","0.457952","MODEL_PARAMETER_REFRESH","V_UNITKA_COMMISSION_RATES 2026-08-12..2026-09-10 (своя)","ставка rolling-окна пересчитана (V_UNITKA_COMMISSION_RATES 2026-08-12..2026-09-10 (своя))"
"2026-09 (все 30 строк)","773170316","MD742","commission","0.45549","0.457952","MODEL_PARAMETER_REFRESH","V_UNITKA_COMMISSION_RATES 2026-08-12..2026-09-10 (своя)","ставка rolling-окна пересчитана (V_UNITKA_COMMISSION_RATES 2026-08-12..2026-09-10 (своя))"
"2026-09 (все 30 строк)","773170316","MD743","commission","0.45549","0.457952","MODEL_PARAMETER_REFRESH","V_UNITKA_COMMISSION_RATES 2026-08-12..2026-09-10 (своя)","ставка rolling-окна пересчитана (V_UNITKA_COMMISSION_RATES 2026-08-12..2026-09-10 (своя))"
"2026-09 (все 30 строк)","773170316","MD744","commission","0.45549","0.457952","MODEL_PARAMETER_REFRESH","V_UNITKA_COMMISSION_RATES 2026-08-12..2026-09-10 (своя)","ставка rolling-окна пересчитана (V_UNITKA_COMMISSION_RATES 2026-08-12..2026-09-10 (своя))"
"2026-09 (все 30 строк)","773170316","MD745","commission","0.45549","0.457952","MODEL_PARAMETER_REFRESH","V_UNITKA_COMMISSION_RATES 2026-08-12..2026-09-10 (своя)","ставка rolling-окна пересчитана (V_UNITKA_COMMISSION_RATES 2026-08-12..2026-09-10 (своя))"
"2026-09 (все 30 строк)","773170316","MD746","commission","0.45549","0.457952","MODEL_PARAMETER_REFRESH","V_UNITKA_COMMISSION_RATES 2026-08-12..2026-09-10 (своя)","ставка rolling-окна пересчитана (V_UNITKA_COMMISSION_RATES 2026-08-12..2026-09-10 (своя))"
"2026-09 (все 30 строк)","773170316","MD747","commission","0.45549","0.457952","MODEL_PARAMETER_REFRESH","V_UNITKA_COMMISSION_RATES 2026-08-12..2026-09-10 (своя)","ставка rolling-окна пересчитана (V_UNITKA_COMMISSION_RATES 2026-08-12..2026-09-10 (своя))"
"2026-09 (все 30 строк)","773170316","MD748","commission","0.45549","0.457952","MODEL_PARAMETER_REFRESH","V_UNITKA_COMMISSION_RATES 2026-08-12..2026-09-10 (своя)","ставка rolling-окна пересчитана (V_UNITKA_COMMISSION_RATES 2026-08-12..2026-09-10 (своя))"
"2026-09 (все 30 строк)","773170316","MD749","commission","0.45549","0.457952","MODEL_PARAMETER_REFRESH","V_UNITKA_COMMISSION_RATES 2026-08-12..2026-09-10 (своя)","ставка rolling-окна пересчитана (V_UNITKA_COMMISSION_RATES 2026-08-12..2026-09-10 (своя))"
"2026-09 (все 30 строк)","773170316","MD750","commission","0.45549","0.457952","MODEL_PARAMETER_REFRESH","V_UNITKA_COMMISSION_RATES 2026-08-12..2026-09-10 (своя)","ставка rolling-окна пересчитана (V_UNITKA_COMMISSION_RATES 2026-08-12..2026-09-10 (своя))"
"2026-09 (все 30 строк)","773170316","MD751","commission","0.45549","0.457952","MODEL_PARAMETER_REFRESH","V_UNITKA_COMMISSION_RATES 2026-08-12..2026-09-10 (своя)","ставка rolling-окна пересчитана (V_UNITKA_COMMISSION_RATES 2026-08-12..2026-09-10 (своя))"
"2026-09 (все 30 строк)","773170316","MD752","commission","0.45549","0.457952","MODEL_PARAMETER_REFRESH","V_UNITKA_COMMISSION_RATES 2026-08-12..2026-09-10 (своя)","ставка rolling-окна пересчитана (V_UNITKA_COMMISSION_RATES 2026-08-12..2026-09-10 (своя))"
"2026-09 (все 30 строк)","773170316","MD753","commission","0.45549","0.457952","MODEL_PARAMETER_REFRESH","V_UNITKA_COMMISSION_RATES 2026-08-12..2026-09-10 (своя)","ставка rolling-окна пересчитана (V_UNITKA_COMMISSION_RATES 2026-08-12..2026-09-10 (своя))"
"2026-09 (все 30 строк)","773170316","MD754","commission","0.45549","0.457952","MODEL_PARAMETER_REFRESH","V_UNITKA_COMMISSION_RATES 2026-08-12..2026-09-10 (своя)","ставка rolling-окна пересчитана (V_UNITKA_COMMISSION_RATES 2026-08-12..2026-09-10 (своя))"
"2026-09 (все 30 строк)","773170316","MD755","commission","0.45549","0.457952","MODEL_PARAMETER_REFRESH","V_UNITKA_COMMISSION_RATES 2026-08-12..2026-09-10 (своя)","ставка rolling-окна пересчитана (V_UNITKA_COMMISSION_RATES 2026-08-12..2026-09-10 (своя))"
"2026-09 (все 30 строк)","773170316","MD756","commission","0.45549","0.457952","MODEL_PARAMETER_REFRESH","V_UNITKA_COMMISSION_RATES 2026-08-12..2026-09-10 (своя)","ставка rolling-окна пересчитана (V_UNITKA_COMMISSION_RATES 2026-08-12..2026-09-10 (своя))"
"2026-09 (все 30 строк)","773170316","MD757","commission","0.45549","0.457952","MODEL_PARAMETER_REFRESH","V_UNITKA_COMMISSION_RATES 2026-08-12..2026-09-10 (своя)","ставка rolling-окна пересчитана (V_UNITKA_COMMISSION_RATES 2026-08-12..2026-09-10 (своя))"
"2026-09 (все 30 строк)","773170316","MD758","commission","0.45549","0.457952","MODEL_PARAMETER_REFRESH","V_UNITKA_COMMISSION_RATES 2026-08-12..2026-09-10 (своя)","ставка rolling-окна пересчитана (V_UNITKA_COMMISSION_RATES 2026-08-12..2026-09-10 (своя))"
"2026-09 (все 30 строк)","773170316","MD759","commission","0.45549","0.457952","MODEL_PARAMETER_REFRESH","V_UNITKA_COMMISSION_RATES 2026-08-12..2026-09-10 (своя)","ставка rolling-окна пересчитана (V_UNITKA_COMMISSION_RATES 2026-08-12..2026-09-10 (своя))"
"2026-09 (все 30 строк)","773170316","MD760","commission","0.45549","0.457952","MODEL_PARAMETER_REFRESH","V_UNITKA_COMMISSION_RATES 2026-08-12..2026-09-10 (своя)","ставка rolling-окна пересчитана (V_UNITKA_COMMISSION_RATES 2026-08-12..2026-09-10 (своя))"
"2026-09 (все 30 строк)","773170316","MD761","commission","0.45549","0.457952","MODEL_PARAMETER_REFRESH","V_UNITKA_COMMISSION_RATES 2026-08-12..2026-09-10 (своя)","ставка rolling-окна пересчитана (V_UNITKA_COMMISSION_RATES 2026-08-12..2026-09-10 (своя))"
"2026-09 (все 30 строк)","773170316","MD762","commission","0.45549","0.457952","MODEL_PARAMETER_REFRESH","V_UNITKA_COMMISSION_RATES 2026-08-12..2026-09-10 (своя)","ставка rolling-окна пересчитана (V_UNITKA_COMMISSION_RATES 2026-08-12..2026-09-10 (своя))"
"2026-09 (все 30 строк)","773170316","MD763","commission","0.45549","0.457952","MODEL_PARAMETER_REFRESH","V_UNITKA_COMMISSION_RATES 2026-08-12..2026-09-10 (своя)","ставка rolling-окна пересчитана (V_UNITKA_COMMISSION_RATES 2026-08-12..2026-09-10 (своя))"
"2026-09 (все 30 строк)","773170316","MD764","commission","0.45549","0.457952","MODEL_PARAMETER_REFRESH","V_UNITKA_COMMISSION_RATES 2026-08-12..2026-09-10 (своя)","ставка rolling-окна пересчитана (V_UNITKA_COMMISSION_RATES 2026-08-12..2026-09-10 (своя))"
"2026-09 (все 30 строк)","773170316","MD765","commission","0.45549","0.457952","MODEL_PARAMETER_REFRESH","V_UNITKA_COMMISSION_RATES 2026-08-12..2026-09-10 (своя)","ставка rolling-окна пересчитана (V_UNITKA_COMMISSION_RATES 2026-08-12..2026-09-10 (своя))"
"2026-09 (все 30 строк)","773170316","MD766","commission","0.45549","0.457952","MODEL_PARAMETER_REFRESH","V_UNITKA_COMMISSION_RATES 2026-08-12..2026-09-10 (своя)","ставка rolling-окна пересчитана (V_UNITKA_COMMISSION_RATES 2026-08-12..2026-09-10 (своя))"
"2026-09 (все 30 строк)","868597351","NB737","commission","0.458153","0.457632","MODEL_PARAMETER_REFRESH","V_UNITKA_COMMISSION_RATES 2026-08-12..2026-09-10 (своя)","ставка rolling-окна пересчитана (V_UNITKA_COMMISSION_RATES 2026-08-12..2026-09-10 (своя))"
"2026-09 (все 30 строк)","868597351","NB738","commission","0.458153","0.457632","MODEL_PARAMETER_REFRESH","V_UNITKA_COMMISSION_RATES 2026-08-12..2026-09-10 (своя)","ставка rolling-окна пересчитана (V_UNITKA_COMMISSION_RATES 2026-08-12..2026-09-10 (своя))"
"2026-09 (все 30 строк)","868597351","NB739","commission","0.458153","0.457632","MODEL_PARAMETER_REFRESH","V_UNITKA_COMMISSION_RATES 2026-08-12..2026-09-10 (своя)","ставка rolling-окна пересчитана (V_UNITKA_COMMISSION_RATES 2026-08-12..2026-09-10 (своя))"
"2026-09 (все 30 строк)","868597351","NB740","commission","0.458153","0.457632","MODEL_PARAMETER_REFRESH","V_UNITKA_COMMISSION_RATES 2026-08-12..2026-09-10 (своя)","ставка rolling-окна пересчитана (V_UNITKA_COMMISSION_RATES 2026-08-12..2026-09-10 (своя))"
"2026-09 (все 30 строк)","868597351","NB741","commission","0.458153","0.457632","MODEL_PARAMETER_REFRESH","V_UNITKA_COMMISSION_RATES 2026-08-12..2026-09-10 (своя)","ставка rolling-окна пересчитана (V_UNITKA_COMMISSION_RATES 2026-08-12..2026-09-10 (своя))"
"2026-09 (все 30 строк)","868597351","NB742","commission","0.458153","0.457632","MODEL_PARAMETER_REFRESH","V_UNITKA_COMMISSION_RATES 2026-08-12..2026-09-10 (своя)","ставка rolling-окна пересчитана (V_UNITKA_COMMISSION_RATES 2026-08-12..2026-09-10 (своя))"
"2026-09 (все 30 строк)","868597351","NB743","commission","0.458153","0.457632","MODEL_PARAMETER_REFRESH","V_UNITKA_COMMISSION_RATES 2026-08-12..2026-09-10 (своя)","ставка rolling-окна пересчитана (V_UNITKA_COMMISSION_RATES 2026-08-12..2026-09-10 (своя))"
"2026-09 (все 30 строк)","868597351","NB744","commission","0.458153","0.457632","MODEL_PARAMETER_REFRESH","V_UNITKA_COMMISSION_RATES 2026-08-12..2026-09-10 (своя)","ставка rolling-окна пересчитана (V_UNITKA_COMMISSION_RATES 2026-08-12..2026-09-10 (своя))"
"2026-09 (все 30 строк)","868597351","NB745","commission","0.458153","0.457632","MODEL_PARAMETER_REFRESH","V_UNITKA_COMMISSION_RATES 2026-08-12..2026-09-10 (своя)","ставка rolling-окна пересчитана (V_UNITKA_COMMISSION_RATES 2026-08-12..2026-09-10 (своя))"
"2026-09 (все 30 строк)","868597351","NB746","commission","0.458153","0.457632","MODEL_PARAMETER_REFRESH","V_UNITKA_COMMISSION_RATES 2026-08-12..2026-09-10 (своя)","ставка rolling-окна пересчитана (V_UNITKA_COMMISSION_RATES 2026-08-12..2026-09-10 (своя))"
"2026-09 (все 30 строк)","868597351","NB747","commission","0.458153","0.457632","MODEL_PARAMETER_REFRESH","V_UNITKA_COMMISSION_RATES 2026-08-12..2026-09-10 (своя)","ставка rolling-окна пересчитана (V_UNITKA_COMMISSION_RATES 2026-08-12..2026-09-10 (своя))"
"2026-09 (все 30 строк)","868597351","NB748","commission","0.458153","0.457632","MODEL_PARAMETER_REFRESH","V_UNITKA_COMMISSION_RATES 2026-08-12..2026-09-10 (своя)","ставка rolling-окна пересчитана (V_UNITKA_COMMISSION_RATES 2026-08-12..2026-09-10 (своя))"
"2026-09 (все 30 строк)","868597351","NB749","commission","0.458153","0.457632","MODEL_PARAMETER_REFRESH","V_UNITKA_COMMISSION_RATES 2026-08-12..2026-09-10 (своя)","ставка rolling-окна пересчитана (V_UNITKA_COMMISSION_RATES 2026-08-12..2026-09-10 (своя))"
"2026-09 (все 30 строк)","868597351","NB750","commission","0.458153","0.457632","MODEL_PARAMETER_REFRESH","V_UNITKA_COMMISSION_RATES 2026-08-12..2026-09-10 (своя)","ставка rolling-окна пересчитана (V_UNITKA_COMMISSION_RATES 2026-08-12..2026-09-10 (своя))"
"2026-09 (все 30 строк)","868597351","NB751","commission","0.458153","0.457632","MODEL_PARAMETER_REFRESH","V_UNITKA_COMMISSION_RATES 2026-08-12..2026-09-10 (своя)","ставка rolling-окна пересчитана (V_UNITKA_COMMISSION_RATES 2026-08-12..2026-09-10 (своя))"
"2026-09 (все 30 строк)","868597351","NB752","commission","0.458153","0.457632","MODEL_PARAMETER_REFRESH","V_UNITKA_COMMISSION_RATES 2026-08-12..2026-09-10 (своя)","ставка rolling-окна пересчитана (V_UNITKA_COMMISSION_RATES 2026-08-12..2026-09-10 (своя))"
"2026-09 (все 30 строк)","868597351","NB753","commission","0.458153","0.457632","MODEL_PARAMETER_REFRESH","V_UNITKA_COMMISSION_RATES 2026-08-12..2026-09-10 (своя)","ставка rolling-окна пересчитана (V_UNITKA_COMMISSION_RATES 2026-08-12..2026-09-10 (своя))"
"2026-09 (все 30 строк)","868597351","NB754","commission","0.458153","0.457632","MODEL_PARAMETER_REFRESH","V_UNITKA_COMMISSION_RATES 2026-08-12..2026-09-10 (своя)","ставка rolling-окна пересчитана (V_UNITKA_COMMISSION_RATES 2026-08-12..2026-09-10 (своя))"
"2026-09 (все 30 строк)","868597351","NB755","commission","0.458153","0.457632","MODEL_PARAMETER_REFRESH","V_UNITKA_COMMISSION_RATES 2026-08-12..2026-09-10 (своя)","ставка rolling-окна пересчитана (V_UNITKA_COMMISSION_RATES 2026-08-12..2026-09-10 (своя))"
"2026-09 (все 30 строк)","868597351","NB756","commission","0.458153","0.457632","MODEL_PARAMETER_REFRESH","V_UNITKA_COMMISSION_RATES 2026-08-12..2026-09-10 (своя)","ставка rolling-окна пересчитана (V_UNITKA_COMMISSION_RATES 2026-08-12..2026-09-10 (своя))"
"2026-09 (все 30 строк)","868597351","NB757","commission","0.458153","0.457632","MODEL_PARAMETER_REFRESH","V_UNITKA_COMMISSION_RATES 2026-08-12..2026-09-10 (своя)","ставка rolling-окна пересчитана (V_UNITKA_COMMISSION_RATES 2026-08-12..2026-09-10 (своя))"
"2026-09 (все 30 строк)","868597351","NB758","commission","0.458153","0.457632","MODEL_PARAMETER_REFRESH","V_UNITKA_COMMISSION_RATES 2026-08-12..2026-09-10 (своя)","ставка rolling-окна пересчитана (V_UNITKA_COMMISSION_RATES 2026-08-12..2026-09-10 (своя))"
"2026-09 (все 30 строк)","868597351","NB759","commission","0.458153","0.457632","MODEL_PARAMETER_REFRESH","V_UNITKA_COMMISSION_RATES 2026-08-12..2026-09-10 (своя)","ставка rolling-окна пересчитана (V_UNITKA_COMMISSION_RATES 2026-08-12..2026-09-10 (своя))"
"2026-09 (все 30 строк)","868597351","NB760","commission","0.458153","0.457632","MODEL_PARAMETER_REFRESH","V_UNITKA_COMMISSION_RATES 2026-08-12..2026-09-10 (своя)","ставка rolling-окна пересчитана (V_UNITKA_COMMISSION_RATES 2026-08-12..2026-09-10 (своя))"
"2026-09 (все 30 строк)","868597351","NB761","commission","0.458153","0.457632","MODEL_PARAMETER_REFRESH","V_UNITKA_COMMISSION_RATES 2026-08-12..2026-09-10 (своя)","ставка rolling-окна пересчитана (V_UNITKA_COMMISSION_RATES 2026-08-12..2026-09-10 (своя))"
"2026-09 (все 30 строк)","868597351","NB762","commission","0.458153","0.457632","MODEL_PARAMETER_REFRESH","V_UNITKA_COMMISSION_RATES 2026-08-12..2026-09-10 (своя)","ставка rolling-окна пересчитана (V_UNITKA_COMMISSION_RATES 2026-08-12..2026-09-10 (своя))"
"2026-09 (все 30 строк)","868597351","NB763","commission","0.458153","0.457632","MODEL_PARAMETER_REFRESH","V_UNITKA_COMMISSION_RATES 2026-08-12..2026-09-10 (своя)","ставка rolling-окна пересчитана (V_UNITKA_COMMISSION_RATES 2026-08-12..2026-09-10 (своя))"
"2026-09 (все 30 строк)","868597351","NB764","commission","0.458153","0.457632","MODEL_PARAMETER_REFRESH","V_UNITKA_COMMISSION_RATES 2026-08-12..2026-09-10 (своя)","ставка rolling-окна пересчитана (V_UNITKA_COMMISSION_RATES 2026-08-12..2026-09-10 (своя))"
"2026-09 (все 30 строк)","868597351","NB765","commission","0.458153","0.457632","MODEL_PARAMETER_REFRESH","V_UNITKA_COMMISSION_RATES 2026-08-12..2026-09-10 (своя)","ставка rolling-окна пересчитана (V_UNITKA_COMMISSION_RATES 2026-08-12..2026-09-10 (своя))"
"2026-09 (все 30 строк)","868597351","NB766","commission","0.458153","0.457632","MODEL_PARAMETER_REFRESH","V_UNITKA_COMMISSION_RATES 2026-08-12..2026-09-10 (своя)","ставка rolling-окна пересчитана (V_UNITKA_COMMISSION_RATES 2026-08-12..2026-09-10 (своя))"
"2026-09-10","593111986","NP746","stock","0","0","NO_CHANGE","FACT_STOCKS_SNAPSHOT","формула-наследие → значение, результат тот же"
"2026-09 (все 30 строк)","593111985","OX737","commission","0.457923","0.457674","MODEL_PARAMETER_REFRESH","V_UNITKA_COMMISSION_RATES 2026-08-12..2026-09-10 (своя)","ставка rolling-окна пересчитана (V_UNITKA_COMMISSION_RATES 2026-08-12..2026-09-10 (своя))"
"2026-09 (все 30 строк)","593111985","OX738","commission","0.457923","0.457674","MODEL_PARAMETER_REFRESH","V_UNITKA_COMMISSION_RATES 2026-08-12..2026-09-10 (своя)","ставка rolling-окна пересчитана (V_UNITKA_COMMISSION_RATES 2026-08-12..2026-09-10 (своя))"
"2026-09 (все 30 строк)","593111985","OX739","commission","0.457923","0.457674","MODEL_PARAMETER_REFRESH","V_UNITKA_COMMISSION_RATES 2026-08-12..2026-09-10 (своя)","ставка rolling-окна пересчитана (V_UNITKA_COMMISSION_RATES 2026-08-12..2026-09-10 (своя))"
"2026-09 (все 30 строк)","593111985","OX740","commission","0.457923","0.457674","MODEL_PARAMETER_REFRESH","V_UNITKA_COMMISSION_RATES 2026-08-12..2026-09-10 (своя)","ставка rolling-окна пересчитана (V_UNITKA_COMMISSION_RATES 2026-08-12..2026-09-10 (своя))"
"2026-09 (все 30 строк)","593111985","OX741","commission","0.457923","0.457674","MODEL_PARAMETER_REFRESH","V_UNITKA_COMMISSION_RATES 2026-08-12..2026-09-10 (своя)","ставка rolling-окна пересчитана (V_UNITKA_COMMISSION_RATES 2026-08-12..2026-09-10 (своя))"
"2026-09 (все 30 строк)","593111985","OX742","commission","0.457923","0.457674","MODEL_PARAMETER_REFRESH","V_UNITKA_COMMISSION_RATES 2026-08-12..2026-09-10 (своя)","ставка rolling-окна пересчитана (V_UNITKA_COMMISSION_RATES 2026-08-12..2026-09-10 (своя))"
"2026-09 (все 30 строк)","593111985","OX743","commission","0.457923","0.457674","MODEL_PARAMETER_REFRESH","V_UNITKA_COMMISSION_RATES 2026-08-12..2026-09-10 (своя)","ставка rolling-окна пересчитана (V_UNITKA_COMMISSION_RATES 2026-08-12..2026-09-10 (своя))"
"2026-09 (все 30 строк)","593111985","OX744","commission","0.457923","0.457674","MODEL_PARAMETER_REFRESH","V_UNITKA_COMMISSION_RATES 2026-08-12..2026-09-10 (своя)","ставка rolling-окна пересчитана (V_UNITKA_COMMISSION_RATES 2026-08-12..2026-09-10 (своя))"
"2026-09 (все 30 строк)","593111985","OX745","commission","0.457923","0.457674","MODEL_PARAMETER_REFRESH","V_UNITKA_COMMISSION_RATES 2026-08-12..2026-09-10 (своя)","ставка rolling-окна пересчитана (V_UNITKA_COMMISSION_RATES 2026-08-12..2026-09-10 (своя))"
"2026-09 (все 30 строк)","593111985","OX746","commission","0.457923","0.457674","MODEL_PARAMETER_REFRESH","V_UNITKA_COMMISSION_RATES 2026-08-12..2026-09-10 (своя)","ставка rolling-окна пересчитана (V_UNITKA_COMMISSION_RATES 2026-08-12..2026-09-10 (своя))"
"2026-09 (все 30 строк)","593111985","OX747","commission","0.457923","0.457674","MODEL_PARAMETER_REFRESH","V_UNITKA_COMMISSION_RATES 2026-08-12..2026-09-10 (своя)","ставка rolling-окна пересчитана (V_UNITKA_COMMISSION_RATES 2026-08-12..2026-09-10 (своя))"
"2026-09 (все 30 строк)","593111985","OX748","commission","0.457923","0.457674","MODEL_PARAMETER_REFRESH","V_UNITKA_COMMISSION_RATES 2026-08-12..2026-09-10 (своя)","ставка rolling-окна пересчитана (V_UNITKA_COMMISSION_RATES 2026-08-12..2026-09-10 (своя))"
"2026-09 (все 30 строк)","593111985","OX749","commission","0.457923","0.457674","MODEL_PARAMETER_REFRESH","V_UNITKA_COMMISSION_RATES 2026-08-12..2026-09-10 (своя)","ставка rolling-окна пересчитана (V_UNITKA_COMMISSION_RATES 2026-08-12..2026-09-10 (своя))"
"2026-09 (все 30 строк)","593111985","OX750","commission","0.457923","0.457674","MODEL_PARAMETER_REFRESH","V_UNITKA_COMMISSION_RATES 2026-08-12..2026-09-10 (своя)","ставка rolling-окна пересчитана (V_UNITKA_COMMISSION_RATES 2026-08-12..2026-09-10 (своя))"
"2026-09 (все 30 строк)","593111985","OX751","commission","0.457923","0.457674","MODEL_PARAMETER_REFRESH","V_UNITKA_COMMISSION_RATES 2026-08-12..2026-09-10 (своя)","ставка rolling-окна пересчитана (V_UNITKA_COMMISSION_RATES 2026-08-12..2026-09-10 (своя))"
"2026-09 (все 30 строк)","593111985","OX752","commission","0.457923","0.457674","MODEL_PARAMETER_REFRESH","V_UNITKA_COMMISSION_RATES 2026-08-12..2026-09-10 (своя)","ставка rolling-окна пересчитана (V_UNITKA_COMMISSION_RATES 2026-08-12..2026-09-10 (своя))"
"2026-09 (все 30 строк)","593111985","OX753","commission","0.457923","0.457674","MODEL_PARAMETER_REFRESH","V_UNITKA_COMMISSION_RATES 2026-08-12..2026-09-10 (своя)","ставка rolling-окна пересчитана (V_UNITKA_COMMISSION_RATES 2026-08-12..2026-09-10 (своя))"
"2026-09 (все 30 строк)","593111985","OX754","commission","0.457923","0.457674","MODEL_PARAMETER_REFRESH","V_UNITKA_COMMISSION_RATES 2026-08-12..2026-09-10 (своя)","ставка rolling-окна пересчитана (V_UNITKA_COMMISSION_RATES 2026-08-12..2026-09-10 (своя))"
"2026-09 (все 30 строк)","593111985","OX755","commission","0.457923","0.457674","MODEL_PARAMETER_REFRESH","V_UNITKA_COMMISSION_RATES 2026-08-12..2026-09-10 (своя)","ставка rolling-окна пересчитана (V_UNITKA_COMMISSION_RATES 2026-08-12..2026-09-10 (своя))"
"2026-09 (все 30 строк)","593111985","OX756","commission","0.457923","0.457674","MODEL_PARAMETER_REFRESH","V_UNITKA_COMMISSION_RATES 2026-08-12..2026-09-10 (своя)","ставка rolling-окна пересчитана (V_UNITKA_COMMISSION_RATES 2026-08-12..2026-09-10 (своя))"
"2026-09 (все 30 строк)","593111985","OX757","commission","0.457923","0.457674","MODEL_PARAMETER_REFRESH","V_UNITKA_COMMISSION_RATES 2026-08-12..2026-09-10 (своя)","ставка rolling-окна пересчитана (V_UNITKA_COMMISSION_RATES 2026-08-12..2026-09-10 (своя))"
"2026-09 (все 30 строк)","593111985","OX758","commission","0.457923","0.457674","MODEL_PARAMETER_REFRESH","V_UNITKA_COMMISSION_RATES 2026-08-12..2026-09-10 (своя)","ставка rolling-окна пересчитана (V_UNITKA_COMMISSION_RATES 2026-08-12..2026-09-10 (своя))"
"2026-09 (все 30 строк)","593111985","OX759","commission","0.457923","0.457674","MODEL_PARAMETER_REFRESH","V_UNITKA_COMMISSION_RATES 2026-08-12..2026-09-10 (своя)","ставка rolling-окна пересчитана (V_UNITKA_COMMISSION_RATES 2026-08-12..2026-09-10 (своя))"
"2026-09 (все 30 строк)","593111985","OX760","commission","0.457923","0.457674","MODEL_PARAMETER_REFRESH","V_UNITKA_COMMISSION_RATES 2026-08-12..2026-09-10 (своя)","ставка rolling-окна пересчитана (V_UNITKA_COMMISSION_RATES 2026-08-12..2026-09-10 (своя))"
"2026-09 (все 30 строк)","593111985","OX761","commission","0.457923","0.457674","MODEL_PARAMETER_REFRESH","V_UNITKA_COMMISSION_RATES 2026-08-12..2026-09-10 (своя)","ставка rolling-окна пересчитана (V_UNITKA_COMMISSION_RATES 2026-08-12..2026-09-10 (своя))"
"2026-09 (все 30 строк)","593111985","OX762","commission","0.457923","0.457674","MODEL_PARAMETER_REFRESH","V_UNITKA_COMMISSION_RATES 2026-08-12..2026-09-10 (своя)","ставка rolling-окна пересчитана (V_UNITKA_COMMISSION_RATES 2026-08-12..2026-09-10 (своя))"
"2026-09 (все 30 строк)","593111985","OX763","commission","0.457923","0.457674","MODEL_PARAMETER_REFRESH","V_UNITKA_COMMISSION_RATES 2026-08-12..2026-09-10 (своя)","ставка rolling-окна пересчитана (V_UNITKA_COMMISSION_RATES 2026-08-12..2026-09-10 (своя))"
"2026-09 (все 30 строк)","593111985","OX764","commission","0.457923","0.457674","MODEL_PARAMETER_REFRESH","V_UNITKA_COMMISSION_RATES 2026-08-12..2026-09-10 (своя)","ставка rolling-окна пересчитана (V_UNITKA_COMMISSION_RATES 2026-08-12..2026-09-10 (своя))"
"2026-09 (все 30 строк)","593111985","OX765","commission","0.457923","0.457674","MODEL_PARAMETER_REFRESH","V_UNITKA_COMMISSION_RATES 2026-08-12..2026-09-10 (своя)","ставка rolling-окна пересчитана (V_UNITKA_COMMISSION_RATES 2026-08-12..2026-09-10 (своя))"
"2026-09 (все 30 строк)","593111985","OX766","commission","0.457923","0.457674","MODEL_PARAMETER_REFRESH","V_UNITKA_COMMISSION_RATES 2026-08-12..2026-09-10 (своя)","ставка rolling-окна пересчитана (V_UNITKA_COMMISSION_RATES 2026-08-12..2026-09-10 (своя))"
"2026-09 (все 30 строк)","930334396","PV737","commission","0.455916","0.45578","MODEL_PARAMETER_REFRESH","V_UNITKA_COMMISSION_RATES 2026-08-12..2026-09-10 (магазин)","ставка rolling-окна пересчитана (V_UNITKA_COMMISSION_RATES 2026-08-12..2026-09-10 (магазин))"
"2026-09 (все 30 строк)","930334396","PV738","commission","0.455916","0.45578","MODEL_PARAMETER_REFRESH","V_UNITKA_COMMISSION_RATES 2026-08-12..2026-09-10 (магазин)","ставка rolling-окна пересчитана (V_UNITKA_COMMISSION_RATES 2026-08-12..2026-09-10 (магазин))"
"2026-09 (все 30 строк)","930334396","PV739","commission","0.455916","0.45578","MODEL_PARAMETER_REFRESH","V_UNITKA_COMMISSION_RATES 2026-08-12..2026-09-10 (магазин)","ставка rolling-окна пересчитана (V_UNITKA_COMMISSION_RATES 2026-08-12..2026-09-10 (магазин))"
"2026-09 (все 30 строк)","930334396","PV740","commission","0.455916","0.45578","MODEL_PARAMETER_REFRESH","V_UNITKA_COMMISSION_RATES 2026-08-12..2026-09-10 (магазин)","ставка rolling-окна пересчитана (V_UNITKA_COMMISSION_RATES 2026-08-12..2026-09-10 (магазин))"
"2026-09 (все 30 строк)","930334396","PV741","commission","0.455916","0.45578","MODEL_PARAMETER_REFRESH","V_UNITKA_COMMISSION_RATES 2026-08-12..2026-09-10 (магазин)","ставка rolling-окна пересчитана (V_UNITKA_COMMISSION_RATES 2026-08-12..2026-09-10 (магазин))"
"2026-09 (все 30 строк)","930334396","PV742","commission","0.455916","0.45578","MODEL_PARAMETER_REFRESH","V_UNITKA_COMMISSION_RATES 2026-08-12..2026-09-10 (магазин)","ставка rolling-окна пересчитана (V_UNITKA_COMMISSION_RATES 2026-08-12..2026-09-10 (магазин))"
"2026-09 (все 30 строк)","930334396","PV743","commission","0.455916","0.45578","MODEL_PARAMETER_REFRESH","V_UNITKA_COMMISSION_RATES 2026-08-12..2026-09-10 (магазин)","ставка rolling-окна пересчитана (V_UNITKA_COMMISSION_RATES 2026-08-12..2026-09-10 (магазин))"
"2026-09 (все 30 строк)","930334396","PV744","commission","0.455916","0.45578","MODEL_PARAMETER_REFRESH","V_UNITKA_COMMISSION_RATES 2026-08-12..2026-09-10 (магазин)","ставка rolling-окна пересчитана (V_UNITKA_COMMISSION_RATES 2026-08-12..2026-09-10 (магазин))"
"2026-09 (все 30 строк)","930334396","PV745","commission","0.455916","0.45578","MODEL_PARAMETER_REFRESH","V_UNITKA_COMMISSION_RATES 2026-08-12..2026-09-10 (магазин)","ставка rolling-окна пересчитана (V_UNITKA_COMMISSION_RATES 2026-08-12..2026-09-10 (магазин))"
"2026-09 (все 30 строк)","930334396","PV746","commission","0.455916","0.45578","MODEL_PARAMETER_REFRESH","V_UNITKA_COMMISSION_RATES 2026-08-12..2026-09-10 (магазин)","ставка rolling-окна пересчитана (V_UNITKA_COMMISSION_RATES 2026-08-12..2026-09-10 (магазин))"
"2026-09 (все 30 строк)","930334396","PV747","commission","0.455916","0.45578","MODEL_PARAMETER_REFRESH","V_UNITKA_COMMISSION_RATES 2026-08-12..2026-09-10 (магазин)","ставка rolling-окна пересчитана (V_UNITKA_COMMISSION_RATES 2026-08-12..2026-09-10 (магазин))"
"2026-09 (все 30 строк)","930334396","PV748","commission","0.455916","0.45578","MODEL_PARAMETER_REFRESH","V_UNITKA_COMMISSION_RATES 2026-08-12..2026-09-10 (магазин)","ставка rolling-окна пересчитана (V_UNITKA_COMMISSION_RATES 2026-08-12..2026-09-10 (магазин))"
"2026-09 (все 30 строк)","930334396","PV749","commission","0.455916","0.45578","MODEL_PARAMETER_REFRESH","V_UNITKA_COMMISSION_RATES 2026-08-12..2026-09-10 (магазин)","ставка rolling-окна пересчитана (V_UNITKA_COMMISSION_RATES 2026-08-12..2026-09-10 (магазин))"
"2026-09 (все 30 строк)","930334396","PV750","commission","0.455916","0.45578","MODEL_PARAMETER_REFRESH","V_UNITKA_COMMISSION_RATES 2026-08-12..2026-09-10 (магазин)","ставка rolling-окна пересчитана (V_UNITKA_COMMISSION_RATES 2026-08-12..2026-09-10 (магазин))"
"2026-09 (все 30 строк)","930334396","PV751","commission","0.455916","0.45578","MODEL_PARAMETER_REFRESH","V_UNITKA_COMMISSION_RATES 2026-08-12..2026-09-10 (магазин)","ставка rolling-окна пересчитана (V_UNITKA_COMMISSION_RATES 2026-08-12..2026-09-10 (магазин))"
"2026-09 (все 30 строк)","930334396","PV752","commission","0.455916","0.45578","MODEL_PARAMETER_REFRESH","V_UNITKA_COMMISSION_RATES 2026-08-12..2026-09-10 (магазин)","ставка rolling-окна пересчитана (V_UNITKA_COMMISSION_RATES 2026-08-12..2026-09-10 (магазин))"
"2026-09 (все 30 строк)","930334396","PV753","commission","0.455916","0.45578","MODEL_PARAMETER_REFRESH","V_UNITKA_COMMISSION_RATES 2026-08-12..2026-09-10 (магазин)","ставка rolling-окна пересчитана (V_UNITKA_COMMISSION_RATES 2026-08-12..2026-09-10 (магазин))"
"2026-09 (все 30 строк)","930334396","PV754","commission","0.455916","0.45578","MODEL_PARAMETER_REFRESH","V_UNITKA_COMMISSION_RATES 2026-08-12..2026-09-10 (магазин)","ставка rolling-окна пересчитана (V_UNITKA_COMMISSION_RATES 2026-08-12..2026-09-10 (магазин))"
"2026-09 (все 30 строк)","930334396","PV755","commission","0.455916","0.45578","MODEL_PARAMETER_REFRESH","V_UNITKA_COMMISSION_RATES 2026-08-12..2026-09-10 (магазин)","ставка rolling-окна пересчитана (V_UNITKA_COMMISSION_RATES 2026-08-12..2026-09-10 (магазин))"
"2026-09 (все 30 строк)","930334396","PV756","commission","0.455916","0.45578","MODEL_PARAMETER_REFRESH","V_UNITKA_COMMISSION_RATES 2026-08-12..2026-09-10 (магазин)","ставка rolling-окна пересчитана (V_UNITKA_COMMISSION_RATES 2026-08-12..2026-09-10 (магазин))"
"2026-09 (все 30 строк)","930334396","PV757","commission","0.455916","0.45578","MODEL_PARAMETER_REFRESH","V_UNITKA_COMMISSION_RATES 2026-08-12..2026-09-10 (магазин)","ставка rolling-окна пересчитана (V_UNITKA_COMMISSION_RATES 2026-08-12..2026-09-10 (магазин))"
"2026-09 (все 30 строк)","930334396","PV758","commission","0.455916","0.45578","MODEL_PARAMETER_REFRESH","V_UNITKA_COMMISSION_RATES 2026-08-12..2026-09-10 (магазин)","ставка rolling-окна пересчитана (V_UNITKA_COMMISSION_RATES 2026-08-12..2026-09-10 (магазин))"
"2026-09 (все 30 строк)","930334396","PV759","commission","0.455916","0.45578","MODEL_PARAMETER_REFRESH","V_UNITKA_COMMISSION_RATES 2026-08-12..2026-09-10 (магазин)","ставка rolling-окна пересчитана (V_UNITKA_COMMISSION_RATES 2026-08-12..2026-09-10 (магазин))"
"2026-09 (все 30 строк)","930334396","PV760","commission","0.455916","0.45578","MODEL_PARAMETER_REFRESH","V_UNITKA_COMMISSION_RATES 2026-08-12..2026-09-10 (магазин)","ставка rolling-окна пересчитана (V_UNITKA_COMMISSION_RATES 2026-08-12..2026-09-10 (магазин))"
"2026-09 (все 30 строк)","930334396","PV761","commission","0.455916","0.45578","MODEL_PARAMETER_REFRESH","V_UNITKA_COMMISSION_RATES 2026-08-12..2026-09-10 (магазин)","ставка rolling-окна пересчитана (V_UNITKA_COMMISSION_RATES 2026-08-12..2026-09-10 (магазин))"
"2026-09 (все 30 строк)","930334396","PV762","commission","0.455916","0.45578","MODEL_PARAMETER_REFRESH","V_UNITKA_COMMISSION_RATES 2026-08-12..2026-09-10 (магазин)","ставка rolling-окна пересчитана (V_UNITKA_COMMISSION_RATES 2026-08-12..2026-09-10 (магазин))"
"2026-09 (все 30 строк)","930334396","PV763","commission","0.455916","0.45578","MODEL_PARAMETER_REFRESH","V_UNITKA_COMMISSION_RATES 2026-08-12..2026-09-10 (магазин)","ставка rolling-окна пересчитана (V_UNITKA_COMMISSION_RATES 2026-08-12..2026-09-10 (магазин))"
"2026-09 (все 30 строк)","930334396","PV764","commission","0.455916","0.45578","MODEL_PARAMETER_REFRESH","V_UNITKA_COMMISSION_RATES 2026-08-12..2026-09-10 (магазин)","ставка rolling-окна пересчитана (V_UNITKA_COMMISSION_RATES 2026-08-12..2026-09-10 (магазин))"
"2026-09 (все 30 строк)","930334396","PV765","commission","0.455916","0.45578","MODEL_PARAMETER_REFRESH","V_UNITKA_COMMISSION_RATES 2026-08-12..2026-09-10 (магазин)","ставка rolling-окна пересчитана (V_UNITKA_COMMISSION_RATES 2026-08-12..2026-09-10 (магазин))"
"2026-09 (все 30 строк)","930334396","PV766","commission","0.455916","0.45578","MODEL_PARAMETER_REFRESH","V_UNITKA_COMMISSION_RATES 2026-08-12..2026-09-10 (магазин)","ставка rolling-окна пересчитана (V_UNITKA_COMMISSION_RATES 2026-08-12..2026-09-10 (магазин))"
"2026-09-10","930334395","QJ746","stock","11","11","NO_CHANGE","FACT_STOCKS_SNAPSHOT","формула-наследие → значение, результат тот же"
"2026-09 (все 30 строк)","930334395","QT737","commission","0.455916","0.45578","MODEL_PARAMETER_REFRESH","V_UNITKA_COMMISSION_RATES 2026-08-12..2026-09-10 (магазин)","ставка rolling-окна пересчитана (V_UNITKA_COMMISSION_RATES 2026-08-12..2026-09-10 (магазин))"
"2026-09 (все 30 строк)","930334395","QT738","commission","0.455916","0.45578","MODEL_PARAMETER_REFRESH","V_UNITKA_COMMISSION_RATES 2026-08-12..2026-09-10 (магазин)","ставка rolling-окна пересчитана (V_UNITKA_COMMISSION_RATES 2026-08-12..2026-09-10 (магазин))"
"2026-09 (все 30 строк)","930334395","QT739","commission","0.455916","0.45578","MODEL_PARAMETER_REFRESH","V_UNITKA_COMMISSION_RATES 2026-08-12..2026-09-10 (магазин)","ставка rolling-окна пересчитана (V_UNITKA_COMMISSION_RATES 2026-08-12..2026-09-10 (магазин))"
"2026-09 (все 30 строк)","930334395","QT740","commission","0.455916","0.45578","MODEL_PARAMETER_REFRESH","V_UNITKA_COMMISSION_RATES 2026-08-12..2026-09-10 (магазин)","ставка rolling-окна пересчитана (V_UNITKA_COMMISSION_RATES 2026-08-12..2026-09-10 (магазин))"
"2026-09 (все 30 строк)","930334395","QT741","commission","0.455916","0.45578","MODEL_PARAMETER_REFRESH","V_UNITKA_COMMISSION_RATES 2026-08-12..2026-09-10 (магазин)","ставка rolling-окна пересчитана (V_UNITKA_COMMISSION_RATES 2026-08-12..2026-09-10 (магазин))"
"2026-09 (все 30 строк)","930334395","QT742","commission","0.455916","0.45578","MODEL_PARAMETER_REFRESH","V_UNITKA_COMMISSION_RATES 2026-08-12..2026-09-10 (магазин)","ставка rolling-окна пересчитана (V_UNITKA_COMMISSION_RATES 2026-08-12..2026-09-10 (магазин))"
"2026-09 (все 30 строк)","930334395","QT743","commission","0.455916","0.45578","MODEL_PARAMETER_REFRESH","V_UNITKA_COMMISSION_RATES 2026-08-12..2026-09-10 (магазин)","ставка rolling-окна пересчитана (V_UNITKA_COMMISSION_RATES 2026-08-12..2026-09-10 (магазин))"
"2026-09 (все 30 строк)","930334395","QT744","commission","0.455916","0.45578","MODEL_PARAMETER_REFRESH","V_UNITKA_COMMISSION_RATES 2026-08-12..2026-09-10 (магазин)","ставка rolling-окна пересчитана (V_UNITKA_COMMISSION_RATES 2026-08-12..2026-09-10 (магазин))"
"2026-09 (все 30 строк)","930334395","QT745","commission","0.455916","0.45578","MODEL_PARAMETER_REFRESH","V_UNITKA_COMMISSION_RATES 2026-08-12..2026-09-10 (магазин)","ставка rolling-окна пересчитана (V_UNITKA_COMMISSION_RATES 2026-08-12..2026-09-10 (магазин))"
"2026-09 (все 30 строк)","930334395","QT746","commission","0.455916","0.45578","MODEL_PARAMETER_REFRESH","V_UNITKA_COMMISSION_RATES 2026-08-12..2026-09-10 (магазин)","ставка rolling-окна пересчитана (V_UNITKA_COMMISSION_RATES 2026-08-12..2026-09-10 (магазин))"
"2026-09 (все 30 строк)","930334395","QT747","commission","0.455916","0.45578","MODEL_PARAMETER_REFRESH","V_UNITKA_COMMISSION_RATES 2026-08-12..2026-09-10 (магазин)","ставка rolling-окна пересчитана (V_UNITKA_COMMISSION_RATES 2026-08-12..2026-09-10 (магазин))"
"2026-09 (все 30 строк)","930334395","QT748","commission","0.455916","0.45578","MODEL_PARAMETER_REFRESH","V_UNITKA_COMMISSION_RATES 2026-08-12..2026-09-10 (магазин)","ставка rolling-окна пересчитана (V_UNITKA_COMMISSION_RATES 2026-08-12..2026-09-10 (магазин))"
"2026-09 (все 30 строк)","930334395","QT749","commission","0.455916","0.45578","MODEL_PARAMETER_REFRESH","V_UNITKA_COMMISSION_RATES 2026-08-12..2026-09-10 (магазин)","ставка rolling-окна пересчитана (V_UNITKA_COMMISSION_RATES 2026-08-12..2026-09-10 (магазин))"
"2026-09 (все 30 строк)","930334395","QT750","commission","0.455916","0.45578","MODEL_PARAMETER_REFRESH","V_UNITKA_COMMISSION_RATES 2026-08-12..2026-09-10 (магазин)","ставка rolling-окна пересчитана (V_UNITKA_COMMISSION_RATES 2026-08-12..2026-09-10 (магазин))"
"2026-09 (все 30 строк)","930334395","QT751","commission","0.455916","0.45578","MODEL_PARAMETER_REFRESH","V_UNITKA_COMMISSION_RATES 2026-08-12..2026-09-10 (магазин)","ставка rolling-окна пересчитана (V_UNITKA_COMMISSION_RATES 2026-08-12..2026-09-10 (магазин))"
"2026-09 (все 30 строк)","930334395","QT752","commission","0.455916","0.45578","MODEL_PARAMETER_REFRESH","V_UNITKA_COMMISSION_RATES 2026-08-12..2026-09-10 (магазин)","ставка rolling-окна пересчитана (V_UNITKA_COMMISSION_RATES 2026-08-12..2026-09-10 (магазин))"
"2026-09 (все 30 строк)","930334395","QT753","commission","0.455916","0.45578","MODEL_PARAMETER_REFRESH","V_UNITKA_COMMISSION_RATES 2026-08-12..2026-09-10 (магазин)","ставка rolling-окна пересчитана (V_UNITKA_COMMISSION_RATES 2026-08-12..2026-09-10 (магазин))"
"2026-09 (все 30 строк)","930334395","QT754","commission","0.455916","0.45578","MODEL_PARAMETER_REFRESH","V_UNITKA_COMMISSION_RATES 2026-08-12..2026-09-10 (магазин)","ставка rolling-окна пересчитана (V_UNITKA_COMMISSION_RATES 2026-08-12..2026-09-10 (магазин))"
"2026-09 (все 30 строк)","930334395","QT755","commission","0.455916","0.45578","MODEL_PARAMETER_REFRESH","V_UNITKA_COMMISSION_RATES 2026-08-12..2026-09-10 (магазин)","ставка rolling-окна пересчитана (V_UNITKA_COMMISSION_RATES 2026-08-12..2026-09-10 (магазин))"
"2026-09 (все 30 строк)","930334395","QT756","commission","0.455916","0.45578","MODEL_PARAMETER_REFRESH","V_UNITKA_COMMISSION_RATES 2026-08-12..2026-09-10 (магазин)","ставка rolling-окна пересчитана (V_UNITKA_COMMISSION_RATES 2026-08-12..2026-09-10 (магазин))"
"2026-09 (все 30 строк)","930334395","QT757","commission","0.455916","0.45578","MODEL_PARAMETER_REFRESH","V_UNITKA_COMMISSION_RATES 2026-08-12..2026-09-10 (магазин)","ставка rolling-окна пересчитана (V_UNITKA_COMMISSION_RATES 2026-08-12..2026-09-10 (магазин))"
"2026-09 (все 30 строк)","930334395","QT758","commission","0.455916","0.45578","MODEL_PARAMETER_REFRESH","V_UNITKA_COMMISSION_RATES 2026-08-12..2026-09-10 (магазин)","ставка rolling-окна пересчитана (V_UNITKA_COMMISSION_RATES 2026-08-12..2026-09-10 (магазин))"
"2026-09 (все 30 строк)","930334395","QT759","commission","0.455916","0.45578","MODEL_PARAMETER_REFRESH","V_UNITKA_COMMISSION_RATES 2026-08-12..2026-09-10 (магазин)","ставка rolling-окна пересчитана (V_UNITKA_COMMISSION_RATES 2026-08-12..2026-09-10 (магазин))"
"2026-09 (все 30 строк)","930334395","QT760","commission","0.455916","0.45578","MODEL_PARAMETER_REFRESH","V_UNITKA_COMMISSION_RATES 2026-08-12..2026-09-10 (магазин)","ставка rolling-окна пересчитана (V_UNITKA_COMMISSION_RATES 2026-08-12..2026-09-10 (магазин))"
"2026-09 (все 30 строк)","930334395","QT761","commission","0.455916","0.45578","MODEL_PARAMETER_REFRESH","V_UNITKA_COMMISSION_RATES 2026-08-12..2026-09-10 (магазин)","ставка rolling-окна пересчитана (V_UNITKA_COMMISSION_RATES 2026-08-12..2026-09-10 (магазин))"
"2026-09 (все 30 строк)","930334395","QT762","commission","0.455916","0.45578","MODEL_PARAMETER_REFRESH","V_UNITKA_COMMISSION_RATES 2026-08-12..2026-09-10 (магазин)","ставка rolling-окна пересчитана (V_UNITKA_COMMISSION_RATES 2026-08-12..2026-09-10 (магазин))"
"2026-09 (все 30 строк)","930334395","QT763","commission","0.455916","0.45578","MODEL_PARAMETER_REFRESH","V_UNITKA_COMMISSION_RATES 2026-08-12..2026-09-10 (магазин)","ставка rolling-окна пересчитана (V_UNITKA_COMMISSION_RATES 2026-08-12..2026-09-10 (магазин))"
"2026-09 (все 30 строк)","930334395","QT764","commission","0.455916","0.45578","MODEL_PARAMETER_REFRESH","V_UNITKA_COMMISSION_RATES 2026-08-12..2026-09-10 (магазин)","ставка rolling-окна пересчитана (V_UNITKA_COMMISSION_RATES 2026-08-12..2026-09-10 (магазин))"
"2026-09 (все 30 строк)","930334395","QT765","commission","0.455916","0.45578","MODEL_PARAMETER_REFRESH","V_UNITKA_COMMISSION_RATES 2026-08-12..2026-09-10 (магазин)","ставка rolling-окна пересчитана (V_UNITKA_COMMISSION_RATES 2026-08-12..2026-09-10 (магазин))"
"2026-09 (все 30 строк)","930334395","QT766","commission","0.455916","0.45578","MODEL_PARAMETER_REFRESH","V_UNITKA_COMMISSION_RATES 2026-08-12..2026-09-10 (магазин)","ставка rolling-окна пересчитана (V_UNITKA_COMMISSION_RATES 2026-08-12..2026-09-10 (магазин))"
"2026-09 (все 30 строк)","930334397","RR737","commission","0.455916","0.45578","MODEL_PARAMETER_REFRESH","V_UNITKA_COMMISSION_RATES 2026-08-12..2026-09-10 (магазин)","ставка rolling-окна пересчитана (V_UNITKA_COMMISSION_RATES 2026-08-12..2026-09-10 (магазин))"
"2026-09 (все 30 строк)","930334397","RR738","commission","0.455916","0.45578","MODEL_PARAMETER_REFRESH","V_UNITKA_COMMISSION_RATES 2026-08-12..2026-09-10 (магазин)","ставка rolling-окна пересчитана (V_UNITKA_COMMISSION_RATES 2026-08-12..2026-09-10 (магазин))"
"2026-09 (все 30 строк)","930334397","RR739","commission","0.455916","0.45578","MODEL_PARAMETER_REFRESH","V_UNITKA_COMMISSION_RATES 2026-08-12..2026-09-10 (магазин)","ставка rolling-окна пересчитана (V_UNITKA_COMMISSION_RATES 2026-08-12..2026-09-10 (магазин))"
"2026-09 (все 30 строк)","930334397","RR740","commission","0.455916","0.45578","MODEL_PARAMETER_REFRESH","V_UNITKA_COMMISSION_RATES 2026-08-12..2026-09-10 (магазин)","ставка rolling-окна пересчитана (V_UNITKA_COMMISSION_RATES 2026-08-12..2026-09-10 (магазин))"
"2026-09 (все 30 строк)","930334397","RR741","commission","0.455916","0.45578","MODEL_PARAMETER_REFRESH","V_UNITKA_COMMISSION_RATES 2026-08-12..2026-09-10 (магазин)","ставка rolling-окна пересчитана (V_UNITKA_COMMISSION_RATES 2026-08-12..2026-09-10 (магазин))"
"2026-09 (все 30 строк)","930334397","RR742","commission","0.455916","0.45578","MODEL_PARAMETER_REFRESH","V_UNITKA_COMMISSION_RATES 2026-08-12..2026-09-10 (магазин)","ставка rolling-окна пересчитана (V_UNITKA_COMMISSION_RATES 2026-08-12..2026-09-10 (магазин))"
"2026-09 (все 30 строк)","930334397","RR743","commission","0.455916","0.45578","MODEL_PARAMETER_REFRESH","V_UNITKA_COMMISSION_RATES 2026-08-12..2026-09-10 (магазин)","ставка rolling-окна пересчитана (V_UNITKA_COMMISSION_RATES 2026-08-12..2026-09-10 (магазин))"
"2026-09 (все 30 строк)","930334397","RR744","commission","0.455916","0.45578","MODEL_PARAMETER_REFRESH","V_UNITKA_COMMISSION_RATES 2026-08-12..2026-09-10 (магазин)","ставка rolling-окна пересчитана (V_UNITKA_COMMISSION_RATES 2026-08-12..2026-09-10 (магазин))"
"2026-09 (все 30 строк)","930334397","RR745","commission","0.455916","0.45578","MODEL_PARAMETER_REFRESH","V_UNITKA_COMMISSION_RATES 2026-08-12..2026-09-10 (магазин)","ставка rolling-окна пересчитана (V_UNITKA_COMMISSION_RATES 2026-08-12..2026-09-10 (магазин))"
"2026-09 (все 30 строк)","930334397","RR746","commission","0.455916","0.45578","MODEL_PARAMETER_REFRESH","V_UNITKA_COMMISSION_RATES 2026-08-12..2026-09-10 (магазин)","ставка rolling-окна пересчитана (V_UNITKA_COMMISSION_RATES 2026-08-12..2026-09-10 (магазин))"
"2026-09 (все 30 строк)","930334397","RR747","commission","0.455916","0.45578","MODEL_PARAMETER_REFRESH","V_UNITKA_COMMISSION_RATES 2026-08-12..2026-09-10 (магазин)","ставка rolling-окна пересчитана (V_UNITKA_COMMISSION_RATES 2026-08-12..2026-09-10 (магазин))"
"2026-09 (все 30 строк)","930334397","RR748","commission","0.455916","0.45578","MODEL_PARAMETER_REFRESH","V_UNITKA_COMMISSION_RATES 2026-08-12..2026-09-10 (магазин)","ставка rolling-окна пересчитана (V_UNITKA_COMMISSION_RATES 2026-08-12..2026-09-10 (магазин))"
"2026-09 (все 30 строк)","930334397","RR749","commission","0.455916","0.45578","MODEL_PARAMETER_REFRESH","V_UNITKA_COMMISSION_RATES 2026-08-12..2026-09-10 (магазин)","ставка rolling-окна пересчитана (V_UNITKA_COMMISSION_RATES 2026-08-12..2026-09-10 (магазин))"
"2026-09 (все 30 строк)","930334397","RR750","commission","0.455916","0.45578","MODEL_PARAMETER_REFRESH","V_UNITKA_COMMISSION_RATES 2026-08-12..2026-09-10 (магазин)","ставка rolling-окна пересчитана (V_UNITKA_COMMISSION_RATES 2026-08-12..2026-09-10 (магазин))"
"2026-09 (все 30 строк)","930334397","RR751","commission","0.455916","0.45578","MODEL_PARAMETER_REFRESH","V_UNITKA_COMMISSION_RATES 2026-08-12..2026-09-10 (магазин)","ставка rolling-окна пересчитана (V_UNITKA_COMMISSION_RATES 2026-08-12..2026-09-10 (магазин))"
"2026-09 (все 30 строк)","930334397","RR752","commission","0.455916","0.45578","MODEL_PARAMETER_REFRESH","V_UNITKA_COMMISSION_RATES 2026-08-12..2026-09-10 (магазин)","ставка rolling-окна пересчитана (V_UNITKA_COMMISSION_RATES 2026-08-12..2026-09-10 (магазин))"
"2026-09 (все 30 строк)","930334397","RR753","commission","0.455916","0.45578","MODEL_PARAMETER_REFRESH","V_UNITKA_COMMISSION_RATES 2026-08-12..2026-09-10 (магазин)","ставка rolling-окна пересчитана (V_UNITKA_COMMISSION_RATES 2026-08-12..2026-09-10 (магазин))"
"2026-09 (все 30 строк)","930334397","RR754","commission","0.455916","0.45578","MODEL_PARAMETER_REFRESH","V_UNITKA_COMMISSION_RATES 2026-08-12..2026-09-10 (магазин)","ставка rolling-окна пересчитана (V_UNITKA_COMMISSION_RATES 2026-08-12..2026-09-10 (магазин))"
"2026-09 (все 30 строк)","930334397","RR755","commission","0.455916","0.45578","MODEL_PARAMETER_REFRESH","V_UNITKA_COMMISSION_RATES 2026-08-12..2026-09-10 (магазин)","ставка rolling-окна пересчитана (V_UNITKA_COMMISSION_RATES 2026-08-12..2026-09-10 (магазин))"
"2026-09 (все 30 строк)","930334397","RR756","commission","0.455916","0.45578","MODEL_PARAMETER_REFRESH","V_UNITKA_COMMISSION_RATES 2026-08-12..2026-09-10 (магазин)","ставка rolling-окна пересчитана (V_UNITKA_COMMISSION_RATES 2026-08-12..2026-09-10 (магазин))"
"2026-09 (все 30 строк)","930334397","RR757","commission","0.455916","0.45578","MODEL_PARAMETER_REFRESH","V_UNITKA_COMMISSION_RATES 2026-08-12..2026-09-10 (магазин)","ставка rolling-окна пересчитана (V_UNITKA_COMMISSION_RATES 2026-08-12..2026-09-10 (магазин))"
"2026-09 (все 30 строк)","930334397","RR758","commission","0.455916","0.45578","MODEL_PARAMETER_REFRESH","V_UNITKA_COMMISSION_RATES 2026-08-12..2026-09-10 (магазин)","ставка rolling-окна пересчитана (V_UNITKA_COMMISSION_RATES 2026-08-12..2026-09-10 (магазин))"
"2026-09 (все 30 строк)","930334397","RR759","commission","0.455916","0.45578","MODEL_PARAMETER_REFRESH","V_UNITKA_COMMISSION_RATES 2026-08-12..2026-09-10 (магазин)","ставка rolling-окна пересчитана (V_UNITKA_COMMISSION_RATES 2026-08-12..2026-09-10 (магазин))"
"2026-09 (все 30 строк)","930334397","RR760","commission","0.455916","0.45578","MODEL_PARAMETER_REFRESH","V_UNITKA_COMMISSION_RATES 2026-08-12..2026-09-10 (магазин)","ставка rolling-окна пересчитана (V_UNITKA_COMMISSION_RATES 2026-08-12..2026-09-10 (магазин))"
"2026-09 (все 30 строк)","930334397","RR761","commission","0.455916","0.45578","MODEL_PARAMETER_REFRESH","V_UNITKA_COMMISSION_RATES 2026-08-12..2026-09-10 (магазин)","ставка rolling-окна пересчитана (V_UNITKA_COMMISSION_RATES 2026-08-12..2026-09-10 (магазин))"
"2026-09 (все 30 строк)","930334397","RR762","commission","0.455916","0.45578","MODEL_PARAMETER_REFRESH","V_UNITKA_COMMISSION_RATES 2026-08-12..2026-09-10 (магазин)","ставка rolling-окна пересчитана (V_UNITKA_COMMISSION_RATES 2026-08-12..2026-09-10 (магазин))"
"2026-09 (все 30 строк)","930334397","RR763","commission","0.455916","0.45578","MODEL_PARAMETER_REFRESH","V_UNITKA_COMMISSION_RATES 2026-08-12..2026-09-10 (магазин)","ставка rolling-окна пересчитана (V_UNITKA_COMMISSION_RATES 2026-08-12..2026-09-10 (магазин))"
"2026-09 (все 30 строк)","930334397","RR764","commission","0.455916","0.45578","MODEL_PARAMETER_REFRESH","V_UNITKA_COMMISSION_RATES 2026-08-12..2026-09-10 (магазин)","ставка rolling-окна пересчитана (V_UNITKA_COMMISSION_RATES 2026-08-12..2026-09-10 (магазин))"
"2026-09 (все 30 строк)","930334397","RR765","commission","0.455916","0.45578","MODEL_PARAMETER_REFRESH","V_UNITKA_COMMISSION_RATES 2026-08-12..2026-09-10 (магазин)","ставка rolling-окна пересчитана (V_UNITKA_COMMISSION_RATES 2026-08-12..2026-09-10 (магазин))"
"2026-09 (все 30 строк)","930334397","RR766","commission","0.455916","0.45578","MODEL_PARAMETER_REFRESH","V_UNITKA_COMMISSION_RATES 2026-08-12..2026-09-10 (магазин)","ставка rolling-окна пересчитана (V_UNITKA_COMMISSION_RATES 2026-08-12..2026-09-10 (магазин))"
"2026-09 (все 30 строк)","952068582","SP737","commission","0.455916","0.45578","MODEL_PARAMETER_REFRESH","V_UNITKA_COMMISSION_RATES 2026-08-12..2026-09-10 (магазин)","ставка rolling-окна пересчитана (V_UNITKA_COMMISSION_RATES 2026-08-12..2026-09-10 (магазин))"
"2026-09 (все 30 строк)","952068582","SP738","commission","0.455916","0.45578","MODEL_PARAMETER_REFRESH","V_UNITKA_COMMISSION_RATES 2026-08-12..2026-09-10 (магазин)","ставка rolling-окна пересчитана (V_UNITKA_COMMISSION_RATES 2026-08-12..2026-09-10 (магазин))"
"2026-09 (все 30 строк)","952068582","SP739","commission","0.455916","0.45578","MODEL_PARAMETER_REFRESH","V_UNITKA_COMMISSION_RATES 2026-08-12..2026-09-10 (магазин)","ставка rolling-окна пересчитана (V_UNITKA_COMMISSION_RATES 2026-08-12..2026-09-10 (магазин))"
"2026-09 (все 30 строк)","952068582","SP740","commission","0.455916","0.45578","MODEL_PARAMETER_REFRESH","V_UNITKA_COMMISSION_RATES 2026-08-12..2026-09-10 (магазин)","ставка rolling-окна пересчитана (V_UNITKA_COMMISSION_RATES 2026-08-12..2026-09-10 (магазин))"
"2026-09 (все 30 строк)","952068582","SP741","commission","0.455916","0.45578","MODEL_PARAMETER_REFRESH","V_UNITKA_COMMISSION_RATES 2026-08-12..2026-09-10 (магазин)","ставка rolling-окна пересчитана (V_UNITKA_COMMISSION_RATES 2026-08-12..2026-09-10 (магазин))"
"2026-09 (все 30 строк)","952068582","SP742","commission","0.455916","0.45578","MODEL_PARAMETER_REFRESH","V_UNITKA_COMMISSION_RATES 2026-08-12..2026-09-10 (магазин)","ставка rolling-окна пересчитана (V_UNITKA_COMMISSION_RATES 2026-08-12..2026-09-10 (магазин))"
"2026-09 (все 30 строк)","952068582","SP743","commission","0.455916","0.45578","MODEL_PARAMETER_REFRESH","V_UNITKA_COMMISSION_RATES 2026-08-12..2026-09-10 (магазин)","ставка rolling-окна пересчитана (V_UNITKA_COMMISSION_RATES 2026-08-12..2026-09-10 (магазин))"
"2026-09 (все 30 строк)","952068582","SP744","commission","0.455916","0.45578","MODEL_PARAMETER_REFRESH","V_UNITKA_COMMISSION_RATES 2026-08-12..2026-09-10 (магазин)","ставка rolling-окна пересчитана (V_UNITKA_COMMISSION_RATES 2026-08-12..2026-09-10 (магазин))"
"2026-09 (все 30 строк)","952068582","SP745","commission","0.455916","0.45578","MODEL_PARAMETER_REFRESH","V_UNITKA_COMMISSION_RATES 2026-08-12..2026-09-10 (магазин)","ставка rolling-окна пересчитана (V_UNITKA_COMMISSION_RATES 2026-08-12..2026-09-10 (магазин))"
"2026-09 (все 30 строк)","952068582","SP746","commission","0.455916","0.45578","MODEL_PARAMETER_REFRESH","V_UNITKA_COMMISSION_RATES 2026-08-12..2026-09-10 (магазин)","ставка rolling-окна пересчитана (V_UNITKA_COMMISSION_RATES 2026-08-12..2026-09-10 (магазин))"
"2026-09 (все 30 строк)","952068582","SP747","commission","0.455916","0.45578","MODEL_PARAMETER_REFRESH","V_UNITKA_COMMISSION_RATES 2026-08-12..2026-09-10 (магазин)","ставка rolling-окна пересчитана (V_UNITKA_COMMISSION_RATES 2026-08-12..2026-09-10 (магазин))"
"2026-09 (все 30 строк)","952068582","SP748","commission","0.455916","0.45578","MODEL_PARAMETER_REFRESH","V_UNITKA_COMMISSION_RATES 2026-08-12..2026-09-10 (магазин)","ставка rolling-окна пересчитана (V_UNITKA_COMMISSION_RATES 2026-08-12..2026-09-10 (магазин))"
"2026-09 (все 30 строк)","952068582","SP749","commission","0.455916","0.45578","MODEL_PARAMETER_REFRESH","V_UNITKA_COMMISSION_RATES 2026-08-12..2026-09-10 (магазин)","ставка rolling-окна пересчитана (V_UNITKA_COMMISSION_RATES 2026-08-12..2026-09-10 (магазин))"
"2026-09 (все 30 строк)","952068582","SP750","commission","0.455916","0.45578","MODEL_PARAMETER_REFRESH","V_UNITKA_COMMISSION_RATES 2026-08-12..2026-09-10 (магазин)","ставка rolling-окна пересчитана (V_UNITKA_COMMISSION_RATES 2026-08-12..2026-09-10 (магазин))"
"2026-09 (все 30 строк)","952068582","SP751","commission","0.455916","0.45578","MODEL_PARAMETER_REFRESH","V_UNITKA_COMMISSION_RATES 2026-08-12..2026-09-10 (магазин)","ставка rolling-окна пересчитана (V_UNITKA_COMMISSION_RATES 2026-08-12..2026-09-10 (магазин))"
"2026-09 (все 30 строк)","952068582","SP752","commission","0.455916","0.45578","MODEL_PARAMETER_REFRESH","V_UNITKA_COMMISSION_RATES 2026-08-12..2026-09-10 (магазин)","ставка rolling-окна пересчитана (V_UNITKA_COMMISSION_RATES 2026-08-12..2026-09-10 (магазин))"
"2026-09 (все 30 строк)","952068582","SP753","commission","0.455916","0.45578","MODEL_PARAMETER_REFRESH","V_UNITKA_COMMISSION_RATES 2026-08-12..2026-09-10 (магазин)","ставка rolling-окна пересчитана (V_UNITKA_COMMISSION_RATES 2026-08-12..2026-09-10 (магазин))"
"2026-09 (все 30 строк)","952068582","SP754","commission","0.455916","0.45578","MODEL_PARAMETER_REFRESH","V_UNITKA_COMMISSION_RATES 2026-08-12..2026-09-10 (магазин)","ставка rolling-окна пересчитана (V_UNITKA_COMMISSION_RATES 2026-08-12..2026-09-10 (магазин))"
"2026-09 (все 30 строк)","952068582","SP755","commission","0.455916","0.45578","MODEL_PARAMETER_REFRESH","V_UNITKA_COMMISSION_RATES 2026-08-12..2026-09-10 (магазин)","ставка rolling-окна пересчитана (V_UNITKA_COMMISSION_RATES 2026-08-12..2026-09-10 (магазин))"
"2026-09 (все 30 строк)","952068582","SP756","commission","0.455916","0.45578","MODEL_PARAMETER_REFRESH","V_UNITKA_COMMISSION_RATES 2026-08-12..2026-09-10 (магазин)","ставка rolling-окна пересчитана (V_UNITKA_COMMISSION_RATES 2026-08-12..2026-09-10 (магазин))"
"2026-09 (все 30 строк)","952068582","SP757","commission","0.455916","0.45578","MODEL_PARAMETER_REFRESH","V_UNITKA_COMMISSION_RATES 2026-08-12..2026-09-10 (магазин)","ставка rolling-окна пересчитана (V_UNITKA_COMMISSION_RATES 2026-08-12..2026-09-10 (магазин))"
"2026-09 (все 30 строк)","952068582","SP758","commission","0.455916","0.45578","MODEL_PARAMETER_REFRESH","V_UNITKA_COMMISSION_RATES 2026-08-12..2026-09-10 (магазин)","ставка rolling-окна пересчитана (V_UNITKA_COMMISSION_RATES 2026-08-12..2026-09-10 (магазин))"
"2026-09 (все 30 строк)","952068582","SP759","commission","0.455916","0.45578","MODEL_PARAMETER_REFRESH","V_UNITKA_COMMISSION_RATES 2026-08-12..2026-09-10 (магазин)","ставка rolling-окна пересчитана (V_UNITKA_COMMISSION_RATES 2026-08-12..2026-09-10 (магазин))"
"2026-09 (все 30 строк)","952068582","SP760","commission","0.455916","0.45578","MODEL_PARAMETER_REFRESH","V_UNITKA_COMMISSION_RATES 2026-08-12..2026-09-10 (магазин)","ставка rolling-окна пересчитана (V_UNITKA_COMMISSION_RATES 2026-08-12..2026-09-10 (магазин))"
"2026-09 (все 30 строк)","952068582","SP761","commission","0.455916","0.45578","MODEL_PARAMETER_REFRESH","V_UNITKA_COMMISSION_RATES 2026-08-12..2026-09-10 (магазин)","ставка rolling-окна пересчитана (V_UNITKA_COMMISSION_RATES 2026-08-12..2026-09-10 (магазин))"
"2026-09 (все 30 строк)","952068582","SP762","commission","0.455916","0.45578","MODEL_PARAMETER_REFRESH","V_UNITKA_COMMISSION_RATES 2026-08-12..2026-09-10 (магазин)","ставка rolling-окна пересчитана (V_UNITKA_COMMISSION_RATES 2026-08-12..2026-09-10 (магазин))"
"2026-09 (все 30 строк)","952068582","SP763","commission","0.455916","0.45578","MODEL_PARAMETER_REFRESH","V_UNITKA_COMMISSION_RATES 2026-08-12..2026-09-10 (магазин)","ставка rolling-окна пересчитана (V_UNITKA_COMMISSION_RATES 2026-08-12..2026-09-10 (магазин))"
"2026-09 (все 30 строк)","952068582","SP764","commission","0.455916","0.45578","MODEL_PARAMETER_REFRESH","V_UNITKA_COMMISSION_RATES 2026-08-12..2026-09-10 (магазин)","ставка rolling-окна пересчитана (V_UNITKA_COMMISSION_RATES 2026-08-12..2026-09-10 (магазин))"
"2026-09 (все 30 строк)","952068582","SP765","commission","0.455916","0.45578","MODEL_PARAMETER_REFRESH","V_UNITKA_COMMISSION_RATES 2026-08-12..2026-09-10 (магазин)","ставка rolling-окна пересчитана (V_UNITKA_COMMISSION_RATES 2026-08-12..2026-09-10 (магазин))"
"2026-09 (все 30 строк)","952068582","SP766","commission","0.455916","0.45578","MODEL_PARAMETER_REFRESH","V_UNITKA_COMMISSION_RATES 2026-08-12..2026-09-10 (магазин)","ставка rolling-окна пересчитана (V_UNITKA_COMMISSION_RATES 2026-08-12..2026-09-10 (магазин))"
"2026-09-01","910584041","TQ737","storage","0","0","NO_CHANGE","RAW_WB_PAID_STORAGE","формула-наследие → значение, результат тот же"
"2026-09-02","910584041","TQ738","storage","0","0","NO_CHANGE","RAW_WB_PAID_STORAGE","формула-наследие → значение, результат тот же"
"2026-09-03","910584041","TQ739","storage","0","0","NO_CHANGE","RAW_WB_PAID_STORAGE","формула-наследие → значение, результат тот же"
"2026-09-04","910584041","TQ740","storage","0","0","NO_CHANGE","RAW_WB_PAID_STORAGE","формула-наследие → значение, результат тот же"
"2026-09-05","910584041","TQ741","storage","0","0","NO_CHANGE","RAW_WB_PAID_STORAGE","формула-наследие → значение, результат тот же"
"2026-09-06","910584041","TQ742","storage","0","0","NO_CHANGE","RAW_WB_PAID_STORAGE","формула-наследие → значение, результат тот же"
"2026-09-07","910584041","TQ743","storage","0","0","NO_CHANGE","RAW_WB_PAID_STORAGE","формула-наследие → значение, результат тот же"
"2026-09-08","910584041","TQ744","storage","0","0","NO_CHANGE","RAW_WB_PAID_STORAGE","формула-наследие → значение, результат тот же"
"2026-09-09","910584041","TQ745","storage","0","0","NO_CHANGE","RAW_WB_PAID_STORAGE","формула-наследие → значение, результат тот же"
"2026-09-10","910584041","TD746","stock","0","0","NO_CHANGE","FACT_STOCKS_SNAPSHOT","формула-наследие → значение, результат тот же"
"2026-09-01","1083392113","UO737","storage","0","0","NO_CHANGE","RAW_WB_PAID_STORAGE","формула-наследие → значение, результат тот же"
"2026-09-02","1083392113","UO738","storage","0","0","NO_CHANGE","RAW_WB_PAID_STORAGE","формула-наследие → значение, результат тот же"
"2026-09-03","1083392113","UO739","storage","0","0","NO_CHANGE","RAW_WB_PAID_STORAGE","формула-наследие → значение, результат тот же"
"2026-09-04","1083392113","UO740","storage","0","0","NO_CHANGE","RAW_WB_PAID_STORAGE","формула-наследие → значение, результат тот же"
"2026-09-05","1083392113","UO741","storage","0","0","NO_CHANGE","RAW_WB_PAID_STORAGE","формула-наследие → значение, результат тот же"
"2026-09-06","1083392113","UO742","storage","0","0","NO_CHANGE","RAW_WB_PAID_STORAGE","формула-наследие → значение, результат тот же"
"2026-09-07","1083392113","UO743","storage","0","0","NO_CHANGE","RAW_WB_PAID_STORAGE","формула-наследие → значение, результат тот же"
"2026-09-08","1083392113","UO744","storage","0","0","NO_CHANGE","RAW_WB_PAID_STORAGE","формула-наследие → значение, результат тот же"
"2026-09-09","1083392113","UO745","storage","0","0","NO_CHANGE","RAW_WB_PAID_STORAGE","формула-наследие → значение, результат тот же"
"2026-09-10","1083392113","UB746","stock","0","0","NO_CHANGE","FACT_STOCKS_SNAPSHOT","формула-наследие → значение, результат тот же"
"2026-09 (все 30 строк)","1083392113","UL737","commission","0.455916","0.45578","MODEL_PARAMETER_REFRESH","V_UNITKA_COMMISSION_RATES 2026-08-12..2026-09-10 (магазин)","ставка rolling-окна пересчитана (V_UNITKA_COMMISSION_RATES 2026-08-12..2026-09-10 (магазин))"
"2026-09 (все 30 строк)","1083392113","UL738","commission","0.455916","0.45578","MODEL_PARAMETER_REFRESH","V_UNITKA_COMMISSION_RATES 2026-08-12..2026-09-10 (магазин)","ставка rolling-окна пересчитана (V_UNITKA_COMMISSION_RATES 2026-08-12..2026-09-10 (магазин))"
"2026-09 (все 30 строк)","1083392113","UL739","commission","0.455916","0.45578","MODEL_PARAMETER_REFRESH","V_UNITKA_COMMISSION_RATES 2026-08-12..2026-09-10 (магазин)","ставка rolling-окна пересчитана (V_UNITKA_COMMISSION_RATES 2026-08-12..2026-09-10 (магазин))"
"2026-09 (все 30 строк)","1083392113","UL740","commission","0.455916","0.45578","MODEL_PARAMETER_REFRESH","V_UNITKA_COMMISSION_RATES 2026-08-12..2026-09-10 (магазин)","ставка rolling-окна пересчитана (V_UNITKA_COMMISSION_RATES 2026-08-12..2026-09-10 (магазин))"
"2026-09 (все 30 строк)","1083392113","UL741","commission","0.455916","0.45578","MODEL_PARAMETER_REFRESH","V_UNITKA_COMMISSION_RATES 2026-08-12..2026-09-10 (магазин)","ставка rolling-окна пересчитана (V_UNITKA_COMMISSION_RATES 2026-08-12..2026-09-10 (магазин))"
"2026-09 (все 30 строк)","1083392113","UL742","commission","0.455916","0.45578","MODEL_PARAMETER_REFRESH","V_UNITKA_COMMISSION_RATES 2026-08-12..2026-09-10 (магазин)","ставка rolling-окна пересчитана (V_UNITKA_COMMISSION_RATES 2026-08-12..2026-09-10 (магазин))"
"2026-09 (все 30 строк)","1083392113","UL743","commission","0.455916","0.45578","MODEL_PARAMETER_REFRESH","V_UNITKA_COMMISSION_RATES 2026-08-12..2026-09-10 (магазин)","ставка rolling-окна пересчитана (V_UNITKA_COMMISSION_RATES 2026-08-12..2026-09-10 (магазин))"
"2026-09 (все 30 строк)","1083392113","UL744","commission","0.455916","0.45578","MODEL_PARAMETER_REFRESH","V_UNITKA_COMMISSION_RATES 2026-08-12..2026-09-10 (магазин)","ставка rolling-окна пересчитана (V_UNITKA_COMMISSION_RATES 2026-08-12..2026-09-10 (магазин))"
"2026-09 (все 30 строк)","1083392113","UL745","commission","0.455916","0.45578","MODEL_PARAMETER_REFRESH","V_UNITKA_COMMISSION_RATES 2026-08-12..2026-09-10 (магазин)","ставка rolling-окна пересчитана (V_UNITKA_COMMISSION_RATES 2026-08-12..2026-09-10 (магазин))"
"2026-09 (все 30 строк)","1083392113","UL746","commission","0.455916","0.45578","MODEL_PARAMETER_REFRESH","V_UNITKA_COMMISSION_RATES 2026-08-12..2026-09-10 (магазин)","ставка rolling-окна пересчитана (V_UNITKA_COMMISSION_RATES 2026-08-12..2026-09-10 (магазин))"
"2026-09 (все 30 строк)","1083392113","UL747","commission","0.455916","0.45578","MODEL_PARAMETER_REFRESH","V_UNITKA_COMMISSION_RATES 2026-08-12..2026-09-10 (магазин)","ставка rolling-окна пересчитана (V_UNITKA_COMMISSION_RATES 2026-08-12..2026-09-10 (магазин))"
"2026-09 (все 30 строк)","1083392113","UL748","commission","0.455916","0.45578","MODEL_PARAMETER_REFRESH","V_UNITKA_COMMISSION_RATES 2026-08-12..2026-09-10 (магазин)","ставка rolling-окна пересчитана (V_UNITKA_COMMISSION_RATES 2026-08-12..2026-09-10 (магазин))"
"2026-09 (все 30 строк)","1083392113","UL749","commission","0.455916","0.45578","MODEL_PARAMETER_REFRESH","V_UNITKA_COMMISSION_RATES 2026-08-12..2026-09-10 (магазин)","ставка rolling-окна пересчитана (V_UNITKA_COMMISSION_RATES 2026-08-12..2026-09-10 (магазин))"
"2026-09 (все 30 строк)","1083392113","UL750","commission","0.455916","0.45578","MODEL_PARAMETER_REFRESH","V_UNITKA_COMMISSION_RATES 2026-08-12..2026-09-10 (магазин)","ставка rolling-окна пересчитана (V_UNITKA_COMMISSION_RATES 2026-08-12..2026-09-10 (магазин))"
"2026-09 (все 30 строк)","1083392113","UL751","commission","0.455916","0.45578","MODEL_PARAMETER_REFRESH","V_UNITKA_COMMISSION_RATES 2026-08-12..2026-09-10 (магазин)","ставка rolling-окна пересчитана (V_UNITKA_COMMISSION_RATES 2026-08-12..2026-09-10 (магазин))"
"2026-09 (все 30 строк)","1083392113","UL752","commission","0.455916","0.45578","MODEL_PARAMETER_REFRESH","V_UNITKA_COMMISSION_RATES 2026-08-12..2026-09-10 (магазин)","ставка rolling-окна пересчитана (V_UNITKA_COMMISSION_RATES 2026-08-12..2026-09-10 (магазин))"
"2026-09 (все 30 строк)","1083392113","UL753","commission","0.455916","0.45578","MODEL_PARAMETER_REFRESH","V_UNITKA_COMMISSION_RATES 2026-08-12..2026-09-10 (магазин)","ставка rolling-окна пересчитана (V_UNITKA_COMMISSION_RATES 2026-08-12..2026-09-10 (магазин))"
"2026-09 (все 30 строк)","1083392113","UL754","commission","0.455916","0.45578","MODEL_PARAMETER_REFRESH","V_UNITKA_COMMISSION_RATES 2026-08-12..2026-09-10 (магазин)","ставка rolling-окна пересчитана (V_UNITKA_COMMISSION_RATES 2026-08-12..2026-09-10 (магазин))"
"2026-09 (все 30 строк)","1083392113","UL755","commission","0.455916","0.45578","MODEL_PARAMETER_REFRESH","V_UNITKA_COMMISSION_RATES 2026-08-12..2026-09-10 (магазин)","ставка rolling-окна пересчитана (V_UNITKA_COMMISSION_RATES 2026-08-12..2026-09-10 (магазин))"
"2026-09 (все 30 строк)","1083392113","UL756","commission","0.455916","0.45578","MODEL_PARAMETER_REFRESH","V_UNITKA_COMMISSION_RATES 2026-08-12..2026-09-10 (магазин)","ставка rolling-окна пересчитана (V_UNITKA_COMMISSION_RATES 2026-08-12..2026-09-10 (магазин))"
"2026-09 (все 30 строк)","1083392113","UL757","commission","0.455916","0.45578","MODEL_PARAMETER_REFRESH","V_UNITKA_COMMISSION_RATES 2026-08-12..2026-09-10 (магазин)","ставка rolling-окна пересчитана (V_UNITKA_COMMISSION_RATES 2026-08-12..2026-09-10 (магазин))"
"2026-09 (все 30 строк)","1083392113","UL758","commission","0.455916","0.45578","MODEL_PARAMETER_REFRESH","V_UNITKA_COMMISSION_RATES 2026-08-12..2026-09-10 (магазин)","ставка rolling-окна пересчитана (V_UNITKA_COMMISSION_RATES 2026-08-12..2026-09-10 (магазин))"
"2026-09 (все 30 строк)","1083392113","UL759","commission","0.455916","0.45578","MODEL_PARAMETER_REFRESH","V_UNITKA_COMMISSION_RATES 2026-08-12..2026-09-10 (магазин)","ставка rolling-окна пересчитана (V_UNITKA_COMMISSION_RATES 2026-08-12..2026-09-10 (магазин))"
"2026-09 (все 30 строк)","1083392113","UL760","commission","0.455916","0.45578","MODEL_PARAMETER_REFRESH","V_UNITKA_COMMISSION_RATES 2026-08-12..2026-09-10 (магазин)","ставка rolling-окна пересчитана (V_UNITKA_COMMISSION_RATES 2026-08-12..2026-09-10 (магазин))"
"2026-09 (все 30 строк)","1083392113","UL761","commission","0.455916","0.45578","MODEL_PARAMETER_REFRESH","V_UNITKA_COMMISSION_RATES 2026-08-12..2026-09-10 (магазин)","ставка rolling-окна пересчитана (V_UNITKA_COMMISSION_RATES 2026-08-12..2026-09-10 (магазин))"
"2026-09 (все 30 строк)","1083392113","UL762","commission","0.455916","0.45578","MODEL_PARAMETER_REFRESH","V_UNITKA_COMMISSION_RATES 2026-08-12..2026-09-10 (магазин)","ставка rolling-окна пересчитана (V_UNITKA_COMMISSION_RATES 2026-08-12..2026-09-10 (магазин))"
"2026-09 (все 30 строк)","1083392113","UL763","commission","0.455916","0.45578","MODEL_PARAMETER_REFRESH","V_UNITKA_COMMISSION_RATES 2026-08-12..2026-09-10 (магазин)","ставка rolling-окна пересчитана (V_UNITKA_COMMISSION_RATES 2026-08-12..2026-09-10 (магазин))"
"2026-09 (все 30 строк)","1083392113","UL764","commission","0.455916","0.45578","MODEL_PARAMETER_REFRESH","V_UNITKA_COMMISSION_RATES 2026-08-12..2026-09-10 (магазин)","ставка rolling-окна пересчитана (V_UNITKA_COMMISSION_RATES 2026-08-12..2026-09-10 (магазин))"
"2026-09 (все 30 строк)","1083392113","UL765","commission","0.455916","0.45578","MODEL_PARAMETER_REFRESH","V_UNITKA_COMMISSION_RATES 2026-08-12..2026-09-10 (магазин)","ставка rolling-окна пересчитана (V_UNITKA_COMMISSION_RATES 2026-08-12..2026-09-10 (магазин))"
"2026-09 (все 30 строк)","1083392113","UL766","commission","0.455916","0.45578","MODEL_PARAMETER_REFRESH","V_UNITKA_COMMISSION_RATES 2026-08-12..2026-09-10 (магазин)","ставка rolling-окна пересчитана (V_UNITKA_COMMISSION_RATES 2026-08-12..2026-09-10 (магазин))"
"2026-09-10","910330849","UZ746","stock","4","4","NO_CHANGE","FACT_STOCKS_SNAPSHOT","формула-наследие → значение, результат тот же"
"2026-09 (все 30 строк)","910330849","VJ737","commission","0.455916","0.45578","MODEL_PARAMETER_REFRESH","V_UNITKA_COMMISSION_RATES 2026-08-12..2026-09-10 (магазин)","ставка rolling-окна пересчитана (V_UNITKA_COMMISSION_RATES 2026-08-12..2026-09-10 (магазин))"
"2026-09 (все 30 строк)","910330849","VJ738","commission","0.455916","0.45578","MODEL_PARAMETER_REFRESH","V_UNITKA_COMMISSION_RATES 2026-08-12..2026-09-10 (магазин)","ставка rolling-окна пересчитана (V_UNITKA_COMMISSION_RATES 2026-08-12..2026-09-10 (магазин))"
"2026-09 (все 30 строк)","910330849","VJ739","commission","0.455916","0.45578","MODEL_PARAMETER_REFRESH","V_UNITKA_COMMISSION_RATES 2026-08-12..2026-09-10 (магазин)","ставка rolling-окна пересчитана (V_UNITKA_COMMISSION_RATES 2026-08-12..2026-09-10 (магазин))"
"2026-09 (все 30 строк)","910330849","VJ740","commission","0.455916","0.45578","MODEL_PARAMETER_REFRESH","V_UNITKA_COMMISSION_RATES 2026-08-12..2026-09-10 (магазин)","ставка rolling-окна пересчитана (V_UNITKA_COMMISSION_RATES 2026-08-12..2026-09-10 (магазин))"
"2026-09 (все 30 строк)","910330849","VJ741","commission","0.455916","0.45578","MODEL_PARAMETER_REFRESH","V_UNITKA_COMMISSION_RATES 2026-08-12..2026-09-10 (магазин)","ставка rolling-окна пересчитана (V_UNITKA_COMMISSION_RATES 2026-08-12..2026-09-10 (магазин))"
"2026-09 (все 30 строк)","910330849","VJ742","commission","0.455916","0.45578","MODEL_PARAMETER_REFRESH","V_UNITKA_COMMISSION_RATES 2026-08-12..2026-09-10 (магазин)","ставка rolling-окна пересчитана (V_UNITKA_COMMISSION_RATES 2026-08-12..2026-09-10 (магазин))"
"2026-09 (все 30 строк)","910330849","VJ743","commission","0.455916","0.45578","MODEL_PARAMETER_REFRESH","V_UNITKA_COMMISSION_RATES 2026-08-12..2026-09-10 (магазин)","ставка rolling-окна пересчитана (V_UNITKA_COMMISSION_RATES 2026-08-12..2026-09-10 (магазин))"
"2026-09 (все 30 строк)","910330849","VJ744","commission","0.455916","0.45578","MODEL_PARAMETER_REFRESH","V_UNITKA_COMMISSION_RATES 2026-08-12..2026-09-10 (магазин)","ставка rolling-окна пересчитана (V_UNITKA_COMMISSION_RATES 2026-08-12..2026-09-10 (магазин))"
"2026-09 (все 30 строк)","910330849","VJ745","commission","0.455916","0.45578","MODEL_PARAMETER_REFRESH","V_UNITKA_COMMISSION_RATES 2026-08-12..2026-09-10 (магазин)","ставка rolling-окна пересчитана (V_UNITKA_COMMISSION_RATES 2026-08-12..2026-09-10 (магазин))"
"2026-09 (все 30 строк)","910330849","VJ746","commission","0.455916","0.45578","MODEL_PARAMETER_REFRESH","V_UNITKA_COMMISSION_RATES 2026-08-12..2026-09-10 (магазин)","ставка rolling-окна пересчитана (V_UNITKA_COMMISSION_RATES 2026-08-12..2026-09-10 (магазин))"
"2026-09 (все 30 строк)","910330849","VJ747","commission","0.455916","0.45578","MODEL_PARAMETER_REFRESH","V_UNITKA_COMMISSION_RATES 2026-08-12..2026-09-10 (магазин)","ставка rolling-окна пересчитана (V_UNITKA_COMMISSION_RATES 2026-08-12..2026-09-10 (магазин))"
"2026-09 (все 30 строк)","910330849","VJ748","commission","0.455916","0.45578","MODEL_PARAMETER_REFRESH","V_UNITKA_COMMISSION_RATES 2026-08-12..2026-09-10 (магазин)","ставка rolling-окна пересчитана (V_UNITKA_COMMISSION_RATES 2026-08-12..2026-09-10 (магазин))"
"2026-09 (все 30 строк)","910330849","VJ749","commission","0.455916","0.45578","MODEL_PARAMETER_REFRESH","V_UNITKA_COMMISSION_RATES 2026-08-12..2026-09-10 (магазин)","ставка rolling-окна пересчитана (V_UNITKA_COMMISSION_RATES 2026-08-12..2026-09-10 (магазин))"
"2026-09 (все 30 строк)","910330849","VJ750","commission","0.455916","0.45578","MODEL_PARAMETER_REFRESH","V_UNITKA_COMMISSION_RATES 2026-08-12..2026-09-10 (магазин)","ставка rolling-окна пересчитана (V_UNITKA_COMMISSION_RATES 2026-08-12..2026-09-10 (магазин))"
"2026-09 (все 30 строк)","910330849","VJ751","commission","0.455916","0.45578","MODEL_PARAMETER_REFRESH","V_UNITKA_COMMISSION_RATES 2026-08-12..2026-09-10 (магазин)","ставка rolling-окна пересчитана (V_UNITKA_COMMISSION_RATES 2026-08-12..2026-09-10 (магазин))"
"2026-09 (все 30 строк)","910330849","VJ752","commission","0.455916","0.45578","MODEL_PARAMETER_REFRESH","V_UNITKA_COMMISSION_RATES 2026-08-12..2026-09-10 (магазин)","ставка rolling-окна пересчитана (V_UNITKA_COMMISSION_RATES 2026-08-12..2026-09-10 (магазин))"
"2026-09 (все 30 строк)","910330849","VJ753","commission","0.455916","0.45578","MODEL_PARAMETER_REFRESH","V_UNITKA_COMMISSION_RATES 2026-08-12..2026-09-10 (магазин)","ставка rolling-окна пересчитана (V_UNITKA_COMMISSION_RATES 2026-08-12..2026-09-10 (магазин))"
"2026-09 (все 30 строк)","910330849","VJ754","commission","0.455916","0.45578","MODEL_PARAMETER_REFRESH","V_UNITKA_COMMISSION_RATES 2026-08-12..2026-09-10 (магазин)","ставка rolling-окна пересчитана (V_UNITKA_COMMISSION_RATES 2026-08-12..2026-09-10 (магазин))"
"2026-09 (все 30 строк)","910330849","VJ755","commission","0.455916","0.45578","MODEL_PARAMETER_REFRESH","V_UNITKA_COMMISSION_RATES 2026-08-12..2026-09-10 (магазин)","ставка rolling-окна пересчитана (V_UNITKA_COMMISSION_RATES 2026-08-12..2026-09-10 (магазин))"
"2026-09 (все 30 строк)","910330849","VJ756","commission","0.455916","0.45578","MODEL_PARAMETER_REFRESH","V_UNITKA_COMMISSION_RATES 2026-08-12..2026-09-10 (магазин)","ставка rolling-окна пересчитана (V_UNITKA_COMMISSION_RATES 2026-08-12..2026-09-10 (магазин))"
"2026-09 (все 30 строк)","910330849","VJ757","commission","0.455916","0.45578","MODEL_PARAMETER_REFRESH","V_UNITKA_COMMISSION_RATES 2026-08-12..2026-09-10 (магазин)","ставка rolling-окна пересчитана (V_UNITKA_COMMISSION_RATES 2026-08-12..2026-09-10 (магазин))"
"2026-09 (все 30 строк)","910330849","VJ758","commission","0.455916","0.45578","MODEL_PARAMETER_REFRESH","V_UNITKA_COMMISSION_RATES 2026-08-12..2026-09-10 (магазин)","ставка rolling-окна пересчитана (V_UNITKA_COMMISSION_RATES 2026-08-12..2026-09-10 (магазин))"
"2026-09 (все 30 строк)","910330849","VJ759","commission","0.455916","0.45578","MODEL_PARAMETER_REFRESH","V_UNITKA_COMMISSION_RATES 2026-08-12..2026-09-10 (магазин)","ставка rolling-окна пересчитана (V_UNITKA_COMMISSION_RATES 2026-08-12..2026-09-10 (магазин))"
"2026-09 (все 30 строк)","910330849","VJ760","commission","0.455916","0.45578","MODEL_PARAMETER_REFRESH","V_UNITKA_COMMISSION_RATES 2026-08-12..2026-09-10 (магазин)","ставка rolling-окна пересчитана (V_UNITKA_COMMISSION_RATES 2026-08-12..2026-09-10 (магазин))"
"2026-09 (все 30 строк)","910330849","VJ761","commission","0.455916","0.45578","MODEL_PARAMETER_REFRESH","V_UNITKA_COMMISSION_RATES 2026-08-12..2026-09-10 (магазин)","ставка rolling-окна пересчитана (V_UNITKA_COMMISSION_RATES 2026-08-12..2026-09-10 (магазин))"
"2026-09 (все 30 строк)","910330849","VJ762","commission","0.455916","0.45578","MODEL_PARAMETER_REFRESH","V_UNITKA_COMMISSION_RATES 2026-08-12..2026-09-10 (магазин)","ставка rolling-окна пересчитана (V_UNITKA_COMMISSION_RATES 2026-08-12..2026-09-10 (магазин))"
"2026-09 (все 30 строк)","910330849","VJ763","commission","0.455916","0.45578","MODEL_PARAMETER_REFRESH","V_UNITKA_COMMISSION_RATES 2026-08-12..2026-09-10 (магазин)","ставка rolling-окна пересчитана (V_UNITKA_COMMISSION_RATES 2026-08-12..2026-09-10 (магазин))"
"2026-09 (все 30 строк)","910330849","VJ764","commission","0.455916","0.45578","MODEL_PARAMETER_REFRESH","V_UNITKA_COMMISSION_RATES 2026-08-12..2026-09-10 (магазин)","ставка rolling-окна пересчитана (V_UNITKA_COMMISSION_RATES 2026-08-12..2026-09-10 (магазин))"
"2026-09 (все 30 строк)","910330849","VJ765","commission","0.455916","0.45578","MODEL_PARAMETER_REFRESH","V_UNITKA_COMMISSION_RATES 2026-08-12..2026-09-10 (магазин)","ставка rolling-окна пересчитана (V_UNITKA_COMMISSION_RATES 2026-08-12..2026-09-10 (магазин))"
"2026-09 (все 30 строк)","910330849","VJ766","commission","0.455916","0.45578","MODEL_PARAMETER_REFRESH","V_UNITKA_COMMISSION_RATES 2026-08-12..2026-09-10 (магазин)","ставка rolling-окна пересчитана (V_UNITKA_COMMISSION_RATES 2026-08-12..2026-09-10 (магазин))"
