kiz,gtin,product,parent_sets,parent_statuses,unit_status,shipped_to_wb
"0104619689656000215""vHCX",04619689656000,Сыворотка АКНЕ,0104619689656222215W7Fue,INTRODUCED,INTRODUCED,no
0104619689656000215%RCZq,04619689656000,Сыворотка АКНЕ,0104619689656093215Xq->W,INTRODUCED,INTRODUCED,no
0104619689656000215%gDe2,04619689656000,Сыворотка АКНЕ,0104619689656178215XsVAQ,RETIRED,RETIRED,no
0104619689656000215%gnGL,04619689656000,Сыворотка АКНЕ,0104619689656161215eTHDY,INTRODUCED,INTRODUCED,no
0104619689656000215&8LFO,04619689656000,Сыворотка АКНЕ,0104619689656093215RjJ)E,INTRODUCED,INTRODUCED,no
0104619689656000215&eBBt,04619689656000,Сыворотка АКНЕ,"0104619689656161215PBL<,",INTRODUCED,INTRODUCED,no
0104619689656000215&hKTa,04619689656000,Сыворотка АКНЕ,0104619689656161215w=*Tj,INTRODUCED,INTRODUCED,no
0104619689656000215'FPDY,04619689656000,Сыворотка АКНЕ,0104619689656093215ddA4Q,INTRODUCED,INTRODUCED,no
0104619689656000215(1RDO,04619689656000,Сыворотка АКНЕ,0104619689656192215-N;nk,INTRODUCED,INTRODUCED,no
0104619689656000215(6NGZ,04619689656000,Сыворотка АКНЕ,0104619689656192215ePgkU,INTRODUCED,INTRODUCED,no
"0104619689656000215(Y8,y",04619689656000,Сыворотка АКНЕ,0104619689656192215p<9bN,INTRODUCED,INTRODUCED,no
0104619689656000215(d)wd,04619689656000,Сыворотка АКНЕ,01046196896560932159j2xU,INTRODUCED,INTRODUCED,no
0104619689656000215)sDqc,04619689656000,Сыворотка АКНЕ,0104619689656093215gGFDy,INTRODUCED,INTRODUCED,no
"0104619689656000215+l""dH",04619689656000,Сыворотка АКНЕ,01046196896560932155A.Ux,RETIRED,RETIRED,no
"0104619689656000215,4Qe>",04619689656000,Сыворотка АКНЕ,0104619689656222215yjbR&,INTRODUCED,INTRODUCED,no
0104619689656000215-CqbX,04619689656000,Сыворотка АКНЕ,0104619689656161215Uk:XP,INTRODUCED,INTRODUCED,no
0104619689656000215.A9ZR,04619689656000,Сыворотка АКНЕ,0104619689656178215e!2oH,INTRODUCED,INTRODUCED,no
0104619689656000215.SGQ:,04619689656000,Сыворотка АКНЕ,"0104619689656222215,kmb5",INTRODUCED,INTRODUCED,no
0104619689656000215.n6kQ,04619689656000,Сыворотка АКНЕ,0104619689656222215+zcYM,INTRODUCED,INTRODUCED,no
0104619689656000215/FGfi,04619689656000,Сыворотка АКНЕ,0104619689656192215X2y4d,INTRODUCED,INTRODUCED,no
0104619689656000215/RZVt,04619689656000,Сыворотка АКНЕ,01046196896560932158c6kz,RETIRED,RETIRED,no
0104619689656000215/Sq/V,04619689656000,Сыворотка АКНЕ,0104619689656093215>flj;,INTRODUCED,INTRODUCED,no
01046196896560002150XIzG,04619689656000,Сыворотка АКНЕ,0104619689656192215RU.Xj,INTRODUCED,INTRODUCED,no
01046196896560002151EcYV,04619689656000,Сыворотка АКНЕ,0104619689656093215jplBf,INTRODUCED,INTRODUCED,no
01046196896560002151RvL=,04619689656000,Сыворотка АКНЕ,0104619689656192215Ck+T:,INTRODUCED,INTRODUCED,no
01046196896560002151roGc,04619689656000,Сыворотка АКНЕ,0104619689656192215swBPN,INTRODUCED,INTRODUCED,no
01046196896560002152wo&G,04619689656000,Сыворотка АКНЕ,0104619689656093215HrZEw,INTRODUCED,INTRODUCED,no
01046196896560002153/mXo,04619689656000,Сыворотка АКНЕ,0104619689656093215q=JNu,INTRODUCED,INTRODUCED,no
010461968965600021533hJ+,04619689656000,Сыворотка АКНЕ,0104619689656093215'.j:W,INTRODUCED,INTRODUCED,no
01046196896560002153L:>M,04619689656000,Сыворотка АКНЕ,0104619689656161215l?p9I,INTRODUCED,INTRODUCED,no
01046196896560002153TJQa,04619689656000,Сыворотка АКНЕ,0104619689656222215eSO%V,INTRODUCED,INTRODUCED,no
01046196896560002154ALTF,04619689656000,Сыворотка АКНЕ,0104619689656093215josi*;0104619689656093215GQLYH,INTRODUCED;WRITTEN_OFF,INTRODUCED,no
01046196896560002154PJ0H,04619689656000,Сыворотка АКНЕ,0104619689656161215?=IWg,INTRODUCED,INTRODUCED,no
01046196896560002154stRe,04619689656000,Сыворотка АКНЕ,0104619689656161215DMn)O,INTRODUCED,INTRODUCED,no
010461968965600021567keJ,04619689656000,Сыворотка АКНЕ,0104619689656093215(pLqX,INTRODUCED,INTRODUCED,no
01046196896560002156SFG:,04619689656000,Сыворотка АКНЕ,0104619689656222215F=InR,INTRODUCED,INTRODUCED,no
01046196896560002157.>=x,04619689656000,Сыворотка АКНЕ,0104619689656093215<ck.s,INTRODUCED,INTRODUCED,no
01046196896560002157PXEw,04619689656000,Сыворотка АКНЕ,0104619689656192215896fr,INTRODUCED,INTRODUCED,no
01046196896560002157Yi<s,04619689656000,Сыворотка АКНЕ,01046196896562222157oxN4,INTRODUCED,INTRODUCED,no
01046196896560002158.nXu,04619689656000,Сыворотка АКНЕ,0104619689656093215>)GV+,INTRODUCED,INTRODUCED,no
01046196896560002158gzQS,04619689656000,Сыворотка АКНЕ,0104619689656161215n8GZc,INTRODUCED,INTRODUCED,no
01046196896560002159MUGU,04619689656000,Сыворотка АКНЕ,0104619689656222215Stl+R,INTRODUCED,INTRODUCED,no
01046196896560002159htHF,04619689656000,Сыворотка АКНЕ,0104619689656161215=Vd.V,RETIRED,RETIRED,no
0104619689656000215:+P.s,04619689656000,Сыворотка АКНЕ,0104619689656093215/Frej,INTRODUCED,INTRODUCED,no
0104619689656000215;;nFc,04619689656000,Сыворотка АКНЕ,0104619689656222215RRuPQ,INTRODUCED,INTRODUCED,no
0104619689656000215;Sd(j,04619689656000,Сыворотка АКНЕ,0104619689656192215PtKJo,INTRODUCED,INTRODUCED,no
0104619689656000215;bPNm,04619689656000,Сыворотка АКНЕ,0104619689656093215c%Dzn,INTRODUCED,INTRODUCED,no
0104619689656000215;yFnB,04619689656000,Сыворотка АКНЕ,01046196896562222156gNd9,INTRODUCED,INTRODUCED,no
0104619689656000215?HG%s,04619689656000,Сыворотка АКНЕ,0104619689656161215VdhOZ,INTRODUCED,INTRODUCED,no
0104619689656000215?cAF_,04619689656000,Сыворотка АКНЕ,0104619689656192215gWNMJ,INTRODUCED,INTRODUCED,no
0104619689656000215?gPLr,04619689656000,Сыворотка АКНЕ,0104619689656093215/G(_4,RETIRED,RETIRED,no
0104619689656000215?l</+,04619689656000,Сыворотка АКНЕ,01046196896561612150Z-8D,INTRODUCED,INTRODUCED,no
0104619689656000215?s=PH,04619689656000,Сыворотка АКНЕ,0104619689656192215Y?:r&,INTRODUCED,INTRODUCED,no
0104619689656000215AeH7b,04619689656000,Сыворотка АКНЕ,0104619689656192215DkqPW,INTRODUCED,INTRODUCED,no
"0104619689656000215Afhe""",04619689656000,Сыворотка АКНЕ,0104619689656161215e:m7r,INTRODUCED,INTRODUCED,no
0104619689656000215ApMjZ,04619689656000,Сыворотка АКНЕ,0104619689656222215YtRz0,INTRODUCED,INTRODUCED,no
0104619689656000215AxcTc,04619689656000,Сыворотка АКНЕ,0104619689656222215SF<JL,INTRODUCED,INTRODUCED,no
0104619689656000215BG.kS,04619689656000,Сыворотка АКНЕ,0104619689656093215txF:<,INTRODUCED,INTRODUCED,no
0104619689656000215BUYy6,04619689656000,Сыворотка АКНЕ,0104619689656161215kaMIy,INTRODUCED,INTRODUCED,no
0104619689656000215CFns!,04619689656000,Сыворотка АКНЕ,0104619689656093215XmqX5,INTRODUCED,INTRODUCED,no
0104619689656000215CcLpM,04619689656000,Сыворотка АКНЕ,0104619689656178215o*B4A,INTRODUCED,INTRODUCED,no
0104619689656000215CfCfM,04619689656000,Сыворотка АКНЕ,0104619689656093215A7pY4,RETIRED,RETIRED,no
0104619689656000215D0rL.,04619689656000,Сыворотка АКНЕ,0104619689656161215Ygzef,INTRODUCED,INTRODUCED,no
0104619689656000215DMtvL,04619689656000,Сыворотка АКНЕ,01046196896561612155pNmF,INTRODUCED,INTRODUCED,no
0104619689656000215Dajaf,04619689656000,Сыворотка АКНЕ,"0104619689656161215wU>q""",INTRODUCED,INTRODUCED,no
0104619689656000215DlZsf,04619689656000,Сыворотка АКНЕ,0104619689656093215.l%'a,RETIRED,RETIRED,no
0104619689656000215EFRX-,04619689656000,Сыворотка АКНЕ,0104619689656161215N=>=C,INTRODUCED,INTRODUCED,no
0104619689656000215EHakS,04619689656000,Сыворотка АКНЕ,0104619689656161215P(fzg,INTRODUCED,INTRODUCED,no
0104619689656000215EVC4i,04619689656000,Сыворотка АКНЕ,0104619689656093215JVBQO,RETIRED,RETIRED,no
0104619689656000215EdCLx,04619689656000,Сыворотка АКНЕ,0104619689656093215ROfV8,INTRODUCED,INTRODUCED,no
0104619689656000215Ei.S0,04619689656000,Сыворотка АКНЕ,0104619689656222215_KsBO,INTRODUCED,INTRODUCED,no
0104619689656000215EkUVC,04619689656000,Сыворотка АКНЕ,0104619689656222215qhJDd,INTRODUCED,INTRODUCED,no
0104619689656000215EsqDT,04619689656000,Сыворотка АКНЕ,0104619689656222215B(I:r,INTRODUCED,INTRODUCED,no
0104619689656000215Et*gf,04619689656000,Сыворотка АКНЕ,010461968965616121512FB>,RETIRED,RETIRED,no
0104619689656000215F.dX-,04619689656000,Сыворотка АКНЕ,0104619689656161215i6TUP,RETIRED,RETIRED,no
0104619689656000215F.fgh,04619689656000,Сыворотка АКНЕ,0104619689656192215_Uw.E,INTRODUCED,INTRODUCED,no
0104619689656000215FHf!1,04619689656000,Сыворотка АКНЕ,0104619689656161215*Pdab,INTRODUCED,INTRODUCED,no
0104619689656000215Ftt0T,04619689656000,Сыворотка АКНЕ,0104619689656161215iV_Vu,INTRODUCED,INTRODUCED,no
0104619689656000215GZImc,04619689656000,Сыворотка АКНЕ,0104619689656093215TQB!h,INTRODUCED,INTRODUCED,no
0104619689656000215Gi>m3,04619689656000,Сыворотка АКНЕ,0104619689656093215U*9An,RETIRED,RETIRED,no
"0104619689656000215Gu""uq",04619689656000,Сыворотка АКНЕ,0104619689656161215TGIqb,RETIRED,RETIRED,no
0104619689656000215HLs+2,04619689656000,Сыворотка АКНЕ,0104619689656093215z'h!K;0104619689656093215EnIhT,INTRODUCED;WRITTEN_OFF,INTRODUCED,no
0104619689656000215HQ2tl,04619689656000,Сыворотка АКНЕ,0104619689656161215+lUeA,INTRODUCED,INTRODUCED,no
0104619689656000215IElTo,04619689656000,Сыворотка АКНЕ,0104619689656222215iyG0P,INTRODUCED,INTRODUCED,no
0104619689656000215IVsJo,04619689656000,Сыворотка АКНЕ,0104619689656093215N5nB?,INTRODUCED,INTRODUCED,no
0104619689656000215I_KtI,04619689656000,Сыворотка АКНЕ,0104619689656093215mNlZf,INTRODUCED,INTRODUCED,no
0104619689656000215IoPFc,04619689656000,Сыворотка АКНЕ,0104619689656093215Hy.Qk,INTRODUCED,INTRODUCED,no
0104619689656000215L')%b,04619689656000,Сыворотка АКНЕ,0104619689656192215gW;N*,RETIRED,RETIRED,no
0104619689656000215LCrWg,04619689656000,Сыворотка АКНЕ,01046196896560932156NP.s,INTRODUCED,INTRODUCED,no
0104619689656000215LQeP.,04619689656000,Сыворотка АКНЕ,0104619689656222215uZl*e,INTRODUCED,INTRODUCED,no
0104619689656000215LdmNk,04619689656000,Сыворотка АКНЕ,0104619689656093215st=<R,INTRODUCED,INTRODUCED,no
0104619689656000215LiT:/,04619689656000,Сыворотка АКНЕ,0104619689656093215Qude%,INTRODUCED,INTRODUCED,no
0104619689656000215MRZD.,04619689656000,Сыворотка АКНЕ,0104619689656222215iugbj,INTRODUCED,INTRODUCED,no
0104619689656000215MW6:P,04619689656000,Сыворотка АКНЕ,0104619689656222215ntjuq,INTRODUCED,INTRODUCED,no
0104619689656000215MX5bV,04619689656000,Сыворотка АКНЕ,01046196896561612155/Qf_,INTRODUCED,INTRODUCED,no
0104619689656000215MowL3,04619689656000,Сыворотка АКНЕ,"0104619689656093215NL""NB",INTRODUCED,INTRODUCED,no
0104619689656000215Mxdm=,04619689656000,Сыворотка АКНЕ,"0104619689656161215,BZdg",RETIRED,RETIRED,no
0104619689656000215NOHHr,04619689656000,Сыворотка АКНЕ,0104619689656093215?WbMO,INTRODUCED,INTRODUCED,no
0104619689656000215NPAEi,04619689656000,Сыворотка АКНЕ,0104619689656161215TjRWy,INTRODUCED,INTRODUCED,no
0104619689656000215NSYKk,04619689656000,Сыворотка АКНЕ,0104619689656192215Jatq3,INTRODUCED,INTRODUCED,no
0104619689656000215O9J_f,04619689656000,Сыворотка АКНЕ,0104619689656161215THqLN,INTRODUCED,INTRODUCED,no
0104619689656000215ObcG&,04619689656000,Сыворотка АКНЕ,0104619689656093215sBfGR,INTRODUCED,INTRODUCED,no
0104619689656000215P;G9c,04619689656000,Сыворотка АКНЕ,01046196896561612156RpJL,INTRODUCED,INTRODUCED,no
0104619689656000215PWY:h,04619689656000,Сыворотка АКНЕ,0104619689656093215E4agO,INTRODUCED,INTRODUCED,no
0104619689656000215PgJHQ,04619689656000,Сыворотка АКНЕ,0104619689656161215Je+Dv,INTRODUCED,INTRODUCED,no
"0104619689656000215Q""Wa5",04619689656000,Сыворотка АКНЕ,"0104619689656192215rj,l9",INTRODUCED,INTRODUCED,no
0104619689656000215QNjUV,04619689656000,Сыворотка АКНЕ,0104619689656161215H:ZRt,INTRODUCED,INTRODUCED,no
0104619689656000215QgID>,04619689656000,Сыворотка АКНЕ,0104619689656222215YGkBJ,INTRODUCED,INTRODUCED,no
0104619689656000215RHYiT,04619689656000,Сыворотка АКНЕ,0104619689656093215L4qHJ,INTRODUCED,INTRODUCED,no
0104619689656000215RTGSH,04619689656000,Сыворотка АКНЕ,0104619689656093215MO-;h,INTRODUCED,INTRODUCED,no
0104619689656000215ReI5T,04619689656000,Сыворотка АКНЕ,0104619689656161215P%NsY,INTRODUCED,INTRODUCED,no
0104619689656000215RrVAc,04619689656000,Сыворотка АКНЕ,0104619689656222215M>HKO,INTRODUCED,INTRODUCED,no
0104619689656000215SU5ol,04619689656000,Сыворотка АКНЕ,0104619689656222215=0.2e,INTRODUCED,INTRODUCED,no
0104619689656000215Sk-IG,04619689656000,Сыворотка АКНЕ,0104619689656093215uUhgl,INTRODUCED,INTRODUCED,no
0104619689656000215T.cp%,04619689656000,Сыворотка АКНЕ,0104619689656192215+qHnO,INTRODUCED,INTRODUCED,no
0104619689656000215T<Ba',04619689656000,Сыворотка АКНЕ,0104619689656161215OS!P5,INTRODUCED,INTRODUCED,no
0104619689656000215TCIL(,04619689656000,Сыворотка АКНЕ,0104619689656192215S:Bi.,INTRODUCED,INTRODUCED,no
0104619689656000215TMbqU,04619689656000,Сыворотка АКНЕ,0104619689656222215K!0tY,INTRODUCED,INTRODUCED,no
0104619689656000215TNtsU,04619689656000,Сыворотка АКНЕ,0104619689656093215CtKJH,INTRODUCED,INTRODUCED,no
0104619689656000215TRxle,04619689656000,Сыворотка АКНЕ,0104619689656161215jSFyK,INTRODUCED,INTRODUCED,no
0104619689656000215TTZCF,04619689656000,Сыворотка АКНЕ,0104619689656161215iUCdl,INTRODUCED,INTRODUCED,no
0104619689656000215TbBf),04619689656000,Сыворотка АКНЕ,0104619689656192215FsNkD,INTRODUCED,INTRODUCED,no
0104619689656000215TqC71,04619689656000,Сыворотка АКНЕ,0104619689656093215g;Y8j;0104619689656093215=GqHU,RETIRED;WRITTEN_OFF,RETIRED,no
0104619689656000215U6ZoQ,04619689656000,Сыворотка АКНЕ,0104619689656161215o%hVa,INTRODUCED,INTRODUCED,no
0104619689656000215UIN/m,04619689656000,Сыворотка АКНЕ,01046196896562222150PBBe,INTRODUCED,INTRODUCED,no
0104619689656000215Uh-Z4,04619689656000,Сыворотка АКНЕ,0104619689656161215uEllY,INTRODUCED,INTRODUCED,no
0104619689656000215Uo!PS,04619689656000,Сыворотка АКНЕ,"0104619689656161215G,fpL",RETIRED,RETIRED,no
0104619689656000215VFPqq,04619689656000,Сыворотка АКНЕ,0104619689656093215JAr-J,INTRODUCED,INTRODUCED,no
0104619689656000215Vh1ce,04619689656000,Сыворотка АКНЕ,0104619689656161215Ri*V!,RETIRED,RETIRED,no
0104619689656000215WJB<:,04619689656000,Сыворотка АКНЕ,0104619689656093215LCmBW,RETIRED,RETIRED,no
0104619689656000215WWMa>,04619689656000,Сыворотка АКНЕ,0104619689656222215i.(g8,INTRODUCED,INTRODUCED,no
0104619689656000215X>FV6,04619689656000,Сыворотка АКНЕ,0104619689656161215iE7JC,INTRODUCED,INTRODUCED,no
0104619689656000215XNnNe,04619689656000,Сыворотка АКНЕ,0104619689656161215WSRNO,RETIRED,RETIRED,no
0104619689656000215XVwY(,04619689656000,Сыворотка АКНЕ,01046196896562222159pTMX,INTRODUCED,INTRODUCED,no
0104619689656000215XoLpQ,04619689656000,Сыворотка АКНЕ,0104619689656192215VemtP,INTRODUCED,INTRODUCED,no
0104619689656000215Y4lKl,04619689656000,Сыворотка АКНЕ,0104619689656093215tc(Vr,INTRODUCED,INTRODUCED,no
0104619689656000215YHolv,04619689656000,Сыворотка АКНЕ,0104619689656093215t9:Ag;0104619689656093215/X!1k,RETIRED;WRITTEN_OFF,RETIRED,no
0104619689656000215YLS5*,04619689656000,Сыворотка АКНЕ,0104619689656222215cl<9N,INTRODUCED,INTRODUCED,no
"0104619689656000215YN1,n",04619689656000,Сыворотка АКНЕ,0104619689656093215fGC.8,INTRODUCED,INTRODUCED,no
0104619689656000215Ye1Kd,04619689656000,Сыворотка АКНЕ,0104619689656192215K/CpW,INTRODUCED,INTRODUCED,no
0104619689656000215Yi&?e,04619689656000,Сыворотка АКНЕ,0104619689656192215SQDU8,INTRODUCED,INTRODUCED,no
0104619689656000215YlLag,04619689656000,Сыворотка АКНЕ,0104619689656093215X*Jkh,INTRODUCED,INTRODUCED,no
0104619689656000215_.Xgc,04619689656000,Сыворотка АКНЕ,0104619689656222215Kqqw(,INTRODUCED,INTRODUCED,no
0104619689656000215_CSgC,04619689656000,Сыворотка АКНЕ,0104619689656192215x**j6,INTRODUCED,INTRODUCED,no
0104619689656000215_Eq>R,04619689656000,Сыворотка АКНЕ,0104619689656222215Ka/ea,INTRODUCED,INTRODUCED,no
0104619689656000215_ruB!,04619689656000,Сыворотка АКНЕ,0104619689656192215iXWYX,INTRODUCED,INTRODUCED,no
0104619689656000215a336H,04619689656000,Сыворотка АКНЕ,0104619689656178215s&VRt,INTRODUCED,INTRODUCED,no
0104619689656000215aq0Sg,04619689656000,Сыворотка АКНЕ,0104619689656222215URzNk,INTRODUCED,INTRODUCED,no
0104619689656000215b%jH8,04619689656000,Сыворотка АКНЕ,0104619689656192215PEIk?,INTRODUCED,INTRODUCED,no
0104619689656000215b*W;K,04619689656000,Сыворотка АКНЕ,0104619689656192215iYF8Z,INTRODUCED,INTRODUCED,no
0104619689656000215bkj&;,04619689656000,Сыворотка АКНЕ,0104619689656178215eKjtC,INTRODUCED,INTRODUCED,no
"0104619689656000215c""JIW",04619689656000,Сыворотка АКНЕ,"0104619689656093215GZm,M",INTRODUCED,INTRODUCED,no
0104619689656000215cQ3sA,04619689656000,Сыворотка АКНЕ,0104619689656192215nZ%>M,RETIRED,RETIRED,no
"0104619689656000215d,1j+",04619689656000,Сыворотка АКНЕ,0104619689656161215d/%*n,INTRODUCED,INTRODUCED,no
0104619689656000215djPd4,04619689656000,Сыворотка АКНЕ,0104619689656192215kRtUd,INTRODUCED,INTRODUCED,no
0104619689656000215etHWO,04619689656000,Сыворотка АКНЕ,01046196896561922159eY0y,RETIRED,RETIRED,no
0104619689656000215eyo_e,04619689656000,Сыворотка АКНЕ,0104619689656222215:oKp.,INTRODUCED,INTRODUCED,no
0104619689656000215f4RKa,04619689656000,Сыворотка АКНЕ,0104619689656161215<ex7.,INTRODUCED,INTRODUCED,no
0104619689656000215g'kTi,04619689656000,Сыворотка АКНЕ,0104619689656161215On'iI,INTRODUCED,INTRODUCED,no
0104619689656000215gIwYs,04619689656000,Сыворотка АКНЕ,0104619689656161215GnhCp,INTRODUCED,INTRODUCED,no
0104619689656000215h&SjQ,04619689656000,Сыворотка АКНЕ,0104619689656161215Y1=q;,INTRODUCED,INTRODUCED,no
0104619689656000215hQb;p,04619689656000,Сыворотка АКНЕ,0104619689656222215DihOL,INTRODUCED,INTRODUCED,no
0104619689656000215j50XZ,04619689656000,Сыворотка АКНЕ,0104619689656093215(SvD_,INTRODUCED,INTRODUCED,no
0104619689656000215jG6cz,04619689656000,Сыворотка АКНЕ,0104619689656161215-jRUZ,INTRODUCED,INTRODUCED,no
0104619689656000215jWiDm,04619689656000,Сыворотка АКНЕ,0104619689656093215U:V/_,INTRODUCED,INTRODUCED,no
0104619689656000215k1KLm,04619689656000,Сыворотка АКНЕ,0104619689656161215YnQ5R,INTRODUCED,INTRODUCED,no
0104619689656000215kDm)Z,04619689656000,Сыворотка АКНЕ,0104619689656093215wpGHq,INTRODUCED,INTRODUCED,no
0104619689656000215kZeiu,04619689656000,Сыворотка АКНЕ,01046196896561612151XNmV,INTRODUCED,INTRODUCED,no
0104619689656000215ktme5,04619689656000,Сыворотка АКНЕ,0104619689656093215tl<PR,INTRODUCED,INTRODUCED,no
0104619689656000215kuTs',04619689656000,Сыворотка АКНЕ,0104619689656192215WKC&u,INTRODUCED,INTRODUCED,no
0104619689656000215kvFUf,04619689656000,Сыворотка АКНЕ,01046196896562222159ug&Y,INTRODUCED,INTRODUCED,no
0104619689656000215lFH-T,04619689656000,Сыворотка АКНЕ,0104619689656093215cG-w_,INTRODUCED,INTRODUCED,no
0104619689656000215lL/lh,04619689656000,Сыворотка АКНЕ,0104619689656222215muC7D,INTRODUCED,INTRODUCED,no
0104619689656000215lX(SS,04619689656000,Сыворотка АКНЕ,"0104619689656093215""MNBj",INTRODUCED,INTRODUCED,no
0104619689656000215lvGn7,04619689656000,Сыворотка АКНЕ,0104619689656093215C=LpB,INTRODUCED,INTRODUCED,no
0104619689656000215mEjqY,04619689656000,Сыворотка АКНЕ,0104619689656161215TI.aQ,INTRODUCED,INTRODUCED,no
0104619689656000215mtmv!,04619689656000,Сыворотка АКНЕ,0104619689656093215DF4&W,INTRODUCED,INTRODUCED,no
0104619689656000215nZXGY,04619689656000,Сыворотка АКНЕ,"0104619689656093215b""OQS",RETIRED,RETIRED,no
0104619689656000215o*9zR,04619689656000,Сыворотка АКНЕ,"0104619689656192215n,dvC",INTRODUCED,INTRODUCED,no
0104619689656000215oCIt(,04619689656000,Сыворотка АКНЕ,0104619689656192215n<E:h,RETIRED,RETIRED,no
0104619689656000215oVi7P,04619689656000,Сыворотка АКНЕ,0104619689656093215uw73u;01046196896560932154JUM5,RETIRED;WRITTEN_OFF,RETIRED,no
"0104619689656000215oa,WJ",04619689656000,Сыворотка АКНЕ,0104619689656161215xZ-k),INTRODUCED,INTRODUCED,no
"0104619689656000215p,C:3",04619689656000,Сыворотка АКНЕ,"0104619689656093215ST18,",INTRODUCED,INTRODUCED,no
0104619689656000215pDpN+,04619689656000,Сыворотка АКНЕ,0104619689656192215Osan=,INTRODUCED,INTRODUCED,no
0104619689656000215pSWiq,04619689656000,Сыворотка АКНЕ,01046196896560932157%Cpm,RETIRED,RETIRED,no
0104619689656000215q(RQ<,04619689656000,Сыворотка АКНЕ,0104619689656161215si=Cs,INTRODUCED,INTRODUCED,no
0104619689656000215qIKip,04619689656000,Сыворотка АКНЕ,0104619689656161215cBXq0,INTRODUCED,INTRODUCED,no
0104619689656000215qu'CJ,04619689656000,Сыворотка АКНЕ,0104619689656093215Bab>o,INTRODUCED,INTRODUCED,no
0104619689656000215rLA>I,04619689656000,Сыворотка АКНЕ,0104619689656222215OUHP),INTRODUCED,INTRODUCED,no
0104619689656000215rUXjO,04619689656000,Сыворотка АКНЕ,0104619689656161215zL.zi,INTRODUCED,INTRODUCED,no
0104619689656000215rYQ'F,04619689656000,Сыворотка АКНЕ,0104619689656161215Frbeb,INTRODUCED,INTRODUCED,no
0104619689656000215r_h5d,04619689656000,Сыворотка АКНЕ,"0104619689656161215,a>jw",INTRODUCED,INTRODUCED,no
"0104619689656000215reWf,",04619689656000,Сыворотка АКНЕ,0104619689656192215DF<NT,INTRODUCED,INTRODUCED,no
0104619689656000215rhAMD,04619689656000,Сыворотка АКНЕ,0104619689656161215PHA.z,INTRODUCED,INTRODUCED,no
0104619689656000215s07T9,04619689656000,Сыворотка АКНЕ,0104619689656192215<NjF',INTRODUCED,INTRODUCED,no
0104619689656000215sXLAZ,04619689656000,Сыворотка АКНЕ,0104619689656192215jDI4f,INTRODUCED,INTRODUCED,no
0104619689656000215sY4Ex,04619689656000,Сыворотка АКНЕ,"01046196896560932157K,eh",INTRODUCED,INTRODUCED,no
0104619689656000215sfXIM,04619689656000,Сыворотка АКНЕ,"0104619689656161215n'""WW",INTRODUCED,INTRODUCED,no
0104619689656000215t>pkg,04619689656000,Сыворотка АКНЕ,0104619689656192215>1VdA,INTRODUCED,INTRODUCED,no
0104619689656000215tS)GH,04619689656000,Сыворотка АКНЕ,0104619689656178215c2*fY,INTRODUCED,INTRODUCED,no
0104619689656000215trX;w,04619689656000,Сыворотка АКНЕ,0104619689656093215kfVx=,INTRODUCED,INTRODUCED,no
0104619689656000215uRVGj,04619689656000,Сыворотка АКНЕ,0104619689656161215&ddCH,INTRODUCED,INTRODUCED,no
0104619689656000215uXAfo,04619689656000,Сыворотка АКНЕ,0104619689656093215QHhkG,RETIRED,RETIRED,no
0104619689656000215uZ<5h,04619689656000,Сыворотка АКНЕ,0104619689656093215G4&aJ,INTRODUCED,INTRODUCED,no
0104619689656000215usWAr,04619689656000,Сыворотка АКНЕ,01046196896561612151uCc0,INTRODUCED,INTRODUCED,no
0104619689656000215v259u,04619689656000,Сыворотка АКНЕ,0104619689656161215(nsxZ,INTRODUCED,INTRODUCED,no
"0104619689656000215vgrN,",04619689656000,Сыворотка АКНЕ,0104619689656192215EZX'P,INTRODUCED,INTRODUCED,no
0104619689656000215waIPQ,04619689656000,Сыворотка АКНЕ,0104619689656093215+5IgY,INTRODUCED,INTRODUCED,no
"0104619689656000215x""h.i",04619689656000,Сыворотка АКНЕ,0104619689656093215Y'ruf,RETIRED,RETIRED,no
0104619689656000215x6rI+,04619689656000,Сыворотка АКНЕ,0104619689656093215a8FFd,INTRODUCED,INTRODUCED,no
0104619689656000215xKdPR,04619689656000,Сыворотка АКНЕ,01046196896562222152JhUh,INTRODUCED,INTRODUCED,no
0104619689656000215xfHMb,04619689656000,Сыворотка АКНЕ,0104619689656222215)J5sd,INTRODUCED,INTRODUCED,no
0104619689656000215xkCQj,04619689656000,Сыворотка АКНЕ,0104619689656222215L2crw,INTRODUCED,INTRODUCED,no
0104619689656000215yKrSI,04619689656000,Сыворотка АКНЕ,0104619689656222215SdcDU,RETIRED,RETIRED,no
0104619689656000215zICww,04619689656000,Сыворотка АКНЕ,0104619689656222215f8n-n,INTRODUCED,INTRODUCED,no
0104619689656017215!NH)n,04619689656017,Сыворотка УВЛ,0104619689656086215(RPiM,INTRODUCED,INTRODUCED,no
0104619689656017215!l<uH,04619689656017,Сыворотка УВЛ,"0104619689656086215Q""UpQ",INTRODUCED,INTRODUCED,no
"0104619689656017215""_mtS",04619689656017,Сыворотка УВЛ,0104619689656109215WfTiQ,INTRODUCED,INTRODUCED,no
0104619689656017215%1ULE,04619689656017,Сыворотка УВЛ,0104619689656086215Rd?js,INTRODUCED,INTRODUCED,no
0104619689656017215%DA9u,04619689656017,Сыворотка УВЛ,0104619689656086215McmMr,INTRODUCED,INTRODUCED,no
0104619689656017215%G8No,04619689656017,Сыворотка УВЛ,0104619689656185215T8CsO,INTRODUCED,INTRODUCED,no
0104619689656017215&Jv!s,04619689656017,Сыворотка УВЛ,0104619689656109215b6Q?Q,INTRODUCED,INTRODUCED,no
0104619689656017215*4Ms-,04619689656017,Сыворотка УВЛ,0104619689656185215WBbal,INTRODUCED,INTRODUCED,no
0104619689656017215*H6sl,04619689656017,Сыворотка УВЛ,0104619689656086215b>Kgh,INTRODUCED,INTRODUCED,no
0104619689656017215*KJqx,04619689656017,Сыворотка УВЛ,01046196896560862156FI-n,INTRODUCED,INTRODUCED,no
0104619689656017215*P:OL,04619689656017,Сыворотка УВЛ,0104619689656109215kFYI;,INTRODUCED,INTRODUCED,no
0104619689656017215+VnIR,04619689656017,Сыворотка УВЛ,0104619689656086215zOtoL,INTRODUCED,INTRODUCED,no
0104619689656017215+_lG?,04619689656017,Сыворотка УВЛ,"0104619689656086215./RZ""",INTRODUCED,INTRODUCED,no
0104619689656017215+hfk0,04619689656017,Сыворотка УВЛ,"0104619689656109215gta2C;0104619689656109215G""SSt",RETIRED;WRITTEN_OFF,RETIRED,no
"0104619689656017215,Sble",04619689656017,Сыворотка УВЛ,0104619689656109215tF8?a,INTRODUCED,INTRODUCED,no
0104619689656017215/K_Rb,04619689656017,Сыворотка УВЛ,0104619689656109215YhKYp,INTRODUCED,INTRODUCED,no
01046196896560172150-Q-i,04619689656017,Сыворотка УВЛ,"0104619689656185215""e<Be",INTRODUCED,INTRODUCED,no
010461968965601721505N*Y,04619689656017,Сыворотка УВЛ,0104619689656086215l0Y4e,INTRODUCED,INTRODUCED,no
01046196896560172150dKif,04619689656017,Сыворотка УВЛ,0104619689656109215uNKlO,INTRODUCED,INTRODUCED,no
01046196896560172151:BRD,04619689656017,Сыворотка УВЛ,0104619689656109215cRbde,INTRODUCED,INTRODUCED,no
01046196896560172152ST_),04619689656017,Сыворотка УВЛ,0104619689656185215VLQfz,INTRODUCED,INTRODUCED,no
01046196896560172155GBDZ,04619689656017,Сыворотка УВЛ,0104619689656109215)LORX,RETIRED,RETIRED,no
01046196896560172155i+/',04619689656017,Сыворотка УВЛ,0104619689656109215CL42n,RETIRED,RETIRED,no
01046196896560172155t-IN,04619689656017,Сыворотка УВЛ,0104619689656185215wNXuY,INTRODUCED,INTRODUCED,no
01046196896560172155vU5&,04619689656017,Сыворотка УВЛ,0104619689656185215xEdF6,INTRODUCED,INTRODUCED,no
01046196896560172156.oBd,04619689656017,Сыворотка УВЛ,0104619689656109215GYgqT,INTRODUCED,INTRODUCED,no
01046196896560172156HHQL,04619689656017,Сыворотка УВЛ,0104619689656109215tJbG+;0104619689656109215NCKLK,RETIRED;WRITTEN_OFF,RETIRED,no
01046196896560172157-(ze,04619689656017,Сыворотка УВЛ,0104619689656086215&Yj/0,INTRODUCED,INTRODUCED,no
01046196896560172157ZMS:,04619689656017,Сыворотка УВЛ,0104619689656185215CxVOH,INTRODUCED,INTRODUCED,no
01046196896560172159<ZgR,04619689656017,Сыворотка УВЛ,0104619689656185215BtfWk,INTRODUCED,INTRODUCED,no
0104619689656017215:WV'k,04619689656017,Сыворотка УВЛ,"01046196896561852159l""=-",INTRODUCED,INTRODUCED,no
0104619689656017215<'RHf,04619689656017,Сыворотка УВЛ,"0104619689656086215jzj""i",INTRODUCED,INTRODUCED,no
0104619689656017215<lj_u,04619689656017,Сыворотка УВЛ,0104619689656109215%zCkG,INTRODUCED,INTRODUCED,no
0104619689656017215?4_2a,04619689656017,Сыворотка УВЛ,0104619689656086215KckkU,INTRODUCED,INTRODUCED,no
0104619689656017215A!B.K,04619689656017,Сыворотка УВЛ,"0104619689656086215,""YDO",INTRODUCED,INTRODUCED,no
0104619689656017215AUQga,04619689656017,Сыворотка УВЛ,0104619689656109215u9QeW,WRITTEN_OFF,NOT_IN_EXPORT,yes
0104619689656017215B)9J),04619689656017,Сыворотка УВЛ,0104619689656185215oagcR,INTRODUCED,INTRODUCED,no
0104619689656017215BwTHc,04619689656017,Сыворотка УВЛ,0104619689656086215<r>!c,INTRODUCED,INTRODUCED,no
"0104619689656017215C8fy,",04619689656017,Сыворотка УВЛ,"0104619689656109215KzF"",",INTRODUCED,INTRODUCED,no
0104619689656017215CZ-lj,04619689656017,Сыворотка УВЛ,0104619689656109215ecTg',INTRODUCED,INTRODUCED,no
0104619689656017215CmNcJ,04619689656017,Сыворотка УВЛ,0104619689656109215eSpIl,INTRODUCED,INTRODUCED,no
0104619689656017215CpPf:,04619689656017,Сыворотка УВЛ,0104619689656109215Lm9AH,RETIRED,RETIRED,no
0104619689656017215CrCaj,04619689656017,Сыворотка УВЛ,"0104619689656086215M,Xq+",INTRODUCED,INTRODUCED,no
0104619689656017215DOVmJ,04619689656017,Сыворотка УВЛ,0104619689656086215.'rni,INTRODUCED,INTRODUCED,no
0104619689656017215DWf5m,04619689656017,Сыворотка УВЛ,0104619689656109215xG;s(;0104619689656109215)eah),INTRODUCED;WRITTEN_OFF,INTRODUCED,no
"0104619689656017215E1)""I",04619689656017,Сыворотка УВЛ,01046196896561092158MJja,INTRODUCED,INTRODUCED,no
"0104619689656017215E>,Wz",04619689656017,Сыворотка УВЛ,0104619689656109215NQQld,RETIRED,RETIRED,no
0104619689656017215EgUfT,04619689656017,Сыворотка УВЛ,01046196896561852151G0Mw,INTRODUCED,INTRODUCED,no
0104619689656017215EiCdB,04619689656017,Сыворотка УВЛ,0104619689656086215Ir6AN,INTRODUCED,INTRODUCED,no
0104619689656017215F-.Ml,04619689656017,Сыворотка УВЛ,0104619689656109215OViWW,INTRODUCED,INTRODUCED,no
"0104619689656017215FH,Sh",04619689656017,Сыворотка УВЛ,"0104619689656109215m,jSX",INTRODUCED,INTRODUCED,no
0104619689656017215FcCka,04619689656017,Сыворотка УВЛ,0104619689656185215HZicQ,INTRODUCED,INTRODUCED,no
0104619689656017215FfwJl,04619689656017,Сыворотка УВЛ,0104619689656109215awDGN,INTRODUCED,INTRODUCED,no
0104619689656017215GF&k:,04619689656017,Сыворотка УВЛ,0104619689656185215rmOmK,INTRODUCED,INTRODUCED,no
0104619689656017215GK6IK,04619689656017,Сыворотка УВЛ,01046196896561852157h6gC,INTRODUCED,INTRODUCED,no
0104619689656017215GY*lr,04619689656017,Сыворотка УВЛ,01046196896561092157ffAo,RETIRED,RETIRED,no
"0104619689656017215H>F,g",04619689656017,Сыворотка УВЛ,0104619689656109215AJQd%,INTRODUCED,INTRODUCED,no
0104619689656017215HCM4&,04619689656017,Сыворотка УВЛ,0104619689656109215pCEWz,INTRODUCED,INTRODUCED,no
0104619689656017215I0rEg,04619689656017,Сыворотка УВЛ,0104619689656109215-clG;,INTRODUCED,INTRODUCED,no
0104619689656017215IxqpO,04619689656017,Сыворотка УВЛ,"0104619689656185215""qEW*",INTRODUCED,INTRODUCED,no
0104619689656017215JPDc/,04619689656017,Сыворотка УВЛ,"0104619689656185215""MqBG",INTRODUCED,INTRODUCED,no
0104619689656017215JYncM,04619689656017,Сыворотка УВЛ,0104619689656086215/0GLq,INTRODUCED,INTRODUCED,no
0104619689656017215Jg<v/,04619689656017,Сыворотка УВЛ,0104619689656109215>?vd_,INTRODUCED,INTRODUCED,no
0104619689656017215Jgg.2,04619689656017,Сыворотка УВЛ,0104619689656185215*DJaN,INTRODUCED,INTRODUCED,no
0104619689656017215JtXYr,04619689656017,Сыворотка УВЛ,0104619689656086215K2?Wc,INTRODUCED,INTRODUCED,no
0104619689656017215K'hLN,04619689656017,Сыворотка УВЛ,0104619689656185215JcxKM,INTRODUCED,INTRODUCED,no
0104619689656017215K3apI,04619689656017,Сыворотка УВЛ,0104619689656185215wGy>s,INTRODUCED,INTRODUCED,no
0104619689656017215KQDUq,04619689656017,Сыворотка УВЛ,0104619689656185215uRtYf,INTRODUCED,INTRODUCED,no
0104619689656017215KW2KX,04619689656017,Сыворотка УВЛ,0104619689656086215qe&d3,INTRODUCED,INTRODUCED,no
0104619689656017215L'ooB,04619689656017,Сыворотка УВЛ,0104619689656109215FhWZd,RETIRED,RETIRED,no
0104619689656017215Lhe4',04619689656017,Сыворотка УВЛ,0104619689656109215W-Cot,INTRODUCED,INTRODUCED,no
0104619689656017215Lo4Xg,04619689656017,Сыворотка УВЛ,0104619689656185215id2Zd,INTRODUCED,INTRODUCED,no
0104619689656017215Lt*=U,04619689656017,Сыворотка УВЛ,0104619689656109215rxZcx,RETIRED,RETIRED,no
0104619689656017215M!;Vm,04619689656017,Сыворотка УВЛ,0104619689656109215+gPlk,INTRODUCED,INTRODUCED,no
0104619689656017215MGGHR,04619689656017,Сыворотка УВЛ,0104619689656109215McXsT,INTRODUCED,INTRODUCED,no
0104619689656017215MjZKc,04619689656017,Сыворотка УВЛ,0104619689656109215KV*vv,INTRODUCED,INTRODUCED,no
"0104619689656017215NqMs""",04619689656017,Сыворотка УВЛ,0104619689656109215:B2ij,INTRODUCED,INTRODUCED,no
0104619689656017215PRt-D,04619689656017,Сыворотка УВЛ,"0104619689656086215+""dFr",INTRODUCED,INTRODUCED,no
0104619689656017215PaoGP,04619689656017,Сыворотка УВЛ,0104619689656109215xohRD,INTRODUCED,INTRODUCED,no
0104619689656017215Pe!-u,04619689656017,Сыворотка УВЛ,0104619689656086215zEkt3,INTRODUCED,INTRODUCED,no
0104619689656017215PhlcT,04619689656017,Сыворотка УВЛ,0104619689656086215B5H?P,INTRODUCED,INTRODUCED,no
0104619689656017215Q*OqT,04619689656017,Сыворотка УВЛ,0104619689656185215%<GZh,INTRODUCED,INTRODUCED,no
"0104619689656017215QIrC""",04619689656017,Сыворотка УВЛ,0104619689656185215gCw7l,INTRODUCED,INTRODUCED,no
0104619689656017215QiLU2,04619689656017,Сыворотка УВЛ,0104619689656109215P&bFo,INTRODUCED,INTRODUCED,no
0104619689656017215QsKIz,04619689656017,Сыворотка УВЛ,0104619689656109215iqwHI,INTRODUCED,INTRODUCED,no
0104619689656017215R!ZqM,04619689656017,Сыворотка УВЛ,0104619689656185215*m6jE,INTRODUCED,INTRODUCED,no
0104619689656017215RoCfZ,04619689656017,Сыворотка УВЛ,"0104619689656086215eC:,H",INTRODUCED,INTRODUCED,no
0104619689656017215SFWau,04619689656017,Сыворотка УВЛ,"0104619689656109215,7fV4",INTRODUCED,INTRODUCED,no
0104619689656017215SH;M.,04619689656017,Сыворотка УВЛ,0104619689656109215Huo*5,INTRODUCED,INTRODUCED,no
0104619689656017215SNiIC,04619689656017,Сыворотка УВЛ,0104619689656086215d*:Ch,INTRODUCED,INTRODUCED,no
0104619689656017215SV?TB,04619689656017,Сыворотка УВЛ,0104619689656109215V=o>s,INTRODUCED,INTRODUCED,no
0104619689656017215TH;qi,04619689656017,Сыворотка УВЛ,0104619689656109215jqFRp,RETIRED,RETIRED,no
0104619689656017215UPcvR,04619689656017,Сыворотка УВЛ,0104619689656109215q4Fu0,INTRODUCED,INTRODUCED,no
0104619689656017215UUd6J,04619689656017,Сыворотка УВЛ,0104619689656109215B3MfS,INTRODUCED,INTRODUCED,no
0104619689656017215Vf3/7,04619689656017,Сыворотка УВЛ,0104619689656109215?qVO>,INTRODUCED,INTRODUCED,no
0104619689656017215W7QhD,04619689656017,Сыворотка УВЛ,0104619689656109215RflhJ,INTRODUCED,INTRODUCED,no
0104619689656017215W9OAS,04619689656017,Сыворотка УВЛ,0104619689656109215R4<*;,INTRODUCED,INTRODUCED,no
0104619689656017215W:NjG,04619689656017,Сыворотка УВЛ,0104619689656109215PMEaO,INTRODUCED,INTRODUCED,no
0104619689656017215Wof8y,04619689656017,Сыворотка УВЛ,"0104619689656109215am,HM",INTRODUCED,INTRODUCED,no
"0104619689656017215X:YX,",04619689656017,Сыворотка УВЛ,0104619689656086215TnO-N,INTRODUCED,INTRODUCED,no
0104619689656017215XNC!H,04619689656017,Сыворотка УВЛ,0104619689656109215LWhlV,RETIRED,RETIRED,no
0104619689656017215XhlAh,04619689656017,Сыворотка УВЛ,0104619689656086215uI1L0,INTRODUCED,INTRODUCED,no
0104619689656017215Y2GWU,04619689656017,Сыворотка УВЛ,0104619689656086215FH>9G,INTRODUCED,INTRODUCED,no
0104619689656017215ZRXW;,04619689656017,Сыворотка УВЛ,0104619689656086215kheFV,INTRODUCED,INTRODUCED,no
0104619689656017215ZfN_e,04619689656017,Сыворотка УВЛ,0104619689656109215NJ+bd,INTRODUCED,INTRODUCED,no
0104619689656017215_AahB,04619689656017,Сыворотка УВЛ,0104619689656185215U0u94,INTRODUCED,INTRODUCED,no
0104619689656017215_z2oa,04619689656017,Сыворотка УВЛ,0104619689656185215&seR>,INTRODUCED,INTRODUCED,no
0104619689656017215a&I)e,04619689656017,Сыворотка УВЛ,0104619689656185215u/hMC,INTRODUCED,INTRODUCED,no
0104619689656017215aMABF,04619689656017,Сыворотка УВЛ,0104619689656086215LYEbL,INTRODUCED,INTRODUCED,no
0104619689656017215b%%Pl,04619689656017,Сыворотка УВЛ,0104619689656109215ketjP,INTRODUCED,INTRODUCED,no
0104619689656017215b8IYW,04619689656017,Сыворотка УВЛ,0104619689656086215P7!x?,INTRODUCED,INTRODUCED,no
0104619689656017215bP0a2,04619689656017,Сыворотка УВЛ,0104619689656109215J)MOX,INTRODUCED,INTRODUCED,no
0104619689656017215bhhl+,04619689656017,Сыворотка УВЛ,0104619689656109215HsXOg,INTRODUCED,INTRODUCED,no
0104619689656017215cIBK_,04619689656017,Сыворотка УВЛ,0104619689656109215?:=3t,INTRODUCED,INTRODUCED,no
0104619689656017215cJaGW,04619689656017,Сыворотка УВЛ,0104619689656185215V=ANl,INTRODUCED,INTRODUCED,no
0104619689656017215ccA8-,04619689656017,Сыворотка УВЛ,0104619689656086215hjI3T,INTRODUCED,INTRODUCED,no
0104619689656017215ckFc+,04619689656017,Сыворотка УВЛ,0104619689656185215CMoV%,INTRODUCED,INTRODUCED,no
0104619689656017215cn(wn,04619689656017,Сыворотка УВЛ,0104619689656109215hCR58,INTRODUCED,INTRODUCED,no
0104619689656017215d)OWe,04619689656017,Сыворотка УВЛ,0104619689656109215RieBX,INTRODUCED,INTRODUCED,no
0104619689656017215d.y&L,04619689656017,Сыворотка УВЛ,"0104619689656185215aG,Sg",INTRODUCED,INTRODUCED,no
0104619689656017215d_*kj,04619689656017,Сыворотка УВЛ,0104619689656086215S3UaJ,INTRODUCED,INTRODUCED,no
0104619689656017215dnloj,04619689656017,Сыворотка УВЛ,0104619689656109215iQaDS,INTRODUCED,INTRODUCED,no
0104619689656017215dy1nX,04619689656017,Сыворотка УВЛ,"0104619689656185215G""HaS",INTRODUCED,INTRODUCED,no
0104619689656017215e!-R_,04619689656017,Сыворотка УВЛ,0104619689656109215r!DoA,RETIRED,RETIRED,no
0104619689656017215eF(sZ,04619689656017,Сыворотка УВЛ,0104619689656185215QJ!kY,INTRODUCED,INTRODUCED,no
0104619689656017215ewTXu,04619689656017,Сыворотка УВЛ,0104619689656109215>MWTU,WRITTEN_OFF,NOT_IN_EXPORT,yes
0104619689656017215fOY9>,04619689656017,Сыворотка УВЛ,0104619689656109215s'JYx,INTRODUCED,INTRODUCED,no
0104619689656017215ffJ?y,04619689656017,Сыворотка УВЛ,0104619689656109215m'Uhs;0104619689656109215B3zrS,RETIRED;WRITTEN_OFF,RETIRED,no
0104619689656017215gAYxd,04619689656017,Сыворотка УВЛ,0104619689656109215C_QBm,WRITTEN_OFF,NOT_IN_EXPORT,yes
0104619689656017215gLI.S,04619689656017,Сыворотка УВЛ,0104619689656185215J0JN:,INTRODUCED,INTRODUCED,no
0104619689656017215gWdr4,04619689656017,Сыворотка УВЛ,0104619689656109215PJfAV,RETIRED,RETIRED,no
"0104619689656017215gc,K'",04619689656017,Сыворотка УВЛ,0104619689656086215ZjrGe,INTRODUCED,INTRODUCED,no
0104619689656017215gm)cS,04619689656017,Сыворотка УВЛ,0104619689656109215PitRn,INTRODUCED,INTRODUCED,no
0104619689656017215hJXIO,04619689656017,Сыворотка УВЛ,0104619689656109215itoFU,INTRODUCED,INTRODUCED,no
0104619689656017215hKySW,04619689656017,Сыворотка УВЛ,01046196896561092151t.Lp,INTRODUCED,INTRODUCED,no
0104619689656017215iIm9F,04619689656017,Сыворотка УВЛ,0104619689656185215XLMU4,INTRODUCED,INTRODUCED,no
0104619689656017215i_BKb,04619689656017,Сыворотка УВЛ,0104619689656086215TAe)%,INTRODUCED,INTRODUCED,no
0104619689656017215ijAE+,04619689656017,Сыворотка УВЛ,0104619689656109215iq=mh,RETIRED,RETIRED,no
0104619689656017215jIfjj,04619689656017,Сыворотка УВЛ,0104619689656086215DJeZn,INTRODUCED,INTRODUCED,no
0104619689656017215jKBy3,04619689656017,Сыворотка УВЛ,0104619689656109215gduM+,INTRODUCED,INTRODUCED,no
0104619689656017215jZ>9J,04619689656017,Сыворотка УВЛ,0104619689656185215bJUMT,INTRODUCED,INTRODUCED,no
0104619689656017215jh*eS,04619689656017,Сыворотка УВЛ,0104619689656109215ilPY',INTRODUCED,INTRODUCED,no
0104619689656017215jqF/F,04619689656017,Сыворотка УВЛ,"0104619689656086215(7,_4",INTRODUCED,INTRODUCED,no
0104619689656017215k?L_Z,04619689656017,Сыворотка УВЛ,0104619689656109215vHm>J,INTRODUCED,INTRODUCED,no
0104619689656017215kCztQ,04619689656017,Сыворотка УВЛ,0104619689656109215kK&qV;0104619689656109215-6z2A,RETIRED;WRITTEN_OFF,RETIRED,no
0104619689656017215kOJuG,04619689656017,Сыворотка УВЛ,0104619689656086215wq6lN,INTRODUCED,INTRODUCED,no
0104619689656017215kSf9u,04619689656017,Сыворотка УВЛ,0104619689656086215=GHge,INTRODUCED,INTRODUCED,no
0104619689656017215krQ&T,04619689656017,Сыворотка УВЛ,0104619689656185215TKBvV,INTRODUCED,INTRODUCED,no
0104619689656017215l?Zb6,04619689656017,Сыворотка УВЛ,0104619689656109215XtIF<,INTRODUCED,INTRODUCED,no
0104619689656017215lPBa:,04619689656017,Сыворотка УВЛ,0104619689656185215CIi0J,INTRODUCED,INTRODUCED,no
0104619689656017215lbOXY,04619689656017,Сыворотка УВЛ,0104619689656086215DAUTC,INTRODUCED,INTRODUCED,no
0104619689656017215ltMzX,04619689656017,Сыворотка УВЛ,0104619689656086215Sp+)Y,INTRODUCED,INTRODUCED,no
0104619689656017215lx0%l,04619689656017,Сыворотка УВЛ,0104619689656109215Oa6u;,INTRODUCED,INTRODUCED,no
0104619689656017215lxks3,04619689656017,Сыворотка УВЛ,0104619689656109215.9TWl,INTRODUCED,INTRODUCED,no
0104619689656017215mNcGl,04619689656017,Сыворотка УВЛ,0104619689656109215M8Pyq,INTRODUCED,INTRODUCED,no
0104619689656017215mZC2s,04619689656017,Сыворотка УВЛ,01046196896561092154YuVZ,INTRODUCED,INTRODUCED,no
0104619689656017215mt%cg,04619689656017,Сыворотка УВЛ,0104619689656109215bOg-I,WRITTEN_OFF,NOT_IN_EXPORT,yes
0104619689656017215nB<Vd,04619689656017,Сыворотка УВЛ,0104619689656185215udeHc,INTRODUCED,INTRODUCED,no
0104619689656017215nZD&g,04619689656017,Сыворотка УВЛ,0104619689656086215ro7tr,INTRODUCED,INTRODUCED,no
0104619689656017215nbVr_,04619689656017,Сыворотка УВЛ,0104619689656109215Tb=hu,INTRODUCED,INTRODUCED,no
0104619689656017215oqIf8,04619689656017,Сыворотка УВЛ,0104619689656109215Zhzrj;0104619689656109215MB/if,INTRODUCED;WRITTEN_OFF,INTRODUCED,no
"0104619689656017215pF,zg",04619689656017,Сыворотка УВЛ,0104619689656109215okLnq,INTRODUCED,INTRODUCED,no
0104619689656017215pP5/K,04619689656017,Сыворотка УВЛ,01046196896561092152)jd2,INTRODUCED,INTRODUCED,no
0104619689656017215qOE(*,04619689656017,Сыворотка УВЛ,0104619689656109215YCqa*,INTRODUCED,INTRODUCED,no
0104619689656017215qWbZS,04619689656017,Сыворотка УВЛ,"0104619689656086215P""Uoq",INTRODUCED,INTRODUCED,no
0104619689656017215rXiWS,04619689656017,Сыворотка УВЛ,0104619689656109215DAS.j,INTRODUCED,INTRODUCED,no
0104619689656017215rdW_s,04619689656017,Сыворотка УВЛ,"0104619689656185215T""Xr6",INTRODUCED,INTRODUCED,no
0104619689656017215rjNuq,04619689656017,Сыворотка УВЛ,0104619689656086215UfX(c,INTRODUCED,INTRODUCED,no
0104619689656017215rqQ1+,04619689656017,Сыворотка УВЛ,0104619689656086215sIezD,INTRODUCED,INTRODUCED,no
0104619689656017215rsFgN,04619689656017,Сыворотка УВЛ,0104619689656109215ELZ<Y,INTRODUCED,INTRODUCED,no
0104619689656017215rsj0>,04619689656017,Сыворотка УВЛ,010461968965610921576I4&,RETIRED,RETIRED,no
0104619689656017215ruuOC,04619689656017,Сыворотка УВЛ,0104619689656109215tgWX+,INTRODUCED,INTRODUCED,no
0104619689656017215sGZpC,04619689656017,Сыворотка УВЛ,0104619689656109215Q='Tj,INTRODUCED,INTRODUCED,no
0104619689656017215sYBSL,04619689656017,Сыворотка УВЛ,01046196896561852158evK+,INTRODUCED,INTRODUCED,no
0104619689656017215sYlyO,04619689656017,Сыворотка УВЛ,0104619689656185215Ge!tS,INTRODUCED,INTRODUCED,no
0104619689656017215srdFd,04619689656017,Сыворотка УВЛ,"0104619689656109215&)f,r",INTRODUCED,INTRODUCED,no
"0104619689656017215stY""h",04619689656017,Сыворотка УВЛ,0104619689656109215>F2AL,INTRODUCED,INTRODUCED,no
0104619689656017215tGqoM,04619689656017,Сыворотка УВЛ,0104619689656086215Fb-QW,INTRODUCED,INTRODUCED,no
0104619689656017215tJR%f,04619689656017,Сыворотка УВЛ,0104619689656109215eRvdQ,INTRODUCED,INTRODUCED,no
0104619689656017215u'dtC,04619689656017,Сыворотка УВЛ,0104619689656086215w=a:V,INTRODUCED,INTRODUCED,no
0104619689656017215u?!WP,04619689656017,Сыворотка УВЛ,0104619689656109215YGccu,INTRODUCED,INTRODUCED,no
0104619689656017215unVV6,04619689656017,Сыворотка УВЛ,0104619689656086215SPVwH,INTRODUCED,INTRODUCED,no
0104619689656017215v83GC,04619689656017,Сыворотка УВЛ,0104619689656086215hpfFo,INTRODUCED,INTRODUCED,no
0104619689656017215wjXGI,04619689656017,Сыворотка УВЛ,0104619689656109215<TQsb,INTRODUCED,INTRODUCED,no
0104619689656017215xiE8D,04619689656017,Сыворотка УВЛ,0104619689656086215F:azB,INTRODUCED,INTRODUCED,no
0104619689656031215!!(P8,04619689656031,Энзимная пудра,0104619689656093215tl<PR,INTRODUCED,INTRODUCED,no
0104619689656031215%<Ed.,04619689656031,Энзимная пудра,0104619689656093215Xq->W,INTRODUCED,INTRODUCED,no
0104619689656031215&fZ9A,04619689656031,Энзимная пудра,0104619689656093215ddA4Q,INTRODUCED,INTRODUCED,no
0104619689656031215'DMxS,04619689656031,Энзимная пудра,0104619689656093215kfVx=,INTRODUCED,INTRODUCED,no
0104619689656031215)OUp),04619689656031,Энзимная пудра,0104619689656093215C=LpB,INTRODUCED,INTRODUCED,no
0104619689656031215+CrDW,04619689656031,Энзимная пудра,0104619689656093215c%Dzn,INTRODUCED,INTRODUCED,no
0104619689656031215-?9z9,04619689656031,Энзимная пудра,0104619689656178215e!2oH,INTRODUCED,INTRODUCED,no
0104619689656031215.LLc8,04619689656031,Энзимная пудра,01046196896560932158c6kz,RETIRED,RETIRED,no
01046196896560312156x+Ye,04619689656031,Энзимная пудра,0104619689656093215X*Jkh,INTRODUCED,INTRODUCED,no
"01046196896560312157,Xj'",04619689656031,Энзимная пудра,0104619689656093215HrZEw,INTRODUCED,INTRODUCED,no
01046196896560312157AFdk,04619689656031,Энзимная пудра,0104619689656093215JVBQO,RETIRED,RETIRED,no
0104619689656031215:QVls,04619689656031,Энзимная пудра,0104619689656093215E4agO,INTRODUCED,INTRODUCED,no
0104619689656031215>HLEc,04619689656031,Энзимная пудра,0104619689656093215RjJ)E,INTRODUCED,INTRODUCED,no
0104619689656031215>eoJI,04619689656031,Энзимная пудра,0104619689656178215o*B4A,INTRODUCED,INTRODUCED,no
0104619689656031215AiShX,04619689656031,Энзимная пудра,0104619689656093215L4qHJ,INTRODUCED,INTRODUCED,no
0104619689656031215CJQPU,04619689656031,Энзимная пудра,0104619689656093215uUhgl,INTRODUCED,INTRODUCED,no
0104619689656031215CU-AA,04619689656031,Энзимная пудра,0104619689656093215Hy.Qk,INTRODUCED,INTRODUCED,no
"0104619689656031215E""u4o",04619689656031,Энзимная пудра,0104619689656093215JAr-J,INTRODUCED,INTRODUCED,no
0104619689656031215E-/t+,04619689656031,Энзимная пудра,0104619689656093215gGFDy,INTRODUCED,INTRODUCED,no
0104619689656031215GSmFF,04619689656031,Энзимная пудра,0104619689656093215.l%'a,RETIRED,RETIRED,no
0104619689656031215Gu8Yg,04619689656031,Энзимная пудра,0104619689656093215QHhkG,RETIRED,RETIRED,no
0104619689656031215HElOX,04619689656031,Энзимная пудра,0104619689656093215josi*;0104619689656093215GQLYH,INTRODUCED;WRITTEN_OFF,INTRODUCED,no
0104619689656031215HdAfl,04619689656031,Энзимная пудра,0104619689656093215+5IgY,INTRODUCED,INTRODUCED,no
0104619689656031215IdHmB,04619689656031,Энзимная пудра,0104619689656093215(pLqX,INTRODUCED,INTRODUCED,no
0104619689656031215Ip+<W,04619689656031,Энзимная пудра,0104619689656093215t9:Ag;0104619689656093215/X!1k,RETIRED;WRITTEN_OFF,RETIRED,no
0104619689656031215JIj6V,04619689656031,Энзимная пудра,0104619689656093215'.j:W,INTRODUCED,INTRODUCED,no
0104619689656031215JNHSJ,04619689656031,Энзимная пудра,0104619689656093215jplBf,INTRODUCED,INTRODUCED,no
0104619689656031215K2B)u,04619689656031,Энзимная пудра,0104619689656093215mNlZf,INTRODUCED,INTRODUCED,no
0104619689656031215K63gE,04619689656031,Энзимная пудра,0104619689656093215G4&aJ,INTRODUCED,INTRODUCED,no
0104619689656031215KkfeT,04619689656031,Энзимная пудра,0104619689656093215/Frej,INTRODUCED,INTRODUCED,no
0104619689656031215MBej_,04619689656031,Энзимная пудра,0104619689656093215fGC.8,INTRODUCED,INTRODUCED,no
0104619689656031215O.Vjk,04619689656031,Энзимная пудра,"01046196896560932157K,eh",INTRODUCED,INTRODUCED,no
0104619689656031215O2etK,04619689656031,Энзимная пудра,0104619689656093215tc(Vr,INTRODUCED,INTRODUCED,no
0104619689656031215OEJ*m,04619689656031,Энзимная пудра,0104619689656093215(SvD_,INTRODUCED,INTRODUCED,no
0104619689656031215P0gg-,04619689656031,Энзимная пудра,0104619689656178215s&VRt,INTRODUCED,INTRODUCED,no
0104619689656031215P4)YN,04619689656031,Энзимная пудра,0104619689656178215c2*fY,INTRODUCED,INTRODUCED,no
0104619689656031215PCLhy,04619689656031,Энзимная пудра,0104619689656093215g;Y8j;0104619689656093215=GqHU,RETIRED;WRITTEN_OFF,RETIRED,no
0104619689656031215PfdTT,04619689656031,Энзимная пудра,"0104619689656093215ST18,",INTRODUCED,INTRODUCED,no
0104619689656031215RVagG,04619689656031,Энзимная пудра,0104619689656093215DF4&W,INTRODUCED,INTRODUCED,no
0104619689656031215USnVR,04619689656031,Энзимная пудра,"0104619689656093215""MNBj",INTRODUCED,INTRODUCED,no
0104619689656031215UieFc,04619689656031,Энзимная пудра,"0104619689656093215b""OQS",RETIRED,RETIRED,no
0104619689656031215VQrMm,04619689656031,Энзимная пудра,0104619689656093215A7pY4,RETIRED,RETIRED,no
0104619689656031215VRSrV,04619689656031,Энзимная пудра,0104619689656093215z'h!K;0104619689656093215EnIhT,INTRODUCED;WRITTEN_OFF,INTRODUCED,no
0104619689656031215X&v<Y,04619689656031,Энзимная пудра,"0104619689656093215GZm,M",INTRODUCED,INTRODUCED,no
0104619689656031215X0yOV,04619689656031,Энзимная пудра,0104619689656093215U*9An,RETIRED,RETIRED,no
0104619689656031215XK&Jd,04619689656031,Энзимная пудра,0104619689656093215cG-w_,INTRODUCED,INTRODUCED,no
0104619689656031215Xhj6u,04619689656031,Энзимная пудра,0104619689656093215U:V/_,INTRODUCED,INTRODUCED,no
0104619689656031215YrTLk,04619689656031,Энзимная пудра,01046196896560932155A.Ux,RETIRED,RETIRED,no
0104619689656031215ZZp&?,04619689656031,Энзимная пудра,01046196896560932157%Cpm,RETIRED,RETIRED,no
0104619689656031215aVbEq,04619689656031,Энзимная пудра,"0104619689656093215NL""NB",INTRODUCED,INTRODUCED,no
0104619689656031215aihhS,04619689656031,Энзимная пудра,0104619689656093215?WbMO,INTRODUCED,INTRODUCED,no
0104619689656031215b86dW,04619689656031,Энзимная пудра,0104619689656178215eKjtC,INTRODUCED,INTRODUCED,no
0104619689656031215c0Xp=,04619689656031,Энзимная пудра,0104619689656093215LCmBW,RETIRED,RETIRED,no
0104619689656031215c5xc2,04619689656031,Энзимная пудра,0104619689656093215st=<R,INTRODUCED,INTRODUCED,no
0104619689656031215dX6jM,04619689656031,Энзимная пудра,0104619689656093215>)GV+,INTRODUCED,INTRODUCED,no
0104619689656031215eR97K,04619689656031,Энзимная пудра,0104619689656093215a8FFd,INTRODUCED,INTRODUCED,no
0104619689656031215hKNUd,04619689656031,Энзимная пудра,01046196896560932159j2xU,INTRODUCED,INTRODUCED,no
0104619689656031215hwB1Z,04619689656031,Энзимная пудра,0104619689656178215XsVAQ,RETIRED,RETIRED,no
0104619689656031215iZD!I,04619689656031,Энзимная пудра,01046196896560932156NP.s,INTRODUCED,INTRODUCED,no
0104619689656031215j=L3e,04619689656031,Энзимная пудра,0104619689656093215MO-;h,INTRODUCED,INTRODUCED,no
0104619689656031215kAwG8,04619689656031,Энзимная пудра,0104619689656093215CtKJH,INTRODUCED,INTRODUCED,no
0104619689656031215kM?vK,04619689656031,Энзимная пудра,0104619689656093215Y'ruf,RETIRED,RETIRED,no
0104619689656031215kUOY3,04619689656031,Энзимная пудра,0104619689656093215TQB!h,INTRODUCED,INTRODUCED,no
0104619689656031215kmtvJ,04619689656031,Энзимная пудра,0104619689656093215>flj;,INTRODUCED,INTRODUCED,no
0104619689656031215kt.YP,04619689656031,Энзимная пудра,0104619689656093215Qude%,INTRODUCED,INTRODUCED,no
0104619689656031215lHvLD,04619689656031,Энзимная пудра,0104619689656093215XmqX5,INTRODUCED,INTRODUCED,no
0104619689656031215mgkpN,04619689656031,Энзимная пудра,0104619689656093215sBfGR,INTRODUCED,INTRODUCED,no
"0104619689656031215qrKJ""",04619689656031,Энзимная пудра,0104619689656093215N5nB?,INTRODUCED,INTRODUCED,no
0104619689656031215qrXTr,04619689656031,Энзимная пудра,0104619689656093215wpGHq,INTRODUCED,INTRODUCED,no
"0104619689656031215s""eLz",04619689656031,Энзимная пудра,0104619689656093215/G(_4,RETIRED,RETIRED,no
0104619689656031215s2j>q,04619689656031,Энзимная пудра,0104619689656093215txF:<,INTRODUCED,INTRODUCED,no
0104619689656031215w:N'N,04619689656031,Энзимная пудра,0104619689656093215q=JNu,INTRODUCED,INTRODUCED,no
0104619689656031215waILy,04619689656031,Энзимная пудра,0104619689656093215Bab>o,INTRODUCED,INTRODUCED,no
0104619689656031215x7Wr!,04619689656031,Энзимная пудра,0104619689656093215uw73u;01046196896560932154JUM5,RETIRED;WRITTEN_OFF,RETIRED,no
0104619689656031215ynKsK,04619689656031,Энзимная пудра,0104619689656093215<ck.s,INTRODUCED,INTRODUCED,no
0104619689656031215zs!lN,04619689656031,Энзимная пудра,0104619689656093215ROfV8,INTRODUCED,INTRODUCED,no
0104619689656048215!:!AJ,04619689656048,Тоник УВЛ,0104619689656109215LWhlV,RETIRED,RETIRED,no
0104619689656048215%23g;,04619689656048,Тоник УВЛ,0104619689656185215uRtYf,INTRODUCED,INTRODUCED,no
0104619689656048215&DAG<,04619689656048,Тоник УВЛ,0104619689656116215KePt2,INTRODUCED,INTRODUCED,no
0104619689656048215&UaNZ,04619689656048,Тоник УВЛ,0104619689656185215V=ANl,INTRODUCED,INTRODUCED,no
0104619689656048215'*mDG,04619689656048,Тоник УВЛ,0104619689656109215jqFRp,RETIRED,RETIRED,no
"0104619689656048215',JS'",04619689656048,Тоник УВЛ,0104619689656109215xohRD,INTRODUCED,INTRODUCED,no
0104619689656048215)AT<5,04619689656048,Тоник УВЛ,0104619689656109215FhWZd,RETIRED,RETIRED,no
0104619689656048215)sGUu,04619689656048,Тоник УВЛ,0104619689656109215Huo*5,INTRODUCED,INTRODUCED,no
0104619689656048215*06t7,04619689656048,Тоник УВЛ,0104619689656109215<TQsb,INTRODUCED,INTRODUCED,no
0104619689656048215*SKkG,04619689656048,Тоник УВЛ,"0104619689656109215gta2C;0104619689656109215G""SSt",RETIRED;WRITTEN_OFF,RETIRED,no
"0104619689656048215*kUX,",04619689656048,Тоник УВЛ,0104619689656109215b6Q?Q,INTRODUCED,INTRODUCED,no
"0104619689656048215,""Ytd",04619689656048,Тоник УВЛ,0104619689656185215BtfWk,INTRODUCED,INTRODUCED,no
"0104619689656048215,DG6U",04619689656048,Тоник УВЛ,0104619689656109215>?vd_,INTRODUCED,INTRODUCED,no
0104619689656048215-LqLR,04619689656048,Тоник УВЛ,0104619689656109215hCR58,INTRODUCED,INTRODUCED,no
0104619689656048215/*qJ7,04619689656048,Тоник УВЛ,0104619689656109215bOg-I,WRITTEN_OFF,INTRODUCED,no
01046196896560482150NuDG,04619689656048,Тоник УВЛ,0104619689656109215NJ+bd,INTRODUCED,INTRODUCED,no
01046196896560482150pYZW,04619689656048,Тоник УВЛ,0104619689656116215FrC9P,INTRODUCED,INTRODUCED,no
01046196896560482150rOU8,04619689656048,Тоник УВЛ,0104619689656109215r!DoA,RETIRED,RETIRED,no
01046196896560482151:!)M,04619689656048,Тоник УВЛ,01046196896561852151G0Mw,INTRODUCED,INTRODUCED,no
01046196896560482153kvcY,04619689656048,Тоник УВЛ,0104619689656109215HsXOg,INTRODUCED,INTRODUCED,no
01046196896560482154Mfnq,04619689656048,Тоник УВЛ,0104619689656109215C_QBm,WRITTEN_OFF,INTRODUCED,no
01046196896560482155SBf;,04619689656048,Тоник УВЛ,0104619689656185215J0JN:,INTRODUCED,INTRODUCED,no
01046196896560482156ZWma,04619689656048,Тоник УВЛ,0104619689656109215DAS.j,INTRODUCED,INTRODUCED,no
01046196896560482157mr+q,04619689656048,Тоник УВЛ,0104619689656109215P&bFo,INTRODUCED,INTRODUCED,no
01046196896560482159'DRf,04619689656048,Тоник УВЛ,0104619689656109215s'JYx,INTRODUCED,INTRODUCED,no
01046196896560482159F_+S,04619689656048,Тоник УВЛ,01046196896561852157h6gC,INTRODUCED,INTRODUCED,no
0104619689656048215:*sS_,04619689656048,Тоник УВЛ,0104619689656116215UOYn&,INTRODUCED,INTRODUCED,no
0104619689656048215;;UMO,04619689656048,Тоник УВЛ,0104619689656185215JcxKM,INTRODUCED,INTRODUCED,no
0104619689656048215;b;Pu,04619689656048,Тоник УВЛ,0104619689656109215V=o>s,INTRODUCED,INTRODUCED,no
0104619689656048215<-z=f,04619689656048,Тоник УВЛ,0104619689656109215kFYI;,INTRODUCED,INTRODUCED,no
"0104619689656048215=X/,H",04619689656048,Тоник УВЛ,"0104619689656116215,k&b:",INTRODUCED,INTRODUCED,no
0104619689656048215>.O97,04619689656048,Тоник УВЛ,0104619689656109215kK&qV;0104619689656109215-6z2A,RETIRED;WRITTEN_OFF,RETIRED,no
0104619689656048215?:z31,04619689656048,Тоник УВЛ,"01046196896561162152,EEn",INTRODUCED,INTRODUCED,no
0104619689656048215??VlU,04619689656048,Тоник УВЛ,0104619689656109215PJfAV,RETIRED,RETIRED,no
0104619689656048215?DrtR,04619689656048,Тоник УВЛ,0104619689656185215rmOmK,INTRODUCED,INTRODUCED,no
0104619689656048215?a/Wj,04619689656048,Тоник УВЛ,0104619689656109215ketjP,INTRODUCED,INTRODUCED,no
0104619689656048215AYWdi,04619689656048,Тоник УВЛ,"0104619689656185215G""HaS",INTRODUCED,INTRODUCED,no
0104619689656048215BPQ_A,04619689656048,Тоник УВЛ,0104619689656109215YGccu,INTRODUCED,INTRODUCED,no
0104619689656048215ClOv7,04619689656048,Тоник УВЛ,0104619689656116215'1V6l,INTRODUCED,INTRODUCED,no
0104619689656048215CpkVn,04619689656048,Тоник УВЛ,0104619689656109215ilPY',INTRODUCED,INTRODUCED,no
0104619689656048215DhQTZ,04619689656048,Тоник УВЛ,0104619689656109215CL42n,RETIRED,RETIRED,no
0104619689656048215E;f?',04619689656048,Тоник УВЛ,0104619689656109215%zCkG,INTRODUCED,INTRODUCED,no
0104619689656048215EFo2m,04619689656048,Тоник УВЛ,0104619689656109215RflhJ,INTRODUCED,INTRODUCED,no
0104619689656048215EeMFe,04619689656048,Тоник УВЛ,0104619689656109215Lm9AH,RETIRED,RETIRED,no
0104619689656048215Fsm.A,04619689656048,Тоник УВЛ,0104619689656185215CMoV%,INTRODUCED,INTRODUCED,no
0104619689656048215Fv+2U,04619689656048,Тоник УВЛ,0104619689656109215YhKYp,INTRODUCED,INTRODUCED,no
0104619689656048215G*8(I,04619689656048,Тоник УВЛ,0104619689656109215.9TWl,INTRODUCED,INTRODUCED,no
0104619689656048215GitpP,04619689656048,Тоник УВЛ,0104619689656109215KV*vv,INTRODUCED,INTRODUCED,no
0104619689656048215Gy7Fn,04619689656048,Тоник УВЛ,01046196896561092152)jd2,INTRODUCED,INTRODUCED,no
"0104619689656048215Ha,TD",04619689656048,Тоник УВЛ,0104619689656185215Ge!tS,INTRODUCED,INTRODUCED,no
0104619689656048215HpP*T,04619689656048,Тоник УВЛ,0104619689656185215*m6jE,INTRODUCED,INTRODUCED,no
"0104619689656048215JHul""",04619689656048,Тоник УВЛ,0104619689656185215U0u94,INTRODUCED,INTRODUCED,no
0104619689656048215K-EnB,04619689656048,Тоник УВЛ,0104619689656109215tJbG+;0104619689656109215NCKLK,RETIRED;WRITTEN_OFF,RETIRED,no
"0104619689656048215Ld""t%",04619689656048,Тоник УВЛ,0104619689656116215Ye3IO,INTRODUCED,INTRODUCED,no
0104619689656048215Ls)XF,04619689656048,Тоник УВЛ,0104619689656185215*DJaN,INTRODUCED,INTRODUCED,no
0104619689656048215MBtlB,04619689656048,Тоник УВЛ,01046196896561162156mQtj,INTRODUCED,INTRODUCED,no
0104619689656048215MCm%N,04619689656048,Тоник УВЛ,0104619689656185215T8CsO,INTRODUCED,INTRODUCED,no
0104619689656048215ML0Mj,04619689656048,Тоник УВЛ,0104619689656116215p2sqV,INTRODUCED,INTRODUCED,no
0104619689656048215N1QPV,04619689656048,Тоник УВЛ,0104619689656109215PitRn,INTRODUCED,INTRODUCED,no
0104619689656048215ND'%&,04619689656048,Тоник УВЛ,0104619689656185215XLMU4,INTRODUCED,INTRODUCED,no
0104619689656048215NJ577,04619689656048,Тоник УВЛ,0104619689656109215?:=3t,INTRODUCED,INTRODUCED,no
"0104619689656048215NL0C,",04619689656048,Тоник УВЛ,0104619689656185215gCw7l,INTRODUCED,INTRODUCED,no
0104619689656048215Oh4%f,04619689656048,Тоник УВЛ,0104619689656109215uNKlO,INTRODUCED,INTRODUCED,no
0104619689656048215OlCTQ,04619689656048,Тоник УВЛ,0104619689656185215bJUMT,INTRODUCED,INTRODUCED,no
0104619689656048215PF3'j,04619689656048,Тоник УВЛ,"0104619689656185215""e<Be",INTRODUCED,INTRODUCED,no
0104619689656048215Q>Ju3,04619689656048,Тоник УВЛ,0104619689656109215R4<*;,INTRODUCED,INTRODUCED,no
0104619689656048215QBSmz,04619689656048,Тоник УВЛ,0104619689656185215TKBvV,INTRODUCED,INTRODUCED,no
0104619689656048215RJXUF,04619689656048,Тоник УВЛ,010461968965610921576I4&,RETIRED,RETIRED,no
0104619689656048215RNV%D,04619689656048,Тоник УВЛ,0104619689656185215%<GZh,INTRODUCED,INTRODUCED,no
0104619689656048215SSbw!,04619689656048,Тоник УВЛ,0104619689656109215McXsT,INTRODUCED,INTRODUCED,no
0104619689656048215SaVF>,04619689656048,Тоник УВЛ,0104619689656109215AJQd%,INTRODUCED,INTRODUCED,no
0104619689656048215Sl*mi,04619689656048,Тоник УВЛ,0104619689656109215tF8?a,INTRODUCED,INTRODUCED,no
0104619689656048215TLbMp,04619689656048,Тоник УВЛ,0104619689656109215xG;s(;0104619689656109215)eah),INTRODUCED;WRITTEN_OFF,INTRODUCED,no
0104619689656048215TXmZg,04619689656048,Тоник УВЛ,01046196896561092157ffAo,RETIRED,RETIRED,no
0104619689656048215UgE)/,04619689656048,Тоник УВЛ,0104619689656109215GYgqT,INTRODUCED,INTRODUCED,no
0104619689656048215UqDMY,04619689656048,Тоник УВЛ,0104619689656109215OViWW,INTRODUCED,INTRODUCED,no
0104619689656048215V(sn>,04619689656048,Тоник УВЛ,0104619689656185215u/hMC,INTRODUCED,INTRODUCED,no
0104619689656048215V2W3U,04619689656048,Тоник УВЛ,0104619689656185215wGy>s,INTRODUCED,INTRODUCED,no
0104619689656048215WNmma,04619689656048,Тоник УВЛ,0104619689656109215Oa6u;,INTRODUCED,INTRODUCED,no
0104619689656048215X7/vX,04619689656048,Тоник УВЛ,0104619689656109215Zhzrj;0104619689656109215MB/if,INTRODUCED;WRITTEN_OFF,INTRODUCED,no
0104619689656048215YZ?Oq,04619689656048,Тоник УВЛ,0104619689656109215ecTg',INTRODUCED,INTRODUCED,no
0104619689656048215Z5iQT,04619689656048,Тоник УВЛ,0104619689656109215okLnq,INTRODUCED,INTRODUCED,no
0104619689656048215_4OET,04619689656048,Тоник УВЛ,0104619689656109215PMEaO,INTRODUCED,INTRODUCED,no
0104619689656048215b(XaM,04619689656048,Тоник УВЛ,01046196896561852158evK+,INTRODUCED,INTRODUCED,no
0104619689656048215b.HbN,04619689656048,Тоник УВЛ,0104619689656109215M8Pyq,INTRODUCED,INTRODUCED,no
"0104619689656048215b8o,0",04619689656048,Тоник УВЛ,0104619689656185215VLQfz,INTRODUCED,INTRODUCED,no
0104619689656048215b9Etj,04619689656048,Тоник УВЛ,0104619689656109215vHm>J,INTRODUCED,INTRODUCED,no
0104619689656048215b=W<a,04619689656048,Тоник УВЛ,0104619689656109215cRbde,INTRODUCED,INTRODUCED,no
0104619689656048215bAqqm,04619689656048,Тоник УВЛ,"01046196896561852159l""=-",INTRODUCED,INTRODUCED,no
0104619689656048215bEoBE,04619689656048,Тоник УВЛ,0104619689656185215CxVOH,INTRODUCED,INTRODUCED,no
0104619689656048215bNN>!,04619689656048,Тоник УВЛ,0104619689656109215q4Fu0,INTRODUCED,INTRODUCED,no
0104619689656048215bmssA,04619689656048,Тоник УВЛ,0104619689656109215eRvdQ,INTRODUCED,INTRODUCED,no
0104619689656048215cQm?Z,04619689656048,Тоник УВЛ,0104619689656185215wNXuY,INTRODUCED,INTRODUCED,no
0104619689656048215dmET!,04619689656048,Тоник УВЛ,0104619689656109215iqwHI,INTRODUCED,INTRODUCED,no
0104619689656048215eik7F,04619689656048,Тоник УВЛ,0104619689656185215xEdF6,INTRODUCED,INTRODUCED,no
0104619689656048215eoC7y,04619689656048,Тоник УВЛ,0104619689656109215m'Uhs;0104619689656109215B3zrS,RETIRED;WRITTEN_OFF,RETIRED,no
0104619689656048215fFc(C,04619689656048,Тоник УВЛ,0104619689656109215YCqa*,INTRODUCED,INTRODUCED,no
0104619689656048215g>8RQ,04619689656048,Тоник УВЛ,0104619689656109215awDGN,INTRODUCED,INTRODUCED,no
0104619689656048215gQr%O,04619689656048,Тоник УВЛ,0104619689656109215>MWTU,WRITTEN_OFF,INTRODUCED,no
0104619689656048215gm*Gr,04619689656048,Тоник УВЛ,0104619689656109215:B2ij,INTRODUCED,INTRODUCED,no
0104619689656048215hCNMY,04619689656048,Тоник УВЛ,0104619689656185215id2Zd,INTRODUCED,INTRODUCED,no
"0104619689656048215hF""MZ",04619689656048,Тоник УВЛ,"0104619689656185215T""Xr6",INTRODUCED,INTRODUCED,no
0104619689656048215hoK6d,04619689656048,Тоник УВЛ,0104619689656185215CIi0J,INTRODUCED,INTRODUCED,no
"0104619689656048215i,qnG",04619689656048,Тоник УВЛ,0104619689656116215HAttC,INTRODUCED,INTRODUCED,no
0104619689656048215i<Bsz,04619689656048,Тоник УВЛ,"0104619689656185215""MqBG",INTRODUCED,INTRODUCED,no
0104619689656048215iYUMH,04619689656048,Тоник УВЛ,0104619689656109215+gPlk,INTRODUCED,INTRODUCED,no
"0104619689656048215j""YG7",04619689656048,Тоник УВЛ,01046196896561092151t.Lp,INTRODUCED,INTRODUCED,no
0104619689656048215j6cjs,04619689656048,Тоник УВЛ,0104619689656109215-clG;,INTRODUCED,INTRODUCED,no
0104619689656048215jixLd,04619689656048,Тоник УВЛ,0104619689656185215udeHc,INTRODUCED,INTRODUCED,no
0104619689656048215kkwgS,04619689656048,Тоник УВЛ,0104619689656109215XtIF<,INTRODUCED,INTRODUCED,no
0104619689656048215lK-iV,04619689656048,Тоник УВЛ,0104619689656116215eUah%;0104619689656116215Cy%r:,INTRODUCED;WRITTEN_OFF,INTRODUCED,no
0104619689656048215lXGS.,04619689656048,Тоник УВЛ,0104619689656109215iq=mh,RETIRED,RETIRED,no
0104619689656048215lXHdk,04619689656048,Тоник УВЛ,0104619689656109215B3MfS,INTRODUCED,INTRODUCED,no
0104619689656048215ldSQT,04619689656048,Тоник УВЛ,0104619689656109215WfTiQ,INTRODUCED,INTRODUCED,no
0104619689656048215mQy/g,04619689656048,Тоник УВЛ,"0104619689656109215KzF"",",INTRODUCED,INTRODUCED,no
0104619689656048215mks7-,04619689656048,Тоник УВЛ,0104619689656109215)LORX,RETIRED,RETIRED,no
0104619689656048215nmx=T,04619689656048,Тоник УВЛ,0104619689656185215WBbal,INTRODUCED,INTRODUCED,no
0104619689656048215o.T1W,04619689656048,Тоник УВЛ,0104619689656109215u9QeW,WRITTEN_OFF,INTRODUCED,no
0104619689656048215oNilh,04619689656048,Тоник УВЛ,0104619689656109215eSpIl,INTRODUCED,INTRODUCED,no
0104619689656048215ofHf&,04619689656048,Тоник УВЛ,0104619689656109215rxZcx,RETIRED,RETIRED,no
0104619689656048215osLNZ,04619689656048,Тоник УВЛ,"0104619689656185215aG,Sg",INTRODUCED,INTRODUCED,no
0104619689656048215p2Rg/,04619689656048,Тоник УВЛ,0104619689656116215;.DEX,INTRODUCED,INTRODUCED,no
0104619689656048215pNTBf,04619689656048,Тоник УВЛ,0104619689656109215Q='Tj,INTRODUCED,INTRODUCED,no
0104619689656048215pQ)yM,04619689656048,Тоник УВЛ,0104619689656185215QJ!kY,INTRODUCED,INTRODUCED,no
0104619689656048215pV'aq,04619689656048,Тоник УВЛ,0104619689656109215tgWX+,INTRODUCED,INTRODUCED,no
0104619689656048215pfFSi,04619689656048,Тоник УВЛ,0104619689656109215gduM+,INTRODUCED,INTRODUCED,no
0104619689656048215qK(GJ,04619689656048,Тоник УВЛ,0104619689656109215pCEWz,INTRODUCED,INTRODUCED,no
0104619689656048215qbPPI,04619689656048,Тоник УВЛ,0104619689656109215?qVO>,INTRODUCED,INTRODUCED,no
0104619689656048215qjSJ-,04619689656048,Тоник УВЛ,"0104619689656109215am,HM",INTRODUCED,INTRODUCED,no
0104619689656048215r%bNQ,04619689656048,Тоник УВЛ,0104619689656109215itoFU,INTRODUCED,INTRODUCED,no
0104619689656048215rNDLe,04619689656048,Тоник УВЛ,0104619689656116215e-A*d;0104619689656116215BSPW3,INTRODUCED;WRITTEN_OFF,INTRODUCED,no
0104619689656048215rVaFl,04619689656048,Тоник УВЛ,01046196896561092158MJja,INTRODUCED,INTRODUCED,no
0104619689656048215rxrMl,04619689656048,Тоник УВЛ,01046196896561092154YuVZ,INTRODUCED,INTRODUCED,no
0104619689656048215s'2Vl,04619689656048,Тоник УВЛ,0104619689656109215W-Cot,INTRODUCED,INTRODUCED,no
0104619689656048215sfnYJ,04619689656048,Тоник УВЛ,0104619689656109215Tb=hu,INTRODUCED,INTRODUCED,no
0104619689656048215svcnG,04619689656048,Тоник УВЛ,"0104619689656109215m,jSX",INTRODUCED,INTRODUCED,no
0104619689656048215tGDM%,04619689656048,Тоник УВЛ,0104619689656185215HZicQ,INTRODUCED,INTRODUCED,no
0104619689656048215to9?S,04619689656048,Тоник УВЛ,0104619689656109215>F2AL,INTRODUCED,INTRODUCED,no
0104619689656048215uNMY3,04619689656048,Тоник УВЛ,0104619689656116215DAbVn,INTRODUCED,INTRODUCED,no
0104619689656048215uYfrb,04619689656048,Тоник УВЛ,0104619689656109215J)MOX,INTRODUCED,INTRODUCED,no
0104619689656048215ucQG<,04619689656048,Тоник УВЛ,0104619689656109215ELZ<Y,INTRODUCED,INTRODUCED,no
0104619689656048215v(78h,04619689656048,Тоник УВЛ,0104619689656109215RieBX,INTRODUCED,INTRODUCED,no
0104619689656048215v4-NX,04619689656048,Тоник УВЛ,"0104619689656109215&)f,r",INTRODUCED,INTRODUCED,no
0104619689656048215v5Tcn,04619689656048,Тоник УВЛ,0104619689656109215NQQld,RETIRED,RETIRED,no
0104619689656048215vrDuq,04619689656048,Тоник УВЛ,"0104619689656109215,7fV4",INTRODUCED,INTRODUCED,no
0104619689656048215vsYW1,04619689656048,Тоник УВЛ,0104619689656109215iQaDS,INTRODUCED,INTRODUCED,no
"0104619689656048215w,W0S",04619689656048,Тоник УВЛ,0104619689656116215Tbd/f;0104619689656116215'h<):,INTRODUCED;WRITTEN_OFF,INTRODUCED,no
0104619689656048215xJ7Vb,04619689656048,Тоник УВЛ,"0104619689656185215""qEW*",INTRODUCED,INTRODUCED,no
0104619689656048215yEhIx,04619689656048,Тоник УВЛ,0104619689656185215&seR>,INTRODUCED,INTRODUCED,no
0104619689656048215zfQnJ,04619689656048,Тоник УВЛ,0104619689656185215oagcR,INTRODUCED,INTRODUCED,no
0104619689656055215!VYxB,04619689656055,Тоник АКНЕ,01046196896560932159j2xU,INTRODUCED,INTRODUCED,no
0104619689656055215!dKI/,04619689656055,Тоник АКНЕ,0104619689656093215mNlZf,INTRODUCED,INTRODUCED,no
0104619689656055215%<FAH,04619689656055,Тоник АКНЕ,"0104619689656161215,BZdg",RETIRED,RETIRED,no
0104619689656055215%HLpC,04619689656055,Тоник АКНЕ,0104619689656154215T!4GL,INTRODUCED,INTRODUCED,no
0104619689656055215%MNeV,04619689656055,Тоник АКНЕ,0104619689656161215TGIqb,RETIRED,RETIRED,no
0104619689656055215%rY1H,04619689656055,Тоник АКНЕ,0104619689656192215S:Bi.,INTRODUCED,INTRODUCED,no
0104619689656055215&8'OH,04619689656055,Тоник АКНЕ,0104619689656093215a8FFd,INTRODUCED,INTRODUCED,no
0104619689656055215&e+B+,04619689656055,Тоник АКНЕ,0104619689656093215q=JNu,INTRODUCED,INTRODUCED,no
0104619689656055215'VPgc,04619689656055,Тоник АКНЕ,01046196896561612150Z-8D,INTRODUCED,INTRODUCED,no
0104619689656055215(DdNC,04619689656055,Тоник АКНЕ,0104619689656093215E4agO,INTRODUCED,INTRODUCED,no
0104619689656055215(Iqpe,04619689656055,Тоник АКНЕ,0104619689656093215U:V/_,INTRODUCED,INTRODUCED,no
0104619689656055215(LHk0,04619689656055,Тоник АКНЕ,0104619689656093215josi*;0104619689656093215GQLYH,INTRODUCED;WRITTEN_OFF,INTRODUCED,no
0104619689656055215(vV4u,04619689656055,Тоник АКНЕ,01046196896561542157ME3L,INTRODUCED,INTRODUCED,no
0104619689656055215*EgYv,04619689656055,Тоник АКНЕ,0104619689656154215Xjk/:,INTRODUCED,INTRODUCED,no
0104619689656055215+Ky:.,04619689656055,Тоник АКНЕ,0104619689656093215tl<PR,INTRODUCED,INTRODUCED,no
0104619689656055215+YWol,04619689656055,Тоник АКНЕ,0104619689656093215t9:Ag;0104619689656093215/X!1k,RETIRED;WRITTEN_OFF,RETIRED,no
"0104619689656055215,'jq!",04619689656055,Тоник АКНЕ,0104619689656154215oez5P,INTRODUCED,INTRODUCED,no
"0104619689656055215,?I,4",04619689656055,Тоник АКНЕ,0104619689656093215U*9An,RETIRED,RETIRED,no
"0104619689656055215,FN_z",04619689656055,Тоник АКНЕ,0104619689656093215'.j:W,INTRODUCED,INTRODUCED,no
"0104619689656055215,s&Cc",04619689656055,Тоник АКНЕ,0104619689656093215sBfGR,INTRODUCED,INTRODUCED,no
0104619689656055215-tB_B,04619689656055,Тоник АКНЕ,"0104619689656161215wU>q""",INTRODUCED,INTRODUCED,no
0104619689656055215.6bP3,04619689656055,Тоник АКНЕ,0104619689656093215TQB!h,INTRODUCED,INTRODUCED,no
0104619689656055215.:TQ.,04619689656055,Тоник АКНЕ,0104619689656192215Ck+T:,INTRODUCED,INTRODUCED,no
0104619689656055215.XehO,04619689656055,Тоник АКНЕ,0104619689656161215YnQ5R,INTRODUCED,INTRODUCED,no
0104619689656055215.beZX,04619689656055,Тоник АКНЕ,0104619689656161215Uk:XP,INTRODUCED,INTRODUCED,no
0104619689656055215.mxWO,04619689656055,Тоник АКНЕ,0104619689656161215eTHDY,INTRODUCED,INTRODUCED,no
010461968965605521500EGK,04619689656055,Тоник АКНЕ,0104619689656192215FsNkD,INTRODUCED,INTRODUCED,no
01046196896560552150lRNP,04619689656055,Тоник АКНЕ,0104619689656161215n8GZc,INTRODUCED,INTRODUCED,no
01046196896560552152ssB<,04619689656055,Тоник АКНЕ,0104619689656154215h=CUh,INTRODUCED,INTRODUCED,no
01046196896560552155'NoC,04619689656055,Тоник АКНЕ,"0104619689656093215NL""NB",INTRODUCED,INTRODUCED,no
01046196896560552155mCHf,04619689656055,Тоник АКНЕ,0104619689656192215X2y4d,INTRODUCED,INTRODUCED,no
01046196896560552157fL1L,04619689656055,Тоник АКНЕ,0104619689656192215RU.Xj,INTRODUCED,INTRODUCED,no
0104619689656055215:=GrY,04619689656055,Тоник АКНЕ,0104619689656161215<ex7.,INTRODUCED,INTRODUCED,no
0104619689656055215;JCxK,04619689656055,Тоник АКНЕ,0104619689656161215PHA.z,INTRODUCED,INTRODUCED,no
0104619689656055215;UpIP,04619689656055,Тоник АКНЕ,0104619689656161215Frbeb,INTRODUCED,INTRODUCED,no
0104619689656055215<OYPE,04619689656055,Тоник АКНЕ,"0104619689656161215n'""WW",INTRODUCED,INTRODUCED,no
0104619689656055215<muAt,04619689656055,Тоник АКНЕ,0104619689656161215*Pdab,INTRODUCED,INTRODUCED,no
0104619689656055215=IGdg,04619689656055,Тоник АКНЕ,0104619689656192215K/CpW,INTRODUCED,INTRODUCED,no
"0104619689656055215>FW""'",04619689656055,Тоник АКНЕ,"0104619689656161215,a>jw",INTRODUCED,INTRODUCED,no
"0104619689656055215>uG2""",04619689656055,Тоник АКНЕ,0104619689656093215g;Y8j;0104619689656093215=GqHU,RETIRED;WRITTEN_OFF,RETIRED,no
0104619689656055215?<2PH,04619689656055,Тоник АКНЕ,0104619689656154215Ii!on,INTRODUCED,INTRODUCED,no
0104619689656055215?SDNR,04619689656055,Тоник АКНЕ,0104619689656093215?WbMO,INTRODUCED,INTRODUCED,no
0104619689656055215?xr8C,04619689656055,Тоник АКНЕ,0104619689656093215uUhgl,INTRODUCED,INTRODUCED,no
0104619689656055215AekEP,04619689656055,Тоник АКНЕ,0104619689656161215OS!P5,INTRODUCED,INTRODUCED,no
0104619689656055215AmQjI,04619689656055,Тоник АКНЕ,0104619689656093215X*Jkh,INTRODUCED,INTRODUCED,no
0104619689656055215B4Ypl,04619689656055,Тоник АКНЕ,0104619689656093215L4qHJ,INTRODUCED,INTRODUCED,no
0104619689656055215BR)NE,04619689656055,Тоник АКНЕ,0104619689656161215w=*Tj,INTRODUCED,INTRODUCED,no
0104619689656055215Bg?0.,04619689656055,Тоник АКНЕ,0104619689656154215WC/ld,INTRODUCED,INTRODUCED,no
0104619689656055215Bu-WH,04619689656055,Тоник АКНЕ,0104619689656154215QOF-R,INTRODUCED,INTRODUCED,no
0104619689656055215C.q>O,04619689656055,Тоник АКНЕ,0104619689656154215XjeWn,INTRODUCED,INTRODUCED,no
0104619689656055215CVRSs,04619689656055,Тоник АКНЕ,0104619689656093215Bab>o,INTRODUCED,INTRODUCED,no
0104619689656055215CkN8C,04619689656055,Тоник АКНЕ,0104619689656192215kRtUd,INTRODUCED,INTRODUCED,no
0104619689656055215Cs&GO,04619689656055,Тоник АКНЕ,0104619689656161215VdhOZ,INTRODUCED,INTRODUCED,no
0104619689656055215CvcOa,04619689656055,Тоник АКНЕ,0104619689656161215TI.aQ,INTRODUCED,INTRODUCED,no
0104619689656055215D-wPF,04619689656055,Тоник АКНЕ,0104619689656161215DMn)O,INTRODUCED,INTRODUCED,no
0104619689656055215DKjGT,04619689656055,Тоник АКНЕ,0104619689656192215<NjF',INTRODUCED,INTRODUCED,no
0104619689656055215Dg3gx,04619689656055,Тоник АКНЕ,0104619689656093215C=LpB,INTRODUCED,INTRODUCED,no
0104619689656055215Dh6es,04619689656055,Тоник АКНЕ,0104619689656161215Je+Dv,INTRODUCED,INTRODUCED,no
0104619689656055215EA)ks,04619689656055,Тоник АКНЕ,0104619689656192215896fr,INTRODUCED,INTRODUCED,no
0104619689656055215ETiE_,04619689656055,Тоник АКНЕ,0104619689656161215e:m7r,INTRODUCED,INTRODUCED,no
0104619689656055215Ejfsk,04619689656055,Тоник АКНЕ,0104619689656154215saN0q,RETIRED,RETIRED,no
0104619689656055215Emf>F,04619689656055,Тоник АКНЕ,0104619689656161215kaMIy,INTRODUCED,INTRODUCED,no
0104619689656055215Eqi94,04619689656055,Тоник АКНЕ,0104619689656192215DF<NT,INTRODUCED,INTRODUCED,no
0104619689656055215Fpa:m,04619689656055,Тоник АКНЕ,0104619689656192215VemtP,INTRODUCED,INTRODUCED,no
0104619689656055215Ftg;u,04619689656055,Тоник АКНЕ,0104619689656154215hOFHb,INTRODUCED,INTRODUCED,no
0104619689656055215FwOj(,04619689656055,Тоник АКНЕ,0104619689656192215ePgkU,INTRODUCED,INTRODUCED,no
0104619689656055215G;Ie0,04619689656055,Тоник АКНЕ,0104619689656093215+5IgY,INTRODUCED,INTRODUCED,no
0104619689656055215GGlQ1,04619689656055,Тоник АКНЕ,0104619689656192215EZX'P,INTRODUCED,INTRODUCED,no
0104619689656055215H5rdm,04619689656055,Тоник АКНЕ,0104619689656093215gGFDy,INTRODUCED,INTRODUCED,no
0104619689656055215HK!QB,04619689656055,Тоник АКНЕ,0104619689656093215jplBf,INTRODUCED,INTRODUCED,no
0104619689656055215HcjCP,04619689656055,Тоник АКНЕ,0104619689656161215si=Cs,INTRODUCED,INTRODUCED,no
0104619689656055215Hw/g6,04619689656055,Тоник АКНЕ,0104619689656154215n.'+s,INTRODUCED,INTRODUCED,no
0104619689656055215Hwmkl,04619689656055,Тоник АКНЕ,01046196896561922159eY0y,RETIRED,RETIRED,no
0104619689656055215IMZgq,04619689656055,Тоник АКНЕ,0104619689656192215WKC&u,INTRODUCED,INTRODUCED,no
0104619689656055215IXfUw,04619689656055,Тоник АКНЕ,0104619689656161215P%NsY,INTRODUCED,INTRODUCED,no
0104619689656055215IYeAe,04619689656055,Тоник АКНЕ,0104619689656154215LT_xc,INTRODUCED,INTRODUCED,no
0104619689656055215JI<uT,04619689656055,Тоник АКНЕ,0104619689656154215Asp?I,INTRODUCED,INTRODUCED,no
0104619689656055215JQLf+,04619689656055,Тоник АКНЕ,"0104619689656192215n,dvC",INTRODUCED,INTRODUCED,no
0104619689656055215K(Xgo,04619689656055,Тоник АКНЕ,01046196896561612155pNmF,INTRODUCED,INTRODUCED,no
0104619689656055215K+3y9,04619689656055,Тоник АКНЕ,01046196896561612156RpJL,INTRODUCED,INTRODUCED,no
0104619689656055215KJYqo,04619689656055,Тоник АКНЕ,01046196896561542157ZdFL,INTRODUCED,INTRODUCED,no
0104619689656055215KmaVZ,04619689656055,Тоник АКНЕ,0104619689656192215p<9bN,INTRODUCED,INTRODUCED,no
0104619689656055215Kmoa-,04619689656055,Тоник АКНЕ,0104619689656093215XmqX5,INTRODUCED,INTRODUCED,no
0104619689656055215LLlGY,04619689656055,Тоник АКНЕ,0104619689656154215RVs7=,INTRODUCED,INTRODUCED,no
"0104619689656055215M""ALN",04619689656055,Тоник АКНЕ,0104619689656154215fnJ6k,INTRODUCED,INTRODUCED,no
0104619689656055215M/APG,04619689656055,Тоник АКНЕ,"0104619689656192215rj,l9",INTRODUCED,INTRODUCED,no
0104619689656055215MUmdk,04619689656055,Тоник АКНЕ,0104619689656154215OA:;C,INTRODUCED,INTRODUCED,no
0104619689656055215MnOB.,04619689656055,Тоник АКНЕ,0104619689656161215zL.zi,INTRODUCED,INTRODUCED,no
0104619689656055215N:feE,04619689656055,Тоник АКНЕ,01046196896560932155A.Ux,RETIRED,RETIRED,no
0104619689656055215Ns:0X,04619689656055,Тоник АКНЕ,0104619689656161215Ri*V!,RETIRED,RETIRED,no
0104619689656055215O3l_!,04619689656055,Тоник АКНЕ,0104619689656093215HrZEw,INTRODUCED,INTRODUCED,no
0104619689656055215OTPt!,04619689656055,Тоник АКНЕ,0104619689656093215MO-;h,INTRODUCED,INTRODUCED,no
0104619689656055215OW_yR,04619689656055,Тоник АКНЕ,0104619689656093215Hy.Qk,INTRODUCED,INTRODUCED,no
0104619689656055215OZb0S,04619689656055,Тоник АКНЕ,0104619689656154215EjLAD,INTRODUCED,INTRODUCED,no
0104619689656055215P4FG8,04619689656055,Тоник АКНЕ,01046196896561612151uCc0,INTRODUCED,INTRODUCED,no
0104619689656055215PmT1z,04619689656055,Тоник АКНЕ,01046196896560932158c6kz,RETIRED,RETIRED,no
0104619689656055215PrE4V,04619689656055,Тоник АКНЕ,01046196896560932156NP.s,INTRODUCED,INTRODUCED,no
0104619689656055215Q!ma(,04619689656055,Тоник АКНЕ,0104619689656192215PEIk?,INTRODUCED,INTRODUCED,no
0104619689656055215QuCDJ,04619689656055,Тоник АКНЕ,0104619689656154215doDn/,INTRODUCED,INTRODUCED,no
0104619689656055215R-mkb,04619689656055,Тоник АКНЕ,0104619689656192215SQDU8,INTRODUCED,INTRODUCED,no
0104619689656055215RMGbH,04619689656055,Тоник АКНЕ,0104619689656192215iXWYX,INTRODUCED,INTRODUCED,no
0104619689656055215RXwip,04619689656055,Тоник АКНЕ,"0104619689656161215PBL<,",INTRODUCED,INTRODUCED,no
0104619689656055215RxZn:,04619689656055,Тоник АКНЕ,0104619689656192215nZ%>M,RETIRED,RETIRED,no
0104619689656055215SBMBg,04619689656055,Тоник АКНЕ,0104619689656161215THqLN,INTRODUCED,INTRODUCED,no
0104619689656055215STz<N,04619689656055,Тоник АКНЕ,0104619689656093215A7pY4,RETIRED,RETIRED,no
0104619689656055215SW_HF,04619689656055,Тоник АКНЕ,0104619689656161215iUCdl,INTRODUCED,INTRODUCED,no
0104619689656055215SX1fL,04619689656055,Тоник АКНЕ,0104619689656161215TjRWy,INTRODUCED,INTRODUCED,no
0104619689656055215Sd3EI,04619689656055,Тоник АКНЕ,0104619689656093215G4&aJ,INTRODUCED,INTRODUCED,no
0104619689656055215U3OrH,04619689656055,Тоник АКНЕ,0104619689656093215tc(Vr,INTRODUCED,INTRODUCED,no
0104619689656055215UcrJH,04619689656055,Тоник АКНЕ,0104619689656192215gW;N*,RETIRED,RETIRED,no
0104619689656055215V1UN%,04619689656055,Тоник АКНЕ,0104619689656093215cG-w_,INTRODUCED,INTRODUCED,no
0104619689656055215VCVWN,04619689656055,Тоник АКНЕ,0104619689656093215/Frej,INTRODUCED,INTRODUCED,no
0104619689656055215VM/Ve,04619689656055,Тоник АКНЕ,0104619689656154215TZF_E,RETIRED,RETIRED,no
0104619689656055215VO:qf,04619689656055,Тоник АКНЕ,0104619689656161215H:ZRt,INTRODUCED,INTRODUCED,no
0104619689656055215VihAs,04619689656055,Тоник АКНЕ,"0104619689656093215GZm,M",INTRODUCED,INTRODUCED,no
0104619689656055215VqlXf,04619689656055,Тоник АКНЕ,0104619689656161215?=IWg,INTRODUCED,INTRODUCED,no
0104619689656055215W;YZq,04619689656055,Тоник АКНЕ,01046196896561542150RQzD,INTRODUCED,INTRODUCED,no
0104619689656055215WlNbG,04619689656055,Тоник АКНЕ,0104619689656161215+lUeA,INTRODUCED,INTRODUCED,no
0104619689656055215WmH!D,04619689656055,Тоник АКНЕ,0104619689656154215SP=uK,INTRODUCED,INTRODUCED,no
0104619689656055215X1E2H,04619689656055,Тоник АКНЕ,0104619689656093215fGC.8,INTRODUCED,INTRODUCED,no
0104619689656055215XAWo2,04619689656055,Тоник АКНЕ,0104619689656192215Osan=,INTRODUCED,INTRODUCED,no
0104619689656055215XCo67,04619689656055,Тоник АКНЕ,0104619689656192215DkqPW,INTRODUCED,INTRODUCED,no
0104619689656055215XRBar,04619689656055,Тоник АКНЕ,0104619689656154215yC5G.,INTRODUCED,INTRODUCED,no
0104619689656055215Y3A4V,04619689656055,Тоник АКНЕ,0104619689656093215(SvD_,INTRODUCED,INTRODUCED,no
0104619689656055215YI.:E,04619689656055,Тоник АКНЕ,0104619689656154215Mci/S,INTRODUCED,INTRODUCED,no
0104619689656055215Z+>T<,04619689656055,Тоник АКНЕ,0104619689656093215kfVx=,INTRODUCED,INTRODUCED,no
0104619689656055215Zn3yY,04619689656055,Тоник АКНЕ,0104619689656093215<ck.s,INTRODUCED,INTRODUCED,no
0104619689656055215a&dkr,04619689656055,Тоник АКНЕ,0104619689656161215cBXq0,INTRODUCED,INTRODUCED,no
0104619689656055215a>jl:,04619689656055,Тоник АКНЕ,0104619689656093215ROfV8,INTRODUCED,INTRODUCED,no
0104619689656055215aL*i5,04619689656055,Тоник АКНЕ,0104619689656161215l?p9I,INTRODUCED,INTRODUCED,no
0104619689656055215aXNAf,04619689656055,Тоник АКНЕ,0104619689656154215=2Ipi,INTRODUCED,INTRODUCED,no
0104619689656055215c=93L,04619689656055,Тоник АКНЕ,0104619689656093215QHhkG,RETIRED,RETIRED,no
0104619689656055215cjQ1W,04619689656055,Тоник АКНЕ,0104619689656192215PtKJo,INTRODUCED,INTRODUCED,no
0104619689656055215ckESl,04619689656055,Тоник АКНЕ,"0104619689656161215G,fpL",RETIRED,RETIRED,no
0104619689656055215clBfT,04619689656055,Тоник АКНЕ,0104619689656192215x**j6,INTRODUCED,INTRODUCED,no
0104619689656055215d&Jek,04619689656055,Тоник АКНЕ,0104619689656161215-jRUZ,INTRODUCED,INTRODUCED,no
0104619689656055215d6Z;A,04619689656055,Тоник АКНЕ,0104619689656093215Xq->W,INTRODUCED,INTRODUCED,no
0104619689656055215dEJOB,04619689656055,Тоник АКНЕ,0104619689656154215NFa:T,INTRODUCED,INTRODUCED,no
0104619689656055215e)hCV,04619689656055,Тоник АКНЕ,01046196896561612151XNmV,INTRODUCED,INTRODUCED,no
0104619689656055215eJJ+O,04619689656055,Тоник АКНЕ,0104619689656161215d/%*n,INTRODUCED,INTRODUCED,no
0104619689656055215fJljZ,04619689656055,Тоник АКНЕ,0104619689656161215GnhCp,INTRODUCED,INTRODUCED,no
0104619689656055215fOeEE,04619689656055,Тоник АКНЕ,0104619689656093215JAr-J,INTRODUCED,INTRODUCED,no
0104619689656055215fRr(l,04619689656055,Тоник АКНЕ,0104619689656154215z>BwF;0104619689656154215rtH7T,RETIRED;WRITTEN_OFF,RETIRED,no
0104619689656055215fSWIk,04619689656055,Тоник АКНЕ,0104619689656093215/G(_4,RETIRED,RETIRED,no
0104619689656055215fTtXo,04619689656055,Тоник АКНЕ,0104619689656154215kbrJX,INTRODUCED,INTRODUCED,no
0104619689656055215ftGor,04619689656055,Тоник АКНЕ,0104619689656093215z'h!K;0104619689656093215EnIhT,INTRODUCED;WRITTEN_OFF,INTRODUCED,no
0104619689656055215gBxjV,04619689656055,Тоник АКНЕ,0104619689656093215st=<R,INTRODUCED,INTRODUCED,no
0104619689656055215gSQRK,04619689656055,Тоник АКНЕ,0104619689656161215(nsxZ,INTRODUCED,INTRODUCED,no
0104619689656055215h!KXq,04619689656055,Тоник АКНЕ,0104619689656192215>1VdA,INTRODUCED,INTRODUCED,no
0104619689656055215h=C!I,04619689656055,Тоник АКНЕ,0104619689656161215iE7JC,INTRODUCED,INTRODUCED,no
0104619689656055215hAVoq,04619689656055,Тоник АКНЕ,0104619689656161215&ddCH,INTRODUCED,INTRODUCED,no
"0104619689656055215hEQp,",04619689656055,Тоник АКНЕ,0104619689656192215_Uw.E,INTRODUCED,INTRODUCED,no
0104619689656055215hTLiP,04619689656055,Тоник АКНЕ,0104619689656161215On'iI,INTRODUCED,INTRODUCED,no
0104619689656055215hU9D_,04619689656055,Тоник АКНЕ,0104619689656161215uEllY,INTRODUCED,INTRODUCED,no
0104619689656055215hyy0c,04619689656055,Тоник АКНЕ,01046196896561542152NZns,INTRODUCED,INTRODUCED,no
0104619689656055215i&Ati,04619689656055,Тоник АКНЕ,0104619689656161215i6TUP,RETIRED,RETIRED,no
0104619689656055215i+ozg,04619689656055,Тоник АКНЕ,0104619689656154215.hBGC,INTRODUCED,INTRODUCED,no
0104619689656055215i7MCT,04619689656055,Тоник АКНЕ,"0104619689656093215""MNBj",INTRODUCED,INTRODUCED,no
0104619689656055215ilMBu,04619689656055,Тоник АКНЕ,0104619689656154215/snVn,INTRODUCED,INTRODUCED,no
"0104619689656055215isb,7",04619689656055,Тоник АКНЕ,0104619689656093215JVBQO,RETIRED,RETIRED,no
0104619689656055215j/k*Q,04619689656055,Тоник АКНЕ,0104619689656154215r9sWT,INTRODUCED,INTRODUCED,no
0104619689656055215jOGJF,04619689656055,Тоник АКНЕ,0104619689656161215xZ-k),INTRODUCED,INTRODUCED,no
0104619689656055215jTlgR,04619689656055,Тоник АКНЕ,0104619689656161215=Vd.V,RETIRED,RETIRED,no
0104619689656055215kFdKv,04619689656055,Тоник АКНЕ,0104619689656093215N5nB?,INTRODUCED,INTRODUCED,no
0104619689656055215kJpUJ,04619689656055,Тоник АКНЕ,0104619689656154215GttZs,INTRODUCED,INTRODUCED,no
0104619689656055215lU2CL,04619689656055,Тоник АКНЕ,0104619689656161215N=>=C,INTRODUCED,INTRODUCED,no
0104619689656055215lVWaP,04619689656055,Тоник АКНЕ,0104619689656192215Y?:r&,INTRODUCED,INTRODUCED,no
0104619689656055215lXoWP,04619689656055,Тоник АКНЕ,"0104619689656093215ST18,",INTRODUCED,INTRODUCED,no
0104619689656055215llDAN,04619689656055,Тоник АКНЕ,0104619689656093215txF:<,INTRODUCED,INTRODUCED,no
0104619689656055215m'?m',04619689656055,Тоник АКНЕ,0104619689656192215Jatq3,INTRODUCED,INTRODUCED,no
0104619689656055215mFmV0,04619689656055,Тоник АКНЕ,0104619689656154215LdYe?,INTRODUCED,INTRODUCED,no
0104619689656055215mGkHx,04619689656055,Тоник АКНЕ,0104619689656093215Y'ruf,RETIRED,RETIRED,no
0104619689656055215mNweH,04619689656055,Тоник АКНЕ,0104619689656093215LCmBW,RETIRED,RETIRED,no
0104619689656055215mvP)s,04619689656055,Тоник АКНЕ,0104619689656093215(pLqX,INTRODUCED,INTRODUCED,no
0104619689656055215n-CHA,04619689656055,Тоник АКНЕ,0104619689656161215P(fzg,INTRODUCED,INTRODUCED,no
0104619689656055215n<sPc,04619689656055,Тоник АКНЕ,0104619689656192215swBPN,INTRODUCED,INTRODUCED,no
0104619689656055215nGqCb,04619689656055,Тоник АКНЕ,0104619689656192215jDI4f,INTRODUCED,INTRODUCED,no
0104619689656055215nKC)>,04619689656055,Тоник АКНЕ,0104619689656093215RjJ)E,INTRODUCED,INTRODUCED,no
0104619689656055215nMyRV,04619689656055,Тоник АКНЕ,0104619689656154215lHtdY,INTRODUCED,INTRODUCED,no
0104619689656055215naVyQ,04619689656055,Тоник АКНЕ,01046196896561612155/Qf_,INTRODUCED,INTRODUCED,no
0104619689656055215nbBq.,04619689656055,Тоник АКНЕ,"0104619689656093215b""OQS",RETIRED,RETIRED,no
0104619689656055215ne:ER,04619689656055,Тоник АКНЕ,"01046196896560932157K,eh",INTRODUCED,INTRODUCED,no
0104619689656055215nlvJO,04619689656055,Тоник АКНЕ,01046196896560932157%Cpm,RETIRED,RETIRED,no
0104619689656055215oX%uG,04619689656055,Тоник АКНЕ,0104619689656192215n<E:h,RETIRED,RETIRED,no
0104619689656055215omjGa,04619689656055,Тоник АКНЕ,0104619689656093215>)GV+,INTRODUCED,INTRODUCED,no
0104619689656055215p)MEh,04619689656055,Тоник АКНЕ,0104619689656154215j+8Xw,INTRODUCED,INTRODUCED,no
0104619689656055215pO'Cu,04619689656055,Тоник АКНЕ,0104619689656093215wpGHq,INTRODUCED,INTRODUCED,no
0104619689656055215pav6Z,04619689656055,Тоник АКНЕ,0104619689656192215iYF8Z,INTRODUCED,INTRODUCED,no
0104619689656055215pbSh4,04619689656055,Тоник АКНЕ,0104619689656161215iV_Vu,INTRODUCED,INTRODUCED,no
"0104619689656055215qM,M+",04619689656055,Тоник АКНЕ,0104619689656192215+qHnO,INTRODUCED,INTRODUCED,no
0104619689656055215qTJo0,04619689656055,Тоник АКНЕ,0104619689656161215o%hVa,INTRODUCED,INTRODUCED,no
0104619689656055215r/5<c,04619689656055,Тоник АКНЕ,0104619689656093215.l%'a,RETIRED,RETIRED,no
0104619689656055215r/<SQ,04619689656055,Тоник АКНЕ,0104619689656093215ddA4Q,INTRODUCED,INTRODUCED,no
0104619689656055215r0qoe,04619689656055,Тоник АКНЕ,0104619689656093215uw73u;01046196896560932154JUM5,RETIRED;WRITTEN_OFF,RETIRED,no
0104619689656055215rBOD8,04619689656055,Тоник АКНЕ,0104619689656093215Qude%,INTRODUCED,INTRODUCED,no
0104619689656055215rV-qS,04619689656055,Тоник АКНЕ,0104619689656161215Ygzef,INTRODUCED,INTRODUCED,no
0104619689656055215rxIMI,04619689656055,Тоник АКНЕ,0104619689656093215c%Dzn,INTRODUCED,INTRODUCED,no
0104619689656055215sfQil,04619689656055,Тоник АКНЕ,0104619689656154215BkFao,INTRODUCED,INTRODUCED,no
0104619689656055215szcfh,04619689656055,Тоник АКНЕ,0104619689656161215WSRNO,RETIRED,RETIRED,no
0104619689656055215t&V!X,04619689656055,Тоник АКНЕ,0104619689656192215gWNMJ,INTRODUCED,INTRODUCED,no
0104619689656055215vrp&J,04619689656055,Тоник АКНЕ,0104619689656161215Y1=q;,INTRODUCED,INTRODUCED,no
0104619689656055215vt(A.,04619689656055,Тоник АКНЕ,0104619689656154215IDlP=,INTRODUCED,INTRODUCED,no
0104619689656055215wR<TA,04619689656055,Тоник АКНЕ,010461968965616121512FB>,RETIRED,RETIRED,no
0104619689656055215x8EqJ,04619689656055,Тоник АКНЕ,0104619689656093215>flj;,INTRODUCED,INTRODUCED,no
0104619689656055215xV7Sz,04619689656055,Тоник АКНЕ,0104619689656154215ji9Em,INTRODUCED,INTRODUCED,no
"0104619689656055215y-n""%",04619689656055,Тоник АКНЕ,0104619689656192215-N;nk,INTRODUCED,INTRODUCED,no
0104619689656055215yJLb*,04619689656055,Тоник АКНЕ,0104619689656161215jSFyK,INTRODUCED,INTRODUCED,no
"0104619689656055215ybM""2",04619689656055,Тоник АКНЕ,0104619689656093215DF4&W,INTRODUCED,INTRODUCED,no
0104619689656055215zQmsa,04619689656055,Тоник АКНЕ,0104619689656093215CtKJH,INTRODUCED,INTRODUCED,no
0104619689656062215!2bXM,04619689656062,Крем амбра ваниль,0104619689656147215l+pC2,INTRODUCED,INTRODUCED,no
"0104619689656062215""MLgH",04619689656062,Крем амбра ваниль,0104619689656123215eNEi:,INTRODUCED,INTRODUCED,no
"0104619689656062215""WheW",04619689656062,Крем амбра ваниль,0104619689656147215t'xuI,INTRODUCED,INTRODUCED,no
0104619689656062215%1gw<,04619689656062,Крем амбра ваниль,0104619689656147215N?st&,INTRODUCED,INTRODUCED,no
0104619689656062215%SJaN,04619689656062,Крем амбра ваниль,"0104619689656123215hg""LJ",INTRODUCED,INTRODUCED,no
0104619689656062215&OF0G,04619689656062,Крем амбра ваниль,0104619689656123215;ktpZ,INTRODUCED,INTRODUCED,no
0104619689656062215)Qi%l,04619689656062,Крем амбра ваниль,0104619689656147215_*GC7,INTRODUCED,INTRODUCED,no
0104619689656062215)taYs,04619689656062,Крем амбра ваниль,0104619689656123215NV5hm,INTRODUCED,INTRODUCED,no
0104619689656062215+M!po,04619689656062,Крем амбра ваниль,"0104619689656147215(8,A)",INTRODUCED,INTRODUCED,no
0104619689656062215+oLF5,04619689656062,Крем амбра ваниль,0104619689656147215oYVWc,INTRODUCED,INTRODUCED,no
"0104619689656062215,99Aa",04619689656062,Крем амбра ваниль,0104619689656123215<Sl(m,INTRODUCED,INTRODUCED,no
"0104619689656062215,_k%0",04619689656062,Крем амбра ваниль,0104619689656123215lVcA2,INTRODUCED,INTRODUCED,no
0104619689656062215/&ENt,04619689656062,Крем амбра ваниль,0104619689656147215%nxhI,INTRODUCED,INTRODUCED,no
0104619689656062215/8mj1,04619689656062,Крем амбра ваниль,0104619689656123215+h5;I,INTRODUCED,INTRODUCED,no
0104619689656062215/RE4;,04619689656062,Крем амбра ваниль,0104619689656123215Ixu-0,INTRODUCED,INTRODUCED,no
0104619689656062215/shha,04619689656062,Крем амбра ваниль,0104619689656123215ZiTLs,INTRODUCED,INTRODUCED,no
01046196896560622151DKYk,04619689656062,Крем амбра ваниль,0104619689656123215SHA-X,INTRODUCED,INTRODUCED,no
01046196896560622152HUGJ,04619689656062,Крем амбра ваниль,0104619689656123215K:LlY,INTRODUCED,INTRODUCED,no
01046196896560622153V3.q,04619689656062,Крем амбра ваниль,01046196896561472157&szd,INTRODUCED,INTRODUCED,no
01046196896560622153tqf*,04619689656062,Крем амбра ваниль,0104619689656123215NI2a9,RETIRED,RETIRED,no
"01046196896560622155I%,E",04619689656062,Крем амбра ваниль,0104619689656123215Ri4aQ,RETIRED,RETIRED,no
01046196896560622155T.J5,04619689656062,Крем амбра ваниль,"0104619689656147215,SIKq",INTRODUCED,INTRODUCED,no
01046196896560622155hB:Q,04619689656062,Крем амбра ваниль,01046196896561472158JdQD,INTRODUCED,INTRODUCED,no
"01046196896560622159""KoO",04619689656062,Крем амбра ваниль,0104619689656123215F_INo,INTRODUCED,INTRODUCED,no
0104619689656062215;EOd*,04619689656062,Крем амбра ваниль,"0104619689656123215RWm!,",INTRODUCED,INTRODUCED,no
0104619689656062215;UPN),04619689656062,Крем амбра ваниль,0104619689656147215.M=Sd,INTRODUCED,INTRODUCED,no
0104619689656062215<Bh+J,04619689656062,Крем амбра ваниль,0104619689656123215X5g3k,INTRODUCED,INTRODUCED,no
0104619689656062215=x%Or,04619689656062,Крем амбра ваниль,0104619689656123215F)/KT,INTRODUCED,INTRODUCED,no
0104619689656062215>robI,04619689656062,Крем амбра ваниль,0104619689656147215:hVtF,INTRODUCED,INTRODUCED,no
0104619689656062215?BJ-e,04619689656062,Крем амбра ваниль,0104619689656147215.A:qb,INTRODUCED,INTRODUCED,no
0104619689656062215?cPaY,04619689656062,Крем амбра ваниль,0104619689656147215nR:)S,INTRODUCED,INTRODUCED,no
0104619689656062215C-CF9,04619689656062,Крем амбра ваниль,0104619689656147215>I9e),INTRODUCED,INTRODUCED,no
0104619689656062215C3j)W,04619689656062,Крем амбра ваниль,"0104619689656147215""SJbg",INTRODUCED,INTRODUCED,no
0104619689656062215CeeYl,04619689656062,Крем амбра ваниль,0104619689656123215>PdQT,INTRODUCED,INTRODUCED,no
0104619689656062215Ch=(K,04619689656062,Крем амбра ваниль,01046196896561472150upm(,INTRODUCED,INTRODUCED,no
0104619689656062215DD%Ib,04619689656062,Крем амбра ваниль,0104619689656123215iyePz,INTRODUCED,INTRODUCED,no
0104619689656062215E7'd<,04619689656062,Крем амбра ваниль,0104619689656123215AORF9,INTRODUCED,INTRODUCED,no
0104619689656062215EBQMd,04619689656062,Крем амбра ваниль,0104619689656147215>!ecF,INTRODUCED,INTRODUCED,no
0104619689656062215GBvN6,04619689656062,Крем амбра ваниль,0104619689656123215/pJ.L,INTRODUCED,INTRODUCED,no
0104619689656062215GDN2i,04619689656062,Крем амбра ваниль,0104619689656123215f7fIY,INTRODUCED,INTRODUCED,no
0104619689656062215GGtYf,04619689656062,Крем амбра ваниль,01046196896561232155yvv4,INTRODUCED,INTRODUCED,no
0104619689656062215GkMwf,04619689656062,Крем амбра ваниль,0104619689656147215mQp*w,INTRODUCED,INTRODUCED,no
0104619689656062215Gnlev,04619689656062,Крем амбра ваниль,0104619689656147215VRYa8,INTRODUCED,INTRODUCED,no
0104619689656062215HUCCj,04619689656062,Крем амбра ваниль,0104619689656147215CETN+,INTRODUCED,INTRODUCED,no
0104619689656062215I-lLQ,04619689656062,Крем амбра ваниль,0104619689656147215'FXHe,INTRODUCED,INTRODUCED,no
0104619689656062215Ia3Jq,04619689656062,Крем амбра ваниль,0104619689656123215ckyR6,INTRODUCED,INTRODUCED,no
0104619689656062215IbgGA,04619689656062,Крем амбра ваниль,0104619689656147215NtD2Y,INTRODUCED,INTRODUCED,no
"0104619689656062215Jf""Kn",04619689656062,Крем амбра ваниль,0104619689656123215EeNpU,RETIRED,RETIRED,no
0104619689656062215K(-Kc,04619689656062,Крем амбра ваниль,0104619689656123215xz!Jh,INTRODUCED,INTRODUCED,no
0104619689656062215K>XlJ,04619689656062,Крем амбра ваниль,0104619689656147215oe!XO,INTRODUCED,INTRODUCED,no
0104619689656062215KCVKl,04619689656062,Крем амбра ваниль,0104619689656147215T_As.,INTRODUCED,INTRODUCED,no
0104619689656062215KCbZV,04619689656062,Крем амбра ваниль,"0104619689656147215""Gb8U",INTRODUCED,INTRODUCED,no
0104619689656062215L<e.*,04619689656062,Крем амбра ваниль,0104619689656147215URztm,INTRODUCED,INTRODUCED,no
0104619689656062215Ln*et,04619689656062,Крем амбра ваниль,"0104619689656147215JJ,.N",INTRODUCED,INTRODUCED,no
0104619689656062215M)'?d,04619689656062,Крем амбра ваниль,0104619689656123215U6_At,INTRODUCED,INTRODUCED,no
0104619689656062215MCmYy,04619689656062,Крем амбра ваниль,0104619689656123215Yi.BC,INTRODUCED,INTRODUCED,no
0104619689656062215MoaU6,04619689656062,Крем амбра ваниль,0104619689656123215&5AwR,INTRODUCED,INTRODUCED,no
0104619689656062215N4eeX,04619689656062,Крем амбра ваниль,0104619689656123215VqBLy,INTRODUCED,INTRODUCED,no
0104619689656062215Om.s:,04619689656062,Крем амбра ваниль,0104619689656147215&OFVy,INTRODUCED,INTRODUCED,no
0104619689656062215P0Lo7,04619689656062,Крем амбра ваниль,0104619689656147215EPBl>,INTRODUCED,INTRODUCED,no
0104619689656062215PcHS%,04619689656062,Крем амбра ваниль,0104619689656147215I>RWO,INTRODUCED,INTRODUCED,no
0104619689656062215Q>LDV,04619689656062,Крем амбра ваниль,0104619689656147215sNY<C,RETIRED,RETIRED,no
"0104619689656062215QVvL""",04619689656062,Крем амбра ваниль,0104619689656123215bBoLi,INTRODUCED,INTRODUCED,no
"0104619689656062215QkI,4",04619689656062,Крем амбра ваниль,0104619689656123215QobZl,INTRODUCED,INTRODUCED,no
0104619689656062215Qycdh,04619689656062,Крем амбра ваниль,0104619689656147215'VLMf,INTRODUCED,INTRODUCED,no
0104619689656062215RCSEh,04619689656062,Крем амбра ваниль,0104619689656123215s(PJt,INTRODUCED,INTRODUCED,no
"0104619689656062215RkU,B",04619689656062,Крем амбра ваниль,0104619689656147215EW3Tk,INTRODUCED,INTRODUCED,no
0104619689656062215S+Qce,04619689656062,Крем амбра ваниль,0104619689656123215(W1Xg,INTRODUCED,INTRODUCED,no
0104619689656062215SVEjA,04619689656062,Крем амбра ваниль,0104619689656123215AE:jl,INTRODUCED,INTRODUCED,no
0104619689656062215SWSqw,04619689656062,Крем амбра ваниль,01046196896561232154a+Yr,INTRODUCED,INTRODUCED,no
0104619689656062215ScHup,04619689656062,Крем амбра ваниль,0104619689656123215nx3-R,INTRODUCED,INTRODUCED,no
0104619689656062215T72Hl,04619689656062,Крем амбра ваниль,0104619689656147215QNali,INTRODUCED,INTRODUCED,no
0104619689656062215UO>=o,04619689656062,Крем амбра ваниль,0104619689656147215/Xf6t,RETIRED,RETIRED,no
0104619689656062215VKfDt,04619689656062,Крем амбра ваниль,01046196896561472151VY3L,INTRODUCED,INTRODUCED,no
0104619689656062215VVn_o,04619689656062,Крем амбра ваниль,0104619689656123215)aEQQ,INTRODUCED,INTRODUCED,no
0104619689656062215VhGQS,04619689656062,Крем амбра ваниль,0104619689656147215QZtoe,INTRODUCED,INTRODUCED,no
0104619689656062215Vj7_m,04619689656062,Крем амбра ваниль,0104619689656147215WGLBJ,INTRODUCED,INTRODUCED,no
0104619689656062215W*wjN,04619689656062,Крем амбра ваниль,0104619689656123215GTkzo,INTRODUCED,INTRODUCED,no
0104619689656062215X(jku,04619689656062,Крем амбра ваниль,0104619689656123215d%6IT,INTRODUCED,INTRODUCED,no
0104619689656062215X_gmO,04619689656062,Крем амбра ваниль,0104619689656123215fdkbG,INTRODUCED,INTRODUCED,no
0104619689656062215Y/ueE,04619689656062,Крем амбра ваниль,0104619689656147215BpxDi,INTRODUCED,INTRODUCED,no
0104619689656062215YffCa,04619689656062,Крем амбра ваниль,0104619689656123215MHEI!,INTRODUCED,INTRODUCED,no
0104619689656062215Z6eEg,04619689656062,Крем амбра ваниль,0104619689656147215HTYxl,INTRODUCED,INTRODUCED,no
0104619689656062215Z;>RH,04619689656062,Крем амбра ваниль,0104619689656123215s/N>(,INTRODUCED,INTRODUCED,no
0104619689656062215ZN2dq,04619689656062,Крем амбра ваниль,0104619689656123215'w38G,INTRODUCED,INTRODUCED,no
0104619689656062215_hLpC,04619689656062,Крем амбра ваниль,0104619689656147215eE>hD,INTRODUCED,INTRODUCED,no
0104619689656062215a(mZi,04619689656062,Крем амбра ваниль,0104619689656123215fGtSQ,INTRODUCED,INTRODUCED,no
0104619689656062215b.NQd,04619689656062,Крем амбра ваниль,0104619689656123215q6zRy,INTRODUCED,INTRODUCED,no
0104619689656062215cy2Tj,04619689656062,Крем амбра ваниль,0104619689656147215ZaVtb,INTRODUCED,INTRODUCED,no
0104619689656062215dI(TC,04619689656062,Крем амбра ваниль,0104619689656147215T;sC>,INTRODUCED,INTRODUCED,no
0104619689656062215dPWI6,04619689656062,Крем амбра ваниль,0104619689656147215KfjSJ,INTRODUCED,INTRODUCED,no
0104619689656062215dpdb7,04619689656062,Крем амбра ваниль,0104619689656123215rrZY8,INTRODUCED,INTRODUCED,no
0104619689656062215e2HtP,04619689656062,Крем амбра ваниль,0104619689656147215UdKs/,INTRODUCED,INTRODUCED,no
"0104619689656062215e>""%o",04619689656062,Крем амбра ваниль,0104619689656147215yc)DD,INTRODUCED,INTRODUCED,no
0104619689656062215epTXP,04619689656062,Крем амбра ваниль,0104619689656147215S2jKU,INTRODUCED,INTRODUCED,no
0104619689656062215f/-!B,04619689656062,Крем амбра ваниль,0104619689656123215uS_.M,RETIRED,RETIRED,no
0104619689656062215fR!Q4,04619689656062,Крем амбра ваниль,0104619689656123215YzFT4,INTRODUCED,INTRODUCED,no
0104619689656062215gW%dC,04619689656062,Крем амбра ваниль,0104619689656147215rChPn,INTRODUCED,INTRODUCED,no
0104619689656062215gmvgV,04619689656062,Крем амбра ваниль,0104619689656147215V=!QO,INTRODUCED,INTRODUCED,no
0104619689656062215h!9vu,04619689656062,Крем амбра ваниль,0104619689656123215hTF_+,INTRODUCED,INTRODUCED,no
0104619689656062215k_klg,04619689656062,Крем амбра ваниль,0104619689656123215X?JNX,INTRODUCED,INTRODUCED,no
0104619689656062215kdgpQ,04619689656062,Крем амбра ваниль,0104619689656147215?DwkY,INTRODUCED,INTRODUCED,no
0104619689656062215kqiuX,04619689656062,Крем амбра ваниль,0104619689656147215iNaVn,INTRODUCED,INTRODUCED,no
0104619689656062215lKUNf,04619689656062,Крем амбра ваниль,"0104619689656123215ZhY,w",RETIRED,RETIRED,no
0104619689656062215lLMGa,04619689656062,Крем амбра ваниль,0104619689656123215tBrGd,INTRODUCED,INTRODUCED,no
0104619689656062215m>iki,04619689656062,Крем амбра ваниль,0104619689656123215eMUTf,INTRODUCED,INTRODUCED,no
0104619689656062215mG?Wb,04619689656062,Крем амбра ваниль,0104619689656123215I1l*(,INTRODUCED,INTRODUCED,no
0104619689656062215mPqrA,04619689656062,Крем амбра ваниль,0104619689656123215VkHQN,INTRODUCED,INTRODUCED,no
0104619689656062215mds8U,04619689656062,Крем амбра ваниль,0104619689656123215paTWV,INTRODUCED,INTRODUCED,no
0104619689656062215mjMC>,04619689656062,Крем амбра ваниль,0104619689656147215!7Dcs,INTRODUCED,INTRODUCED,no
0104619689656062215nrcXt,04619689656062,Крем амбра ваниль,0104619689656147215NU0aO,INTRODUCED,INTRODUCED,no
0104619689656062215nwPai,04619689656062,Крем амбра ваниль,0104619689656123215-vDYN,INTRODUCED,INTRODUCED,no
"0104619689656062215o7"")N",04619689656062,Крем амбра ваниль,0104619689656123215'Lli7,INTRODUCED,INTRODUCED,no
0104619689656062215pFH<a,04619689656062,Крем амбра ваниль,0104619689656123215OJJ'K,INTRODUCED,INTRODUCED,no
0104619689656062215pXFGE,04619689656062,Крем амбра ваниль,0104619689656123215(foqf,INTRODUCED,INTRODUCED,no
0104619689656062215qPq<M,04619689656062,Крем амбра ваниль,0104619689656123215D+FWI,INTRODUCED,INTRODUCED,no
0104619689656062215qWndf,04619689656062,Крем амбра ваниль,0104619689656147215q5Y?M,INTRODUCED,INTRODUCED,no
0104619689656062215qg8VX,04619689656062,Крем амбра ваниль,01046196896561472157ng!n,INTRODUCED,INTRODUCED,no
0104619689656062215qgSlh,04619689656062,Крем амбра ваниль,01046196896561232157mMV6,INTRODUCED,INTRODUCED,no
0104619689656062215rZ2cV,04619689656062,Крем амбра ваниль,0104619689656147215V=kZc,INTRODUCED,INTRODUCED,no
0104619689656062215smm9V,04619689656062,Крем амбра ваниль,"0104619689656123215,fMPl",INTRODUCED,INTRODUCED,no
0104619689656062215uJb!K,04619689656062,Крем амбра ваниль,0104619689656147215MMlbb,RETIRED,RETIRED,no
0104619689656062215w!jJx,04619689656062,Крем амбра ваниль,0104619689656123215vkdwX,INTRODUCED,INTRODUCED,no
0104619689656062215wI6*I,04619689656062,Крем амбра ваниль,0104619689656147215<yB)B,INTRODUCED,INTRODUCED,no
0104619689656062215x;spM,04619689656062,Крем амбра ваниль,0104619689656123215ATaFc,INTRODUCED,INTRODUCED,no
0104619689656062215z_NEQ,04619689656062,Крем амбра ваниль,0104619689656123215%btsx,INTRODUCED,INTRODUCED,no
"0104619689656079215!""k'J",04619689656079,Крем вишня,0104619689656123215xz!Jh,INTRODUCED,INTRODUCED,no
0104619689656079215!RYYK,04619689656079,Крем вишня,0104619689656130215aMdN1,INTRODUCED,INTRODUCED,no
0104619689656079215&/nCG,04619689656079,Крем вишня,0104619689656130215lZTBQ,INTRODUCED,INTRODUCED,no
0104619689656079215&O0MD,04619689656079,Крем вишня,0104619689656130215GCUlF,INTRODUCED,INTRODUCED,no
0104619689656079215&ns7p,04619689656079,Крем вишня,0104619689656130215:ET'Q,INTRODUCED,INTRODUCED,no
0104619689656079215'&hvE,04619689656079,Крем вишня,0104619689656130215!?4ro,INTRODUCED,INTRODUCED,yes
0104619689656079215)'obe,04619689656079,Крем вишня,0104619689656130215l;B-f,INTRODUCED,INTRODUCED,no
0104619689656079215+071s,04619689656079,Крем вишня,0104619689656123215'Lli7,INTRODUCED,INTRODUCED,no
0104619689656079215+pu(V,04619689656079,Крем вишня,0104619689656123215AE:jl,INTRODUCED,INTRODUCED,no
"0104619689656079215,E&!E",04619689656079,Крем вишня,0104619689656123215ckyR6,INTRODUCED,INTRODUCED,no
0104619689656079215--&9R,04619689656079,Крем вишня,0104619689656123215(W1Xg,INTRODUCED,INTRODUCED,no
0104619689656079215-LWsU,04619689656079,Крем вишня,0104619689656123215s(PJt,INTRODUCED,INTRODUCED,no
0104619689656079215-Z+DH,04619689656079,Крем вишня,0104619689656123215Yi.BC,INTRODUCED,INTRODUCED,no
0104619689656079215.HG+_,04619689656079,Крем вишня,0104619689656123215-vDYN,INTRODUCED,INTRODUCED,no
0104619689656079215.pN4j,04619689656079,Крем вишня,0104619689656123215(foqf,INTRODUCED,INTRODUCED,no
0104619689656079215/Dtrk,04619689656079,Крем вишня,0104619689656123215uS_.M,RETIRED,RETIRED,no
0104619689656079215/wF6b,04619689656079,Крем вишня,0104619689656123215D+FWI,INTRODUCED,INTRODUCED,no
01046196896560792151RTwl,04619689656079,Крем вишня,0104619689656123215rrZY8,INTRODUCED,INTRODUCED,no
01046196896560792152JcL&,04619689656079,Крем вишня,0104619689656123215NI2a9,RETIRED,RETIRED,no
01046196896560792152O(-I,04619689656079,Крем вишня,01046196896561302158fq6;,INTRODUCED,INTRODUCED,no
010461968965607921538hs3,04619689656079,Крем вишня,0104619689656130215;odrJ,INTRODUCED,INTRODUCED,no
01046196896560792154NjPd,04619689656079,Крем вишня,0104619689656123215/pJ.L,INTRODUCED,INTRODUCED,no
01046196896560792155xQ%m,04619689656079,Крем вишня,0104619689656130215tOIu),INTRODUCED,INTRODUCED,no
01046196896560792155xhPe,04619689656079,Крем вишня,0104619689656123215F_INo,INTRODUCED,INTRODUCED,no
010461968965607921574n<&,04619689656079,Крем вишня,0104619689656130215Izrnz,INTRODUCED,INTRODUCED,no
01046196896560792158F:pf,04619689656079,Крем вишня,0104619689656130215OHW7a,RETIRED,RETIRED,no
01046196896560792159BfwU,04619689656079,Крем вишня,0104619689656123215X?JNX,INTRODUCED,INTRODUCED,no
01046196896560792159VdkW,04619689656079,Крем вишня,0104619689656130215nul95,INTRODUCED,INTRODUCED,no
01046196896560792159Wl9o,04619689656079,Крем вишня,"0104619689656130215mx""02",INTRODUCED,INTRODUCED,no
01046196896560792159fTd(,04619689656079,Крем вишня,0104619689656130215WHVcG,INTRODUCED,INTRODUCED,no
01046196896560792159gkuV,04619689656079,Крем вишня,0104619689656130215sPfQm,INTRODUCED,INTRODUCED,no
01046196896560792159id2M,04619689656079,Крем вишня,0104619689656123215;ktpZ,INTRODUCED,INTRODUCED,no
0104619689656079215?Q.Yu,04619689656079,Крем вишня,"0104619689656130215,RlGY",INTRODUCED,INTRODUCED,no
0104619689656079215?p>5Q,04619689656079,Крем вишня,01046196896561302157:hNL,INTRODUCED,INTRODUCED,no
0104619689656079215Ah<Nw,04619689656079,Крем вишня,0104619689656123215GTkzo,INTRODUCED,INTRODUCED,no
0104619689656079215AkD:p,04619689656079,Крем вишня,0104619689656130215K%V)-,RETIRED,RETIRED,no
0104619689656079215BGzvG,04619689656079,Крем вишня,01046196896561302159Prf0,INTRODUCED,INTRODUCED,yes
0104619689656079215BeW.G,04619689656079,Крем вишня,0104619689656130215YH>yI,INTRODUCED,INTRODUCED,no
0104619689656079215BlP0U,04619689656079,Крем вишня,0104619689656123215f7fIY,INTRODUCED,INTRODUCED,no
0104619689656079215Bu6EZ,04619689656079,Крем вишня,0104619689656130215gzsGt,INTRODUCED,INTRODUCED,no
0104619689656079215Bx?q:,04619689656079,Крем вишня,0104619689656130215BJAtj,INTRODUCED,INTRODUCED,no
0104619689656079215C*Ng),04619689656079,Крем вишня,0104619689656130215Mt=4Q,INTRODUCED,INTRODUCED,no
0104619689656079215C/&V6,04619689656079,Крем вишня,0104619689656123215U6_At,INTRODUCED,INTRODUCED,no
0104619689656079215CJJi2,04619689656079,Крем вишня,"0104619689656130215S,o:H",INTRODUCED,INTRODUCED,yes
0104619689656079215CPeVZ,04619689656079,Крем вишня,0104619689656123215&5AwR,INTRODUCED,INTRODUCED,no
0104619689656079215CVHRZ,04619689656079,Крем вишня,0104619689656130215mnDu1,RETIRED,RETIRED,no
0104619689656079215DHpbj,04619689656079,Крем вишня,01046196896561302151MgOH,INTRODUCED,INTRODUCED,no
0104619689656079215DsdtM,04619689656079,Крем вишня,0104619689656130215eBrqX,INTRODUCED,INTRODUCED,no
0104619689656079215Dwv3:,04619689656079,Крем вишня,0104619689656123215'w38G,INTRODUCED,INTRODUCED,no
0104619689656079215E-fXf,04619689656079,Крем вишня,0104619689656123215K:LlY,INTRODUCED,INTRODUCED,no
0104619689656079215EG%Pk,04619689656079,Крем вишня,0104619689656123215eMUTf,INTRODUCED,INTRODUCED,no
0104619689656079215EfBh9,04619689656079,Крем вишня,0104619689656130215Bi'Dr,INTRODUCED,INTRODUCED,no
0104619689656079215FV><J,04619689656079,Крем вишня,"0104619689656130215,M<)i",INTRODUCED,INTRODUCED,no
0104619689656079215Ft!Xp,04619689656079,Крем вишня,"0104619689656123215hg""LJ",INTRODUCED,INTRODUCED,no
0104619689656079215GQ(hR,04619689656079,Крем вишня,0104619689656130215fr1GH,INTRODUCED,INTRODUCED,no
0104619689656079215Gy2mY,04619689656079,Крем вишня,0104619689656123215fGtSQ,INTRODUCED,INTRODUCED,no
"0104619689656079215HHHd,",04619689656079,Крем вишня,0104619689656130215/AFjA,INTRODUCED,INTRODUCED,yes
0104619689656079215HiR=T,04619689656079,Крем вишня,010461968965613021579qHg,INTRODUCED,INTRODUCED,no
0104619689656079215I_S9c,04619689656079,Крем вишня,0104619689656130215O9b5P,INTRODUCED,INTRODUCED,no
0104619689656079215ItF_g,04619689656079,Крем вишня,0104619689656130215peaN.,INTRODUCED,INTRODUCED,no
0104619689656079215JfaUQ,04619689656079,Крем вишня,0104619689656130215TnvX*,INTRODUCED,INTRODUCED,no
0104619689656079215KH;lA,04619689656079,Крем вишня,0104619689656130215R80>Q,INTRODUCED,INTRODUCED,no
0104619689656079215KVe;X,04619689656079,Крем вишня,0104619689656123215s/N>(,INTRODUCED,INTRODUCED,no
0104619689656079215LoLJc,04619689656079,Крем вишня,0104619689656123215>PdQT,INTRODUCED,INTRODUCED,no
0104619689656079215M9QpR,04619689656079,Крем вишня,"0104619689656123215ZhY,w",RETIRED,RETIRED,no
0104619689656079215MYsHi,04619689656079,Крем вишня,01046196896561232157mMV6,INTRODUCED,INTRODUCED,no
0104619689656079215MrKiu,04619689656079,Крем вишня,0104619689656130215Klh_s,INTRODUCED,INTRODUCED,no
0104619689656079215NFZnD,04619689656079,Крем вишня,0104619689656123215+h5;I,INTRODUCED,INTRODUCED,no
0104619689656079215NcF=C,04619689656079,Крем вишня,0104619689656130215gx9LK,INTRODUCED,INTRODUCED,no
0104619689656079215OscY5,04619689656079,Крем вишня,0104619689656130215hXMp0,INTRODUCED,INTRODUCED,no
0104619689656079215PCQK<,04619689656079,Крем вишня,0104619689656123215SHA-X,INTRODUCED,INTRODUCED,no
0104619689656079215PXiy0,04619689656079,Крем вишня,0104619689656130215Rf+Yl,RETIRED,RETIRED,no
0104619689656079215PhUko,04619689656079,Крем вишня,0104619689656123215AORF9,INTRODUCED,INTRODUCED,no
0104619689656079215Pn5LP,04619689656079,Крем вишня,0104619689656130215vqNVk,INTRODUCED,INTRODUCED,no
0104619689656079215Q0T.y,04619689656079,Крем вишня,0104619689656130215GlEXZ,INTRODUCED,INTRODUCED,no
0104619689656079215Q<xOP,04619689656079,Крем вишня,0104619689656130215vt9N&,INTRODUCED,INTRODUCED,no
0104619689656079215QMmlz,04619689656079,Крем вишня,0104619689656123215bBoLi,INTRODUCED,INTRODUCED,no
0104619689656079215SM>My,04619689656079,Крем вишня,0104619689656123215tBrGd,INTRODUCED,INTRODUCED,no
0104619689656079215TB%Md,04619689656079,Крем вишня,0104619689656123215fdkbG,INTRODUCED,INTRODUCED,no
0104619689656079215TkcZQ,04619689656079,Крем вишня,0104619689656123215F)/KT,INTRODUCED,INTRODUCED,no
0104619689656079215U0F;v,04619689656079,Крем вишня,"0104619689656130215rfMQ""",INTRODUCED,INTRODUCED,no
0104619689656079215UpHCK,04619689656079,Крем вишня,0104619689656130215df%qO,INTRODUCED,INTRODUCED,no
0104619689656079215V9Dqa,04619689656079,Крем вишня,0104619689656123215ZiTLs,INTRODUCED,INTRODUCED,no
0104619689656079215VdYeL,04619689656079,Крем вишня,0104619689656130215dLCKf,INTRODUCED,INTRODUCED,no
0104619689656079215Vtj!;,04619689656079,Крем вишня,0104619689656130215pwMCX,INTRODUCED,INTRODUCED,no
0104619689656079215W7JVm,04619689656079,Крем вишня,0104619689656130215)Yql9,INTRODUCED,INTRODUCED,no
0104619689656079215WvWrl,04619689656079,Крем вишня,0104619689656123215I1l*(,INTRODUCED,INTRODUCED,no
0104619689656079215X7nG5,04619689656079,Крем вишня,01046196896561232154a+Yr,INTRODUCED,INTRODUCED,no
0104619689656079215XikKK,04619689656079,Крем вишня,0104619689656130215RlT4I,INTRODUCED,INTRODUCED,yes
0104619689656079215XtBXF,04619689656079,Крем вишня,0104619689656130215uipTB,INTRODUCED,INTRODUCED,no
0104619689656079215YJfWp,04619689656079,Крем вишня,0104619689656123215EeNpU,RETIRED,RETIRED,no
0104619689656079215Yw:(s,04619689656079,Крем вишня,0104619689656123215<Sl(m,INTRODUCED,INTRODUCED,no
0104619689656079215Z'xmO,04619689656079,Крем вишня,0104619689656130215CR<LP,INTRODUCED,INTRODUCED,no
0104619689656079215aY/nV,04619689656079,Крем вишня,0104619689656130215+ldre,RETIRED,RETIRED,no
0104619689656079215bNiTG,04619689656079,Крем вишня,0104619689656123215d%6IT,INTRODUCED,INTRODUCED,no
0104619689656079215c&qVo,04619689656079,Крем вишня,0104619689656123215OJJ'K,INTRODUCED,INTRODUCED,no
0104619689656079215cHl<C,04619689656079,Крем вишня,0104619689656130215au?ag,INTRODUCED,INTRODUCED,no
0104619689656079215cY>CN,04619689656079,Крем вишня,0104619689656123215vkdwX,INTRODUCED,INTRODUCED,no
0104619689656079215d:DMa,04619689656079,Крем вишня,0104619689656130215ASd0S,INTRODUCED,INTRODUCED,no
0104619689656079215d;iX?,04619689656079,Крем вишня,0104619689656130215;ERVl,INTRODUCED,INTRODUCED,no
0104619689656079215dBZ_c,04619689656079,Крем вишня,0104619689656123215VkHQN,INTRODUCED,INTRODUCED,no
0104619689656079215dY)UV,04619689656079,Крем вишня,0104619689656130215WML5B,RETIRED,RETIRED,no
0104619689656079215eDayI,04619689656079,Крем вишня,0104619689656123215hTF_+,INTRODUCED,INTRODUCED,no
0104619689656079215ectSJ,04619689656079,Крем вишня,0104619689656123215nx3-R,INTRODUCED,INTRODUCED,no
0104619689656079215fL9b7,04619689656079,Крем вишня,"0104619689656130215VJNb""",INTRODUCED,INTRODUCED,yes
"0104619689656079215fa,jl",04619689656079,Крем вишня,0104619689656130215SKlqt,INTRODUCED,INTRODUCED,no
0104619689656079215gK?78,04619689656079,Крем вишня,0104619689656130215dWjC&,INTRODUCED,INTRODUCED,no
0104619689656079215gficB,04619689656079,Крем вишня,0104619689656123215YzFT4,INTRODUCED,INTRODUCED,no
0104619689656079215jKY3),04619689656079,Крем вишня,0104619689656123215MHEI!,INTRODUCED,INTRODUCED,no
0104619689656079215jeq<W,04619689656079,Крем вишня,0104619689656123215NV5hm,INTRODUCED,INTRODUCED,no
0104619689656079215k/DIE,04619689656079,Крем вишня,0104619689656130215hiOOA,INTRODUCED,INTRODUCED,no
0104619689656079215k1Rh&,04619689656079,Крем вишня,01046196896561302150k9r<,INTRODUCED,INTRODUCED,no
0104619689656079215kDF0R,04619689656079,Крем вишня,0104619689656130215yW9d5,INTRODUCED,INTRODUCED,no
0104619689656079215kQkxh,04619689656079,Крем вишня,0104619689656130215ztOft,INTRODUCED,INTRODUCED,no
"0104619689656079215ktSL""",04619689656079,Крем вишня,0104619689656123215QobZl,INTRODUCED,INTRODUCED,no
0104619689656079215lE)9j,04619689656079,Крем вишня,0104619689656123215lVcA2,INTRODUCED,INTRODUCED,no
0104619689656079215mDLKf,04619689656079,Крем вишня,0104619689656123215%btsx,INTRODUCED,INTRODUCED,no
"0104619689656079215mNCX,",04619689656079,Крем вишня,0104619689656123215X5g3k,INTRODUCED,INTRODUCED,no
0104619689656079215mNU2L,04619689656079,Крем вишня,0104619689656123215eNEi:,INTRODUCED,INTRODUCED,no
"0104619689656079215mng4,",04619689656079,Крем вишня,0104619689656130215j.jNd,INTRODUCED,INTRODUCED,no
0104619689656079215mtHT8,04619689656079,Крем вишня,0104619689656123215iyePz,INTRODUCED,INTRODUCED,no
0104619689656079215mtvI5,04619689656079,Крем вишня,0104619689656130215t5EcC,INTRODUCED,INTRODUCED,no
0104619689656079215nMvm&,04619689656079,Крем вишня,0104619689656130215;djfD,INTRODUCED,INTRODUCED,no
0104619689656079215pFECP,04619689656079,Крем вишня,"0104619689656123215,fMPl",INTRODUCED,INTRODUCED,no
0104619689656079215pGitH,04619689656079,Крем вишня,0104619689656123215Ri4aQ,RETIRED,RETIRED,no
0104619689656079215ql9m0,04619689656079,Крем вишня,"0104619689656123215RWm!,",INTRODUCED,INTRODUCED,no
0104619689656079215r*HXF,04619689656079,Крем вишня,0104619689656123215q6zRy,INTRODUCED,INTRODUCED,no
0104619689656079215r45m=,04619689656079,Крем вишня,0104619689656130215q:ZTY,RETIRED,RETIRED,no
0104619689656079215rj'IG,04619689656079,Крем вишня,0104619689656123215Ixu-0,INTRODUCED,INTRODUCED,no
0104619689656079215sEOUg,04619689656079,Крем вишня,0104619689656123215paTWV,INTRODUCED,INTRODUCED,no
0104619689656079215slb&I,04619689656079,Крем вишня,01046196896561232155yvv4,INTRODUCED,INTRODUCED,no
0104619689656079215tQkHl,04619689656079,Крем вишня,01046196896561302157qoEf,INTRODUCED,INTRODUCED,no
0104619689656079215uikU(,04619689656079,Крем вишня,0104619689656123215VqBLy,INTRODUCED,INTRODUCED,no
0104619689656079215xPQU*,04619689656079,Крем вишня,0104619689656130215m7vA+,INTRODUCED,INTRODUCED,no
0104619689656079215yZsUs,04619689656079,Крем вишня,0104619689656123215)aEQQ,INTRODUCED,INTRODUCED,no
0104619689656079215z3_ew,04619689656079,Крем вишня,0104619689656123215ATaFc,INTRODUCED,INTRODUCED,no
