scenario,inbound,ym,internal_sku,channel,units,price,gmv,marketplace_costs,ads,seller_cash,cogs,contribution
CONSERVATIVE,A,2026-09,EVT-FS-ACNE-30,WB,29.3,806,23572,12959,2357,8255,3973,4282
CONSERVATIVE,A,2026-09,EVT-FS-ACNE-30,OZON,5.6,1258,7011,4273,701,2038,757,1281
CONSERVATIVE,A,2026-09,EVT-FS-MOIST-30,WB,29.7,699,20783,11736,2042,7006,3888,3117
CONSERVATIVE,A,2026-09,EVT-FS-MOIST-30,OZON,6.3,1234,7737,4725,774,2239,820,1419
CONSERVATIVE,A,2026-09,EVT-FC-ACNE-50,WB,29.5,800,23582,13194,2358,8030,3883,4147
CONSERVATIVE,A,2026-09,EVT-FC-ACNE-50,OZON,5.1,1374,7020,4275,702,2042,673,1370
CONSERVATIVE,A,2026-09,EVT-FT-ACNE-150,WB,22.5,740,16669,9303,749,6618,4117,2500
CONSERVATIVE,A,2026-09,EVT-FT-ACNE-150,OZON,10.7,1219,13022,8037,1079,3906,1953,1953
CONSERVATIVE,A,2026-09,EVT-FT-MOIST-150,WB,10.7,740,7905,4415,351,3138,1953,1186
CONSERVATIVE,A,2026-09,EVT-FT-MOIST-150,OZON,5.1,1197,6115,3782,482,1851,934,917
CONSERVATIVE,A,2026-09,EVT-EP-ENZYME-75,WB,13.5,666,8970,5140,339,3491,2146,1346
CONSERVATIVE,A,2026-09,EVT-EP-ENZYME-75,OZON,4.4,1231,5431,3348,543,1540,703,837
CONSERVATIVE,A,2026-09,EVT-HC-HAND-300,WB,90.6,640,57963,34790,2217,20955,20955,0
CONSERVATIVE,A,2026-09,EVT-HC-HAND-300,OZON,10.4,973,10168,6503,1017,2648,2418,230
CONSERVATIVE,A,2026-09,EVT-HC-CHERRY-300,WB,12.3,640,7877,4694,0,3183,2157,1026
CONSERVATIVE,A,2026-09,EVT-HC-CHERRY-300,OZON,4.9,1209,5896,3662,495,1739,855,884
CONSERVATIVE,A,2026-09,EVT-HC-AMBER-300,WB,9.8,640,6242,3846,0,2396,1709,686
CONSERVATIVE,A,2026-09,EVT-HC-AMBER-300,OZON,3.0,1242,3749,2321,337,1092,529,562
CONSERVATIVE,A,2026-09,EVT-SET-4PC-ACNE,WB,12.3,1900,23385,12813,0,10572,7502,3070
CONSERVATIVE,A,2026-09,EVT-SET-4PC-ACNE,OZON,5.6,3816,21268,12132,2127,7009,3397,3612
CONSERVATIVE,A,2026-09,EVT-SET-SER-CREAM-ACNE,WB,12.1,1294,15626,8248,1563,5815,3229,2586
CONSERVATIVE,A,2026-09,EVT-SET-SER-CREAM-ACNE,OZON,1.9,1625,3019,1816,253,950,497,453
CONSERVATIVE,A,2026-09,EVT-SET-TON-SER-CREAM-ACNE,WB,10.9,1343,14660,8421,0,6240,4914,1326
CONSERVATIVE,A,2026-09,EVT-SET-TON-SER-CREAM-ACNE,OZON,4.2,2735,11432,6615,1143,3674,1882,1792
CONSERVATIVE,A,2026-09,EVT-SET-ACNE-POWDER-SERUM-CREAM,OZON,1.4,2436,3394,1978,312,1104,595,509
CONSERVATIVE,A,2026-09,EVT-SET-ACNE-TONIC-SERUM,WB,0.7,1280,892,463,73,356,222,134
CONSERVATIVE,A,2026-09,EVT-SET-ACNE-TONIC-SERUM,OZON,0.2,1740,404,242,28,135,74,61
CONSERVATIVE,A,2026-09,EVT-SET-TON-CREAM-ACNE,WB,4.2,1274,5325,2854,358,2113,1314,799
CONSERVATIVE,A,2026-09,EVT-SET-MOIST-TONIC-SERUM,WB,1.2,1248,1449,774,93,581,364,217
CONSERVATIVE,A,2026-09,EVT-SET-MOIST-TONIC-SERUM,OZON,1.9,1527,2837,1717,112,1008,583,426
CONSERVATIVE,A,2026-09,EVT-SET-HAND-CHERRY,WB,4.4,1120,4942,2990,0,1951,1794,157
CONSERVATIVE,A,2026-09,EVT-SET-HAND-CHERRY,OZON,3.0,1620,4891,2967,0,1923,1228,696
CONSERVATIVE,A,2026-09,EVT-SET-HAND-AMBER,WB,4.2,1120,4682,2783,0,1898,1700,199
CONSERVATIVE,A,2026-09,EVT-SET-HAND-AMBER,OZON,1.4,1452,2023,1242,0,781,567,215
CONSERVATIVE,A,2026-09,EVT-SET-CHERRY-AMBER,WB,4.2,1120,4682,2700,0,1981,1465,516
CONSERVATIVE,A,2026-09,EVT-SET-CHERRY-AMBER,OZON,1.6,1574,2559,1557,48,954,570,384
CONSERVATIVE,A,2026-10,EVT-FS-ACNE-30,WB,42.0,806,33835,18602,3384,11850,5703,6147
CONSERVATIVE,A,2026-10,EVT-FS-ACNE-30,OZON,8.0,1258,10064,6133,1006,2925,1086,1838
CONSERVATIVE,A,2026-10,EVT-FS-MOIST-30,WB,42.7,699,29833,16846,2931,10056,5581,4475
CONSERVATIVE,A,2026-10,EVT-FS-MOIST-30,OZON,9.0,1234,11106,6782,1111,3214,1177,2036
CONSERVATIVE,A,2026-10,EVT-FC-ACNE-50,WB,42.3,800,33850,18938,3385,11527,5574,5953
CONSERVATIVE,A,2026-10,EVT-FC-ACNE-50,OZON,7.3,1374,10076,6137,1008,2932,966,1966
CONSERVATIVE,A,2026-10,EVT-FT-ACNE-150,WB,32.3,740,23927,13353,1075,9499,5910,3589
CONSERVATIVE,A,2026-10,EVT-FT-ACNE-150,OZON,15.3,1219,18691,11536,1549,5606,2803,2804
CONSERVATIVE,A,2026-10,EVT-FT-MOIST-150,WB,15.3,740,11347,6338,504,4505,2803,1702
CONSERVATIVE,A,2026-10,EVT-FT-MOIST-150,OZON,7.3,1197,8778,5429,692,2657,1340,1317
CONSERVATIVE,A,2026-10,EVT-EP-ENZYME-75,WB,19.3,666,12876,7378,487,5011,3080,1931
CONSERVATIVE,A,2026-10,EVT-EP-ENZYME-75,OZON,6.3,1231,7796,4806,780,2210,1009,1201
CONSERVATIVE,A,2026-10,EVT-HC-HAND-300,WB,130.0,640,83200,49938,3183,30079,30079,0
CONSERVATIVE,A,2026-10,EVT-HC-HAND-300,OZON,15.0,973,14595,9334,1460,3801,3471,331
CONSERVATIVE,A,2026-10,EVT-HC-CHERRY-300,WB,17.7,640,11307,6737,0,4570,3096,1473
CONSERVATIVE,A,2026-10,EVT-HC-CHERRY-300,OZON,7.0,1209,8463,5256,710,2496,1227,1269
CONSERVATIVE,A,2026-10,EVT-HC-AMBER-300,WB,14.0,640,8960,5521,0,3439,2454,985
CONSERVATIVE,A,2026-10,EVT-HC-AMBER-300,OZON,4.3,1242,5382,3332,483,1567,760,807
CONSERVATIVE,A,2026-10,EVT-SET-4PC-ACNE,WB,17.7,1900,33567,18392,0,15175,10768,4407
CONSERVATIVE,A,2026-10,EVT-SET-4PC-ACNE,OZON,8.0,3816,30528,17414,3053,10061,4876,5185
CONSERVATIVE,A,2026-10,EVT-SET-SER-CREAM-ACNE,WB,17.3,1294,22429,11839,2243,8347,4636,3711
CONSERVATIVE,A,2026-10,EVT-SET-SER-CREAM-ACNE,OZON,2.7,1625,4333,2607,363,1363,713,650
CONSERVATIVE,A,2026-10,EVT-SET-TON-SER-CREAM-ACNE,WB,15.7,1343,21043,12087,0,8956,7054,1903
CONSERVATIVE,A,2026-10,EVT-SET-TON-SER-CREAM-ACNE,OZON,6.0,2735,16410,9495,1641,5274,2701,2572
CONSERVATIVE,A,2026-10,EVT-SET-ACNE-POWDER-SERUM-CREAM,OZON,2.0,2436,4872,2839,448,1584,853,731
CONSERVATIVE,A,2026-10,EVT-SET-ACNE-TONIC-SERUM,WB,1.0,1280,1280,665,105,511,319,192
CONSERVATIVE,A,2026-10,EVT-SET-ACNE-TONIC-SERUM,OZON,0.3,1740,580,347,40,193,106,87
CONSERVATIVE,A,2026-10,EVT-SET-TON-CREAM-ACNE,WB,6.0,1274,7644,4096,514,3033,1887,1147
CONSERVATIVE,A,2026-10,EVT-SET-MOIST-TONIC-SERUM,WB,1.7,1248,2080,1112,134,835,523,312
CONSERVATIVE,A,2026-10,EVT-SET-MOIST-TONIC-SERUM,OZON,2.7,1527,4072,2465,160,1447,836,611
CONSERVATIVE,A,2026-10,EVT-SET-HAND-CHERRY,WB,6.3,1120,7093,4292,0,2801,2575,226
CONSERVATIVE,A,2026-10,EVT-SET-HAND-CHERRY,OZON,4.3,1620,7020,4259,0,2761,1762,999
CONSERVATIVE,A,2026-10,EVT-SET-HAND-AMBER,WB,6.0,1120,6720,3995,0,2725,2440,285
CONSERVATIVE,A,2026-10,EVT-SET-HAND-AMBER,OZON,2.0,1452,2904,1783,0,1121,813,308
CONSERVATIVE,A,2026-10,EVT-SET-CHERRY-AMBER,WB,6.0,1120,6720,3876,0,2844,2103,741
CONSERVATIVE,A,2026-10,EVT-SET-CHERRY-AMBER,OZON,2.3,1574,3673,2235,69,1369,818,551
CONSERVATIVE,A,2026-11,EVT-FS-ACNE-30,WB,44.1,806,35527,19532,3553,12442,5988,6454
CONSERVATIVE,A,2026-11,EVT-FS-ACNE-30,OZON,8.4,1258,10567,6440,1057,3071,1141,1930
CONSERVATIVE,A,2026-11,EVT-FS-MOIST-30,WB,44.8,699,31324,17688,3077,10559,5860,4699
CONSERVATIVE,A,2026-11,EVT-FS-MOIST-30,OZON,9.5,1234,11661,7121,1166,3374,1236,2138
CONSERVATIVE,A,2026-11,EVT-FC-ACNE-50,WB,44.5,800,35542,19885,3554,12103,5852,6251
CONSERVATIVE,A,2026-11,EVT-FC-ACNE-50,OZON,7.7,1374,10580,6444,1058,3078,1014,2064
CONSERVATIVE,A,2026-11,EVT-FT-ACNE-150,WB,34.0,740,25123,14021,1128,9974,6206,3768
CONSERVATIVE,A,2026-11,EVT-FT-ACNE-150,OZON,16.1,1219,19626,12113,1626,5887,2943,2944
CONSERVATIVE,A,2026-11,EVT-FT-MOIST-150,WB,16.1,740,11914,6655,529,4730,2943,1787
CONSERVATIVE,A,2026-11,EVT-FT-MOIST-150,OZON,7.7,1197,9217,5701,726,2790,1407,1383
CONSERVATIVE,A,2026-11,EVT-EP-ENZYME-75,WB,20.3,666,13520,7747,512,5262,3234,2028
CONSERVATIVE,A,2026-11,EVT-EP-ENZYME-75,OZON,6.7,1231,8186,5047,819,2321,1059,1262
CONSERVATIVE,A,2026-11,EVT-HC-HAND-300,WB,136.5,640,87360,52435,3342,31583,31583,0
CONSERVATIVE,A,2026-11,EVT-HC-HAND-300,OZON,15.8,973,15325,9801,1532,3991,3644,347
CONSERVATIVE,A,2026-11,EVT-HC-CHERRY-300,WB,18.6,640,11872,7074,0,4798,3251,1547
CONSERVATIVE,A,2026-11,EVT-HC-CHERRY-300,OZON,7.4,1209,8886,5519,746,2621,1288,1333
CONSERVATIVE,A,2026-11,EVT-HC-AMBER-300,WB,14.7,640,9408,5797,0,3611,2576,1035
CONSERVATIVE,A,2026-11,EVT-HC-AMBER-300,OZON,4.5,1242,5651,3498,507,1645,797,848
CONSERVATIVE,A,2026-11,EVT-SET-4PC-ACNE,WB,18.6,1900,35245,19311,0,15934,11307,4627
CONSERVATIVE,A,2026-11,EVT-SET-4PC-ACNE,OZON,8.4,3816,32054,18284,3205,10565,5120,5445
CONSERVATIVE,A,2026-11,EVT-SET-SER-CREAM-ACNE,WB,18.2,1294,23551,12431,2355,8764,4867,3897
CONSERVATIVE,A,2026-11,EVT-SET-SER-CREAM-ACNE,OZON,2.8,1625,4550,2737,381,1431,749,682
CONSERVATIVE,A,2026-11,EVT-SET-TON-SER-CREAM-ACNE,WB,16.4,1343,22096,12692,0,9404,7406,1998
CONSERVATIVE,A,2026-11,EVT-SET-TON-SER-CREAM-ACNE,OZON,6.3,2735,17231,9970,1723,5537,2836,2701
CONSERVATIVE,A,2026-11,EVT-SET-ACNE-POWDER-SERUM-CREAM,OZON,2.1,2436,5116,2981,471,1663,896,767
CONSERVATIVE,A,2026-11,EVT-SET-ACNE-TONIC-SERUM,WB,1.1,1280,1344,698,110,536,334,202
CONSERVATIVE,A,2026-11,EVT-SET-ACNE-TONIC-SERUM,OZON,0.3,1740,609,364,42,203,111,91
CONSERVATIVE,A,2026-11,EVT-SET-TON-CREAM-ACNE,WB,6.3,1274,8026,4301,540,3185,1981,1204
CONSERVATIVE,A,2026-11,EVT-SET-MOIST-TONIC-SERUM,WB,1.8,1248,2184,1167,140,876,549,328
CONSERVATIVE,A,2026-11,EVT-SET-MOIST-TONIC-SERUM,OZON,2.8,1527,4276,2588,168,1519,878,641
CONSERVATIVE,A,2026-11,EVT-SET-HAND-CHERRY,WB,6.7,1120,7448,4507,0,2941,2704,237
CONSERVATIVE,A,2026-11,EVT-SET-HAND-CHERRY,OZON,4.5,1620,7371,4472,0,2899,1850,1049
CONSERVATIVE,A,2026-11,EVT-SET-HAND-AMBER,WB,6.3,1120,7056,4195,0,2861,2562,299
CONSERVATIVE,A,2026-11,EVT-SET-HAND-AMBER,OZON,2.1,1452,3049,1872,0,1177,854,323
CONSERVATIVE,A,2026-11,EVT-SET-CHERRY-AMBER,WB,6.3,1120,7056,4070,0,2986,2208,778
CONSERVATIVE,A,2026-11,EVT-SET-CHERRY-AMBER,OZON,2.5,1574,3856,2347,72,1437,859,578
CONSERVATIVE,A,2026-12,EVT-FS-ACNE-30,WB,63.0,806,50753,27903,5075,17775,8554,9220
CONSERVATIVE,A,2026-12,EVT-FS-ACNE-30,OZON,12.0,1258,15096,9199,1510,4387,1629,2758
CONSERVATIVE,A,2026-12,EVT-FS-MOIST-30,WB,64.0,699,44749,25269,4396,15084,8372,6712
CONSERVATIVE,A,2026-12,EVT-FS-MOIST-30,OZON,13.5,1234,16659,10173,1666,4820,1766,3055
CONSERVATIVE,A,2026-12,EVT-FC-ACNE-50,WB,63.5,800,50775,28407,5077,17290,8360,8930
CONSERVATIVE,A,2026-12,EVT-FC-ACNE-50,OZON,11.0,1374,15114,9205,1511,4397,1448,2949
CONSERVATIVE,A,2026-12,EVT-FT-ACNE-150,WB,48.5,740,35890,20029,1612,14249,8865,5384
CONSERVATIVE,A,2026-12,EVT-FT-ACNE-150,OZON,23.0,1219,28037,17304,2323,8410,4204,4206
CONSERVATIVE,A,2026-12,EVT-FT-MOIST-150,WB,23.0,740,17020,9507,756,6757,4204,2553
CONSERVATIVE,A,2026-12,EVT-FT-MOIST-150,OZON,11.0,1197,13167,8144,1037,3986,2011,1975
CONSERVATIVE,A,2026-12,EVT-EP-ENZYME-75,WB,29.0,666,19314,11066,731,7517,4620,2897
CONSERVATIVE,A,2026-12,EVT-EP-ENZYME-75,OZON,9.5,1231,11694,7210,1169,3316,1513,1802
CONSERVATIVE,A,2026-12,EVT-HC-HAND-300,WB,195.0,640,124800,74907,4774,45119,45119,0
CONSERVATIVE,A,2026-12,EVT-HC-HAND-300,OZON,22.5,973,21892,14001,2189,5702,5206,496
CONSERVATIVE,A,2026-12,EVT-HC-CHERRY-300,WB,26.5,640,16960,10106,0,6854,4645,2210
CONSERVATIVE,A,2026-12,EVT-HC-CHERRY-300,OZON,10.5,1209,12694,7885,1065,3745,1840,1904
CONSERVATIVE,A,2026-12,EVT-HC-AMBER-300,WB,21.0,640,13440,8281,0,5159,3681,1478
CONSERVATIVE,A,2026-12,EVT-HC-AMBER-300,OZON,6.5,1242,8073,4998,725,2350,1139,1211
CONSERVATIVE,A,2026-12,EVT-SET-4PC-ACNE,WB,26.5,1900,50350,27587,0,22763,16152,6610
CONSERVATIVE,A,2026-12,EVT-SET-4PC-ACNE,OZON,12.0,3816,45792,26121,4579,15092,7314,7778
CONSERVATIVE,A,2026-12,EVT-SET-SER-CREAM-ACNE,WB,26.0,1294,33644,17759,3364,12520,6953,5567
CONSERVATIVE,A,2026-12,EVT-SET-SER-CREAM-ACNE,OZON,4.0,1625,6500,3910,545,2045,1070,975
CONSERVATIVE,A,2026-12,EVT-SET-TON-SER-CREAM-ACNE,WB,23.5,1343,31565,18131,0,13434,10580,2854
CONSERVATIVE,A,2026-12,EVT-SET-TON-SER-CREAM-ACNE,OZON,9.0,2735,24615,14243,2462,7910,4052,3858
CONSERVATIVE,A,2026-12,EVT-SET-ACNE-POWDER-SERUM-CREAM,OZON,3.0,2436,7308,4259,673,2376,1280,1096
CONSERVATIVE,A,2026-12,EVT-SET-ACNE-TONIC-SERUM,WB,1.5,1280,1920,997,157,766,478,288
CONSERVATIVE,A,2026-12,EVT-SET-ACNE-TONIC-SERUM,OZON,0.5,1740,870,520,60,290,159,131
CONSERVATIVE,A,2026-12,EVT-SET-TON-CREAM-ACNE,WB,9.0,1274,11466,6145,771,4550,2830,1720
CONSERVATIVE,A,2026-12,EVT-SET-MOIST-TONIC-SERUM,WB,2.5,1248,3120,1668,200,1252,784,468
CONSERVATIVE,A,2026-12,EVT-SET-MOIST-TONIC-SERUM,OZON,4.0,1527,6108,3697,241,2171,1254,916
CONSERVATIVE,A,2026-12,EVT-SET-HAND-CHERRY,WB,9.5,1120,10640,6438,0,4202,3863,338
CONSERVATIVE,A,2026-12,EVT-SET-HAND-CHERRY,OZON,6.5,1620,10530,6389,0,4141,2643,1498
CONSERVATIVE,A,2026-12,EVT-SET-HAND-AMBER,WB,9.0,1120,10080,5993,0,4087,3660,428
CONSERVATIVE,A,2026-12,EVT-SET-HAND-AMBER,OZON,3.0,1452,4356,2674,0,1682,1220,462
CONSERVATIVE,A,2026-12,EVT-SET-CHERRY-AMBER,WB,9.0,1120,10080,5814,0,4266,3155,1111
CONSERVATIVE,A,2026-12,EVT-SET-CHERRY-AMBER,OZON,3.5,1574,5509,3352,103,2053,1227,826
CONSERVATIVE,A,2027-01,EVT-FS-ACNE-30,WB,33.6,806,27068,14882,2707,9480,4562,4918
CONSERVATIVE,A,2027-01,EVT-FS-ACNE-30,OZON,6.4,1258,8051,4906,805,2340,869,1471
CONSERVATIVE,A,2027-01,EVT-FS-MOIST-30,WB,34.1,699,23866,13477,2344,8045,4465,3580
CONSERVATIVE,A,2027-01,EVT-FS-MOIST-30,OZON,7.2,1234,8885,5425,888,2571,942,1629
CONSERVATIVE,A,2027-01,EVT-FC-ACNE-50,WB,33.9,800,27080,15150,2708,9221,4459,4762
CONSERVATIVE,A,2027-01,EVT-FC-ACNE-50,OZON,5.9,1374,8061,4909,806,2345,772,1573
CONSERVATIVE,A,2027-01,EVT-FT-ACNE-150,WB,25.9,740,19141,10682,860,7599,4728,2871
CONSERVATIVE,A,2027-01,EVT-FT-ACNE-150,OZON,12.3,1219,14953,9229,1239,4485,2242,2243
CONSERVATIVE,A,2027-01,EVT-FT-MOIST-150,WB,12.3,740,9077,5070,403,3604,2242,1362
CONSERVATIVE,A,2027-01,EVT-FT-MOIST-150,OZON,5.9,1197,7022,4343,553,2126,1072,1053
CONSERVATIVE,A,2027-01,EVT-EP-ENZYME-75,WB,15.5,666,10301,5902,390,4009,2464,1545
CONSERVATIVE,A,2027-01,EVT-EP-ENZYME-75,OZON,5.1,1231,6237,3845,624,1768,807,961
CONSERVATIVE,A,2027-01,EVT-HC-HAND-300,WB,104.0,640,66560,39950,2546,24064,24064,0
CONSERVATIVE,A,2027-01,EVT-HC-HAND-300,OZON,12.0,973,11676,7467,1168,3041,2777,264
CONSERVATIVE,A,2027-01,EVT-HC-CHERRY-300,WB,14.1,640,9045,5390,0,3656,2477,1178
CONSERVATIVE,A,2027-01,EVT-HC-CHERRY-300,OZON,5.6,1209,6770,4205,568,1997,982,1016
CONSERVATIVE,A,2027-01,EVT-HC-AMBER-300,WB,11.2,640,7168,4417,0,2751,1963,788
CONSERVATIVE,A,2027-01,EVT-HC-AMBER-300,OZON,3.5,1242,4306,2665,387,1253,608,646
CONSERVATIVE,A,2027-01,EVT-SET-4PC-ACNE,WB,14.1,1900,26853,14713,0,12140,8615,3526
CONSERVATIVE,A,2027-01,EVT-SET-4PC-ACNE,OZON,6.4,3816,24422,13931,2442,8049,3901,4148
CONSERVATIVE,A,2027-01,EVT-SET-SER-CREAM-ACNE,WB,13.9,1294,17943,9472,1794,6678,3709,2969
CONSERVATIVE,A,2027-01,EVT-SET-SER-CREAM-ACNE,OZON,2.1,1625,3467,2086,291,1091,571,520
CONSERVATIVE,A,2027-01,EVT-SET-TON-SER-CREAM-ACNE,WB,12.5,1343,16835,9670,0,7165,5643,1522
CONSERVATIVE,A,2027-01,EVT-SET-TON-SER-CREAM-ACNE,OZON,4.8,2735,13128,7596,1313,4219,2161,2058
CONSERVATIVE,A,2027-01,EVT-SET-ACNE-POWDER-SERUM-CREAM,OZON,1.6,2436,3898,2271,359,1267,683,585
CONSERVATIVE,A,2027-01,EVT-SET-ACNE-TONIC-SERUM,WB,0.8,1280,1024,532,84,408,255,154
CONSERVATIVE,A,2027-01,EVT-SET-ACNE-TONIC-SERUM,OZON,0.3,1740,464,277,32,155,85,70
CONSERVATIVE,A,2027-01,EVT-SET-TON-CREAM-ACNE,WB,4.8,1274,6115,3277,411,2427,1509,917
CONSERVATIVE,A,2027-01,EVT-SET-MOIST-TONIC-SERUM,WB,1.3,1248,1664,889,107,668,418,250
CONSERVATIVE,A,2027-01,EVT-SET-MOIST-TONIC-SERUM,OZON,2.1,1527,3258,1972,128,1158,669,489
CONSERVATIVE,A,2027-01,EVT-SET-HAND-CHERRY,WB,5.1,1120,5675,3434,0,2241,2060,180
CONSERVATIVE,A,2027-01,EVT-SET-HAND-CHERRY,OZON,3.5,1620,5616,3407,0,2209,1410,799
CONSERVATIVE,A,2027-01,EVT-SET-HAND-AMBER,WB,4.8,1120,5376,3196,0,2180,1952,228
CONSERVATIVE,A,2027-01,EVT-SET-HAND-AMBER,OZON,1.6,1452,2323,1426,0,897,651,246
CONSERVATIVE,A,2027-01,EVT-SET-CHERRY-AMBER,WB,4.8,1120,5376,3101,0,2275,1683,593
CONSERVATIVE,A,2027-01,EVT-SET-CHERRY-AMBER,OZON,1.9,1574,2938,1788,55,1095,654,441
CONSERVATIVE,A,2027-02,EVT-FS-ACNE-30,WB,42.0,806,33835,18602,3384,11850,5703,6147
CONSERVATIVE,A,2027-02,EVT-FS-ACNE-30,OZON,8.0,1258,10064,6133,1006,2925,1086,1838
CONSERVATIVE,A,2027-02,EVT-FS-MOIST-30,WB,42.7,699,29833,16846,2931,10056,5581,4475
CONSERVATIVE,A,2027-02,EVT-FS-MOIST-30,OZON,9.0,1234,11106,6782,1111,3214,1177,2036
CONSERVATIVE,A,2027-02,EVT-FC-ACNE-50,WB,42.3,800,33850,18938,3385,11527,5574,5953
CONSERVATIVE,A,2027-02,EVT-FC-ACNE-50,OZON,7.3,1374,10076,6137,1008,2932,966,1966
CONSERVATIVE,A,2027-02,EVT-FT-ACNE-150,WB,32.3,740,23927,13353,1075,9499,5910,3589
CONSERVATIVE,A,2027-02,EVT-FT-ACNE-150,OZON,15.3,1219,18691,11536,1549,5606,2803,2804
CONSERVATIVE,A,2027-02,EVT-FT-MOIST-150,WB,15.3,740,11347,6338,504,4505,2803,1702
CONSERVATIVE,A,2027-02,EVT-FT-MOIST-150,OZON,7.3,1197,8778,5429,692,2657,1340,1317
CONSERVATIVE,A,2027-02,EVT-EP-ENZYME-75,WB,19.3,666,12876,7378,487,5011,3080,1931
CONSERVATIVE,A,2027-02,EVT-EP-ENZYME-75,OZON,6.3,1231,7796,4806,780,2210,1009,1201
CONSERVATIVE,A,2027-02,EVT-HC-HAND-300,WB,130.0,640,83200,49938,3183,30079,30079,0
CONSERVATIVE,A,2027-02,EVT-HC-HAND-300,OZON,15.0,973,14595,9334,1460,3801,3471,331
CONSERVATIVE,A,2027-02,EVT-HC-CHERRY-300,WB,17.7,640,11307,6737,0,4570,3096,1473
CONSERVATIVE,A,2027-02,EVT-HC-CHERRY-300,OZON,7.0,1209,8463,5256,710,2496,1227,1269
CONSERVATIVE,A,2027-02,EVT-HC-AMBER-300,WB,14.0,640,8960,5521,0,3439,2454,985
CONSERVATIVE,A,2027-02,EVT-HC-AMBER-300,OZON,4.3,1242,5382,3332,483,1567,760,807
CONSERVATIVE,A,2027-02,EVT-SET-4PC-ACNE,WB,17.7,1900,33567,18392,0,15175,10768,4407
CONSERVATIVE,A,2027-02,EVT-SET-4PC-ACNE,OZON,8.0,3816,30528,17414,3053,10061,4876,5185
CONSERVATIVE,A,2027-02,EVT-SET-SER-CREAM-ACNE,WB,17.3,1294,22429,11839,2243,8347,4636,3711
CONSERVATIVE,A,2027-02,EVT-SET-SER-CREAM-ACNE,OZON,2.7,1625,4333,2607,363,1363,713,650
CONSERVATIVE,A,2027-02,EVT-SET-TON-SER-CREAM-ACNE,WB,15.7,1343,21043,12087,0,8956,7054,1903
CONSERVATIVE,A,2027-02,EVT-SET-TON-SER-CREAM-ACNE,OZON,6.0,2735,16410,9495,1641,5274,2701,2572
CONSERVATIVE,A,2027-02,EVT-SET-ACNE-POWDER-SERUM-CREAM,OZON,2.0,2436,4872,2839,448,1584,853,731
CONSERVATIVE,A,2027-02,EVT-SET-ACNE-TONIC-SERUM,WB,1.0,1280,1280,665,105,511,319,192
CONSERVATIVE,A,2027-02,EVT-SET-ACNE-TONIC-SERUM,OZON,0.3,1740,580,347,40,193,106,87
CONSERVATIVE,A,2027-02,EVT-SET-TON-CREAM-ACNE,WB,6.0,1274,7644,4096,514,3033,1887,1147
CONSERVATIVE,A,2027-02,EVT-SET-MOIST-TONIC-SERUM,WB,1.7,1248,2080,1112,134,835,523,312
CONSERVATIVE,A,2027-02,EVT-SET-MOIST-TONIC-SERUM,OZON,2.7,1527,4072,2465,160,1447,836,611
CONSERVATIVE,A,2027-02,EVT-SET-HAND-CHERRY,WB,6.3,1120,7093,4292,0,2801,2575,226
CONSERVATIVE,A,2027-02,EVT-SET-HAND-CHERRY,OZON,4.3,1620,7020,4259,0,2761,1762,999
CONSERVATIVE,A,2027-02,EVT-SET-HAND-AMBER,WB,6.0,1120,6720,3995,0,2725,2440,285
CONSERVATIVE,A,2027-02,EVT-SET-HAND-AMBER,OZON,2.0,1452,2904,1783,0,1121,813,308
CONSERVATIVE,A,2027-02,EVT-SET-CHERRY-AMBER,WB,6.0,1120,6720,3876,0,2844,2103,741
CONSERVATIVE,A,2027-02,EVT-SET-CHERRY-AMBER,OZON,2.3,1574,3673,2235,69,1369,818,551
CONSERVATIVE,A,2027-03,EVT-FS-ACNE-30,WB,50.4,806,40602,22322,4060,14220,6843,7376
CONSERVATIVE,A,2027-03,EVT-FS-ACNE-30,OZON,9.6,1258,12077,7359,1208,3510,1303,2206
CONSERVATIVE,A,2027-03,EVT-FS-MOIST-30,WB,51.2,699,35799,20215,3517,12067,6697,5370
CONSERVATIVE,A,2027-03,EVT-FS-MOIST-30,OZON,10.8,1234,13327,8138,1333,3856,1413,2444
CONSERVATIVE,A,2027-03,EVT-FC-ACNE-50,WB,50.8,800,40620,22726,4062,13832,6688,7144
CONSERVATIVE,A,2027-03,EVT-FC-ACNE-50,OZON,8.8,1374,12091,7364,1209,3518,1159,2359
CONSERVATIVE,A,2027-03,EVT-FT-ACNE-150,WB,38.8,740,28712,16023,1290,11399,7092,4307
CONSERVATIVE,A,2027-03,EVT-FT-ACNE-150,OZON,18.4,1219,22430,13843,1859,6728,3363,3364
CONSERVATIVE,A,2027-03,EVT-FT-MOIST-150,WB,18.4,740,13616,7605,605,5406,3363,2042
CONSERVATIVE,A,2027-03,EVT-FT-MOIST-150,OZON,8.8,1197,10534,6515,830,3189,1609,1580
CONSERVATIVE,A,2027-03,EVT-EP-ENZYME-75,WB,23.2,666,15451,8853,585,6013,3696,2318
CONSERVATIVE,A,2027-03,EVT-EP-ENZYME-75,OZON,7.6,1231,9356,5768,936,2652,1211,1442
CONSERVATIVE,A,2027-03,EVT-HC-HAND-300,WB,156.0,640,99840,59925,3820,36095,36095,0
CONSERVATIVE,A,2027-03,EVT-HC-HAND-300,OZON,18.0,973,17514,11201,1751,4561,4165,397
CONSERVATIVE,A,2027-03,EVT-HC-CHERRY-300,WB,21.2,640,13568,8085,0,5483,3716,1768
CONSERVATIVE,A,2027-03,EVT-HC-CHERRY-300,OZON,8.4,1209,10156,6308,852,2996,1472,1523
CONSERVATIVE,A,2027-03,EVT-HC-AMBER-300,WB,16.8,640,10752,6625,0,4127,2945,1182
CONSERVATIVE,A,2027-03,EVT-HC-AMBER-300,OZON,5.2,1242,6458,3998,580,1880,911,969
CONSERVATIVE,A,2027-03,EVT-SET-4PC-ACNE,WB,21.2,1900,40280,22070,0,18210,12922,5288
CONSERVATIVE,A,2027-03,EVT-SET-4PC-ACNE,OZON,9.6,3816,36634,20897,3663,12074,5851,6222
CONSERVATIVE,A,2027-03,EVT-SET-SER-CREAM-ACNE,WB,20.8,1294,26915,14207,2692,10016,5563,4454
CONSERVATIVE,A,2027-03,EVT-SET-SER-CREAM-ACNE,OZON,3.2,1625,5200,3128,436,1636,856,780
CONSERVATIVE,A,2027-03,EVT-SET-TON-SER-CREAM-ACNE,WB,18.8,1343,25252,14505,0,10748,8464,2283
CONSERVATIVE,A,2027-03,EVT-SET-TON-SER-CREAM-ACNE,OZON,7.2,2735,19692,11395,1969,6328,3242,3087
CONSERVATIVE,A,2027-03,EVT-SET-ACNE-POWDER-SERUM-CREAM,OZON,2.4,2436,5846,3407,538,1901,1024,877
CONSERVATIVE,A,2027-03,EVT-SET-ACNE-TONIC-SERUM,WB,1.2,1280,1536,798,125,613,382,230
CONSERVATIVE,A,2027-03,EVT-SET-ACNE-TONIC-SERUM,OZON,0.4,1740,696,416,48,232,127,104
CONSERVATIVE,A,2027-03,EVT-SET-TON-CREAM-ACNE,WB,7.2,1274,9173,4916,617,3640,2264,1376
CONSERVATIVE,A,2027-03,EVT-SET-MOIST-TONIC-SERUM,WB,2.0,1248,2496,1334,160,1002,627,374
CONSERVATIVE,A,2027-03,EVT-SET-MOIST-TONIC-SERUM,OZON,3.2,1527,4886,2957,192,1736,1004,733
CONSERVATIVE,A,2027-03,EVT-SET-HAND-CHERRY,WB,7.6,1120,8512,5151,0,3361,3091,271
CONSERVATIVE,A,2027-03,EVT-SET-HAND-CHERRY,OZON,5.2,1620,8424,5111,0,3313,2115,1198
CONSERVATIVE,A,2027-03,EVT-SET-HAND-AMBER,WB,7.2,1120,8064,4794,0,3270,2928,342
CONSERVATIVE,A,2027-03,EVT-SET-HAND-AMBER,OZON,2.4,1452,3485,2139,0,1346,976,370
CONSERVATIVE,A,2027-03,EVT-SET-CHERRY-AMBER,WB,7.2,1120,8064,4651,0,3413,2524,889
CONSERVATIVE,A,2027-03,EVT-SET-CHERRY-AMBER,OZON,2.8,1574,4407,2682,83,1643,982,661
CONSERVATIVE,B,2026-09,EVT-FS-ACNE-30,WB,29.3,806,23572,12959,2357,8255,3973,4282
CONSERVATIVE,B,2026-09,EVT-FS-ACNE-30,OZON,5.6,1258,7011,4273,701,2038,757,1281
CONSERVATIVE,B,2026-09,EVT-FS-MOIST-30,WB,29.7,699,20783,11736,2042,7006,3888,3117
CONSERVATIVE,B,2026-09,EVT-FS-MOIST-30,OZON,6.3,1234,7737,4725,774,2239,820,1419
CONSERVATIVE,B,2026-09,EVT-FC-ACNE-50,WB,29.5,800,23582,13194,2358,8030,3883,4147
CONSERVATIVE,B,2026-09,EVT-FC-ACNE-50,OZON,5.1,1374,7020,4275,702,2042,673,1370
CONSERVATIVE,B,2026-09,EVT-FT-ACNE-150,WB,22.5,740,16669,9303,749,6618,4117,2500
CONSERVATIVE,B,2026-09,EVT-FT-ACNE-150,OZON,10.7,1219,13022,8037,1079,3906,1953,1953
CONSERVATIVE,B,2026-09,EVT-FT-MOIST-150,WB,10.7,740,7905,4415,351,3138,1953,1186
CONSERVATIVE,B,2026-09,EVT-FT-MOIST-150,OZON,5.1,1197,6115,3782,482,1851,934,917
CONSERVATIVE,B,2026-09,EVT-EP-ENZYME-75,WB,13.5,666,8970,5140,339,3491,2146,1346
CONSERVATIVE,B,2026-09,EVT-EP-ENZYME-75,OZON,4.4,1231,5431,3348,543,1540,703,837
CONSERVATIVE,B,2026-09,EVT-HC-HAND-300,WB,90.6,640,57963,34790,2217,20955,20955,0
CONSERVATIVE,B,2026-09,EVT-HC-HAND-300,OZON,10.4,973,10168,6503,1017,2648,2418,230
CONSERVATIVE,B,2026-09,EVT-HC-CHERRY-300,WB,12.3,640,7877,4694,0,3183,2157,1026
CONSERVATIVE,B,2026-09,EVT-HC-CHERRY-300,OZON,4.9,1209,5896,3662,495,1739,855,884
CONSERVATIVE,B,2026-09,EVT-HC-AMBER-300,WB,9.8,640,6242,3846,0,2396,1709,686
CONSERVATIVE,B,2026-09,EVT-HC-AMBER-300,OZON,3.0,1242,3749,2321,337,1092,529,562
CONSERVATIVE,B,2026-09,EVT-SET-4PC-ACNE,WB,12.3,1900,23385,12813,0,10572,7502,3070
CONSERVATIVE,B,2026-09,EVT-SET-4PC-ACNE,OZON,5.6,3816,21268,12132,2127,7009,3397,3612
CONSERVATIVE,B,2026-09,EVT-SET-SER-CREAM-ACNE,WB,12.1,1294,15626,8248,1563,5815,3229,2586
CONSERVATIVE,B,2026-09,EVT-SET-SER-CREAM-ACNE,OZON,1.9,1625,3019,1816,253,950,497,453
CONSERVATIVE,B,2026-09,EVT-SET-TON-SER-CREAM-ACNE,WB,10.9,1343,14660,8421,0,6240,4914,1326
CONSERVATIVE,B,2026-09,EVT-SET-TON-SER-CREAM-ACNE,OZON,4.2,2735,11432,6615,1143,3674,1882,1792
CONSERVATIVE,B,2026-09,EVT-SET-ACNE-POWDER-SERUM-CREAM,OZON,1.4,2436,3394,1978,312,1104,595,509
CONSERVATIVE,B,2026-09,EVT-SET-ACNE-TONIC-SERUM,WB,0.7,1280,892,463,73,356,222,134
CONSERVATIVE,B,2026-09,EVT-SET-ACNE-TONIC-SERUM,OZON,0.2,1740,404,242,28,135,74,61
CONSERVATIVE,B,2026-09,EVT-SET-TON-CREAM-ACNE,WB,4.2,1274,5325,2854,358,2113,1314,799
CONSERVATIVE,B,2026-09,EVT-SET-MOIST-TONIC-SERUM,WB,1.2,1248,1449,774,93,581,364,217
CONSERVATIVE,B,2026-09,EVT-SET-MOIST-TONIC-SERUM,OZON,1.9,1527,2837,1717,112,1008,583,426
CONSERVATIVE,B,2026-09,EVT-SET-HAND-CHERRY,WB,4.4,1120,4942,2990,0,1951,1794,157
CONSERVATIVE,B,2026-09,EVT-SET-HAND-CHERRY,OZON,3.0,1620,4891,2967,0,1923,1228,696
CONSERVATIVE,B,2026-09,EVT-SET-HAND-AMBER,WB,4.2,1120,4682,2783,0,1898,1700,199
CONSERVATIVE,B,2026-09,EVT-SET-HAND-AMBER,OZON,1.4,1452,2023,1242,0,781,567,215
CONSERVATIVE,B,2026-09,EVT-SET-CHERRY-AMBER,WB,4.2,1120,4682,2700,0,1981,1465,516
CONSERVATIVE,B,2026-09,EVT-SET-CHERRY-AMBER,OZON,1.6,1574,2559,1557,48,954,570,384
CONSERVATIVE,B,2026-10,EVT-FS-ACNE-30,WB,42.0,806,33835,18602,3384,11850,5703,6147
CONSERVATIVE,B,2026-10,EVT-FS-ACNE-30,OZON,8.0,1258,10064,6133,1006,2925,1086,1838
CONSERVATIVE,B,2026-10,EVT-FS-MOIST-30,WB,42.7,699,29833,16846,2931,10056,5581,4475
CONSERVATIVE,B,2026-10,EVT-FS-MOIST-30,OZON,9.0,1234,11106,6782,1111,3214,1177,2036
CONSERVATIVE,B,2026-10,EVT-FC-ACNE-50,WB,42.3,800,33850,18938,3385,11527,5574,5953
CONSERVATIVE,B,2026-10,EVT-FC-ACNE-50,OZON,7.3,1374,10076,6137,1008,2932,966,1966
CONSERVATIVE,B,2026-10,EVT-FT-ACNE-150,WB,32.3,740,23927,13353,1075,9499,5910,3589
CONSERVATIVE,B,2026-10,EVT-FT-ACNE-150,OZON,15.3,1219,18691,11536,1549,5606,2803,2804
CONSERVATIVE,B,2026-10,EVT-FT-MOIST-150,WB,15.3,740,11347,6338,504,4505,2803,1702
CONSERVATIVE,B,2026-10,EVT-FT-MOIST-150,OZON,7.3,1197,8778,5429,692,2657,1340,1317
CONSERVATIVE,B,2026-10,EVT-EP-ENZYME-75,WB,19.3,666,12876,7378,487,5011,3080,1931
CONSERVATIVE,B,2026-10,EVT-EP-ENZYME-75,OZON,6.3,1231,7796,4806,780,2210,1009,1201
CONSERVATIVE,B,2026-10,EVT-HC-HAND-300,WB,130.0,640,83200,49938,3183,30079,30079,0
CONSERVATIVE,B,2026-10,EVT-HC-HAND-300,OZON,15.0,973,14595,9334,1460,3801,3471,331
CONSERVATIVE,B,2026-10,EVT-HC-CHERRY-300,WB,17.7,640,11307,6737,0,4570,3096,1473
CONSERVATIVE,B,2026-10,EVT-HC-CHERRY-300,OZON,7.0,1209,8463,5256,710,2496,1227,1269
CONSERVATIVE,B,2026-10,EVT-HC-AMBER-300,WB,14.0,640,8960,5521,0,3439,2454,985
CONSERVATIVE,B,2026-10,EVT-HC-AMBER-300,OZON,4.3,1242,5382,3332,483,1567,760,807
CONSERVATIVE,B,2026-10,EVT-SET-4PC-ACNE,WB,17.7,1900,33567,18392,0,15175,10768,4407
CONSERVATIVE,B,2026-10,EVT-SET-4PC-ACNE,OZON,8.0,3816,30528,17414,3053,10061,4876,5185
CONSERVATIVE,B,2026-10,EVT-SET-SER-CREAM-ACNE,WB,17.3,1294,22429,11839,2243,8347,4636,3711
CONSERVATIVE,B,2026-10,EVT-SET-SER-CREAM-ACNE,OZON,2.7,1625,4333,2607,363,1363,713,650
CONSERVATIVE,B,2026-10,EVT-SET-TON-SER-CREAM-ACNE,WB,15.7,1343,21043,12087,0,8956,7054,1903
CONSERVATIVE,B,2026-10,EVT-SET-TON-SER-CREAM-ACNE,OZON,6.0,2735,16410,9495,1641,5274,2701,2572
CONSERVATIVE,B,2026-10,EVT-SET-ACNE-POWDER-SERUM-CREAM,OZON,2.0,2436,4872,2839,448,1584,853,731
CONSERVATIVE,B,2026-10,EVT-SET-ACNE-TONIC-SERUM,WB,1.0,1280,1280,665,105,511,319,192
CONSERVATIVE,B,2026-10,EVT-SET-ACNE-TONIC-SERUM,OZON,0.3,1740,580,347,40,193,106,87
CONSERVATIVE,B,2026-10,EVT-SET-TON-CREAM-ACNE,WB,6.0,1274,7644,4096,514,3033,1887,1147
CONSERVATIVE,B,2026-10,EVT-SET-MOIST-TONIC-SERUM,WB,1.7,1248,2080,1112,134,835,523,312
CONSERVATIVE,B,2026-10,EVT-SET-MOIST-TONIC-SERUM,OZON,2.7,1527,4072,2465,160,1447,836,611
CONSERVATIVE,B,2026-10,EVT-SET-HAND-CHERRY,WB,6.3,1120,7093,4292,0,2801,2575,226
CONSERVATIVE,B,2026-10,EVT-SET-HAND-CHERRY,OZON,4.3,1620,7020,4259,0,2761,1762,999
CONSERVATIVE,B,2026-10,EVT-SET-HAND-AMBER,WB,6.0,1120,6720,3995,0,2725,2440,285
CONSERVATIVE,B,2026-10,EVT-SET-HAND-AMBER,OZON,2.0,1452,2904,1783,0,1121,813,308
CONSERVATIVE,B,2026-10,EVT-SET-CHERRY-AMBER,WB,6.0,1120,6720,3876,0,2844,2103,741
CONSERVATIVE,B,2026-10,EVT-SET-CHERRY-AMBER,OZON,2.3,1574,3673,2235,69,1369,818,551
CONSERVATIVE,B,2026-11,EVT-FS-ACNE-30,WB,44.1,806,35527,19532,3553,12442,5988,6454
CONSERVATIVE,B,2026-11,EVT-FS-ACNE-30,OZON,8.4,1258,10567,6440,1057,3071,1141,1930
CONSERVATIVE,B,2026-11,EVT-FS-MOIST-30,WB,44.8,699,31324,17688,3077,10559,5860,4699
CONSERVATIVE,B,2026-11,EVT-FS-MOIST-30,OZON,9.5,1234,11661,7121,1166,3374,1236,2138
CONSERVATIVE,B,2026-11,EVT-FC-ACNE-50,WB,44.5,800,35542,19885,3554,12103,5852,6251
CONSERVATIVE,B,2026-11,EVT-FC-ACNE-50,OZON,7.7,1374,10580,6444,1058,3078,1014,2064
CONSERVATIVE,B,2026-11,EVT-FC-MOIST-50,WB,189.0,926,174938,94521,17494,62923,24717,38206
CONSERVATIVE,B,2026-11,EVT-FC-MOIST-50,OZON,21.0,848,17808,11553,837,5418,2746,2671
CONSERVATIVE,B,2026-11,EVT-FT-ACNE-150,WB,34.0,740,25123,14021,1128,9974,6206,3768
CONSERVATIVE,B,2026-11,EVT-FT-ACNE-150,OZON,16.1,1219,19626,12113,1626,5887,2943,2944
CONSERVATIVE,B,2026-11,EVT-FT-MOIST-150,WB,16.1,740,11914,6655,529,4730,2943,1787
CONSERVATIVE,B,2026-11,EVT-FT-MOIST-150,OZON,7.7,1197,9217,5701,726,2790,1407,1383
CONSERVATIVE,B,2026-11,EVT-EP-ENZYME-75,WB,20.3,666,13520,7747,512,5262,3234,2028
CONSERVATIVE,B,2026-11,EVT-EP-ENZYME-75,OZON,6.7,1231,8186,5047,819,2321,1059,1262
CONSERVATIVE,B,2026-11,EVT-HC-HAND-300,WB,136.5,640,87360,52435,3342,31583,31583,0
CONSERVATIVE,B,2026-11,EVT-HC-HAND-300,OZON,15.8,973,15325,9801,1532,3991,3644,347
CONSERVATIVE,B,2026-11,EVT-HC-CHERRY-300,WB,18.6,640,11872,7074,0,4798,3251,1547
CONSERVATIVE,B,2026-11,EVT-HC-CHERRY-300,OZON,7.4,1209,8886,5519,746,2621,1288,1333
CONSERVATIVE,B,2026-11,EVT-HC-AMBER-300,WB,14.7,640,9408,5797,0,3611,2576,1035
CONSERVATIVE,B,2026-11,EVT-HC-AMBER-300,OZON,4.5,1242,5651,3498,507,1645,797,848
CONSERVATIVE,B,2026-11,EVT-SET-4PC-ACNE,WB,18.6,1900,35245,19311,0,15934,11307,4627
CONSERVATIVE,B,2026-11,EVT-SET-4PC-ACNE,OZON,8.4,3816,32054,18284,3205,10565,5120,5445
CONSERVATIVE,B,2026-11,EVT-SET-SER-CREAM-ACNE,WB,18.2,1294,23551,12431,2355,8764,4867,3897
CONSERVATIVE,B,2026-11,EVT-SET-SER-CREAM-ACNE,OZON,2.8,1625,4550,2737,381,1431,749,682
CONSERVATIVE,B,2026-11,EVT-SET-TON-SER-CREAM-ACNE,WB,16.4,1343,22096,12692,0,9404,7406,1998
CONSERVATIVE,B,2026-11,EVT-SET-TON-SER-CREAM-ACNE,OZON,6.3,2735,17231,9970,1723,5537,2836,2701
CONSERVATIVE,B,2026-11,EVT-SET-ACNE-POWDER-SERUM-CREAM,OZON,2.1,2436,5116,2981,471,1663,896,767
CONSERVATIVE,B,2026-11,EVT-SET-ACNE-TONIC-SERUM,WB,1.1,1280,1344,698,110,536,334,202
CONSERVATIVE,B,2026-11,EVT-SET-ACNE-TONIC-SERUM,OZON,0.3,1740,609,364,42,203,111,91
CONSERVATIVE,B,2026-11,EVT-SET-TON-CREAM-ACNE,WB,6.3,1274,8026,4301,540,3185,1981,1204
CONSERVATIVE,B,2026-11,EVT-SET-SER-CREAM-MOIST,WB,33.1,1320,43659,23360,4366,15933,8652,7281
CONSERVATIVE,B,2026-11,EVT-SET-SER-CREAM-MOIST,OZON,2.2,1371,3023,1850,142,1030,577,453
CONSERVATIVE,B,2026-11,EVT-SET-TON-CREAM-MOIST,WB,14.7,1267,18628,9958,1266,7404,4609,2794
CONSERVATIVE,B,2026-11,EVT-SET-TON-SER-CREAM-MOIST,WB,29.4,1370,40278,22409,0,17869,13065,4805
CONSERVATIVE,B,2026-11,EVT-SET-MOIST-TONIC-SERUM,WB,1.8,1248,2184,1167,140,876,549,328
CONSERVATIVE,B,2026-11,EVT-SET-MOIST-TONIC-SERUM,OZON,2.8,1527,4276,2588,168,1519,878,641
CONSERVATIVE,B,2026-11,EVT-SET-HAND-CHERRY,WB,6.7,1120,7448,4507,0,2941,2704,237
CONSERVATIVE,B,2026-11,EVT-SET-HAND-CHERRY,OZON,4.5,1620,7371,4472,0,2899,1850,1049
CONSERVATIVE,B,2026-11,EVT-SET-HAND-AMBER,WB,6.3,1120,7056,4195,0,2861,2562,299
CONSERVATIVE,B,2026-11,EVT-SET-HAND-AMBER,OZON,2.1,1452,3049,1872,0,1177,854,323
CONSERVATIVE,B,2026-11,EVT-SET-CHERRY-AMBER,WB,6.3,1120,7056,4070,0,2986,2208,778
CONSERVATIVE,B,2026-11,EVT-SET-CHERRY-AMBER,OZON,2.5,1574,3856,2347,72,1437,859,578
CONSERVATIVE,B,2026-12,EVT-FS-ACNE-30,WB,63.0,806,50753,27903,5075,17775,8554,9220
CONSERVATIVE,B,2026-12,EVT-FS-ACNE-30,OZON,12.0,1258,15096,9199,1510,4387,1629,2758
CONSERVATIVE,B,2026-12,EVT-FS-MOIST-30,WB,64.0,699,44749,25269,4396,15084,8372,6712
CONSERVATIVE,B,2026-12,EVT-FS-MOIST-30,OZON,13.5,1234,16659,10173,1666,4820,1766,3055
CONSERVATIVE,B,2026-12,EVT-FC-ACNE-50,WB,63.5,800,50775,28407,5077,17290,8360,8930
CONSERVATIVE,B,2026-12,EVT-FC-ACNE-50,OZON,11.0,1374,15114,9205,1511,4397,1448,2949
CONSERVATIVE,B,2026-12,EVT-FC-MOIST-50,WB,270.0,926,249912,135030,24991,89890,35311,54580
CONSERVATIVE,B,2026-12,EVT-FC-MOIST-50,OZON,30.0,848,25440,16505,1196,7739,3923,3816
CONSERVATIVE,B,2026-12,EVT-FT-ACNE-150,WB,48.5,740,35890,20029,1612,14249,8865,5384
CONSERVATIVE,B,2026-12,EVT-FT-ACNE-150,OZON,23.0,1219,28037,17304,2323,8410,4204,4206
CONSERVATIVE,B,2026-12,EVT-FT-MOIST-150,WB,23.0,740,17020,9507,756,6757,4204,2553
CONSERVATIVE,B,2026-12,EVT-FT-MOIST-150,OZON,11.0,1197,13167,8144,1037,3986,2011,1975
CONSERVATIVE,B,2026-12,EVT-EP-ENZYME-75,WB,29.0,666,19314,11066,731,7517,4620,2897
CONSERVATIVE,B,2026-12,EVT-EP-ENZYME-75,OZON,9.5,1231,11694,7210,1169,3316,1513,1802
CONSERVATIVE,B,2026-12,EVT-HC-HAND-300,WB,195.0,640,124800,74907,4774,45119,45119,0
CONSERVATIVE,B,2026-12,EVT-HC-HAND-300,OZON,22.5,973,21892,14001,2189,5702,5206,496
CONSERVATIVE,B,2026-12,EVT-HC-CHERRY-300,WB,26.5,640,16960,10106,0,6854,4645,2210
CONSERVATIVE,B,2026-12,EVT-HC-CHERRY-300,OZON,10.5,1209,12694,7885,1065,3745,1840,1904
CONSERVATIVE,B,2026-12,EVT-HC-AMBER-300,WB,21.0,640,13440,8281,0,5159,3681,1478
CONSERVATIVE,B,2026-12,EVT-HC-AMBER-300,OZON,6.5,1242,8073,4998,725,2350,1139,1211
CONSERVATIVE,B,2026-12,EVT-SET-4PC-ACNE,WB,26.5,1900,50350,27587,0,22763,16152,6610
CONSERVATIVE,B,2026-12,EVT-SET-4PC-ACNE,OZON,12.0,3816,45792,26121,4579,15092,7314,7778
CONSERVATIVE,B,2026-12,EVT-SET-SER-CREAM-ACNE,WB,26.0,1294,33644,17759,3364,12520,6953,5567
CONSERVATIVE,B,2026-12,EVT-SET-SER-CREAM-ACNE,OZON,4.0,1625,6500,3910,545,2045,1070,975
CONSERVATIVE,B,2026-12,EVT-SET-TON-SER-CREAM-ACNE,WB,23.5,1343,31565,18131,0,13434,10580,2854
CONSERVATIVE,B,2026-12,EVT-SET-TON-SER-CREAM-ACNE,OZON,9.0,2735,24615,14243,2462,7910,4052,3858
CONSERVATIVE,B,2026-12,EVT-SET-ACNE-POWDER-SERUM-CREAM,OZON,3.0,2436,7308,4259,673,2376,1280,1096
CONSERVATIVE,B,2026-12,EVT-SET-ACNE-TONIC-SERUM,WB,1.5,1280,1920,997,157,766,478,288
CONSERVATIVE,B,2026-12,EVT-SET-ACNE-TONIC-SERUM,OZON,0.5,1740,870,520,60,290,159,131
CONSERVATIVE,B,2026-12,EVT-SET-TON-CREAM-ACNE,WB,9.0,1274,11466,6145,771,4550,2830,1720
CONSERVATIVE,B,2026-12,EVT-SET-SER-CREAM-MOIST,WB,47.2,1320,62370,33372,6237,22761,12360,10401
CONSERVATIVE,B,2026-12,EVT-SET-SER-CREAM-MOIST,OZON,3.1,1371,4319,2643,203,1472,824,648
CONSERVATIVE,B,2026-12,EVT-SET-TON-CREAM-MOIST,WB,21.0,1267,26611,14226,1809,10577,6585,3992
CONSERVATIVE,B,2026-12,EVT-SET-TON-SER-CREAM-MOIST,WB,42.0,1370,57540,32013,0,25527,18664,6864
CONSERVATIVE,B,2026-12,EVT-SET-MOIST-TONIC-SERUM,WB,2.5,1248,3120,1668,200,1252,784,468
CONSERVATIVE,B,2026-12,EVT-SET-MOIST-TONIC-SERUM,OZON,4.0,1527,6108,3697,241,2171,1254,916
CONSERVATIVE,B,2026-12,EVT-SET-HAND-CHERRY,WB,9.5,1120,10640,6438,0,4202,3863,338
CONSERVATIVE,B,2026-12,EVT-SET-HAND-CHERRY,OZON,6.5,1620,10530,6389,0,4141,2643,1498
CONSERVATIVE,B,2026-12,EVT-SET-HAND-AMBER,WB,9.0,1120,10080,5993,0,4087,3660,428
CONSERVATIVE,B,2026-12,EVT-SET-HAND-AMBER,OZON,3.0,1452,4356,2674,0,1682,1220,462
CONSERVATIVE,B,2026-12,EVT-SET-CHERRY-AMBER,WB,9.0,1120,10080,5814,0,4266,3155,1111
CONSERVATIVE,B,2026-12,EVT-SET-CHERRY-AMBER,OZON,3.5,1574,5509,3352,103,2053,1227,826
CONSERVATIVE,B,2027-01,EVT-FS-ACNE-30,WB,33.6,806,27068,14882,2707,9480,4562,4918
CONSERVATIVE,B,2027-01,EVT-FS-ACNE-30,OZON,6.4,1258,8051,4906,805,2340,869,1471
CONSERVATIVE,B,2027-01,EVT-FS-MOIST-30,WB,34.1,699,23866,13477,2344,8045,4465,3580
CONSERVATIVE,B,2027-01,EVT-FS-MOIST-30,OZON,7.2,1234,8885,5425,888,2571,942,1629
CONSERVATIVE,B,2027-01,EVT-FC-ACNE-50,WB,33.9,800,27080,15150,2708,9221,4459,4762
CONSERVATIVE,B,2027-01,EVT-FC-ACNE-50,OZON,5.9,1374,8061,4909,806,2345,772,1573
CONSERVATIVE,B,2027-01,EVT-FC-MOIST-50,WB,144.0,926,133286,72016,13329,47942,18832,29109
CONSERVATIVE,B,2027-01,EVT-FC-MOIST-50,OZON,16.0,848,13568,8803,638,4128,2092,2035
CONSERVATIVE,B,2027-01,EVT-FT-ACNE-150,WB,25.9,740,19141,10682,860,7599,4728,2871
CONSERVATIVE,B,2027-01,EVT-FT-ACNE-150,OZON,12.3,1219,14953,9229,1239,4485,2242,2243
CONSERVATIVE,B,2027-01,EVT-FT-MOIST-150,WB,12.3,740,9077,5070,403,3604,2242,1362
CONSERVATIVE,B,2027-01,EVT-FT-MOIST-150,OZON,5.9,1197,7022,4343,553,2126,1072,1053
CONSERVATIVE,B,2027-01,EVT-EP-ENZYME-75,WB,15.5,666,10301,5902,390,4009,2464,1545
CONSERVATIVE,B,2027-01,EVT-EP-ENZYME-75,OZON,5.1,1231,6237,3845,624,1768,807,961
CONSERVATIVE,B,2027-01,EVT-HC-HAND-300,WB,104.0,640,66560,39950,2546,24064,24064,0
CONSERVATIVE,B,2027-01,EVT-HC-HAND-300,OZON,12.0,973,11676,7467,1168,3041,2777,264
CONSERVATIVE,B,2027-01,EVT-HC-CHERRY-300,WB,14.1,640,9045,5390,0,3656,2477,1178
CONSERVATIVE,B,2027-01,EVT-HC-CHERRY-300,OZON,5.6,1209,6770,4205,568,1997,982,1016
CONSERVATIVE,B,2027-01,EVT-HC-AMBER-300,WB,11.2,640,7168,4417,0,2751,1963,788
CONSERVATIVE,B,2027-01,EVT-HC-AMBER-300,OZON,3.5,1242,4306,2665,387,1253,608,646
CONSERVATIVE,B,2027-01,EVT-SET-4PC-ACNE,WB,14.1,1900,26853,14713,0,12140,8615,3526
CONSERVATIVE,B,2027-01,EVT-SET-4PC-ACNE,OZON,6.4,3816,24422,13931,2442,8049,3901,4148
CONSERVATIVE,B,2027-01,EVT-SET-SER-CREAM-ACNE,WB,13.9,1294,17943,9472,1794,6678,3709,2969
CONSERVATIVE,B,2027-01,EVT-SET-SER-CREAM-ACNE,OZON,2.1,1625,3467,2086,291,1091,571,520
CONSERVATIVE,B,2027-01,EVT-SET-TON-SER-CREAM-ACNE,WB,12.5,1343,16835,9670,0,7165,5643,1522
CONSERVATIVE,B,2027-01,EVT-SET-TON-SER-CREAM-ACNE,OZON,4.8,2735,13128,7596,1313,4219,2161,2058
CONSERVATIVE,B,2027-01,EVT-SET-ACNE-POWDER-SERUM-CREAM,OZON,1.6,2436,3898,2271,359,1267,683,585
CONSERVATIVE,B,2027-01,EVT-SET-ACNE-TONIC-SERUM,WB,0.8,1280,1024,532,84,408,255,154
CONSERVATIVE,B,2027-01,EVT-SET-ACNE-TONIC-SERUM,OZON,0.3,1740,464,277,32,155,85,70
CONSERVATIVE,B,2027-01,EVT-SET-TON-CREAM-ACNE,WB,4.8,1274,6115,3277,411,2427,1509,917
CONSERVATIVE,B,2027-01,EVT-SET-SER-CREAM-MOIST,WB,25.2,1320,33264,17798,3326,12139,6592,5547
CONSERVATIVE,B,2027-01,EVT-SET-SER-CREAM-MOIST,OZON,1.7,1371,2303,1410,108,785,439,345
CONSERVATIVE,B,2027-01,EVT-SET-TON-CREAM-MOIST,WB,11.2,1267,14193,7587,965,5641,3512,2129
CONSERVATIVE,B,2027-01,EVT-SET-TON-SER-CREAM-MOIST,WB,22.4,1370,30688,17073,0,13615,9954,3661
CONSERVATIVE,B,2027-01,EVT-SET-MOIST-TONIC-SERUM,WB,1.3,1248,1664,889,107,668,418,250
CONSERVATIVE,B,2027-01,EVT-SET-MOIST-TONIC-SERUM,OZON,2.1,1527,3258,1972,128,1158,669,489
CONSERVATIVE,B,2027-01,EVT-SET-HAND-CHERRY,WB,5.1,1120,5675,3434,0,2241,2060,180
CONSERVATIVE,B,2027-01,EVT-SET-HAND-CHERRY,OZON,3.5,1620,5616,3407,0,2209,1410,799
CONSERVATIVE,B,2027-01,EVT-SET-HAND-AMBER,WB,4.8,1120,5376,3196,0,2180,1952,228
CONSERVATIVE,B,2027-01,EVT-SET-HAND-AMBER,OZON,1.6,1452,2323,1426,0,897,651,246
CONSERVATIVE,B,2027-01,EVT-SET-CHERRY-AMBER,WB,4.8,1120,5376,3101,0,2275,1683,593
CONSERVATIVE,B,2027-01,EVT-SET-CHERRY-AMBER,OZON,1.9,1574,2938,1788,55,1095,654,441
CONSERVATIVE,B,2027-02,EVT-FS-ACNE-30,WB,42.0,806,33835,18602,3384,11850,5703,6147
CONSERVATIVE,B,2027-02,EVT-FS-ACNE-30,OZON,8.0,1258,10064,6133,1006,2925,1086,1838
CONSERVATIVE,B,2027-02,EVT-FS-MOIST-30,WB,42.7,699,29833,16846,2931,10056,5581,4475
CONSERVATIVE,B,2027-02,EVT-FS-MOIST-30,OZON,9.0,1234,11106,6782,1111,3214,1177,2036
CONSERVATIVE,B,2027-02,EVT-FC-ACNE-50,WB,42.3,800,33850,18938,3385,11527,5574,5953
CONSERVATIVE,B,2027-02,EVT-FC-ACNE-50,OZON,7.3,1374,10076,6137,1008,2932,966,1966
CONSERVATIVE,B,2027-02,EVT-FC-MOIST-50,WB,180.0,926,166608,90020,16661,59927,23540,36387
CONSERVATIVE,B,2027-02,EVT-FC-MOIST-50,OZON,20.0,848,16960,11003,797,5160,2616,2544
CONSERVATIVE,B,2027-02,EVT-FT-ACNE-150,WB,32.3,740,23927,13353,1075,9499,5910,3589
CONSERVATIVE,B,2027-02,EVT-FT-ACNE-150,OZON,15.3,1219,18691,11536,1549,5606,2803,2804
CONSERVATIVE,B,2027-02,EVT-FT-MOIST-150,WB,15.3,740,11347,6338,504,4505,2803,1702
CONSERVATIVE,B,2027-02,EVT-FT-MOIST-150,OZON,7.3,1197,8778,5429,692,2657,1340,1317
CONSERVATIVE,B,2027-02,EVT-EP-ENZYME-75,WB,19.3,666,12876,7378,487,5011,3080,1931
CONSERVATIVE,B,2027-02,EVT-EP-ENZYME-75,OZON,6.3,1231,7796,4806,780,2210,1009,1201
CONSERVATIVE,B,2027-02,EVT-HC-HAND-300,WB,130.0,640,83200,49938,3183,30079,30079,0
CONSERVATIVE,B,2027-02,EVT-HC-HAND-300,OZON,15.0,973,14595,9334,1460,3801,3471,331
CONSERVATIVE,B,2027-02,EVT-HC-CHERRY-300,WB,17.7,640,11307,6737,0,4570,3096,1473
CONSERVATIVE,B,2027-02,EVT-HC-CHERRY-300,OZON,7.0,1209,8463,5256,710,2496,1227,1269
CONSERVATIVE,B,2027-02,EVT-HC-AMBER-300,WB,14.0,640,8960,5521,0,3439,2454,985
CONSERVATIVE,B,2027-02,EVT-HC-AMBER-300,OZON,4.3,1242,5382,3332,483,1567,760,807
CONSERVATIVE,B,2027-02,EVT-SET-4PC-ACNE,WB,17.7,1900,33567,18392,0,15175,10768,4407
CONSERVATIVE,B,2027-02,EVT-SET-4PC-ACNE,OZON,8.0,3816,30528,17414,3053,10061,4876,5185
CONSERVATIVE,B,2027-02,EVT-SET-SER-CREAM-ACNE,WB,17.3,1294,22429,11839,2243,8347,4636,3711
CONSERVATIVE,B,2027-02,EVT-SET-SER-CREAM-ACNE,OZON,2.7,1625,4333,2607,363,1363,713,650
CONSERVATIVE,B,2027-02,EVT-SET-TON-SER-CREAM-ACNE,WB,15.7,1343,21043,12087,0,8956,7054,1903
CONSERVATIVE,B,2027-02,EVT-SET-TON-SER-CREAM-ACNE,OZON,6.0,2735,16410,9495,1641,5274,2701,2572
CONSERVATIVE,B,2027-02,EVT-SET-ACNE-POWDER-SERUM-CREAM,OZON,2.0,2436,4872,2839,448,1584,853,731
CONSERVATIVE,B,2027-02,EVT-SET-ACNE-TONIC-SERUM,WB,1.0,1280,1280,665,105,511,319,192
CONSERVATIVE,B,2027-02,EVT-SET-ACNE-TONIC-SERUM,OZON,0.3,1740,580,347,40,193,106,87
CONSERVATIVE,B,2027-02,EVT-SET-TON-CREAM-ACNE,WB,6.0,1274,7644,4096,514,3033,1887,1147
CONSERVATIVE,B,2027-02,EVT-SET-SER-CREAM-MOIST,WB,31.5,1320,41580,22248,4158,15174,8240,6934
CONSERVATIVE,B,2027-02,EVT-SET-SER-CREAM-MOIST,OZON,2.1,1371,2879,1762,136,981,549,432
CONSERVATIVE,B,2027-02,EVT-SET-TON-CREAM-MOIST,WB,14.0,1267,17741,9484,1206,7051,4390,2661
CONSERVATIVE,B,2027-02,EVT-SET-TON-SER-CREAM-MOIST,WB,28.0,1370,38360,21342,0,17018,12442,4576
CONSERVATIVE,B,2027-02,EVT-SET-MOIST-TONIC-SERUM,WB,1.7,1248,2080,1112,134,835,523,312
CONSERVATIVE,B,2027-02,EVT-SET-MOIST-TONIC-SERUM,OZON,2.7,1527,4072,2465,160,1447,836,611
CONSERVATIVE,B,2027-02,EVT-SET-HAND-CHERRY,WB,6.3,1120,7093,4292,0,2801,2575,226
CONSERVATIVE,B,2027-02,EVT-SET-HAND-CHERRY,OZON,4.3,1620,7020,4259,0,2761,1762,999
CONSERVATIVE,B,2027-02,EVT-SET-HAND-AMBER,WB,6.0,1120,6720,3995,0,2725,2440,285
CONSERVATIVE,B,2027-02,EVT-SET-HAND-AMBER,OZON,2.0,1452,2904,1783,0,1121,813,308
CONSERVATIVE,B,2027-02,EVT-SET-CHERRY-AMBER,WB,6.0,1120,6720,3876,0,2844,2103,741
CONSERVATIVE,B,2027-02,EVT-SET-CHERRY-AMBER,OZON,2.3,1574,3673,2235,69,1369,818,551
CONSERVATIVE,B,2027-03,EVT-FS-ACNE-30,WB,50.4,806,40602,22322,4060,14220,6843,7376
CONSERVATIVE,B,2027-03,EVT-FS-ACNE-30,OZON,9.6,1258,12077,7359,1208,3510,1303,2206
CONSERVATIVE,B,2027-03,EVT-FS-MOIST-30,WB,51.2,699,35799,20215,3517,12067,6697,5370
CONSERVATIVE,B,2027-03,EVT-FS-MOIST-30,OZON,10.8,1234,13327,8138,1333,3856,1413,2444
CONSERVATIVE,B,2027-03,EVT-FC-ACNE-50,WB,50.8,800,40620,22726,4062,13832,6688,7144
CONSERVATIVE,B,2027-03,EVT-FC-ACNE-50,OZON,8.8,1374,12091,7364,1209,3518,1159,2359
CONSERVATIVE,B,2027-03,EVT-FC-MOIST-50,WB,216.0,926,199930,108024,19993,71912,28248,43664
CONSERVATIVE,B,2027-03,EVT-FC-MOIST-50,OZON,24.0,848,20352,13204,957,6192,3139,3053
CONSERVATIVE,B,2027-03,EVT-FT-ACNE-150,WB,38.8,740,28712,16023,1290,11399,7092,4307
CONSERVATIVE,B,2027-03,EVT-FT-ACNE-150,OZON,18.4,1219,22430,13843,1859,6728,3363,3364
CONSERVATIVE,B,2027-03,EVT-FT-MOIST-150,WB,18.4,740,13616,7605,605,5406,3363,2042
CONSERVATIVE,B,2027-03,EVT-FT-MOIST-150,OZON,8.8,1197,10534,6515,830,3189,1609,1580
CONSERVATIVE,B,2027-03,EVT-EP-ENZYME-75,WB,23.2,666,15451,8853,585,6013,3696,2318
CONSERVATIVE,B,2027-03,EVT-EP-ENZYME-75,OZON,7.6,1231,9356,5768,936,2652,1211,1442
CONSERVATIVE,B,2027-03,EVT-HC-HAND-300,WB,156.0,640,99840,59925,3820,36095,36095,0
CONSERVATIVE,B,2027-03,EVT-HC-HAND-300,OZON,18.0,973,17514,11201,1751,4561,4165,397
CONSERVATIVE,B,2027-03,EVT-HC-CHERRY-300,WB,21.2,640,13568,8085,0,5483,3716,1768
CONSERVATIVE,B,2027-03,EVT-HC-CHERRY-300,OZON,8.4,1209,10156,6308,852,2996,1472,1523
CONSERVATIVE,B,2027-03,EVT-HC-AMBER-300,WB,16.8,640,10752,6625,0,4127,2945,1182
CONSERVATIVE,B,2027-03,EVT-HC-AMBER-300,OZON,5.2,1242,6458,3998,580,1880,911,969
CONSERVATIVE,B,2027-03,EVT-SET-4PC-ACNE,WB,21.2,1900,40280,22070,0,18210,12922,5288
CONSERVATIVE,B,2027-03,EVT-SET-4PC-ACNE,OZON,9.6,3816,36634,20897,3663,12074,5851,6222
CONSERVATIVE,B,2027-03,EVT-SET-SER-CREAM-ACNE,WB,20.8,1294,26915,14207,2692,10016,5563,4454
CONSERVATIVE,B,2027-03,EVT-SET-SER-CREAM-ACNE,OZON,3.2,1625,5200,3128,436,1636,856,780
CONSERVATIVE,B,2027-03,EVT-SET-TON-SER-CREAM-ACNE,WB,18.8,1343,25252,14505,0,10748,8464,2283
CONSERVATIVE,B,2027-03,EVT-SET-TON-SER-CREAM-ACNE,OZON,7.2,2735,19692,11395,1969,6328,3242,3087
CONSERVATIVE,B,2027-03,EVT-SET-ACNE-POWDER-SERUM-CREAM,OZON,2.4,2436,5846,3407,538,1901,1024,877
CONSERVATIVE,B,2027-03,EVT-SET-ACNE-TONIC-SERUM,WB,1.2,1280,1536,798,125,613,382,230
CONSERVATIVE,B,2027-03,EVT-SET-ACNE-TONIC-SERUM,OZON,0.4,1740,696,416,48,232,127,104
CONSERVATIVE,B,2027-03,EVT-SET-TON-CREAM-ACNE,WB,7.2,1274,9173,4916,617,3640,2264,1376
CONSERVATIVE,B,2027-03,EVT-SET-SER-CREAM-MOIST,WB,37.8,1320,49896,26698,4990,18209,9888,8321
CONSERVATIVE,B,2027-03,EVT-SET-SER-CREAM-MOIST,OZON,2.5,1371,3455,2115,163,1177,659,518
CONSERVATIVE,B,2027-03,EVT-SET-TON-CREAM-MOIST,WB,16.8,1267,21289,11381,1447,8461,5268,3193
CONSERVATIVE,B,2027-03,EVT-SET-TON-SER-CREAM-MOIST,WB,33.6,1370,46032,25610,0,20422,14931,5491
CONSERVATIVE,B,2027-03,EVT-SET-MOIST-TONIC-SERUM,WB,2.0,1248,2496,1334,160,1002,627,374
CONSERVATIVE,B,2027-03,EVT-SET-MOIST-TONIC-SERUM,OZON,3.2,1527,4886,2957,192,1736,1004,733
CONSERVATIVE,B,2027-03,EVT-SET-HAND-CHERRY,WB,7.6,1120,8512,5151,0,3361,3091,271
CONSERVATIVE,B,2027-03,EVT-SET-HAND-CHERRY,OZON,5.2,1620,8424,5111,0,3313,2115,1198
CONSERVATIVE,B,2027-03,EVT-SET-HAND-AMBER,WB,7.2,1120,8064,4794,0,3270,2928,342
CONSERVATIVE,B,2027-03,EVT-SET-HAND-AMBER,OZON,2.4,1452,3485,2139,0,1346,976,370
CONSERVATIVE,B,2027-03,EVT-SET-CHERRY-AMBER,WB,7.2,1120,8064,4651,0,3413,2524,889
CONSERVATIVE,B,2027-03,EVT-SET-CHERRY-AMBER,OZON,2.8,1574,4407,2682,83,1643,982,661
BASE,A,2026-09,EVT-FS-ACNE-30,WB,59.8,806,48182,26490,5782,15911,8121,7790
BASE,A,2026-09,EVT-FS-ACNE-30,OZON,17.6,1258,22173,13512,2661,6000,2393,3607
BASE,A,2026-09,EVT-FS-MOIST-30,WB,118.4,699,82809,46760,9937,26111,15492,10619
BASE,A,2026-09,EVT-FS-MOIST-30,OZON,10.4,1234,12852,7848,1542,3462,1362,2099
BASE,A,2026-09,EVT-FC-ACNE-50,WB,66.0,800,52795,29537,6335,16922,8693,8229
BASE,A,2026-09,EVT-FC-ACNE-50,OZON,8.8,1374,12109,7375,1453,3281,1160,2121
BASE,A,2026-09,EVT-FT-ACNE-150,WB,54.2,740,40096,22376,3806,13913,9904,4010
BASE,A,2026-09,EVT-FT-ACNE-150,OZON,19.2,1219,23439,14466,2813,6160,3515,2645
BASE,A,2026-09,EVT-FT-MOIST-150,WB,40.9,740,30236,16889,2855,10492,7469,3024
BASE,A,2026-09,EVT-FT-MOIST-150,OZON,13.6,1197,16303,10084,1956,4263,2490,1773
BASE,A,2026-09,EVT-EP-ENZYME-75,WB,34.0,666,22677,12993,1992,7692,5424,2268
BASE,A,2026-09,EVT-EP-ENZYME-75,OZON,8.8,1231,10849,6688,1302,2859,1404,1455
BASE,A,2026-09,EVT-HC-HAND-300,WB,139.3,640,89173,53523,3411,32239,32239,0
BASE,A,2026-09,EVT-HC-HAND-300,OZON,31.3,973,30504,19509,3660,7334,7254,81
BASE,A,2026-09,EVT-HC-CHERRY-300,WB,18.4,640,11749,7000,356,4392,3217,1175
BASE,A,2026-09,EVT-HC-CHERRY-300,OZON,8.8,1209,10655,6618,1279,2759,1545,1214
BASE,A,2026-09,EVT-HC-AMBER-300,WB,18.4,640,11749,7239,117,4392,3217,1175
BASE,A,2026-09,EVT-HC-AMBER-300,OZON,6.4,1242,7960,4928,955,2077,1123,954
BASE,A,2026-09,EVT-SET-4PC-ACNE,WB,27.8,1900,52880,28974,1655,22252,16964,5288
BASE,A,2026-09,EVT-SET-4PC-ACNE,OZON,7.2,3816,27515,15695,3302,8518,4395,4123
BASE,A,2026-09,EVT-SET-SER-CREAM-ACNE,WB,25.5,1294,32949,17392,3954,11603,6810,4793
BASE,A,2026-09,EVT-SET-SER-CREAM-ACNE,OZON,3.2,1625,5208,3133,625,1450,857,593
BASE,A,2026-09,EVT-SET-TON-SER-CREAM-ACNE,WB,10.9,1343,14660,8421,0,6240,4914,1326
BASE,A,2026-09,EVT-SET-TON-SER-CREAM-ACNE,OZON,8.0,2735,21912,12679,2629,6603,3607,2996
BASE,A,2026-09,EVT-SET-ACNE-POWDER-SERUM-CREAM,OZON,1.6,2436,3903,2275,468,1160,684,476
BASE,A,2026-09,EVT-SET-ACNE-TONIC-SERUM,WB,0.7,1280,892,463,107,322,222,100
BASE,A,2026-09,EVT-SET-ACNE-TONIC-SERUM,OZON,0.8,1740,1394,833,166,395,255,139
BASE,A,2026-09,EVT-SET-TON-CREAM-ACNE,WB,4.2,1274,5325,2854,625,1847,1314,533
BASE,A,2026-09,EVT-SET-MOIST-TONIC-SERUM,WB,1.2,1248,1449,774,166,509,364,145
BASE,A,2026-09,EVT-SET-MOIST-TONIC-SERUM,OZON,5.6,1527,8564,5183,765,2615,1759,856
BASE,A,2026-09,EVT-SET-HAND-CHERRY,WB,8.8,1120,9883,5981,0,3903,3588,314
BASE,A,2026-09,EVT-SET-HAND-CHERRY,OZON,9.6,1620,15575,9450,658,5467,3910,1557
BASE,A,2026-09,EVT-SET-HAND-AMBER,WB,8.4,1120,9363,5566,0,3797,3400,397
BASE,A,2026-09,EVT-SET-HAND-AMBER,OZON,4.8,1452,6980,4285,42,2653,1955,698
BASE,A,2026-09,EVT-SET-CHERRY-AMBER,WB,8.4,1120,9363,5400,96,3867,2931,936
BASE,A,2026-09,EVT-SET-CHERRY-AMBER,OZON,6.4,1574,10088,6139,694,3256,2247,1009
BASE,A,2026-10,EVT-FS-ACNE-30,WB,85.8,806,69161,38023,8299,22838,11657,11181
BASE,A,2026-10,EVT-FS-ACNE-30,OZON,25.3,1258,31827,19395,3819,8613,3435,5178
BASE,A,2026-10,EVT-FS-MOIST-30,WB,170.0,699,118864,67120,14264,37480,22238,15243
BASE,A,2026-10,EVT-FS-MOIST-30,OZON,14.9,1234,18448,11265,2214,4969,1956,3014
BASE,A,2026-10,EVT-FC-ACNE-50,WB,94.8,800,75782,42398,9094,24290,12478,11812
BASE,A,2026-10,EVT-FC-ACNE-50,OZON,12.6,1374,17381,10586,2086,4709,1665,3044
BASE,A,2026-10,EVT-FT-ACNE-150,WB,77.8,740,57553,32119,5463,19971,14216,5755
BASE,A,2026-10,EVT-FT-ACNE-150,OZON,27.6,1219,33644,20765,4037,8842,5045,3797
BASE,A,2026-10,EVT-FT-MOIST-150,WB,58.6,740,43401,24242,4098,15060,10720,4340
BASE,A,2026-10,EVT-FT-MOIST-150,OZON,19.5,1197,23401,14474,2808,6119,3573,2546
BASE,A,2026-10,EVT-EP-ENZYME-75,WB,48.9,666,32551,18651,2859,11041,7786,3255
BASE,A,2026-10,EVT-EP-ENZYME-75,OZON,12.6,1231,15572,9600,1869,4103,2015,2088
BASE,A,2026-10,EVT-HC-HAND-300,WB,200.0,640,128000,76827,4897,46276,46276,0
BASE,A,2026-10,EVT-HC-HAND-300,OZON,45.0,973,43785,28003,5254,10528,10412,116
BASE,A,2026-10,EVT-HC-CHERRY-300,WB,26.3,640,16864,10048,511,6305,4618,1686
BASE,A,2026-10,EVT-HC-CHERRY-300,OZON,12.6,1209,15294,9499,1835,3960,2217,1742
BASE,A,2026-10,EVT-HC-AMBER-300,WB,26.3,640,16864,10391,168,6305,4618,1686
BASE,A,2026-10,EVT-HC-AMBER-300,OZON,9.2,1242,11426,7074,1371,2981,1612,1369
BASE,A,2026-10,EVT-SET-4PC-ACNE,WB,39.9,1900,75905,41589,2375,31941,24350,7590
BASE,A,2026-10,EVT-SET-4PC-ACNE,OZON,10.3,3816,39496,22529,4739,12227,6309,5919
BASE,A,2026-10,EVT-SET-SER-CREAM-ACNE,WB,36.5,1294,47296,24965,5675,16655,9775,6880
BASE,A,2026-10,EVT-SET-SER-CREAM-ACNE,OZON,4.6,1625,7475,4497,897,2081,1230,851
BASE,A,2026-10,EVT-SET-TON-SER-CREAM-ACNE,WB,15.7,1343,21043,12087,0,8956,7054,1903
BASE,A,2026-10,EVT-SET-TON-SER-CREAM-ACNE,OZON,11.5,2735,31452,18200,3774,9479,5178,4301
BASE,A,2026-10,EVT-SET-ACNE-POWDER-SERUM-CREAM,OZON,2.3,2436,5603,3265,672,1665,981,684
BASE,A,2026-10,EVT-SET-ACNE-TONIC-SERUM,WB,1.0,1280,1280,665,154,462,319,143
BASE,A,2026-10,EVT-SET-ACNE-TONIC-SERUM,OZON,1.1,1740,2001,1196,238,566,366,200
BASE,A,2026-10,EVT-SET-TON-CREAM-ACNE,WB,6.0,1274,7644,4096,897,2651,1887,764
BASE,A,2026-10,EVT-SET-MOIST-TONIC-SERUM,WB,1.7,1248,2080,1112,238,731,523,208
BASE,A,2026-10,EVT-SET-MOIST-TONIC-SERUM,OZON,8.0,1527,12292,7440,1099,3754,2524,1229
BASE,A,2026-10,EVT-SET-HAND-CHERRY,WB,12.7,1120,14187,8585,0,5602,5151,451
BASE,A,2026-10,EVT-SET-HAND-CHERRY,OZON,13.8,1620,22356,13564,945,7847,5612,2236
BASE,A,2026-10,EVT-SET-HAND-AMBER,WB,12.0,1120,13440,7990,0,5450,4880,570
BASE,A,2026-10,EVT-SET-HAND-AMBER,OZON,6.9,1452,10019,6150,61,3808,2806,1002
BASE,A,2026-10,EVT-SET-CHERRY-AMBER,WB,12.0,1120,13440,7752,138,5551,4207,1344
BASE,A,2026-10,EVT-SET-CHERRY-AMBER,OZON,9.2,1574,14481,8812,996,4673,3225,1448
BASE,A,2026-11,EVT-FS-ACNE-30,WB,98.7,806,79535,43727,9544,26264,13405,12859
BASE,A,2026-11,EVT-FS-ACNE-30,OZON,29.1,1258,36602,22305,4392,9905,3951,5954
BASE,A,2026-11,EVT-FS-MOIST-30,WB,195.5,699,136694,77188,16403,43102,25573,17529
BASE,A,2026-11,EVT-FS-MOIST-30,OZON,17.2,1234,21216,12955,2546,5715,2249,3466
BASE,A,2026-11,EVT-FC-ACNE-50,WB,109.0,800,87149,48758,10458,27933,14350,13584
BASE,A,2026-11,EVT-FC-ACNE-50,OZON,14.5,1374,19988,12174,2399,5416,1915,3501
BASE,A,2026-11,EVT-FT-ACNE-150,WB,89.4,703,62877,35422,4819,22636,16349,6288
BASE,A,2026-11,EVT-FT-ACNE-150,OZON,31.7,1158,36757,22825,4411,9520,5802,3719
BASE,A,2026-11,EVT-FT-MOIST-150,WB,67.4,703,47416,26736,3610,17070,12328,4742
BASE,A,2026-11,EVT-FT-MOIST-150,OZON,22.5,1137,25566,15912,2988,6666,4109,2557
BASE,A,2026-11,EVT-EP-ENZYME-75,WB,56.2,633,35562,20591,2461,12510,8953,3556
BASE,A,2026-11,EVT-EP-ENZYME-75,OZON,14.5,1169,17013,10552,2042,4419,2317,2102
BASE,A,2026-11,EVT-HC-HAND-300,WB,230.0,640,147200,88351,5631,53217,53217,0
BASE,A,2026-11,EVT-HC-HAND-300,OZON,51.7,973,50353,32203,6042,12107,11974,133
BASE,A,2026-11,EVT-HC-CHERRY-300,WB,30.3,608,18424,11112,159,7154,5311,1842
BASE,A,2026-11,EVT-HC-CHERRY-300,OZON,14.5,1149,16709,10445,2005,4259,2550,1709
BASE,A,2026-11,EVT-HC-AMBER-300,WB,30.3,608,18424,11506,0,6918,5311,1607
BASE,A,2026-11,EVT-HC-AMBER-300,OZON,10.6,1180,12483,7777,1498,3209,1854,1354
BASE,A,2026-11,EVT-SET-4PC-ACNE,WB,45.9,1900,87291,47828,2731,36732,28003,8729
BASE,A,2026-11,EVT-SET-4PC-ACNE,OZON,11.9,3816,45420,25908,5450,14061,7255,6806
BASE,A,2026-11,EVT-SET-SER-CREAM-ACNE,WB,42.0,1294,54390,28710,6527,19153,11241,7912
BASE,A,2026-11,EVT-SET-SER-CREAM-ACNE,OZON,5.3,1625,8596,5172,1032,2393,1415,978
BASE,A,2026-11,EVT-SET-TON-SER-CREAM-ACNE,WB,18.0,1343,24200,13900,0,10300,8112,2188
BASE,A,2026-11,EVT-SET-TON-SER-CREAM-ACNE,OZON,13.2,2735,36170,20930,4340,10900,5954,4946
BASE,A,2026-11,EVT-SET-ACNE-POWDER-SERUM-CREAM,OZON,2.6,2314,6121,3579,735,1807,1129,679
BASE,A,2026-11,EVT-SET-ACNE-TONIC-SERUM,WB,1.1,1216,1398,731,161,506,366,140
BASE,A,2026-11,EVT-SET-ACNE-TONIC-SERUM,OZON,1.3,1653,2186,1313,233,640,421,219
BASE,A,2026-11,EVT-SET-TON-CREAM-ACNE,WB,6.9,1210,8351,4510,837,3005,2170,835
BASE,A,2026-11,EVT-SET-MOIST-TONIC-SERUM,WB,1.9,1186,2272,1224,220,828,601,227
BASE,A,2026-11,EVT-SET-MOIST-TONIC-SERUM,OZON,9.3,1451,13429,8171,1013,4246,2903,1343
BASE,A,2026-11,EVT-SET-HAND-CHERRY,WB,14.6,1064,15499,9499,0,6000,5924,77
BASE,A,2026-11,EVT-SET-HAND-CHERRY,OZON,15.9,1539,24424,14898,630,8896,6454,2442
BASE,A,2026-11,EVT-SET-HAND-AMBER,WB,13.8,1064,14683,8835,0,5848,5612,237
BASE,A,2026-11,EVT-SET-HAND-AMBER,OZON,7.9,1379,10946,6759,0,4187,3227,960
BASE,A,2026-11,EVT-SET-CHERRY-AMBER,WB,13.8,1064,14683,8561,0,6123,4837,1285
BASE,A,2026-11,EVT-SET-CHERRY-AMBER,OZON,10.6,1495,15820,9680,849,5291,3709,1582
BASE,A,2026-12,EVT-FS-ACNE-30,WB,171.7,806,138322,76047,16599,45676,23313,22363
BASE,A,2026-12,EVT-FS-ACNE-30,OZON,50.6,1258,63655,38790,7639,17226,6870,10355
BASE,A,2026-12,EVT-FS-MOIST-30,WB,340.0,699,237728,134240,28527,74961,44475,30485
BASE,A,2026-12,EVT-FS-MOIST-30,OZON,29.9,1234,36897,22531,4428,9938,3911,6027
BASE,A,2026-12,EVT-FC-ACNE-50,WB,189.5,800,151564,84796,18188,48580,24956,23624
BASE,A,2026-12,EVT-FC-ACNE-50,OZON,25.3,1374,34762,21172,4171,9419,3331,6088
BASE,A,2026-12,EVT-FT-ACNE-150,WB,155.5,703,109352,61603,8381,39367,28432,10935
BASE,A,2026-12,EVT-FT-ACNE-150,OZON,55.2,1158,63924,39696,7671,16557,10090,6467
BASE,A,2026-12,EVT-FT-MOIST-150,WB,117.3,703,82462,46497,6278,29687,21441,8246
BASE,A,2026-12,EVT-FT-MOIST-150,OZON,39.1,1137,44463,27673,5197,11593,7147,4446
BASE,A,2026-12,EVT-EP-ENZYME-75,WB,97.8,633,61846,35811,4280,21756,15571,6185
BASE,A,2026-12,EVT-EP-ENZYME-75,OZON,25.3,1169,29587,18351,3550,7685,4030,3655
BASE,A,2026-12,EVT-HC-HAND-300,WB,400.0,640,256000,153654,9794,92552,92552,0
BASE,A,2026-12,EVT-HC-HAND-300,OZON,90.0,973,87570,56006,10508,21056,20824,232
BASE,A,2026-12,EVT-HC-CHERRY-300,WB,52.7,608,32042,19325,276,12441,9237,3204
BASE,A,2026-12,EVT-HC-CHERRY-300,OZON,25.3,1149,29058,18164,3487,7407,4434,2973
BASE,A,2026-12,EVT-HC-AMBER-300,WB,52.7,608,32042,20010,0,12032,9237,2795
BASE,A,2026-12,EVT-HC-AMBER-300,OZON,18.4,1180,21710,13525,2605,5580,3225,2355
BASE,A,2026-12,EVT-SET-4PC-ACNE,WB,79.9,1900,151810,83178,4750,63882,48701,15181
BASE,A,2026-12,EVT-SET-4PC-ACNE,OZON,20.7,3816,78991,45058,9479,24454,12617,11837
BASE,A,2026-12,EVT-SET-SER-CREAM-ACNE,WB,73.1,1294,94591,49930,11351,33310,19550,13760
BASE,A,2026-12,EVT-SET-SER-CREAM-ACNE,OZON,9.2,1625,14950,8994,1794,4162,2460,1701
BASE,A,2026-12,EVT-SET-TON-SER-CREAM-ACNE,WB,31.3,1343,42087,24174,0,17913,14107,3806
BASE,A,2026-12,EVT-SET-TON-SER-CREAM-ACNE,OZON,23.0,2735,62905,36399,7549,18957,10355,8602
BASE,A,2026-12,EVT-SET-ACNE-POWDER-SERUM-CREAM,OZON,4.6,2314,10645,6225,1277,3143,1963,1180
BASE,A,2026-12,EVT-SET-ACNE-TONIC-SERUM,WB,2.0,1216,2432,1271,281,880,637,243
BASE,A,2026-12,EVT-SET-ACNE-TONIC-SERUM,OZON,2.3,1653,3802,2284,405,1113,733,380
BASE,A,2026-12,EVT-SET-TON-CREAM-ACNE,WB,12.0,1210,14524,7843,1455,5226,3773,1452
BASE,A,2026-12,EVT-SET-MOIST-TONIC-SERUM,WB,3.3,1186,3952,2128,383,1441,1045,395
BASE,A,2026-12,EVT-SET-MOIST-TONIC-SERUM,OZON,16.1,1451,23355,14210,1761,7384,5049,2336
BASE,A,2026-12,EVT-SET-HAND-CHERRY,WB,25.3,1064,26955,16520,0,10435,10302,133
BASE,A,2026-12,EVT-SET-HAND-CHERRY,OZON,27.6,1539,42476,25910,1096,15471,11224,4248
BASE,A,2026-12,EVT-SET-HAND-AMBER,WB,24.0,1064,25536,15365,0,10171,9760,411
BASE,A,2026-12,EVT-SET-HAND-AMBER,OZON,13.8,1379,19036,11754,0,7281,5612,1669
BASE,A,2026-12,EVT-SET-CHERRY-AMBER,WB,24.0,1064,25536,14888,0,10648,8413,2235
BASE,A,2026-12,EVT-SET-CHERRY-AMBER,OZON,18.4,1495,27514,16835,1477,9201,6450,2751
BASE,A,2027-01,EVT-FS-ACNE-30,WB,73.0,806,58787,32320,7054,19412,9908,9504
BASE,A,2027-01,EVT-FS-ACNE-30,OZON,21.5,1258,27053,16486,3246,7321,2920,4401
BASE,A,2027-01,EVT-FS-MOIST-30,WB,144.5,699,101034,57052,12124,31858,18902,12956
BASE,A,2027-01,EVT-FS-MOIST-30,OZON,12.7,1234,15681,9575,1882,4224,1662,2562
BASE,A,2027-01,EVT-FC-ACNE-50,WB,80.6,800,64415,36039,7730,20646,10606,10040
BASE,A,2027-01,EVT-FC-ACNE-50,OZON,10.8,1374,14774,8998,1773,4003,1416,2587
BASE,A,2027-01,EVT-FT-ACNE-150,WB,66.1,740,48920,27301,4643,16976,12084,4892
BASE,A,2027-01,EVT-FT-ACNE-150,OZON,23.5,1219,28598,17650,3432,7516,4288,3228
BASE,A,2027-01,EVT-FT-MOIST-150,WB,49.9,740,36891,20606,3484,12801,9112,3689
BASE,A,2027-01,EVT-FT-MOIST-150,OZON,16.6,1197,19891,12303,2387,5201,3037,2164
BASE,A,2027-01,EVT-EP-ENZYME-75,WB,41.5,666,27668,15853,2430,9385,6618,2767
BASE,A,2027-01,EVT-EP-ENZYME-75,OZON,10.8,1231,13236,8160,1588,3488,1713,1775
BASE,A,2027-01,EVT-HC-HAND-300,WB,170.0,640,108800,65303,4162,39335,39335,0
BASE,A,2027-01,EVT-HC-HAND-300,OZON,38.2,973,37217,23802,4466,8949,8850,98
BASE,A,2027-01,EVT-HC-CHERRY-300,WB,22.4,640,14334,8541,434,5359,3926,1433
BASE,A,2027-01,EVT-HC-CHERRY-300,OZON,10.8,1209,13000,8074,1560,3366,1885,1481
BASE,A,2027-01,EVT-HC-AMBER-300,WB,22.4,640,14334,8832,143,5359,3926,1433
BASE,A,2027-01,EVT-HC-AMBER-300,OZON,7.8,1242,9712,6013,1165,2534,1371,1164
BASE,A,2027-01,EVT-SET-4PC-ACNE,WB,34.0,1900,64519,35351,2019,27150,20698,6452
BASE,A,2027-01,EVT-SET-4PC-ACNE,OZON,8.8,3816,33571,19150,4029,10393,5362,5031
BASE,A,2027-01,EVT-SET-SER-CREAM-ACNE,WB,31.1,1294,40201,21220,4824,14157,8309,5848
BASE,A,2027-01,EVT-SET-SER-CREAM-ACNE,OZON,3.9,1625,6354,3823,762,1769,1046,723
BASE,A,2027-01,EVT-SET-TON-SER-CREAM-ACNE,WB,13.3,1343,17887,10274,0,7613,5995,1617
BASE,A,2027-01,EVT-SET-TON-SER-CREAM-ACNE,OZON,9.8,2735,26735,15470,3208,8057,4401,3656
BASE,A,2027-01,EVT-SET-ACNE-POWDER-SERUM-CREAM,OZON,2.0,2436,4762,2775,571,1416,834,581
BASE,A,2027-01,EVT-SET-ACNE-TONIC-SERUM,WB,0.8,1280,1088,565,131,392,271,122
BASE,A,2027-01,EVT-SET-ACNE-TONIC-SERUM,OZON,1.0,1740,1701,1017,202,481,311,170
BASE,A,2027-01,EVT-SET-TON-CREAM-ACNE,WB,5.1,1274,6497,3482,762,2253,1604,650
BASE,A,2027-01,EVT-SET-MOIST-TONIC-SERUM,WB,1.4,1248,1768,945,202,621,444,177
BASE,A,2027-01,EVT-SET-MOIST-TONIC-SERUM,OZON,6.8,1527,10448,6324,934,3191,2146,1045
BASE,A,2027-01,EVT-SET-HAND-CHERRY,WB,10.8,1120,12059,7297,0,4762,4378,384
BASE,A,2027-01,EVT-SET-HAND-CHERRY,OZON,11.7,1620,19003,11529,803,6670,4770,1900
BASE,A,2027-01,EVT-SET-HAND-AMBER,WB,10.2,1120,11424,6792,0,4632,4148,485
BASE,A,2027-01,EVT-SET-HAND-AMBER,OZON,5.9,1452,8516,5228,52,3237,2385,852
BASE,A,2027-01,EVT-SET-CHERRY-AMBER,WB,10.2,1120,11424,6589,117,4718,3576,1142
BASE,A,2027-01,EVT-SET-CHERRY-AMBER,OZON,7.8,1574,12309,7490,846,3972,2741,1231
BASE,A,2027-02,EVT-FS-ACNE-30,WB,90.1,806,72619,39924,8714,23980,12240,11740
BASE,A,2027-02,EVT-FS-ACNE-30,OZON,26.6,1258,33419,20365,4010,9044,3607,5437
BASE,A,2027-02,EVT-FS-MOIST-30,WB,178.5,699,124807,70476,14977,39354,23350,16005
BASE,A,2027-02,EVT-FS-MOIST-30,OZON,15.7,1234,19371,11829,2324,5218,2053,3164
BASE,A,2027-02,EVT-FC-ACNE-50,WB,72.0,800,57573,32211,6909,18454,9480,8974
BASE,A,2027-02,EVT-FC-ACNE-50,OZON,9.6,1374,13205,8042,1585,3578,1265,2313
BASE,A,2027-02,EVT-FT-ACNE-150,WB,81.7,740,60431,33725,5736,20970,14927,6043
BASE,A,2027-02,EVT-FT-ACNE-150,OZON,29.0,1219,35327,21803,4239,9284,5297,3987
BASE,A,2027-02,EVT-FT-MOIST-150,WB,61.6,740,45571,25454,4303,15813,11256,4557
BASE,A,2027-02,EVT-FT-MOIST-150,OZON,20.5,1197,24571,15198,2949,6425,3752,2673
BASE,A,2027-02,EVT-EP-ENZYME-75,WB,51.3,666,34178,19583,3002,11593,8175,3418
BASE,A,2027-02,EVT-EP-ENZYME-75,OZON,13.3,1231,16351,10080,1962,4309,2116,2193
BASE,A,2027-02,EVT-HC-HAND-300,WB,210.0,640,134400,80669,5142,48590,48590,0
BASE,A,2027-02,EVT-HC-HAND-300,OZON,47.2,973,45974,29403,5517,11054,10933,122
BASE,A,2027-02,EVT-HC-CHERRY-300,WB,27.7,640,17707,10551,536,6620,4849,1771
BASE,A,2027-02,EVT-HC-CHERRY-300,OZON,13.3,1209,16059,9974,1927,4158,2328,1830
BASE,A,2027-02,EVT-HC-AMBER-300,WB,27.7,640,17707,10911,177,6620,4849,1771
BASE,A,2027-02,EVT-HC-AMBER-300,OZON,9.7,1242,11998,7427,1440,3131,1693,1437
BASE,A,2027-02,EVT-SET-4PC-ACNE,WB,30.4,1900,57666,31596,1804,24266,18499,5767
BASE,A,2027-02,EVT-SET-4PC-ACNE,OZON,7.9,3816,30006,17116,3601,9289,4793,4496
BASE,A,2027-02,EVT-SET-SER-CREAM-ACNE,WB,27.8,1294,35931,18967,4312,12653,7426,5227
BASE,A,2027-02,EVT-SET-SER-CREAM-ACNE,OZON,3.5,1625,5679,3417,681,1581,935,646
BASE,A,2027-02,EVT-SET-TON-SER-CREAM-ACNE,WB,11.9,1343,15987,9183,0,6804,5359,1446
BASE,A,2027-02,EVT-SET-TON-SER-CREAM-ACNE,OZON,8.7,2735,23895,13827,2867,7201,3934,3268
BASE,A,2027-02,EVT-SET-ACNE-POWDER-SERUM-CREAM,OZON,1.7,2436,4257,2481,511,1265,746,520
BASE,A,2027-02,EVT-SET-ACNE-TONIC-SERUM,WB,1.1,1280,1344,698,161,485,334,150
BASE,A,2027-02,EVT-SET-ACNE-TONIC-SERUM,OZON,1.2,1740,2101,1256,250,595,385,210
BASE,A,2027-02,EVT-SET-TON-CREAM-ACNE,WB,4.6,1274,5807,3112,681,2014,1433,581
BASE,A,2027-02,EVT-SET-MOIST-TONIC-SERUM,WB,1.8,1248,2184,1167,250,767,549,218
BASE,A,2027-02,EVT-SET-MOIST-TONIC-SERUM,OZON,8.5,1527,12907,7812,1154,3941,2651,1291
BASE,A,2027-02,EVT-SET-HAND-CHERRY,WB,13.3,1120,14896,9014,0,5882,5408,474
BASE,A,2027-02,EVT-SET-HAND-CHERRY,OZON,14.5,1620,23474,14242,992,8240,5892,2347
BASE,A,2027-02,EVT-SET-HAND-AMBER,WB,12.6,1120,14112,8390,0,5722,5124,599
BASE,A,2027-02,EVT-SET-HAND-AMBER,OZON,7.2,1452,10520,6458,64,3998,2946,1052
BASE,A,2027-02,EVT-SET-CHERRY-AMBER,WB,12.6,1120,14112,8139,145,5828,4417,1411
BASE,A,2027-02,EVT-SET-CHERRY-AMBER,OZON,9.7,1574,15205,9253,1045,4907,3386,1520
BASE,A,2027-03,EVT-FS-ACNE-30,WB,128.8,806,103741,57035,12449,34257,17485,16772
BASE,A,2027-03,EVT-FS-ACNE-30,OZON,37.9,1258,47741,29093,5729,12919,5153,7766
BASE,A,2027-03,EVT-FS-MOIST-30,WB,255.0,699,178296,100680,21396,56220,33357,22864
BASE,A,2027-03,EVT-FS-MOIST-30,OZON,22.4,1234,27672,16898,3321,7454,2933,4520
BASE,A,2027-03,EVT-FT-ACNE-150,WB,116.7,703,82014,46202,6286,29526,21324,8201
BASE,A,2027-03,EVT-FT-ACNE-150,OZON,41.4,1158,47943,29772,5753,12418,7567,4850
BASE,A,2027-03,EVT-FT-MOIST-150,WB,88.0,703,61846,34873,4709,22265,16081,6185
BASE,A,2027-03,EVT-FT-MOIST-150,OZON,29.3,1137,33347,20755,3897,8695,5360,3335
BASE,A,2027-03,EVT-EP-ENZYME-75,WB,73.3,633,46385,26858,3210,16317,11678,4638
BASE,A,2027-03,EVT-EP-ENZYME-75,OZON,19.0,1169,22190,13764,2663,5764,3023,2741
BASE,A,2027-03,EVT-HC-HAND-300,WB,300.0,640,192000,115241,7345,69414,69414,0
BASE,A,2027-03,EVT-HC-HAND-300,OZON,67.5,973,65678,42004,7881,15792,15618,174
BASE,A,2027-03,EVT-HC-CHERRY-300,WB,39.5,608,24031,14494,207,9331,6928,2403
BASE,A,2027-03,EVT-HC-CHERRY-300,OZON,19.0,1149,21794,13623,2615,5555,3326,2229
BASE,A,2027-03,EVT-HC-AMBER-300,WB,39.5,608,24031,15007,0,9024,6928,2096
BASE,A,2027-03,EVT-HC-AMBER-300,OZON,13.8,1180,16283,10144,1954,4185,2419,1766
BASE,A,2027-03,EVT-SET-ACNE-TONIC-SERUM,WB,1.5,1216,1824,953,210,660,478,182
BASE,A,2027-03,EVT-SET-ACNE-TONIC-SERUM,OZON,1.7,1653,2851,1713,304,835,550,285
BASE,A,2027-03,EVT-SET-MOIST-TONIC-SERUM,WB,2.5,1186,2964,1596,287,1080,784,296
BASE,A,2027-03,EVT-SET-MOIST-TONIC-SERUM,OZON,12.1,1451,17517,10657,1321,5538,3787,1752
BASE,A,2027-03,EVT-SET-HAND-CHERRY,WB,19.0,1064,20216,12390,0,7826,7726,100
BASE,A,2027-03,EVT-SET-HAND-CHERRY,OZON,20.7,1539,31857,19432,822,11603,8418,3186
BASE,A,2027-03,EVT-SET-HAND-AMBER,WB,18.0,1064,19152,11524,0,7628,7320,309
BASE,A,2027-03,EVT-SET-HAND-AMBER,OZON,10.3,1379,14277,8816,0,5461,4209,1252
BASE,A,2027-03,EVT-SET-CHERRY-AMBER,WB,18.0,1064,19152,11166,0,7986,6310,1676
BASE,A,2027-03,EVT-SET-CHERRY-AMBER,OZON,13.8,1495,20635,12626,1108,6901,4837,2064
BASE,B,2026-09,EVT-FS-ACNE-30,WB,59.8,806,48182,26490,5782,15911,8121,7790
BASE,B,2026-09,EVT-FS-ACNE-30,OZON,17.6,1258,22173,13512,2661,6000,2393,3607
BASE,B,2026-09,EVT-FS-MOIST-30,WB,118.4,699,82809,46760,9937,26111,15492,10619
BASE,B,2026-09,EVT-FS-MOIST-30,OZON,10.4,1234,12852,7848,1542,3462,1362,2099
BASE,B,2026-09,EVT-FC-ACNE-50,WB,66.0,800,52795,29537,6335,16922,8693,8229
BASE,B,2026-09,EVT-FC-ACNE-50,OZON,8.8,1374,12109,7375,1453,3281,1160,2121
BASE,B,2026-09,EVT-FT-ACNE-150,WB,54.2,740,40096,22376,3806,13913,9904,4010
BASE,B,2026-09,EVT-FT-ACNE-150,OZON,19.2,1219,23439,14466,2813,6160,3515,2645
BASE,B,2026-09,EVT-FT-MOIST-150,WB,40.9,740,30236,16889,2855,10492,7469,3024
BASE,B,2026-09,EVT-FT-MOIST-150,OZON,13.6,1197,16303,10084,1956,4263,2490,1773
BASE,B,2026-09,EVT-EP-ENZYME-75,WB,34.0,666,22677,12993,1992,7692,5424,2268
BASE,B,2026-09,EVT-EP-ENZYME-75,OZON,8.8,1231,10849,6688,1302,2859,1404,1455
BASE,B,2026-09,EVT-HC-HAND-300,WB,139.3,640,89173,53523,3411,32239,32239,0
BASE,B,2026-09,EVT-HC-HAND-300,OZON,31.3,973,30504,19509,3660,7334,7254,81
BASE,B,2026-09,EVT-HC-CHERRY-300,WB,18.4,640,11749,7000,356,4392,3217,1175
BASE,B,2026-09,EVT-HC-CHERRY-300,OZON,8.8,1209,10655,6618,1279,2759,1545,1214
BASE,B,2026-09,EVT-HC-AMBER-300,WB,18.4,640,11749,7239,117,4392,3217,1175
BASE,B,2026-09,EVT-HC-AMBER-300,OZON,6.4,1242,7960,4928,955,2077,1123,954
BASE,B,2026-09,EVT-SET-4PC-ACNE,WB,27.8,1900,52880,28974,1655,22252,16964,5288
BASE,B,2026-09,EVT-SET-4PC-ACNE,OZON,7.2,3816,27515,15695,3302,8518,4395,4123
BASE,B,2026-09,EVT-SET-SER-CREAM-ACNE,WB,25.5,1294,32949,17392,3954,11603,6810,4793
BASE,B,2026-09,EVT-SET-SER-CREAM-ACNE,OZON,3.2,1625,5208,3133,625,1450,857,593
BASE,B,2026-09,EVT-SET-TON-SER-CREAM-ACNE,WB,10.9,1343,14660,8421,0,6240,4914,1326
BASE,B,2026-09,EVT-SET-TON-SER-CREAM-ACNE,OZON,8.0,2735,21912,12679,2629,6603,3607,2996
BASE,B,2026-09,EVT-SET-ACNE-POWDER-SERUM-CREAM,OZON,1.6,2436,3903,2275,468,1160,684,476
BASE,B,2026-09,EVT-SET-ACNE-TONIC-SERUM,WB,0.7,1280,892,463,107,322,222,100
BASE,B,2026-09,EVT-SET-ACNE-TONIC-SERUM,OZON,0.8,1740,1394,833,166,395,255,139
BASE,B,2026-09,EVT-SET-TON-CREAM-ACNE,WB,4.2,1274,5325,2854,625,1847,1314,533
BASE,B,2026-09,EVT-SET-MOIST-TONIC-SERUM,WB,1.2,1248,1449,774,166,509,364,145
BASE,B,2026-09,EVT-SET-MOIST-TONIC-SERUM,OZON,5.6,1527,8564,5183,765,2615,1759,856
BASE,B,2026-09,EVT-SET-HAND-CHERRY,WB,8.8,1120,9883,5981,0,3903,3588,314
BASE,B,2026-09,EVT-SET-HAND-CHERRY,OZON,9.6,1620,15575,9450,658,5467,3910,1557
BASE,B,2026-09,EVT-SET-HAND-AMBER,WB,8.4,1120,9363,5566,0,3797,3400,397
BASE,B,2026-09,EVT-SET-HAND-AMBER,OZON,4.8,1452,6980,4285,42,2653,1955,698
BASE,B,2026-09,EVT-SET-CHERRY-AMBER,WB,8.4,1120,9363,5400,96,3867,2931,936
BASE,B,2026-09,EVT-SET-CHERRY-AMBER,OZON,6.4,1574,10088,6139,694,3256,2247,1009
BASE,B,2026-10,EVT-FS-ACNE-30,WB,85.8,806,69161,38023,8299,22838,11657,11181
BASE,B,2026-10,EVT-FS-ACNE-30,OZON,25.3,1258,31827,19395,3819,8613,3435,5178
BASE,B,2026-10,EVT-FS-MOIST-30,WB,170.0,699,118864,67120,14264,37480,22238,15243
BASE,B,2026-10,EVT-FS-MOIST-30,OZON,14.9,1234,18448,11265,2214,4969,1956,3014
BASE,B,2026-10,EVT-FC-ACNE-50,WB,94.8,800,75782,42398,9094,24290,12478,11812
BASE,B,2026-10,EVT-FC-ACNE-50,OZON,12.6,1374,17381,10586,2086,4709,1665,3044
BASE,B,2026-10,EVT-FT-ACNE-150,WB,77.8,740,57553,32119,5463,19971,14216,5755
BASE,B,2026-10,EVT-FT-ACNE-150,OZON,27.6,1219,33644,20765,4037,8842,5045,3797
BASE,B,2026-10,EVT-FT-MOIST-150,WB,58.6,740,43401,24242,4098,15060,10720,4340
BASE,B,2026-10,EVT-FT-MOIST-150,OZON,19.5,1197,23401,14474,2808,6119,3573,2546
BASE,B,2026-10,EVT-EP-ENZYME-75,WB,48.9,666,32551,18651,2859,11041,7786,3255
BASE,B,2026-10,EVT-EP-ENZYME-75,OZON,12.6,1231,15572,9600,1869,4103,2015,2088
BASE,B,2026-10,EVT-HC-HAND-300,WB,200.0,640,128000,76827,4897,46276,46276,0
BASE,B,2026-10,EVT-HC-HAND-300,OZON,45.0,973,43785,28003,5254,10528,10412,116
BASE,B,2026-10,EVT-HC-CHERRY-300,WB,26.3,640,16864,10048,511,6305,4618,1686
BASE,B,2026-10,EVT-HC-CHERRY-300,OZON,12.6,1209,15294,9499,1835,3960,2217,1742
BASE,B,2026-10,EVT-HC-AMBER-300,WB,26.3,640,16864,10391,168,6305,4618,1686
BASE,B,2026-10,EVT-HC-AMBER-300,OZON,9.2,1242,11426,7074,1371,2981,1612,1369
BASE,B,2026-10,EVT-SET-4PC-ACNE,WB,39.9,1900,75905,41589,2375,31941,24350,7590
BASE,B,2026-10,EVT-SET-4PC-ACNE,OZON,10.3,3816,39496,22529,4739,12227,6309,5919
BASE,B,2026-10,EVT-SET-SER-CREAM-ACNE,WB,36.5,1294,47296,24965,5675,16655,9775,6880
BASE,B,2026-10,EVT-SET-SER-CREAM-ACNE,OZON,4.6,1625,7475,4497,897,2081,1230,851
BASE,B,2026-10,EVT-SET-TON-SER-CREAM-ACNE,WB,15.7,1343,21043,12087,0,8956,7054,1903
BASE,B,2026-10,EVT-SET-TON-SER-CREAM-ACNE,OZON,11.5,2735,31452,18200,3774,9479,5178,4301
BASE,B,2026-10,EVT-SET-ACNE-POWDER-SERUM-CREAM,OZON,2.3,2436,5603,3265,672,1665,981,684
BASE,B,2026-10,EVT-SET-ACNE-TONIC-SERUM,WB,1.0,1280,1280,665,154,462,319,143
BASE,B,2026-10,EVT-SET-ACNE-TONIC-SERUM,OZON,1.1,1740,2001,1196,238,566,366,200
BASE,B,2026-10,EVT-SET-TON-CREAM-ACNE,WB,6.0,1274,7644,4096,897,2651,1887,764
BASE,B,2026-10,EVT-SET-MOIST-TONIC-SERUM,WB,1.7,1248,2080,1112,238,731,523,208
BASE,B,2026-10,EVT-SET-MOIST-TONIC-SERUM,OZON,8.0,1527,12292,7440,1099,3754,2524,1229
BASE,B,2026-10,EVT-SET-HAND-CHERRY,WB,12.7,1120,14187,8585,0,5602,5151,451
BASE,B,2026-10,EVT-SET-HAND-CHERRY,OZON,13.8,1620,22356,13564,945,7847,5612,2236
BASE,B,2026-10,EVT-SET-HAND-AMBER,WB,12.0,1120,13440,7990,0,5450,4880,570
BASE,B,2026-10,EVT-SET-HAND-AMBER,OZON,6.9,1452,10019,6150,61,3808,2806,1002
BASE,B,2026-10,EVT-SET-CHERRY-AMBER,WB,12.0,1120,13440,7752,138,5551,4207,1344
BASE,B,2026-10,EVT-SET-CHERRY-AMBER,OZON,9.2,1574,14481,8812,996,4673,3225,1448
BASE,B,2026-11,EVT-FS-ACNE-30,WB,98.7,806,79535,43727,9544,26264,13405,12859
BASE,B,2026-11,EVT-FS-ACNE-30,OZON,29.1,1258,36602,22305,4392,9905,3951,5954
BASE,B,2026-11,EVT-FS-MOIST-30,WB,195.5,699,136694,77188,16403,43102,25573,17529
BASE,B,2026-11,EVT-FS-MOIST-30,OZON,17.2,1234,21216,12955,2546,5715,2249,3466
BASE,B,2026-11,EVT-FC-ACNE-50,WB,109.0,800,87149,48758,10458,27933,14350,13584
BASE,B,2026-11,EVT-FC-ACNE-50,OZON,14.5,1374,19988,12174,2399,5416,1915,3501
BASE,B,2026-11,EVT-FC-MOIST-50,WB,276.0,926,255466,138031,30656,86779,36095,50683
BASE,B,2026-11,EVT-FC-MOIST-50,OZON,40.2,848,34132,22144,3311,8677,5264,3413
BASE,B,2026-11,EVT-FT-ACNE-150,WB,89.4,703,62877,35422,4819,22636,16349,6288
BASE,B,2026-11,EVT-FT-ACNE-150,OZON,31.7,1158,36757,22825,4411,9520,5802,3719
BASE,B,2026-11,EVT-FT-MOIST-150,WB,67.4,703,47416,26736,3610,17070,12328,4742
BASE,B,2026-11,EVT-FT-MOIST-150,OZON,22.5,1137,25566,15912,2988,6666,4109,2557
BASE,B,2026-11,EVT-EP-ENZYME-75,WB,56.2,633,35562,20591,2461,12510,8953,3556
BASE,B,2026-11,EVT-EP-ENZYME-75,OZON,14.5,1169,17013,10552,2042,4419,2317,2102
BASE,B,2026-11,EVT-HC-HAND-300,WB,230.0,640,147200,88351,5631,53217,53217,0
BASE,B,2026-11,EVT-HC-HAND-300,OZON,51.7,973,50353,32203,6042,12107,11974,133
BASE,B,2026-11,EVT-HC-CHERRY-300,WB,30.3,608,18424,11112,159,7154,5311,1842
BASE,B,2026-11,EVT-HC-CHERRY-300,OZON,14.5,1149,16709,10445,2005,4259,2550,1709
BASE,B,2026-11,EVT-HC-AMBER-300,WB,30.3,608,18424,11506,0,6918,5311,1607
BASE,B,2026-11,EVT-HC-AMBER-300,OZON,10.6,1180,12483,7777,1498,3209,1854,1354
BASE,B,2026-11,EVT-SET-4PC-ACNE,WB,45.9,1900,87291,47828,2731,36732,28003,8729
BASE,B,2026-11,EVT-SET-4PC-ACNE,OZON,11.9,3816,45420,25908,5450,14061,7255,6806
BASE,B,2026-11,EVT-SET-SER-CREAM-ACNE,WB,42.0,1294,54390,28710,6527,19153,11241,7912
BASE,B,2026-11,EVT-SET-SER-CREAM-ACNE,OZON,5.3,1625,8596,5172,1032,2393,1415,978
BASE,B,2026-11,EVT-SET-TON-SER-CREAM-ACNE,WB,18.0,1343,24200,13900,0,10300,8112,2188
BASE,B,2026-11,EVT-SET-TON-SER-CREAM-ACNE,OZON,13.2,2735,36170,20930,4340,10900,5954,4946
BASE,B,2026-11,EVT-SET-ACNE-POWDER-SERUM-CREAM,OZON,2.6,2314,6121,3579,735,1807,1129,679
BASE,B,2026-11,EVT-SET-ACNE-TONIC-SERUM,WB,1.1,1216,1398,731,161,506,366,140
BASE,B,2026-11,EVT-SET-ACNE-TONIC-SERUM,OZON,1.3,1653,2186,1313,233,640,421,219
BASE,B,2026-11,EVT-SET-TON-CREAM-ACNE,WB,6.9,1210,8351,4510,837,3005,2170,835
BASE,B,2026-11,EVT-SET-SER-CREAM-MOIST,WB,51.7,1320,68310,36550,8197,23562,13537,10025
BASE,B,2026-11,EVT-SET-SER-CREAM-MOIST,OZON,3.4,1371,4730,2895,459,1375,902,473
BASE,B,2026-11,EVT-SET-TON-CREAM-MOIST,WB,23.0,1267,29146,15581,3438,10127,7212,2915
BASE,B,2026-11,EVT-SET-TON-SER-CREAM-MOIST,WB,46.0,1370,63020,35061,1215,26743,20441,6302
BASE,B,2026-11,EVT-SET-MOIST-TONIC-SERUM,WB,1.9,1186,2272,1224,220,828,601,227
BASE,B,2026-11,EVT-SET-MOIST-TONIC-SERUM,OZON,9.3,1451,13429,8171,1013,4246,2903,1343
BASE,B,2026-11,EVT-SET-HAND-CHERRY,WB,14.6,1064,15499,9499,0,6000,5924,77
BASE,B,2026-11,EVT-SET-HAND-CHERRY,OZON,15.9,1539,24424,14898,630,8896,6454,2442
BASE,B,2026-11,EVT-SET-HAND-AMBER,WB,13.8,1064,14683,8835,0,5848,5612,237
BASE,B,2026-11,EVT-SET-HAND-AMBER,OZON,7.9,1379,10946,6759,0,4187,3227,960
BASE,B,2026-11,EVT-SET-CHERRY-AMBER,WB,13.8,1064,14683,8561,0,6123,4837,1285
BASE,B,2026-11,EVT-SET-CHERRY-AMBER,OZON,10.6,1495,15820,9680,849,5291,3709,1582
BASE,B,2026-12,EVT-FS-ACNE-30,WB,171.7,806,138322,76047,16599,45676,23313,22363
BASE,B,2026-12,EVT-FS-ACNE-30,OZON,50.6,1258,63655,38790,7639,17226,6870,10355
BASE,B,2026-12,EVT-FS-MOIST-30,WB,340.0,699,237728,134240,28527,74961,44475,30485
BASE,B,2026-12,EVT-FS-MOIST-30,OZON,29.9,1234,36897,22531,4428,9938,3911,6027
BASE,B,2026-12,EVT-FC-ACNE-50,WB,189.5,800,151564,84796,18188,48580,24956,23624
BASE,B,2026-12,EVT-FC-ACNE-50,OZON,25.3,1374,34762,21172,4171,9419,3331,6088
BASE,B,2026-12,EVT-FC-MOIST-50,WB,480.0,926,444288,240054,53315,150920,62774,88145
BASE,B,2026-12,EVT-FC-MOIST-50,OZON,70.0,848,59360,38511,5758,15091,9155,5936
BASE,B,2026-12,EVT-FT-ACNE-150,WB,155.5,703,109352,61603,8381,39367,28432,10935
BASE,B,2026-12,EVT-FT-ACNE-150,OZON,55.2,1158,63924,39696,7671,16557,10090,6467
BASE,B,2026-12,EVT-FT-MOIST-150,WB,117.3,703,82462,46497,6278,29687,21441,8246
BASE,B,2026-12,EVT-FT-MOIST-150,OZON,39.1,1137,44463,27673,5197,11593,7147,4446
BASE,B,2026-12,EVT-EP-ENZYME-75,WB,97.8,633,61846,35811,4280,21756,15571,6185
BASE,B,2026-12,EVT-EP-ENZYME-75,OZON,25.3,1169,29587,18351,3550,7685,4030,3655
BASE,B,2026-12,EVT-HC-HAND-300,WB,400.0,640,256000,153654,9794,92552,92552,0
BASE,B,2026-12,EVT-HC-HAND-300,OZON,90.0,973,87570,56006,10508,21056,20824,232
BASE,B,2026-12,EVT-HC-CHERRY-300,WB,52.7,608,32042,19325,276,12441,9237,3204
BASE,B,2026-12,EVT-HC-CHERRY-300,OZON,25.3,1149,29058,18164,3487,7407,4434,2973
BASE,B,2026-12,EVT-HC-AMBER-300,WB,52.7,608,32042,20010,0,12032,9237,2795
BASE,B,2026-12,EVT-HC-AMBER-300,OZON,18.4,1180,21710,13525,2605,5580,3225,2355
BASE,B,2026-12,EVT-SET-4PC-ACNE,WB,79.9,1900,151810,83178,4750,63882,48701,15181
BASE,B,2026-12,EVT-SET-4PC-ACNE,OZON,20.7,3816,78991,45058,9479,24454,12617,11837
BASE,B,2026-12,EVT-SET-SER-CREAM-ACNE,WB,73.1,1294,94591,49930,11351,33310,19550,13760
BASE,B,2026-12,EVT-SET-SER-CREAM-ACNE,OZON,9.2,1625,14950,8994,1794,4162,2460,1701
BASE,B,2026-12,EVT-SET-TON-SER-CREAM-ACNE,WB,31.3,1343,42087,24174,0,17913,14107,3806
BASE,B,2026-12,EVT-SET-TON-SER-CREAM-ACNE,OZON,23.0,2735,62905,36399,7549,18957,10355,8602
BASE,B,2026-12,EVT-SET-ACNE-POWDER-SERUM-CREAM,OZON,4.6,2314,10645,6225,1277,3143,1963,1180
BASE,B,2026-12,EVT-SET-ACNE-TONIC-SERUM,WB,2.0,1216,2432,1271,281,880,637,243
BASE,B,2026-12,EVT-SET-ACNE-TONIC-SERUM,OZON,2.3,1653,3802,2284,405,1113,733,380
BASE,B,2026-12,EVT-SET-TON-CREAM-ACNE,WB,12.0,1210,14524,7843,1455,5226,3773,1452
BASE,B,2026-12,EVT-SET-SER-CREAM-MOIST,WB,90.0,1320,118800,63566,14256,40978,23543,17435
BASE,B,2026-12,EVT-SET-SER-CREAM-MOIST,OZON,6.0,1371,8226,5035,799,2392,1570,823
BASE,B,2026-12,EVT-SET-TON-CREAM-MOIST,WB,40.0,1267,50688,27097,5979,17611,12543,5069
BASE,B,2026-12,EVT-SET-TON-SER-CREAM-MOIST,WB,80.0,1370,109600,60976,2114,46510,35550,10960
BASE,B,2026-12,EVT-SET-MOIST-TONIC-SERUM,WB,3.3,1186,3952,2128,383,1441,1045,395
BASE,B,2026-12,EVT-SET-MOIST-TONIC-SERUM,OZON,16.1,1451,23355,14210,1761,7384,5049,2336
BASE,B,2026-12,EVT-SET-HAND-CHERRY,WB,25.3,1064,26955,16520,0,10435,10302,133
BASE,B,2026-12,EVT-SET-HAND-CHERRY,OZON,27.6,1539,42476,25910,1096,15471,11224,4248
BASE,B,2026-12,EVT-SET-HAND-AMBER,WB,24.0,1064,25536,15365,0,10171,9760,411
BASE,B,2026-12,EVT-SET-HAND-AMBER,OZON,13.8,1379,19036,11754,0,7281,5612,1669
BASE,B,2026-12,EVT-SET-CHERRY-AMBER,WB,24.0,1064,25536,14888,0,10648,8413,2235
BASE,B,2026-12,EVT-SET-CHERRY-AMBER,OZON,18.4,1495,27514,16835,1477,9201,6450,2751
BASE,B,2027-01,EVT-FS-ACNE-30,WB,73.0,806,58787,32320,7054,19412,9908,9504
BASE,B,2027-01,EVT-FS-ACNE-30,OZON,21.5,1258,27053,16486,3246,7321,2920,4401
BASE,B,2027-01,EVT-FS-MOIST-30,WB,144.5,699,101034,57052,12124,31858,18902,12956
BASE,B,2027-01,EVT-FS-MOIST-30,OZON,12.7,1234,15681,9575,1882,4224,1662,2562
BASE,B,2027-01,EVT-FC-ACNE-50,WB,80.6,800,64415,36039,7730,20646,10606,10040
BASE,B,2027-01,EVT-FC-ACNE-50,OZON,10.8,1374,14774,8998,1773,4003,1416,2587
BASE,B,2027-01,EVT-FC-MOIST-50,WB,204.0,926,188822,102023,22659,64141,26679,37462
BASE,B,2027-01,EVT-FC-MOIST-50,OZON,29.8,848,25228,16367,2447,6414,3891,2523
BASE,B,2027-01,EVT-FT-ACNE-150,WB,66.1,740,48920,27301,4643,16976,12084,4892
BASE,B,2027-01,EVT-FT-ACNE-150,OZON,23.5,1219,28598,17650,3432,7516,4288,3228
BASE,B,2027-01,EVT-FT-MOIST-150,WB,49.9,740,36891,20606,3484,12801,9112,3689
BASE,B,2027-01,EVT-FT-MOIST-150,OZON,16.6,1197,19891,12303,2387,5201,3037,2164
BASE,B,2027-01,EVT-EP-ENZYME-75,WB,41.5,666,27668,15853,2430,9385,6618,2767
BASE,B,2027-01,EVT-EP-ENZYME-75,OZON,10.8,1231,13236,8160,1588,3488,1713,1775
BASE,B,2027-01,EVT-HC-HAND-300,WB,170.0,640,108800,65303,4162,39335,39335,0
BASE,B,2027-01,EVT-HC-HAND-300,OZON,38.2,973,37217,23802,4466,8949,8850,98
BASE,B,2027-01,EVT-HC-CHERRY-300,WB,22.4,640,14334,8541,434,5359,3926,1433
BASE,B,2027-01,EVT-HC-CHERRY-300,OZON,10.8,1209,13000,8074,1560,3366,1885,1481
BASE,B,2027-01,EVT-HC-AMBER-300,WB,22.4,640,14334,8832,143,5359,3926,1433
BASE,B,2027-01,EVT-HC-AMBER-300,OZON,7.8,1242,9712,6013,1165,2534,1371,1164
BASE,B,2027-01,EVT-SET-4PC-ACNE,WB,34.0,1900,64519,35351,2019,27150,20698,6452
BASE,B,2027-01,EVT-SET-4PC-ACNE,OZON,8.8,3816,33571,19150,4029,10393,5362,5031
BASE,B,2027-01,EVT-SET-SER-CREAM-ACNE,WB,31.1,1294,40201,21220,4824,14157,8309,5848
BASE,B,2027-01,EVT-SET-SER-CREAM-ACNE,OZON,3.9,1625,6354,3823,762,1769,1046,723
BASE,B,2027-01,EVT-SET-TON-SER-CREAM-ACNE,WB,13.3,1343,17887,10274,0,7613,5995,1617
BASE,B,2027-01,EVT-SET-TON-SER-CREAM-ACNE,OZON,9.8,2735,26735,15470,3208,8057,4401,3656
BASE,B,2027-01,EVT-SET-ACNE-POWDER-SERUM-CREAM,OZON,2.0,2436,4762,2775,571,1416,834,581
BASE,B,2027-01,EVT-SET-ACNE-TONIC-SERUM,WB,0.8,1280,1088,565,131,392,271,122
BASE,B,2027-01,EVT-SET-ACNE-TONIC-SERUM,OZON,1.0,1740,1701,1017,202,481,311,170
BASE,B,2027-01,EVT-SET-TON-CREAM-ACNE,WB,5.1,1274,6497,3482,762,2253,1604,650
BASE,B,2027-01,EVT-SET-SER-CREAM-MOIST,WB,38.2,1320,50490,27016,6059,17416,10006,7410
BASE,B,2027-01,EVT-SET-SER-CREAM-MOIST,OZON,2.5,1371,3496,2140,339,1017,667,350
BASE,B,2027-01,EVT-SET-TON-CREAM-MOIST,WB,17.0,1267,21542,11516,2541,7485,5331,2154
BASE,B,2027-01,EVT-SET-TON-SER-CREAM-MOIST,WB,34.0,1370,46580,25915,898,19767,15109,4658
BASE,B,2027-01,EVT-SET-MOIST-TONIC-SERUM,WB,1.4,1248,1768,945,202,621,444,177
BASE,B,2027-01,EVT-SET-MOIST-TONIC-SERUM,OZON,6.8,1527,10448,6324,934,3191,2146,1045
BASE,B,2027-01,EVT-SET-HAND-CHERRY,WB,10.8,1120,12059,7297,0,4762,4378,384
BASE,B,2027-01,EVT-SET-HAND-CHERRY,OZON,11.7,1620,19003,11529,803,6670,4770,1900
BASE,B,2027-01,EVT-SET-HAND-AMBER,WB,10.2,1120,11424,6792,0,4632,4148,485
BASE,B,2027-01,EVT-SET-HAND-AMBER,OZON,5.9,1452,8516,5228,52,3237,2385,852
BASE,B,2027-01,EVT-SET-CHERRY-AMBER,WB,10.2,1120,11424,6589,117,4718,3576,1142
BASE,B,2027-01,EVT-SET-CHERRY-AMBER,OZON,7.8,1574,12309,7490,846,3972,2741,1231
BASE,B,2027-02,EVT-FS-ACNE-30,WB,90.1,806,72619,39924,8714,23980,12240,11740
BASE,B,2027-02,EVT-FS-ACNE-30,OZON,26.6,1258,33419,20365,4010,9044,3607,5437
BASE,B,2027-02,EVT-FS-MOIST-30,WB,178.5,699,124807,70476,14977,39354,23350,16005
BASE,B,2027-02,EVT-FS-MOIST-30,OZON,15.7,1234,19371,11829,2324,5218,2053,3164
BASE,B,2027-02,EVT-FC-ACNE-50,WB,72.0,800,57573,32211,6909,18454,9480,8974
BASE,B,2027-02,EVT-FC-ACNE-50,OZON,9.6,1374,13205,8042,1585,3578,1265,2313
BASE,B,2027-02,EVT-FC-MOIST-50,WB,252.0,926,233251,126028,27990,79233,32957,46276
BASE,B,2027-02,EVT-FC-MOIST-50,OZON,36.8,848,31164,20218,3023,7923,4806,3116
BASE,B,2027-02,EVT-FT-ACNE-150,WB,81.7,740,60431,33725,5736,20970,14927,6043
BASE,B,2027-02,EVT-FT-ACNE-150,OZON,29.0,1219,35327,21803,4239,9284,5297,3987
BASE,B,2027-02,EVT-FT-MOIST-150,WB,61.6,740,45571,25454,4303,15813,11256,4557
BASE,B,2027-02,EVT-FT-MOIST-150,OZON,20.5,1197,24571,15198,2949,6425,3752,2673
BASE,B,2027-02,EVT-EP-ENZYME-75,WB,51.3,666,34178,19583,3002,11593,8175,3418
BASE,B,2027-02,EVT-EP-ENZYME-75,OZON,13.3,1231,16351,10080,1962,4309,2116,2193
BASE,B,2027-02,EVT-HC-HAND-300,WB,210.0,640,134400,80669,5142,48590,48590,0
BASE,B,2027-02,EVT-HC-HAND-300,OZON,47.2,973,45974,29403,5517,11054,10933,122
BASE,B,2027-02,EVT-HC-CHERRY-300,WB,27.7,640,17707,10551,536,6620,4849,1771
BASE,B,2027-02,EVT-HC-CHERRY-300,OZON,13.3,1209,16059,9974,1927,4158,2328,1830
BASE,B,2027-02,EVT-HC-AMBER-300,WB,27.7,640,17707,10911,177,6620,4849,1771
BASE,B,2027-02,EVT-HC-AMBER-300,OZON,9.7,1242,11998,7427,1440,3131,1693,1437
BASE,B,2027-02,EVT-SET-4PC-ACNE,WB,30.4,1900,57666,31596,1804,24266,18499,5767
BASE,B,2027-02,EVT-SET-4PC-ACNE,OZON,7.9,3816,30006,17116,3601,9289,4793,4496
BASE,B,2027-02,EVT-SET-SER-CREAM-ACNE,WB,27.8,1294,35931,18967,4312,12653,7426,5227
BASE,B,2027-02,EVT-SET-SER-CREAM-ACNE,OZON,3.5,1625,5679,3417,681,1581,935,646
BASE,B,2027-02,EVT-SET-TON-SER-CREAM-ACNE,WB,11.9,1343,15987,9183,0,6804,5359,1446
BASE,B,2027-02,EVT-SET-TON-SER-CREAM-ACNE,OZON,8.7,2735,23895,13827,2867,7201,3934,3268
BASE,B,2027-02,EVT-SET-ACNE-POWDER-SERUM-CREAM,OZON,1.7,2436,4257,2481,511,1265,746,520
BASE,B,2027-02,EVT-SET-ACNE-TONIC-SERUM,WB,1.1,1280,1344,698,161,485,334,150
BASE,B,2027-02,EVT-SET-ACNE-TONIC-SERUM,OZON,1.2,1740,2101,1256,250,595,385,210
BASE,B,2027-02,EVT-SET-TON-CREAM-ACNE,WB,4.6,1274,5807,3112,681,2014,1433,581
BASE,B,2027-02,EVT-SET-SER-CREAM-MOIST,WB,47.2,1320,62370,33372,7484,21513,12360,9153
BASE,B,2027-02,EVT-SET-SER-CREAM-MOIST,OZON,3.2,1371,4319,2643,419,1256,824,432
BASE,B,2027-02,EVT-SET-TON-CREAM-MOIST,WB,21.0,1267,26611,14226,3139,9246,6585,2661
BASE,B,2027-02,EVT-SET-TON-SER-CREAM-MOIST,WB,42.0,1370,57540,32013,1110,24418,18664,5754
BASE,B,2027-02,EVT-SET-MOIST-TONIC-SERUM,WB,1.8,1248,2184,1167,250,767,549,218
BASE,B,2027-02,EVT-SET-MOIST-TONIC-SERUM,OZON,8.5,1527,12907,7812,1154,3941,2651,1291
BASE,B,2027-02,EVT-SET-HAND-CHERRY,WB,13.3,1120,14896,9014,0,5882,5408,474
BASE,B,2027-02,EVT-SET-HAND-CHERRY,OZON,14.5,1620,23474,14242,992,8240,5892,2347
BASE,B,2027-02,EVT-SET-HAND-AMBER,WB,12.6,1120,14112,8390,0,5722,5124,599
BASE,B,2027-02,EVT-SET-HAND-AMBER,OZON,7.2,1452,10520,6458,64,3998,2946,1052
BASE,B,2027-02,EVT-SET-CHERRY-AMBER,WB,12.6,1120,14112,8139,145,5828,4417,1411
BASE,B,2027-02,EVT-SET-CHERRY-AMBER,OZON,9.7,1574,15205,9253,1045,4907,3386,1520
BASE,B,2027-03,EVT-FS-ACNE-30,WB,128.8,806,103741,57035,12449,34257,17485,16772
BASE,B,2027-03,EVT-FS-ACNE-30,OZON,37.9,1258,47741,29093,5729,12919,5153,7766
BASE,B,2027-03,EVT-FS-MOIST-30,WB,255.0,699,178296,100680,21396,56220,33357,22864
BASE,B,2027-03,EVT-FS-MOIST-30,OZON,22.4,1234,27672,16898,3321,7454,2933,4520
BASE,B,2027-03,EVT-FC-MOIST-50,WB,360.0,926,333216,180040,39986,113190,47081,66109
BASE,B,2027-03,EVT-FC-MOIST-50,OZON,52.5,848,44520,28883,4319,11318,6866,4452
BASE,B,2027-03,EVT-FT-ACNE-150,WB,116.7,703,82014,46202,6286,29526,21324,8201
BASE,B,2027-03,EVT-FT-ACNE-150,OZON,41.4,1158,47943,29772,5753,12418,7567,4850
BASE,B,2027-03,EVT-FT-MOIST-150,WB,88.0,703,61846,34873,4709,22265,16081,6185
BASE,B,2027-03,EVT-FT-MOIST-150,OZON,29.3,1137,33347,20755,3897,8695,5360,3335
BASE,B,2027-03,EVT-EP-ENZYME-75,WB,73.3,633,46385,26858,3210,16317,11678,4638
BASE,B,2027-03,EVT-EP-ENZYME-75,OZON,19.0,1169,22190,13764,2663,5764,3023,2741
BASE,B,2027-03,EVT-HC-HAND-300,WB,300.0,640,192000,115241,7345,69414,69414,0
BASE,B,2027-03,EVT-HC-HAND-300,OZON,67.5,973,65678,42004,7881,15792,15618,174
BASE,B,2027-03,EVT-HC-CHERRY-300,WB,39.5,608,24031,14494,207,9331,6928,2403
BASE,B,2027-03,EVT-HC-CHERRY-300,OZON,19.0,1149,21794,13623,2615,5555,3326,2229
BASE,B,2027-03,EVT-HC-AMBER-300,WB,39.5,608,24031,15007,0,9024,6928,2096
BASE,B,2027-03,EVT-HC-AMBER-300,OZON,13.8,1180,16283,10144,1954,4185,2419,1766
BASE,B,2027-03,EVT-SET-ACNE-TONIC-SERUM,WB,1.5,1216,1824,953,210,660,478,182
BASE,B,2027-03,EVT-SET-ACNE-TONIC-SERUM,OZON,1.7,1653,2851,1713,304,835,550,285
BASE,B,2027-03,EVT-SET-SER-CREAM-MOIST,WB,67.5,1320,89100,47674,10692,30734,17657,13076
BASE,B,2027-03,EVT-SET-SER-CREAM-MOIST,OZON,4.5,1371,6170,3776,599,1794,1177,617
BASE,B,2027-03,EVT-SET-TON-CREAM-MOIST,WB,30.0,1267,38016,20323,4485,13209,9407,3802
BASE,B,2027-03,EVT-SET-TON-SER-CREAM-MOIST,WB,60.0,1370,82200,45732,1585,34882,26662,8220
BASE,B,2027-03,EVT-SET-MOIST-TONIC-SERUM,WB,2.5,1186,2964,1596,287,1080,784,296
BASE,B,2027-03,EVT-SET-MOIST-TONIC-SERUM,OZON,12.1,1451,17517,10657,1321,5538,3787,1752
BASE,B,2027-03,EVT-SET-HAND-CHERRY,WB,19.0,1064,20216,12390,0,7826,7726,100
BASE,B,2027-03,EVT-SET-HAND-CHERRY,OZON,20.7,1539,31857,19432,822,11603,8418,3186
BASE,B,2027-03,EVT-SET-HAND-AMBER,WB,18.0,1064,19152,11524,0,7628,7320,309
BASE,B,2027-03,EVT-SET-HAND-AMBER,OZON,10.3,1379,14277,8816,0,5461,4209,1252
BASE,B,2027-03,EVT-SET-CHERRY-AMBER,WB,18.0,1064,19152,11166,0,7986,6310,1676
BASE,B,2027-03,EVT-SET-CHERRY-AMBER,OZON,13.8,1495,20635,12626,1108,6901,4837,2064
AGGRESSIVE,A,2026-09,EVT-FS-ACNE-30,WB,81.8,806,65933,36249,9890,19794,11113,8682
AGGRESSIVE,A,2026-09,EVT-FS-ACNE-30,OZON,24.2,1258,30444,18552,4567,7325,3286,4039
AGGRESSIVE,A,2026-09,EVT-FS-MOIST-30,WB,162.1,699,113317,63988,16998,32332,21200,11132
AGGRESSIVE,A,2026-09,EVT-FS-MOIST-30,OZON,14.3,1234,17646,10775,2647,4224,1871,2353
AGGRESSIVE,A,2026-09,EVT-FC-ACNE-50,WB,90.4,800,72246,40420,10837,20989,11896,9093
AGGRESSIVE,A,2026-09,EVT-FC-ACNE-50,OZON,12.1,1374,16625,10126,2494,4006,1593,2413
AGGRESSIVE,A,2026-09,EVT-FT-ACNE-150,WB,74.1,718,53222,29867,7141,16214,13553,2661
AGGRESSIVE,A,2026-09,EVT-FT-ACNE-150,OZON,26.4,1182,31216,19336,4682,7198,4826,2372
AGGRESSIVE,A,2026-09,EVT-FT-MOIST-150,WB,55.9,718,40134,22542,5365,12227,10220,2007
AGGRESSIVE,A,2026-09,EVT-FT-MOIST-150,OZON,18.7,1161,21712,13479,3257,4977,3418,1559
AGGRESSIVE,A,2026-09,EVT-EP-ENZYME-75,WB,46.6,646,30101,17354,3819,8927,7422,1505
AGGRESSIVE,A,2026-09,EVT-EP-ENZYME-75,OZON,12.1,1194,14448,8939,2167,3342,1927,1414
AGGRESSIVE,A,2026-09,EVT-HC-HAND-300,WB,205.3,602,123529,75265,4459,43804,47510,-3706
AGGRESSIVE,A,2026-09,EVT-HC-HAND-300,OZON,58.7,915,53658,34641,7052,11965,13574,-1610
AGGRESSIVE,A,2026-09,EVT-HC-CHERRY-300,WB,25.1,608,15273,9211,895,5167,4403,764
AGGRESSIVE,A,2026-09,EVT-HC-CHERRY-300,OZON,12.1,1149,13897,8687,2085,3126,2121,1005
AGGRESSIVE,A,2026-09,EVT-HC-AMBER-300,WB,25.1,608,15273,9538,569,5167,4403,764
AGGRESSIVE,A,2026-09,EVT-HC-AMBER-300,OZON,8.8,1180,10383,6468,1557,2357,1542,815
AGGRESSIVE,A,2026-09,EVT-SET-4PC-ACNE,WB,38.1,1900,72363,39648,5882,26832,23214,3618
AGGRESSIVE,A,2026-09,EVT-SET-4PC-ACNE,OZON,9.9,3816,37778,21550,5667,10562,6034,4528
AGGRESSIVE,A,2026-09,EVT-SET-SER-CREAM-ACNE,WB,34.8,1294,45089,23800,6763,14525,9319,5206
AGGRESSIVE,A,2026-09,EVT-SET-SER-CREAM-ACNE,OZON,4.4,1625,7150,4302,1072,1776,1177,599
AGGRESSIVE,A,2026-09,EVT-SET-TON-SER-CREAM-ACNE,WB,14.9,1343,20061,11523,811,7727,6724,1003
AGGRESSIVE,A,2026-09,EVT-SET-TON-SER-CREAM-ACNE,OZON,11.0,2735,30085,17408,4513,8164,4952,3211
AGGRESSIVE,A,2026-09,EVT-SET-ACNE-POWDER-SERUM-CREAM,OZON,2.2,2363,5198,3036,780,1383,939,444
AGGRESSIVE,A,2026-09,EVT-SET-ACNE-TONIC-SERUM,WB,1.0,1216,1159,606,174,379,304,76
AGGRESSIVE,A,2026-09,EVT-SET-ACNE-TONIC-SERUM,OZON,1.1,1653,1818,1092,273,453,350,103
AGGRESSIVE,A,2026-09,EVT-SET-TON-CREAM-ACNE,WB,5.7,1236,7069,3805,1060,2203,1799,405
AGGRESSIVE,A,2026-09,EVT-SET-MOIST-TONIC-SERUM,WB,1.6,1186,1884,1014,277,592,498,94
AGGRESSIVE,A,2026-09,EVT-SET-MOIST-TONIC-SERUM,OZON,7.7,1451,11170,6796,1401,2973,2415,559
AGGRESSIVE,A,2026-09,EVT-SET-HAND-CHERRY,WB,21.1,1064,22485,13780,0,8705,8593,111
AGGRESSIVE,A,2026-09,EVT-SET-HAND-CHERRY,OZON,23.1,1539,35551,21685,2694,11171,9394,1778
AGGRESSIVE,A,2026-09,EVT-SET-HAND-AMBER,WB,20.0,1064,21301,12817,0,8484,8141,343
AGGRESSIVE,A,2026-09,EVT-SET-HAND-AMBER,OZON,11.5,1379,15932,9838,601,5493,4697,797
AGGRESSIVE,A,2026-09,EVT-SET-CHERRY-AMBER,WB,20.0,1064,21301,12419,799,8083,7018,1065
AGGRESSIVE,A,2026-09,EVT-SET-CHERRY-AMBER,OZON,15.4,1495,23028,14090,2388,6550,5398,1151
AGGRESSIVE,A,2026-10,EVT-FS-ACNE-30,WB,122.8,806,98900,54373,14835,29692,16669,13022
AGGRESSIVE,A,2026-10,EVT-FS-ACNE-30,OZON,36.3,1258,45665,27828,6850,10988,4929,6059
AGGRESSIVE,A,2026-10,EVT-FS-MOIST-30,WB,243.1,699,169976,95982,25496,48498,31800,16698
AGGRESSIVE,A,2026-10,EVT-FS-MOIST-30,OZON,21.5,1234,26469,16163,3970,6336,2806,3530
AGGRESSIVE,A,2026-10,EVT-FC-ACNE-50,WB,135.5,800,108368,60629,16255,31484,17844,13640
AGGRESSIVE,A,2026-10,EVT-FC-ACNE-50,OZON,18.2,1374,24938,15188,3741,6009,2390,3619
AGGRESSIVE,A,2026-10,EVT-FT-ACNE-150,WB,111.2,718,79832,44800,10712,24321,20329,3992
AGGRESSIVE,A,2026-10,EVT-FT-ACNE-150,OZON,39.6,1182,46824,29004,7024,10797,7238,3558
AGGRESSIVE,A,2026-10,EVT-FT-MOIST-150,WB,83.9,718,60202,33814,8048,18340,15330,3010
AGGRESSIVE,A,2026-10,EVT-FT-MOIST-150,OZON,28.1,1161,32569,20218,4885,7465,5127,2338
AGGRESSIVE,A,2026-10,EVT-EP-ENZYME-75,WB,69.9,646,45151,26031,5729,13391,11133,2258
AGGRESSIVE,A,2026-10,EVT-EP-ENZYME-75,OZON,18.2,1194,21672,13409,3251,5013,2891,2122
AGGRESSIVE,A,2026-10,EVT-HC-HAND-300,WB,308.0,602,185293,112898,6688,65706,71265,-5559
AGGRESSIVE,A,2026-10,EVT-HC-HAND-300,OZON,88.0,915,80487,51961,10579,17947,20361,-2415
AGGRESSIVE,A,2026-10,EVT-HC-CHERRY-300,WB,37.7,608,22910,13817,1343,7750,6604,1145
AGGRESSIVE,A,2026-10,EVT-HC-CHERRY-300,OZON,18.2,1149,20846,13031,3127,4688,3181,1507
AGGRESSIVE,A,2026-10,EVT-HC-AMBER-300,WB,37.7,608,22910,14307,853,7750,6604,1145
AGGRESSIVE,A,2026-10,EVT-HC-AMBER-300,OZON,13.2,1180,15575,9703,2336,3536,2314,1222
AGGRESSIVE,A,2026-10,EVT-SET-4PC-ACNE,WB,57.1,1900,108544,59472,8823,40248,34821,5427
AGGRESSIVE,A,2026-10,EVT-SET-4PC-ACNE,OZON,14.9,3816,56668,32324,8500,15843,9051,6792
AGGRESSIVE,A,2026-10,EVT-SET-SER-CREAM-ACNE,WB,52.3,1294,67633,35700,10145,21788,13978,7810
AGGRESSIVE,A,2026-10,EVT-SET-SER-CREAM-ACNE,OZON,6.6,1625,10725,6452,1609,2664,1765,899
AGGRESSIVE,A,2026-10,EVT-SET-TON-SER-CREAM-ACNE,WB,22.4,1343,30092,17285,1216,11591,10087,1505
AGGRESSIVE,A,2026-10,EVT-SET-TON-SER-CREAM-ACNE,OZON,16.5,2735,45128,26112,6769,12246,7429,4817
AGGRESSIVE,A,2026-10,EVT-SET-ACNE-POWDER-SERUM-CREAM,OZON,3.3,2363,7798,4553,1170,2075,1408,666
AGGRESSIVE,A,2026-10,EVT-SET-ACNE-TONIC-SERUM,WB,1.4,1216,1739,909,261,569,456,114
AGGRESSIVE,A,2026-10,EVT-SET-ACNE-TONIC-SERUM,OZON,1.7,1653,2727,1638,409,680,526,154
AGGRESSIVE,A,2026-10,EVT-SET-TON-CREAM-ACNE,WB,8.6,1236,10603,5708,1590,3305,2698,607
AGGRESSIVE,A,2026-10,EVT-SET-MOIST-TONIC-SERUM,WB,2.4,1186,2826,1522,415,889,747,141
AGGRESSIVE,A,2026-10,EVT-SET-MOIST-TONIC-SERUM,OZON,11.6,1451,16755,10194,2101,4460,3622,838
AGGRESSIVE,A,2026-10,EVT-SET-HAND-CHERRY,WB,31.7,1064,33727,20670,0,13057,12890,167
AGGRESSIVE,A,2026-10,EVT-SET-HAND-CHERRY,OZON,34.7,1539,53326,32528,4042,16757,14090,2666
AGGRESSIVE,A,2026-10,EVT-SET-HAND-AMBER,WB,30.0,1064,31952,19225,0,12727,12212,515
AGGRESSIVE,A,2026-10,EVT-SET-HAND-AMBER,OZON,17.3,1379,23898,14757,901,8240,7045,1195
AGGRESSIVE,A,2026-10,EVT-SET-CHERRY-AMBER,WB,30.0,1064,31952,18629,1199,12124,10527,1598
AGGRESSIVE,A,2026-10,EVT-SET-CHERRY-AMBER,OZON,23.1,1495,34541,21135,3582,9825,8098,1727
AGGRESSIVE,A,2026-11,EVT-FS-ACNE-30,WB,156.2,765,119579,66321,17937,35322,21215,14106
AGGRESSIVE,A,2026-11,EVT-FS-ACNE-30,OZON,46.2,1195,55214,33834,8282,13098,6273,6825
AGGRESSIVE,A,2026-11,EVT-FS-MOIST-30,WB,309.4,664,205516,117206,30827,57483,40473,17010
AGGRESSIVE,A,2026-11,EVT-FS-MOIST-30,OZON,27.3,1172,32004,19653,4801,7550,3571,3979
AGGRESSIVE,A,2026-11,EVT-FC-ACNE-50,WB,172.5,760,131027,74007,19654,37366,22710,14656
AGGRESSIVE,A,2026-11,EVT-FC-ACNE-50,OZON,23.1,1305,30152,18466,4523,7164,3041,4122
AGGRESSIVE,A,2026-11,EVT-FT-ACNE-150,WB,141.6,681,96368,54620,11056,30692,25873,4818
AGGRESSIVE,A,2026-11,EVT-FT-ACNE-150,OZON,50.4,1121,56523,35240,8478,12804,9212,3592
AGGRESSIVE,A,2026-11,EVT-FT-MOIST-150,WB,106.7,681,72671,41227,8299,23145,19511,3634
AGGRESSIVE,A,2026-11,EVT-FT-MOIST-150,OZON,35.7,1101,39314,24568,5897,8849,6525,2324
AGGRESSIVE,A,2026-11,EVT-EP-ENZYME-75,WB,89.0,613,54503,31774,5834,16895,14170,2725
AGGRESSIVE,A,2026-11,EVT-EP-ENZYME-75,OZON,23.1,1133,26161,16291,3924,5946,3680,2267
AGGRESSIVE,A,2026-11,EVT-HC-HAND-300,WB,392.0,602,235827,143689,8512,83626,90701,-7075
AGGRESSIVE,A,2026-11,EVT-HC-HAND-300,OZON,112.0,915,102437,66132,13464,22841,25915,-3073
AGGRESSIVE,A,2026-11,EVT-HC-CHERRY-300,WB,48.0,576,27623,16883,954,9787,8406,1381
AGGRESSIVE,A,2026-11,EVT-HC-CHERRY-300,OZON,23.1,1088,25135,15824,3770,5541,4049,1492
AGGRESSIVE,A,2026-11,EVT-HC-AMBER-300,WB,48.0,576,27623,17506,330,9787,8406,1381
AGGRESSIVE,A,2026-11,EVT-HC-AMBER-300,OZON,16.8,1118,18779,11780,2817,4182,2945,1237
AGGRESSIVE,A,2026-11,EVT-SET-4PC-ACNE,WB,72.7,1805,131240,72529,7831,50880,44318,6562
AGGRESSIVE,A,2026-11,EVT-SET-4PC-ACNE,OZON,18.9,3625,68516,39175,10277,19064,11520,7544
AGGRESSIVE,A,2026-11,EVT-SET-SER-CREAM-ACNE,WB,66.5,1229,81774,43466,12266,26042,17790,8252
AGGRESSIVE,A,2026-11,EVT-SET-SER-CREAM-ACNE,OZON,8.4,1544,12967,7840,1945,3182,2246,936
AGGRESSIVE,A,2026-11,EVT-SET-TON-SER-CREAM-ACNE,WB,28.5,1276,36384,21122,606,14657,12837,1819
AGGRESSIVE,A,2026-11,EVT-SET-TON-SER-CREAM-ACNE,OZON,21.0,2598,54563,31669,8184,14710,9455,5255
AGGRESSIVE,A,2026-11,EVT-SET-ACNE-POWDER-SERUM-CREAM,OZON,4.2,2241,9413,5516,1412,2484,1792,692
AGGRESSIVE,A,2026-11,EVT-SET-ACNE-TONIC-SERUM,WB,1.8,1152,2097,1103,309,685,580,105
AGGRESSIVE,A,2026-11,EVT-SET-ACNE-TONIC-SERUM,OZON,2.1,1566,3289,1985,470,833,669,164
AGGRESSIVE,A,2026-11,EVT-SET-TON-CREAM-ACNE,WB,10.9,1172,12799,6946,1780,4074,3434,640
AGGRESSIVE,A,2026-11,EVT-SET-MOIST-TONIC-SERUM,WB,3.0,1123,3407,1850,435,1122,951,170
AGGRESSIVE,A,2026-11,EVT-SET-MOIST-TONIC-SERUM,OZON,14.7,1374,20202,12363,2220,5620,4610,1010
AGGRESSIVE,A,2026-11,EVT-SET-HAND-CHERRY,WB,40.3,1008,40666,25273,0,15393,16406,-1012
AGGRESSIVE,A,2026-11,EVT-SET-HAND-CHERRY,OZON,44.1,1458,64298,39452,3697,21148,17933,3215
AGGRESSIVE,A,2026-11,EVT-SET-HAND-AMBER,WB,38.2,1008,38526,23489,0,15037,15542,-505
AGGRESSIVE,A,2026-11,EVT-SET-HAND-AMBER,OZON,22.0,1307,28815,17909,498,10407,8967,1441
AGGRESSIVE,A,2026-11,EVT-SET-CHERRY-AMBER,WB,38.2,1008,38526,22729,473,15324,13398,1926
AGGRESSIVE,A,2026-11,EVT-SET-CHERRY-AMBER,OZON,29.4,1417,41648,25638,3621,12388,10306,2082
AGGRESSIVE,A,2026-12,EVT-FS-ACNE-30,WB,256.7,765,196451,108955,29468,58028,34854,23175
AGGRESSIVE,A,2026-12,EVT-FS-ACNE-30,OZON,75.9,1195,90708,55584,13606,21518,10306,11212
AGGRESSIVE,A,2026-12,EVT-FS-MOIST-30,WB,508.3,664,337633,192552,50645,94436,66491,27946
AGGRESSIVE,A,2026-12,EVT-FS-MOIST-30,OZON,44.8,1172,52578,32288,7887,12403,5867,6537
AGGRESSIVE,A,2026-12,EVT-FC-ACNE-50,WB,213.2,760,161929,91461,24289,46179,28066,18113
AGGRESSIVE,A,2026-12,EVT-FC-ACNE-50,OZON,28.5,1305,37264,22821,5590,8853,3759,5095
AGGRESSIVE,A,2026-12,EVT-FT-ACNE-150,WB,232.5,681,158318,89733,18163,50422,42506,7916
AGGRESSIVE,A,2026-12,EVT-FT-ACNE-150,OZON,82.8,1121,92859,57894,13929,21035,15135,5901
AGGRESSIVE,A,2026-12,EVT-FT-MOIST-150,WB,175.4,681,119387,67730,13634,38023,32054,5969
AGGRESSIVE,A,2026-12,EVT-FT-MOIST-150,OZON,58.6,1101,64588,40362,9688,14538,10720,3818
AGGRESSIVE,A,2026-12,EVT-EP-ENZYME-75,WB,146.1,613,89541,52201,9584,27756,23279,4477
AGGRESSIVE,A,2026-12,EVT-EP-ENZYME-75,OZON,37.9,1133,42979,26763,6447,9769,6045,3724
AGGRESSIVE,A,2026-12,EVT-HC-HAND-300,WB,644.0,602,387430,236060,13985,137386,149009,-11623
AGGRESSIVE,A,2026-12,EVT-HC-HAND-300,OZON,184.0,915,168290,108646,22119,37525,42574,-5049
AGGRESSIVE,A,2026-12,EVT-HC-CHERRY-300,WB,78.8,576,45381,27736,1567,16078,13809,2269
AGGRESSIVE,A,2026-12,EVT-HC-CHERRY-300,OZON,37.9,1088,41293,25996,6194,9103,6652,2452
AGGRESSIVE,A,2026-12,EVT-HC-AMBER-300,WB,78.8,576,45381,28760,543,16078,13809,2269
AGGRESSIVE,A,2026-12,EVT-HC-AMBER-300,OZON,27.6,1118,30851,19353,4628,6870,4837,2033
AGGRESSIVE,A,2026-12,EVT-SET-4PC-ACNE,WB,89.9,1805,162192,89635,9678,62879,54770,8110
AGGRESSIVE,A,2026-12,EVT-SET-4PC-ACNE,OZON,23.4,3625,84676,48414,12701,23560,14237,9324
AGGRESSIVE,A,2026-12,EVT-SET-SER-CREAM-ACNE,WB,82.2,1229,101060,53717,15159,32184,21986,10198
AGGRESSIVE,A,2026-12,EVT-SET-SER-CREAM-ACNE,OZON,10.4,1544,16026,9689,2404,3933,2776,1156
AGGRESSIVE,A,2026-12,EVT-SET-TON-SER-CREAM-ACNE,WB,35.2,1276,44965,26103,749,18113,15865,2248
AGGRESSIVE,A,2026-12,EVT-SET-TON-SER-CREAM-ACNE,OZON,26.0,2598,67432,39138,10115,18179,11685,6494
AGGRESSIVE,A,2026-12,EVT-SET-ACNE-POWDER-SERUM-CREAM,OZON,5.2,2241,11633,6817,1745,3070,2215,855
AGGRESSIVE,A,2026-12,EVT-SET-ACNE-TONIC-SERUM,WB,3.0,1152,3444,1813,507,1125,953,172
AGGRESSIVE,A,2026-12,EVT-SET-ACNE-TONIC-SERUM,OZON,3.4,1566,5403,3262,772,1369,1099,270
AGGRESSIVE,A,2026-12,EVT-SET-TON-CREAM-ACNE,WB,13.5,1172,15818,8584,2199,5034,4244,791
AGGRESSIVE,A,2026-12,EVT-SET-MOIST-TONIC-SERUM,WB,5.0,1123,5597,3039,715,1843,1563,280
AGGRESSIVE,A,2026-12,EVT-SET-MOIST-TONIC-SERUM,OZON,24.1,1374,33189,20310,3647,9233,7573,1659
AGGRESSIVE,A,2026-12,EVT-SET-HAND-CHERRY,WB,66.3,1008,66809,41520,0,25289,26952,-1663
AGGRESSIVE,A,2026-12,EVT-SET-HAND-CHERRY,OZON,72.4,1458,105632,64814,6074,34744,29462,5282
AGGRESSIVE,A,2026-12,EVT-SET-HAND-AMBER,WB,62.8,1008,63292,38588,0,24704,25534,-830
AGGRESSIVE,A,2026-12,EVT-SET-HAND-AMBER,OZON,36.2,1307,47339,29422,819,17098,14731,2367
AGGRESSIVE,A,2026-12,EVT-SET-CHERRY-AMBER,WB,62.8,1008,63292,37341,776,25175,22011,3165
AGGRESSIVE,A,2026-12,EVT-SET-CHERRY-AMBER,OZON,48.3,1417,68422,42120,5950,20352,16931,3421
AGGRESSIVE,A,2027-01,EVT-FS-ACNE-30,WB,100.4,806,80918,44487,12138,24293,13638,10655
AGGRESSIVE,A,2027-01,EVT-FS-ACNE-30,OZON,29.7,1258,37363,22768,5604,8990,4033,4957
AGGRESSIVE,A,2027-01,EVT-FS-MOIST-30,WB,198.9,699,139071,78530,20861,39680,26018,13662
AGGRESSIVE,A,2027-01,EVT-FS-MOIST-30,OZON,17.6,1234,21657,13224,3249,5184,2296,2888
AGGRESSIVE,A,2027-01,EVT-FC-ACNE-50,WB,0.0,800,0,0,0,0,0,0
AGGRESSIVE,A,2027-01,EVT-FC-ACNE-50,OZON,0.0,1374,0,0,0,0,0,0
AGGRESSIVE,A,2027-01,EVT-FT-ACNE-150,WB,91.0,718,65317,36654,8764,19899,16633,3266
AGGRESSIVE,A,2027-01,EVT-FT-ACNE-150,OZON,32.4,1182,38311,23731,5747,8834,5922,2911
AGGRESSIVE,A,2027-01,EVT-FT-MOIST-150,WB,68.6,718,49256,27666,6584,15006,12543,2463
AGGRESSIVE,A,2027-01,EVT-FT-MOIST-150,OZON,22.9,1161,26647,16542,3997,6108,4195,1913
AGGRESSIVE,A,2027-01,EVT-EP-ENZYME-75,WB,57.2,646,36942,21298,4687,10956,9109,1847
AGGRESSIVE,A,2027-01,EVT-EP-ENZYME-75,OZON,14.8,1194,17732,10971,2660,4101,2366,1736
AGGRESSIVE,A,2027-01,EVT-HC-HAND-300,WB,234.5,602,141064,85950,5092,50022,54254,-4232
AGGRESSIVE,A,2027-01,EVT-HC-HAND-300,OZON,67.0,915,61275,39558,8053,13663,15501,-1838
AGGRESSIVE,A,2027-01,EVT-HC-CHERRY-300,WB,30.8,608,18744,11305,1099,6341,5404,937
AGGRESSIVE,A,2027-01,EVT-HC-CHERRY-300,OZON,14.8,1149,17056,10662,2558,3836,2603,1233
AGGRESSIVE,A,2027-01,EVT-HC-AMBER-300,WB,30.8,608,18744,11706,698,6341,5404,937
AGGRESSIVE,A,2027-01,EVT-HC-AMBER-300,OZON,10.8,1180,12743,7938,1911,2893,1893,1000
AGGRESSIVE,A,2027-01,EVT-SET-4PC-ACNE,WB,0.0,1900,0,0,0,0,0,0
AGGRESSIVE,A,2027-01,EVT-SET-4PC-ACNE,OZON,0.0,3816,0,0,0,0,0,0
AGGRESSIVE,A,2027-01,EVT-SET-SER-CREAM-ACNE,WB,0.0,1294,0,0,0,0,0,0
AGGRESSIVE,A,2027-01,EVT-SET-SER-CREAM-ACNE,OZON,0.0,1625,0,0,0,0,0,0
AGGRESSIVE,A,2027-01,EVT-SET-TON-SER-CREAM-ACNE,WB,0.0,1343,0,0,0,0,0,0
AGGRESSIVE,A,2027-01,EVT-SET-TON-SER-CREAM-ACNE,OZON,0.0,2735,0,0,0,0,0,0
AGGRESSIVE,A,2027-01,EVT-SET-ACNE-POWDER-SERUM-CREAM,OZON,0.0,2363,0,0,0,0,0,0
AGGRESSIVE,A,2027-01,EVT-SET-ACNE-TONIC-SERUM,WB,1.2,1216,1423,744,213,466,373,93
AGGRESSIVE,A,2027-01,EVT-SET-ACNE-TONIC-SERUM,OZON,1.4,1653,2232,1340,335,556,430,126
AGGRESSIVE,A,2027-01,EVT-SET-TON-CREAM-ACNE,WB,0.0,1236,0,0,0,0,0,0
AGGRESSIVE,A,2027-01,EVT-SET-MOIST-TONIC-SERUM,WB,2.0,1186,2312,1245,340,727,612,116
AGGRESSIVE,A,2027-01,EVT-SET-MOIST-TONIC-SERUM,OZON,9.5,1451,13709,8341,1719,3649,2963,685
AGGRESSIVE,A,2027-01,EVT-SET-HAND-CHERRY,WB,24.1,1064,25676,15736,0,9940,9813,127
AGGRESSIVE,A,2027-01,EVT-SET-HAND-CHERRY,OZON,26.4,1539,40597,24764,3077,12757,10727,2030
AGGRESSIVE,A,2027-01,EVT-SET-HAND-AMBER,WB,22.9,1064,24325,14636,0,9689,9297,392
AGGRESSIVE,A,2027-01,EVT-SET-HAND-AMBER,OZON,13.2,1379,18194,11234,686,6273,5364,910
AGGRESSIVE,A,2027-01,EVT-SET-CHERRY-AMBER,WB,24.6,1064,26142,15242,981,9920,8613,1307
AGGRESSIVE,A,2027-01,EVT-SET-CHERRY-AMBER,OZON,18.9,1495,28261,17292,2931,8038,6625,1413
AGGRESSIVE,A,2027-02,EVT-FS-ACNE-30,WB,133.9,806,107891,59316,16184,32391,18184,14206
AGGRESSIVE,A,2027-02,EVT-FS-ACNE-30,OZON,39.6,1258,49817,30358,7473,11987,5377,6610
AGGRESSIVE,A,2027-02,EVT-FS-MOIST-30,WB,265.2,699,185428,104707,27814,52906,34691,18216
AGGRESSIVE,A,2027-02,EVT-FS-MOIST-30,OZON,23.4,1234,28876,17633,4331,6912,3061,3851
AGGRESSIVE,A,2027-02,EVT-FT-ACNE-150,WB,121.3,718,87090,48873,11686,26532,22177,4354
AGGRESSIVE,A,2027-02,EVT-FT-ACNE-150,OZON,43.2,1182,51081,31641,7662,11778,7896,3882
AGGRESSIVE,A,2027-02,EVT-FT-MOIST-150,WB,91.5,718,65674,36888,8779,20007,16724,3284
AGGRESSIVE,A,2027-02,EVT-FT-MOIST-150,OZON,30.6,1161,35529,22056,5329,8144,5593,2550
AGGRESSIVE,A,2027-02,EVT-EP-ENZYME-75,WB,76.2,646,49256,28398,6250,14608,12145,2463
AGGRESSIVE,A,2027-02,EVT-EP-ENZYME-75,OZON,19.8,1194,23643,14628,3546,5469,3154,2315
AGGRESSIVE,A,2027-02,EVT-HC-CHERRY-300,WB,41.1,608,24992,15073,1465,8454,7205,1250
AGGRESSIVE,A,2027-02,EVT-HC-CHERRY-300,OZON,19.8,1149,22741,14216,3411,5114,3470,1644
AGGRESSIVE,A,2027-02,EVT-HC-AMBER-300,WB,41.1,608,24992,15608,930,8454,7205,1250
AGGRESSIVE,A,2027-02,EVT-HC-AMBER-300,OZON,14.4,1180,16991,10585,2549,3857,2524,1333
AGGRESSIVE,A,2027-02,EVT-SET-ACNE-TONIC-SERUM,WB,1.6,1216,1897,991,285,621,497,124
AGGRESSIVE,A,2027-02,EVT-SET-ACNE-TONIC-SERUM,OZON,1.8,1653,2975,1787,446,742,573,168
AGGRESSIVE,A,2027-02,EVT-SET-MOIST-TONIC-SERUM,WB,2.6,1186,3083,1660,453,969,815,154
AGGRESSIVE,A,2027-02,EVT-SET-MOIST-TONIC-SERUM,OZON,12.6,1451,18278,11121,2292,4865,3951,914
AGGRESSIVE,A,2027-02,EVT-SET-CHERRY-AMBER,WB,32.8,1064,34857,20322,1308,13227,11484,1743
AGGRESSIVE,A,2027-02,EVT-SET-CHERRY-AMBER,OZON,25.2,1495,37682,23056,3907,10718,8834,1884
AGGRESSIVE,A,2027-03,EVT-FS-ACNE-30,WB,178.6,765,136662,75795,20499,40367,24246,16121
AGGRESSIVE,A,2027-03,EVT-FS-ACNE-30,OZON,52.8,1195,63101,38667,9465,14969,7169,7800
AGGRESSIVE,A,2027-03,EVT-FS-MOIST-30,WB,353.6,664,234875,133949,35231,65695,46254,19440
AGGRESSIVE,A,2027-03,EVT-FS-MOIST-30,OZON,31.2,1172,36576,22461,5486,8628,4081,4547
AGGRESSIVE,A,2027-03,EVT-FT-ACNE-150,WB,161.8,681,110134,62423,12635,35076,29569,5507
AGGRESSIVE,A,2027-03,EVT-FT-ACNE-150,OZON,57.6,1121,64597,40274,9690,14633,10528,4105
AGGRESSIVE,A,2027-03,EVT-FT-MOIST-150,WB,122.0,681,83052,47117,9484,26451,22298,4153
AGGRESSIVE,A,2027-03,EVT-FT-MOIST-150,OZON,40.8,1101,44931,28078,6740,10113,7458,2656
AGGRESSIVE,A,2027-03,EVT-EP-ENZYME-75,WB,101.7,613,62289,36313,6667,19308,16194,3114
AGGRESSIVE,A,2027-03,EVT-EP-ENZYME-75,OZON,26.4,1133,29899,18618,4485,6796,4205,2590
AGGRESSIVE,A,2027-03,EVT-HC-CHERRY-300,WB,54.8,576,31569,19295,1090,11185,9606,1578
AGGRESSIVE,A,2027-03,EVT-HC-CHERRY-300,OZON,26.4,1088,28726,18084,4309,6333,4627,1705
AGGRESSIVE,A,2027-03,EVT-HC-AMBER-300,WB,54.8,576,31569,20007,378,11185,9606,1578
AGGRESSIVE,A,2027-03,EVT-HC-AMBER-300,OZON,19.2,1118,21462,13463,3219,4779,3365,1414
AGGRESSIVE,A,2027-03,EVT-SET-ACNE-TONIC-SERUM,WB,2.1,1152,2396,1261,353,782,663,120
AGGRESSIVE,A,2027-03,EVT-SET-ACNE-TONIC-SERUM,OZON,2.4,1566,3758,2269,537,952,765,188
AGGRESSIVE,A,2027-03,EVT-SET-MOIST-TONIC-SERUM,WB,3.5,1123,3894,2114,498,1282,1087,195
AGGRESSIVE,A,2027-03,EVT-SET-MOIST-TONIC-SERUM,OZON,16.8,1374,23088,14129,2537,6423,5268,1154
AGGRESSIVE,A,2027-03,EVT-SET-CHERRY-AMBER,WB,43.7,1008,44029,25976,540,17513,15312,2201
AGGRESSIVE,A,2027-03,EVT-SET-CHERRY-AMBER,OZON,33.6,1417,47598,29301,4139,14158,11778,2380
AGGRESSIVE,B,2026-09,EVT-FS-ACNE-30,WB,81.8,806,65933,36249,9890,19794,11113,8682
AGGRESSIVE,B,2026-09,EVT-FS-ACNE-30,OZON,24.2,1258,30444,18552,4567,7325,3286,4039
AGGRESSIVE,B,2026-09,EVT-FS-MOIST-30,WB,162.1,699,113317,63988,16998,32332,21200,11132
AGGRESSIVE,B,2026-09,EVT-FS-MOIST-30,OZON,14.3,1234,17646,10775,2647,4224,1871,2353
AGGRESSIVE,B,2026-09,EVT-FC-ACNE-50,WB,90.4,800,72246,40420,10837,20989,11896,9093
AGGRESSIVE,B,2026-09,EVT-FC-ACNE-50,OZON,12.1,1374,16625,10126,2494,4006,1593,2413
AGGRESSIVE,B,2026-09,EVT-FT-ACNE-150,WB,74.1,718,53222,29867,7141,16214,13553,2661
AGGRESSIVE,B,2026-09,EVT-FT-ACNE-150,OZON,26.4,1182,31216,19336,4682,7198,4826,2372
AGGRESSIVE,B,2026-09,EVT-FT-MOIST-150,WB,55.9,718,40134,22542,5365,12227,10220,2007
AGGRESSIVE,B,2026-09,EVT-FT-MOIST-150,OZON,18.7,1161,21712,13479,3257,4977,3418,1559
AGGRESSIVE,B,2026-09,EVT-EP-ENZYME-75,WB,46.6,646,30101,17354,3819,8927,7422,1505
AGGRESSIVE,B,2026-09,EVT-EP-ENZYME-75,OZON,12.1,1194,14448,8939,2167,3342,1927,1414
AGGRESSIVE,B,2026-09,EVT-HC-HAND-300,WB,205.3,602,123529,75265,4459,43804,47510,-3706
AGGRESSIVE,B,2026-09,EVT-HC-HAND-300,OZON,58.7,915,53658,34641,7052,11965,13574,-1610
AGGRESSIVE,B,2026-09,EVT-HC-CHERRY-300,WB,25.1,608,15273,9211,895,5167,4403,764
AGGRESSIVE,B,2026-09,EVT-HC-CHERRY-300,OZON,12.1,1149,13897,8687,2085,3126,2121,1005
AGGRESSIVE,B,2026-09,EVT-HC-AMBER-300,WB,25.1,608,15273,9538,569,5167,4403,764
AGGRESSIVE,B,2026-09,EVT-HC-AMBER-300,OZON,8.8,1180,10383,6468,1557,2357,1542,815
AGGRESSIVE,B,2026-09,EVT-SET-4PC-ACNE,WB,38.1,1900,72363,39648,5882,26832,23214,3618
AGGRESSIVE,B,2026-09,EVT-SET-4PC-ACNE,OZON,9.9,3816,37778,21550,5667,10562,6034,4528
AGGRESSIVE,B,2026-09,EVT-SET-SER-CREAM-ACNE,WB,34.8,1294,45089,23800,6763,14525,9319,5206
AGGRESSIVE,B,2026-09,EVT-SET-SER-CREAM-ACNE,OZON,4.4,1625,7150,4302,1072,1776,1177,599
AGGRESSIVE,B,2026-09,EVT-SET-TON-SER-CREAM-ACNE,WB,14.9,1343,20061,11523,811,7727,6724,1003
AGGRESSIVE,B,2026-09,EVT-SET-TON-SER-CREAM-ACNE,OZON,11.0,2735,30085,17408,4513,8164,4952,3211
AGGRESSIVE,B,2026-09,EVT-SET-ACNE-POWDER-SERUM-CREAM,OZON,2.2,2363,5198,3036,780,1383,939,444
AGGRESSIVE,B,2026-09,EVT-SET-ACNE-TONIC-SERUM,WB,1.0,1216,1159,606,174,379,304,76
AGGRESSIVE,B,2026-09,EVT-SET-ACNE-TONIC-SERUM,OZON,1.1,1653,1818,1092,273,453,350,103
AGGRESSIVE,B,2026-09,EVT-SET-TON-CREAM-ACNE,WB,5.7,1236,7069,3805,1060,2203,1799,405
AGGRESSIVE,B,2026-09,EVT-SET-MOIST-TONIC-SERUM,WB,1.6,1186,1884,1014,277,592,498,94
AGGRESSIVE,B,2026-09,EVT-SET-MOIST-TONIC-SERUM,OZON,7.7,1451,11170,6796,1401,2973,2415,559
AGGRESSIVE,B,2026-09,EVT-SET-HAND-CHERRY,WB,21.1,1064,22485,13780,0,8705,8593,111
AGGRESSIVE,B,2026-09,EVT-SET-HAND-CHERRY,OZON,23.1,1539,35551,21685,2694,11171,9394,1778
AGGRESSIVE,B,2026-09,EVT-SET-HAND-AMBER,WB,20.0,1064,21301,12817,0,8484,8141,343
AGGRESSIVE,B,2026-09,EVT-SET-HAND-AMBER,OZON,11.5,1379,15932,9838,601,5493,4697,797
AGGRESSIVE,B,2026-09,EVT-SET-CHERRY-AMBER,WB,20.0,1064,21301,12419,799,8083,7018,1065
AGGRESSIVE,B,2026-09,EVT-SET-CHERRY-AMBER,OZON,15.4,1495,23028,14090,2388,6550,5398,1151
AGGRESSIVE,B,2026-10,EVT-FS-ACNE-30,WB,122.8,806,98900,54373,14835,29692,16669,13022
AGGRESSIVE,B,2026-10,EVT-FS-ACNE-30,OZON,36.3,1258,45665,27828,6850,10988,4929,6059
AGGRESSIVE,B,2026-10,EVT-FS-MOIST-30,WB,243.1,699,169976,95982,25496,48498,31800,16698
AGGRESSIVE,B,2026-10,EVT-FS-MOIST-30,OZON,21.5,1234,26469,16163,3970,6336,2806,3530
AGGRESSIVE,B,2026-10,EVT-FC-ACNE-50,WB,135.5,800,108368,60629,16255,31484,17844,13640
AGGRESSIVE,B,2026-10,EVT-FC-ACNE-50,OZON,18.2,1374,24938,15188,3741,6009,2390,3619
AGGRESSIVE,B,2026-10,EVT-FT-ACNE-150,WB,111.2,718,79832,44800,10712,24321,20329,3992
AGGRESSIVE,B,2026-10,EVT-FT-ACNE-150,OZON,39.6,1182,46824,29004,7024,10797,7238,3558
AGGRESSIVE,B,2026-10,EVT-FT-MOIST-150,WB,83.9,718,60202,33814,8048,18340,15330,3010
AGGRESSIVE,B,2026-10,EVT-FT-MOIST-150,OZON,28.1,1161,32569,20218,4885,7465,5127,2338
AGGRESSIVE,B,2026-10,EVT-EP-ENZYME-75,WB,69.9,646,45151,26031,5729,13391,11133,2258
AGGRESSIVE,B,2026-10,EVT-EP-ENZYME-75,OZON,18.2,1194,21672,13409,3251,5013,2891,2122
AGGRESSIVE,B,2026-10,EVT-HC-HAND-300,WB,308.0,602,185293,112898,6688,65706,71265,-5559
AGGRESSIVE,B,2026-10,EVT-HC-HAND-300,OZON,88.0,915,80487,51961,10579,17947,20361,-2415
AGGRESSIVE,B,2026-10,EVT-HC-CHERRY-300,WB,37.7,608,22910,13817,1343,7750,6604,1145
AGGRESSIVE,B,2026-10,EVT-HC-CHERRY-300,OZON,18.2,1149,20846,13031,3127,4688,3181,1507
AGGRESSIVE,B,2026-10,EVT-HC-AMBER-300,WB,37.7,608,22910,14307,853,7750,6604,1145
AGGRESSIVE,B,2026-10,EVT-HC-AMBER-300,OZON,13.2,1180,15575,9703,2336,3536,2314,1222
AGGRESSIVE,B,2026-10,EVT-SET-4PC-ACNE,WB,57.1,1900,108544,59472,8823,40248,34821,5427
AGGRESSIVE,B,2026-10,EVT-SET-4PC-ACNE,OZON,14.9,3816,56668,32324,8500,15843,9051,6792
AGGRESSIVE,B,2026-10,EVT-SET-SER-CREAM-ACNE,WB,52.3,1294,67633,35700,10145,21788,13978,7810
AGGRESSIVE,B,2026-10,EVT-SET-SER-CREAM-ACNE,OZON,6.6,1625,10725,6452,1609,2664,1765,899
AGGRESSIVE,B,2026-10,EVT-SET-TON-SER-CREAM-ACNE,WB,22.4,1343,30092,17285,1216,11591,10087,1505
AGGRESSIVE,B,2026-10,EVT-SET-TON-SER-CREAM-ACNE,OZON,16.5,2735,45128,26112,6769,12246,7429,4817
AGGRESSIVE,B,2026-10,EVT-SET-ACNE-POWDER-SERUM-CREAM,OZON,3.3,2363,7798,4553,1170,2075,1408,666
AGGRESSIVE,B,2026-10,EVT-SET-ACNE-TONIC-SERUM,WB,1.4,1216,1739,909,261,569,456,114
AGGRESSIVE,B,2026-10,EVT-SET-ACNE-TONIC-SERUM,OZON,1.7,1653,2727,1638,409,680,526,154
AGGRESSIVE,B,2026-10,EVT-SET-TON-CREAM-ACNE,WB,8.6,1236,10603,5708,1590,3305,2698,607
AGGRESSIVE,B,2026-10,EVT-SET-MOIST-TONIC-SERUM,WB,2.4,1186,2826,1522,415,889,747,141
AGGRESSIVE,B,2026-10,EVT-SET-MOIST-TONIC-SERUM,OZON,11.6,1451,16755,10194,2101,4460,3622,838
AGGRESSIVE,B,2026-10,EVT-SET-HAND-CHERRY,WB,31.7,1064,33727,20670,0,13057,12890,167
AGGRESSIVE,B,2026-10,EVT-SET-HAND-CHERRY,OZON,34.7,1539,53326,32528,4042,16757,14090,2666
AGGRESSIVE,B,2026-10,EVT-SET-HAND-AMBER,WB,30.0,1064,31952,19225,0,12727,12212,515
AGGRESSIVE,B,2026-10,EVT-SET-HAND-AMBER,OZON,17.3,1379,23898,14757,901,8240,7045,1195
AGGRESSIVE,B,2026-10,EVT-SET-CHERRY-AMBER,WB,30.0,1064,31952,18629,1199,12124,10527,1598
AGGRESSIVE,B,2026-10,EVT-SET-CHERRY-AMBER,OZON,23.1,1495,34541,21135,3582,9825,8098,1727
AGGRESSIVE,B,2026-11,EVT-FS-ACNE-30,WB,156.2,765,119579,66321,17937,35322,21215,14106
AGGRESSIVE,B,2026-11,EVT-FS-ACNE-30,OZON,46.2,1195,55214,33834,8282,13098,6273,6825
AGGRESSIVE,B,2026-11,EVT-FS-MOIST-30,WB,309.4,664,205516,117206,30827,57483,40473,17010
AGGRESSIVE,B,2026-11,EVT-FS-MOIST-30,OZON,27.3,1172,32004,19653,4801,7550,3571,3979
AGGRESSIVE,B,2026-11,EVT-FC-ACNE-50,WB,172.5,760,131027,74007,19654,37366,22710,14656
AGGRESSIVE,B,2026-11,EVT-FC-ACNE-50,OZON,23.1,1305,30152,18466,4523,7164,3041,4122
AGGRESSIVE,B,2026-11,EVT-FC-MOIST-50,WB,448.0,879,393935,214556,59090,120289,58589,61699
AGGRESSIVE,B,2026-11,EVT-FC-MOIST-50,OZON,70.0,806,56392,36894,7524,11974,9155,2820
AGGRESSIVE,B,2026-11,EVT-FT-ACNE-150,WB,141.6,681,96368,54620,11056,30692,25873,4818
AGGRESSIVE,B,2026-11,EVT-FT-ACNE-150,OZON,50.4,1121,56523,35240,8478,12804,9212,3592
AGGRESSIVE,B,2026-11,EVT-FT-MOIST-150,WB,106.7,681,72671,41227,8299,23145,19511,3634
AGGRESSIVE,B,2026-11,EVT-FT-MOIST-150,OZON,35.7,1101,39314,24568,5897,8849,6525,2324
AGGRESSIVE,B,2026-11,EVT-EP-ENZYME-75,WB,89.0,613,54503,31774,5834,16895,14170,2725
AGGRESSIVE,B,2026-11,EVT-EP-ENZYME-75,OZON,23.1,1133,26161,16291,3924,5946,3680,2267
AGGRESSIVE,B,2026-11,EVT-HC-HAND-300,WB,392.0,602,235827,143689,8512,83626,90701,-7075
AGGRESSIVE,B,2026-11,EVT-HC-HAND-300,OZON,112.0,915,102437,66132,13464,22841,25915,-3073
AGGRESSIVE,B,2026-11,EVT-HC-CHERRY-300,WB,48.0,576,27623,16883,954,9787,8406,1381
AGGRESSIVE,B,2026-11,EVT-HC-CHERRY-300,OZON,23.1,1088,25135,15824,3770,5541,4049,1492
AGGRESSIVE,B,2026-11,EVT-HC-AMBER-300,WB,48.0,576,27623,17506,330,9787,8406,1381
AGGRESSIVE,B,2026-11,EVT-HC-AMBER-300,OZON,16.8,1118,18779,11780,2817,4182,2945,1237
AGGRESSIVE,B,2026-11,EVT-SET-4PC-ACNE,WB,72.7,1805,131240,72529,7831,50880,44318,6562
AGGRESSIVE,B,2026-11,EVT-SET-4PC-ACNE,OZON,18.9,3625,68516,39175,10277,19064,11520,7544
AGGRESSIVE,B,2026-11,EVT-SET-SER-CREAM-ACNE,WB,66.5,1229,81774,43466,12266,26042,17790,8252
AGGRESSIVE,B,2026-11,EVT-SET-SER-CREAM-ACNE,OZON,8.4,1544,12967,7840,1945,3182,2246,936
AGGRESSIVE,B,2026-11,EVT-SET-TON-SER-CREAM-ACNE,WB,28.5,1276,36384,21122,606,14657,12837,1819
AGGRESSIVE,B,2026-11,EVT-SET-TON-SER-CREAM-ACNE,OZON,21.0,2598,54563,31669,8184,14710,9455,5255
AGGRESSIVE,B,2026-11,EVT-SET-ACNE-POWDER-SERUM-CREAM,OZON,4.2,2241,9413,5516,1412,2484,1792,692
AGGRESSIVE,B,2026-11,EVT-SET-ACNE-TONIC-SERUM,WB,1.8,1152,2097,1103,309,685,580,105
AGGRESSIVE,B,2026-11,EVT-SET-ACNE-TONIC-SERUM,OZON,2.1,1566,3289,1985,470,833,669,164
AGGRESSIVE,B,2026-11,EVT-SET-TON-CREAM-ACNE,WB,10.9,1172,12799,6946,1780,4074,3434,640
AGGRESSIVE,B,2026-11,EVT-SET-SER-CREAM-MOIST,WB,88.2,1254,110603,59629,16590,34383,23072,11311
AGGRESSIVE,B,2026-11,EVT-SET-SER-CREAM-MOIST,OZON,5.9,1302,7658,4715,1023,1921,1538,383
AGGRESSIVE,B,2026-11,EVT-SET-TON-CREAM-MOIST,WB,39.2,1204,47191,25418,7079,14694,12292,2402
AGGRESSIVE,B,2026-11,EVT-SET-TON-SER-CREAM-MOIST,WB,78.4,1302,102038,57298,4799,39941,34839,5102
AGGRESSIVE,B,2026-11,EVT-SET-MOIST-TONIC-SERUM,WB,3.0,1123,3407,1850,435,1122,951,170
AGGRESSIVE,B,2026-11,EVT-SET-MOIST-TONIC-SERUM,OZON,14.7,1374,20202,12363,2220,5620,4610,1010
AGGRESSIVE,B,2026-11,EVT-SET-HAND-CHERRY,WB,40.3,1008,40666,25273,0,15393,16406,-1012
AGGRESSIVE,B,2026-11,EVT-SET-HAND-CHERRY,OZON,44.1,1458,64298,39452,3697,21148,17933,3215
AGGRESSIVE,B,2026-11,EVT-SET-HAND-AMBER,WB,38.2,1008,38526,23489,0,15037,15542,-505
AGGRESSIVE,B,2026-11,EVT-SET-HAND-AMBER,OZON,22.0,1307,28815,17909,498,10407,8967,1441
AGGRESSIVE,B,2026-11,EVT-SET-CHERRY-AMBER,WB,38.2,1008,38526,22729,473,15324,13398,1926
AGGRESSIVE,B,2026-11,EVT-SET-CHERRY-AMBER,OZON,29.4,1417,41648,25638,3621,12388,10306,2082
AGGRESSIVE,B,2026-12,EVT-FS-ACNE-30,WB,256.7,765,196451,108955,29468,58028,34854,23175
AGGRESSIVE,B,2026-12,EVT-FS-ACNE-30,OZON,75.9,1195,90708,55584,13606,21518,10306,11212
AGGRESSIVE,B,2026-12,EVT-FS-MOIST-30,WB,508.3,664,337633,192552,50645,94436,66491,27946
AGGRESSIVE,B,2026-12,EVT-FS-MOIST-30,OZON,44.8,1172,52578,32288,7887,12403,5867,6537
AGGRESSIVE,B,2026-12,EVT-FC-ACNE-50,WB,213.2,760,161929,91461,24289,46179,28066,18113
AGGRESSIVE,B,2026-12,EVT-FC-ACNE-50,OZON,28.5,1305,37264,22821,5590,8853,3759,5095
AGGRESSIVE,B,2026-12,EVT-FC-MOIST-50,WB,736.0,879,647180,352486,97077,197617,96254,101363
AGGRESSIVE,B,2026-12,EVT-FC-MOIST-50,OZON,115.0,806,92644,60611,12361,19672,15040,4632
AGGRESSIVE,B,2026-12,EVT-FT-ACNE-150,WB,232.5,681,158318,89733,18163,50422,42506,7916
AGGRESSIVE,B,2026-12,EVT-FT-ACNE-150,OZON,82.8,1121,92859,57894,13929,21035,15135,5901
AGGRESSIVE,B,2026-12,EVT-FT-MOIST-150,WB,175.4,681,119387,67730,13634,38023,32054,5969
AGGRESSIVE,B,2026-12,EVT-FT-MOIST-150,OZON,58.6,1101,64588,40362,9688,14538,10720,3818
AGGRESSIVE,B,2026-12,EVT-EP-ENZYME-75,WB,146.1,613,89541,52201,9584,27756,23279,4477
AGGRESSIVE,B,2026-12,EVT-EP-ENZYME-75,OZON,37.9,1133,42979,26763,6447,9769,6045,3724
AGGRESSIVE,B,2026-12,EVT-HC-HAND-300,WB,644.0,602,387430,236060,13985,137386,149009,-11623
AGGRESSIVE,B,2026-12,EVT-HC-HAND-300,OZON,184.0,915,168290,108646,22119,37525,42574,-5049
AGGRESSIVE,B,2026-12,EVT-HC-CHERRY-300,WB,78.8,576,45381,27736,1567,16078,13809,2269
AGGRESSIVE,B,2026-12,EVT-HC-CHERRY-300,OZON,37.9,1088,41293,25996,6194,9103,6652,2452
AGGRESSIVE,B,2026-12,EVT-HC-AMBER-300,WB,78.8,576,45381,28760,543,16078,13809,2269
AGGRESSIVE,B,2026-12,EVT-HC-AMBER-300,OZON,27.6,1118,30851,19353,4628,6870,4837,2033
AGGRESSIVE,B,2026-12,EVT-SET-4PC-ACNE,WB,89.9,1805,162192,89635,9678,62879,54770,8110
AGGRESSIVE,B,2026-12,EVT-SET-4PC-ACNE,OZON,23.4,3625,84676,48414,12701,23560,14237,9324
AGGRESSIVE,B,2026-12,EVT-SET-SER-CREAM-ACNE,WB,82.2,1229,101060,53717,15159,32184,21986,10198
AGGRESSIVE,B,2026-12,EVT-SET-SER-CREAM-ACNE,OZON,10.4,1544,16026,9689,2404,3933,2776,1156
AGGRESSIVE,B,2026-12,EVT-SET-TON-SER-CREAM-ACNE,WB,35.2,1276,44965,26103,749,18113,15865,2248
AGGRESSIVE,B,2026-12,EVT-SET-TON-SER-CREAM-ACNE,OZON,26.0,2598,67432,39138,10115,18179,11685,6494
AGGRESSIVE,B,2026-12,EVT-SET-ACNE-POWDER-SERUM-CREAM,OZON,5.2,2241,11633,6817,1745,3070,2215,855
AGGRESSIVE,B,2026-12,EVT-SET-ACNE-TONIC-SERUM,WB,3.0,1152,3444,1813,507,1125,953,172
AGGRESSIVE,B,2026-12,EVT-SET-ACNE-TONIC-SERUM,OZON,3.4,1566,5403,3262,772,1369,1099,270
AGGRESSIVE,B,2026-12,EVT-SET-TON-CREAM-ACNE,WB,13.5,1172,15818,8584,2199,5034,4244,791
AGGRESSIVE,B,2026-12,EVT-SET-SER-CREAM-MOIST,WB,144.9,1254,181705,97962,27256,56487,37904,18582
AGGRESSIVE,B,2026-12,EVT-SET-SER-CREAM-MOIST,OZON,9.7,1302,12582,7746,1680,3156,2527,629
AGGRESSIVE,B,2026-12,EVT-SET-TON-CREAM-MOIST,WB,64.4,1204,77527,41758,11629,24140,20194,3946
AGGRESSIVE,B,2026-12,EVT-SET-TON-SER-CREAM-MOIST,WB,128.8,1302,167633,94132,7884,65617,57235,8382
AGGRESSIVE,B,2026-12,EVT-SET-MOIST-TONIC-SERUM,WB,5.0,1123,5597,3039,715,1843,1563,280
AGGRESSIVE,B,2026-12,EVT-SET-MOIST-TONIC-SERUM,OZON,24.1,1374,33189,20310,3647,9233,7573,1659
AGGRESSIVE,B,2026-12,EVT-SET-HAND-CHERRY,WB,66.3,1008,66809,41520,0,25289,26952,-1663
AGGRESSIVE,B,2026-12,EVT-SET-HAND-CHERRY,OZON,72.4,1458,105632,64814,6074,34744,29462,5282
AGGRESSIVE,B,2026-12,EVT-SET-HAND-AMBER,WB,62.8,1008,63292,38588,0,24704,25534,-830
AGGRESSIVE,B,2026-12,EVT-SET-HAND-AMBER,OZON,36.2,1307,47339,29422,819,17098,14731,2367
AGGRESSIVE,B,2026-12,EVT-SET-CHERRY-AMBER,WB,62.8,1008,63292,37341,776,25175,22011,3165
AGGRESSIVE,B,2026-12,EVT-SET-CHERRY-AMBER,OZON,48.3,1417,68422,42120,5950,20352,16931,3421
AGGRESSIVE,B,2027-01,EVT-FS-ACNE-30,WB,100.4,806,80918,44487,12138,24293,13638,10655
AGGRESSIVE,B,2027-01,EVT-FS-ACNE-30,OZON,29.7,1258,37363,22768,5604,8990,4033,4957
AGGRESSIVE,B,2027-01,EVT-FS-MOIST-30,WB,198.9,699,139071,78530,20861,39680,26018,13662
AGGRESSIVE,B,2027-01,EVT-FS-MOIST-30,OZON,17.6,1234,21657,13224,3249,5184,2296,2888
AGGRESSIVE,B,2027-01,EVT-FC-ACNE-50,WB,0.0,800,0,0,0,0,0,0
AGGRESSIVE,B,2027-01,EVT-FC-ACNE-50,OZON,0.0,1374,0,0,0,0,0,0
AGGRESSIVE,B,2027-01,EVT-FC-MOIST-50,WB,288.0,926,266573,144032,39986,82555,37665,44890
AGGRESSIVE,B,2027-01,EVT-FC-MOIST-50,OZON,45.0,848,38160,24757,5610,7793,5885,1908
AGGRESSIVE,B,2027-01,EVT-FT-ACNE-150,WB,91.0,718,65317,36654,8764,19899,16633,3266
AGGRESSIVE,B,2027-01,EVT-FT-ACNE-150,OZON,32.4,1182,38311,23731,5747,8834,5922,2911
AGGRESSIVE,B,2027-01,EVT-FT-MOIST-150,WB,68.6,718,49256,27666,6584,15006,12543,2463
AGGRESSIVE,B,2027-01,EVT-FT-MOIST-150,OZON,22.9,1161,26647,16542,3997,6108,4195,1913
AGGRESSIVE,B,2027-01,EVT-EP-ENZYME-75,WB,57.2,646,36942,21298,4687,10956,9109,1847
AGGRESSIVE,B,2027-01,EVT-EP-ENZYME-75,OZON,14.8,1194,17732,10971,2660,4101,2366,1736
AGGRESSIVE,B,2027-01,EVT-HC-HAND-300,WB,234.5,602,141064,85950,5092,50022,54254,-4232
AGGRESSIVE,B,2027-01,EVT-HC-HAND-300,OZON,67.0,915,61275,39558,8053,13663,15501,-1838
AGGRESSIVE,B,2027-01,EVT-HC-CHERRY-300,WB,30.8,608,18744,11305,1099,6341,5404,937
AGGRESSIVE,B,2027-01,EVT-HC-CHERRY-300,OZON,14.8,1149,17056,10662,2558,3836,2603,1233
AGGRESSIVE,B,2027-01,EVT-HC-AMBER-300,WB,30.8,608,18744,11706,698,6341,5404,937
AGGRESSIVE,B,2027-01,EVT-HC-AMBER-300,OZON,10.8,1180,12743,7938,1911,2893,1893,1000
AGGRESSIVE,B,2027-01,EVT-SET-4PC-ACNE,WB,0.0,1900,0,0,0,0,0,0
AGGRESSIVE,B,2027-01,EVT-SET-4PC-ACNE,OZON,0.0,3816,0,0,0,0,0,0
AGGRESSIVE,B,2027-01,EVT-SET-SER-CREAM-ACNE,WB,0.0,1294,0,0,0,0,0,0
AGGRESSIVE,B,2027-01,EVT-SET-SER-CREAM-ACNE,OZON,0.0,1625,0,0,0,0,0,0
AGGRESSIVE,B,2027-01,EVT-SET-TON-SER-CREAM-ACNE,WB,0.0,1343,0,0,0,0,0,0
AGGRESSIVE,B,2027-01,EVT-SET-TON-SER-CREAM-ACNE,OZON,0.0,2735,0,0,0,0,0,0
AGGRESSIVE,B,2027-01,EVT-SET-ACNE-POWDER-SERUM-CREAM,OZON,0.0,2363,0,0,0,0,0,0
AGGRESSIVE,B,2027-01,EVT-SET-ACNE-TONIC-SERUM,WB,1.2,1216,1423,744,213,466,373,93
AGGRESSIVE,B,2027-01,EVT-SET-ACNE-TONIC-SERUM,OZON,1.4,1653,2232,1340,335,556,430,126
AGGRESSIVE,B,2027-01,EVT-SET-TON-CREAM-ACNE,WB,0.0,1236,0,0,0,0,0,0
AGGRESSIVE,B,2027-01,EVT-SET-SER-CREAM-MOIST,WB,56.7,1320,74844,40047,11227,23571,14832,8739
AGGRESSIVE,B,2027-01,EVT-SET-SER-CREAM-MOIST,OZON,3.8,1371,5182,3172,762,1248,989,259
AGGRESSIVE,B,2027-01,EVT-SET-TON-CREAM-MOIST,WB,25.2,1267,31933,17071,4790,10072,7902,2170
AGGRESSIVE,B,2027-01,EVT-SET-TON-SER-CREAM-MOIST,WB,50.4,1370,69048,38415,4784,25849,22396,3452
AGGRESSIVE,B,2027-01,EVT-SET-MOIST-TONIC-SERUM,WB,2.0,1186,2312,1245,340,727,612,116
AGGRESSIVE,B,2027-01,EVT-SET-MOIST-TONIC-SERUM,OZON,9.5,1451,13709,8341,1719,3649,2963,685
AGGRESSIVE,B,2027-01,EVT-SET-HAND-CHERRY,WB,24.1,1064,25676,15736,0,9940,9813,127
AGGRESSIVE,B,2027-01,EVT-SET-HAND-CHERRY,OZON,26.4,1539,40597,24764,3077,12757,10727,2030
AGGRESSIVE,B,2027-01,EVT-SET-HAND-AMBER,WB,22.9,1064,24325,14636,0,9689,9297,392
AGGRESSIVE,B,2027-01,EVT-SET-HAND-AMBER,OZON,13.2,1379,18194,11234,686,6273,5364,910
AGGRESSIVE,B,2027-01,EVT-SET-CHERRY-AMBER,WB,24.6,1064,26142,15242,981,9920,8613,1307
AGGRESSIVE,B,2027-01,EVT-SET-CHERRY-AMBER,OZON,18.9,1495,28261,17292,2931,8038,6625,1413
AGGRESSIVE,B,2027-02,EVT-FS-ACNE-30,WB,133.9,806,107891,59316,16184,32391,18184,14206
AGGRESSIVE,B,2027-02,EVT-FS-ACNE-30,OZON,39.6,1258,49817,30358,7473,11987,5377,6610
AGGRESSIVE,B,2027-02,EVT-FS-MOIST-30,WB,265.2,699,185428,104707,27814,52906,34691,18216
AGGRESSIVE,B,2027-02,EVT-FS-MOIST-30,OZON,23.4,1234,28876,17633,4331,6912,3061,3851
AGGRESSIVE,B,2027-02,EVT-FC-MOIST-50,WB,384.0,926,355430,192043,53315,110073,50220,59853
AGGRESSIVE,B,2027-02,EVT-FC-MOIST-50,OZON,60.0,848,50880,33010,7480,10391,7847,2544
AGGRESSIVE,B,2027-02,EVT-FT-ACNE-150,WB,121.3,718,87090,48873,11686,26532,22177,4354
AGGRESSIVE,B,2027-02,EVT-FT-ACNE-150,OZON,43.2,1182,51081,31641,7662,11778,7896,3882
AGGRESSIVE,B,2027-02,EVT-FT-MOIST-150,WB,91.5,718,65674,36888,8779,20007,16724,3284
AGGRESSIVE,B,2027-02,EVT-FT-MOIST-150,OZON,30.6,1161,35529,22056,5329,8144,5593,2550
AGGRESSIVE,B,2027-02,EVT-EP-ENZYME-75,WB,76.2,646,49256,28398,6250,14608,12145,2463
AGGRESSIVE,B,2027-02,EVT-EP-ENZYME-75,OZON,19.8,1194,23643,14628,3546,5469,3154,2315
AGGRESSIVE,B,2027-02,EVT-HC-CHERRY-300,WB,41.1,608,24992,15073,1465,8454,7205,1250
AGGRESSIVE,B,2027-02,EVT-HC-CHERRY-300,OZON,19.8,1149,22741,14216,3411,5114,3470,1644
AGGRESSIVE,B,2027-02,EVT-HC-AMBER-300,WB,41.1,608,24992,15608,930,8454,7205,1250
AGGRESSIVE,B,2027-02,EVT-HC-AMBER-300,OZON,14.4,1180,16991,10585,2549,3857,2524,1333
AGGRESSIVE,B,2027-02,EVT-SET-ACNE-TONIC-SERUM,WB,1.6,1216,1897,991,285,621,497,124
AGGRESSIVE,B,2027-02,EVT-SET-ACNE-TONIC-SERUM,OZON,1.8,1653,2975,1787,446,742,573,168
AGGRESSIVE,B,2027-02,EVT-SET-SER-CREAM-MOIST,WB,75.6,1320,99792,53395,14969,31428,19776,11652
AGGRESSIVE,B,2027-02,EVT-SET-SER-CREAM-MOIST,OZON,5.0,1371,6910,4230,1016,1664,1318,345
AGGRESSIVE,B,2027-02,EVT-SET-TON-CREAM-MOIST,WB,33.6,1267,42578,22762,6387,13430,10536,2894
AGGRESSIVE,B,2027-02,EVT-SET-TON-SER-CREAM-MOIST,WB,67.2,1370,92064,51220,6379,34465,29862,4603
AGGRESSIVE,B,2027-02,EVT-SET-MOIST-TONIC-SERUM,WB,2.6,1186,3083,1660,453,969,815,154
AGGRESSIVE,B,2027-02,EVT-SET-MOIST-TONIC-SERUM,OZON,12.6,1451,18278,11121,2292,4865,3951,914
AGGRESSIVE,B,2027-02,EVT-SET-CHERRY-AMBER,WB,32.8,1064,34857,20322,1308,13227,11484,1743
AGGRESSIVE,B,2027-02,EVT-SET-CHERRY-AMBER,OZON,25.2,1495,37682,23056,3907,10718,8834,1884
AGGRESSIVE,B,2027-03,EVT-FS-ACNE-30,WB,178.6,765,136662,75795,20499,40367,24246,16121
AGGRESSIVE,B,2027-03,EVT-FS-ACNE-30,OZON,52.8,1195,63101,38667,9465,14969,7169,7800
AGGRESSIVE,B,2027-03,EVT-FS-MOIST-30,WB,353.6,664,234875,133949,35231,65695,46254,19440
AGGRESSIVE,B,2027-03,EVT-FS-MOIST-30,OZON,31.2,1172,36576,22461,5486,8628,4081,4547
AGGRESSIVE,B,2027-03,EVT-FC-MOIST-50,WB,512.0,879,450212,245207,67532,137473,66959,70513
AGGRESSIVE,B,2027-03,EVT-FC-MOIST-50,OZON,80.0,806,64448,42164,8599,13685,10462,3222
AGGRESSIVE,B,2027-03,EVT-FT-ACNE-150,WB,161.8,681,110134,62423,12635,35076,29569,5507
AGGRESSIVE,B,2027-03,EVT-FT-ACNE-150,OZON,57.6,1121,64597,40274,9690,14633,10528,4105
AGGRESSIVE,B,2027-03,EVT-FT-MOIST-150,WB,122.0,681,83052,47117,9484,26451,22298,4153
AGGRESSIVE,B,2027-03,EVT-FT-MOIST-150,OZON,40.8,1101,44931,28078,6740,10113,7458,2656
AGGRESSIVE,B,2027-03,EVT-EP-ENZYME-75,WB,101.7,613,62289,36313,6667,19308,16194,3114
AGGRESSIVE,B,2027-03,EVT-EP-ENZYME-75,OZON,26.4,1133,29899,18618,4485,6796,4205,2590
AGGRESSIVE,B,2027-03,EVT-HC-CHERRY-300,WB,54.8,576,31569,19295,1090,11185,9606,1578
AGGRESSIVE,B,2027-03,EVT-HC-CHERRY-300,OZON,26.4,1088,28726,18084,4309,6333,4627,1705
AGGRESSIVE,B,2027-03,EVT-HC-AMBER-300,WB,54.8,576,31569,20007,378,11185,9606,1578
AGGRESSIVE,B,2027-03,EVT-HC-AMBER-300,OZON,19.2,1118,21462,13463,3219,4779,3365,1414
AGGRESSIVE,B,2027-03,EVT-SET-ACNE-TONIC-SERUM,WB,2.1,1152,2396,1261,353,782,663,120
AGGRESSIVE,B,2027-03,EVT-SET-ACNE-TONIC-SERUM,OZON,2.4,1566,3758,2269,537,952,765,188
AGGRESSIVE,B,2027-03,EVT-SET-SER-CREAM-MOIST,WB,100.8,1254,126403,68148,18960,39295,26368,12927
AGGRESSIVE,B,2027-03,EVT-SET-SER-CREAM-MOIST,OZON,6.7,1302,8752,5388,1169,2196,1758,438
AGGRESSIVE,B,2027-03,EVT-SET-TON-CREAM-MOIST,WB,44.8,1204,53932,29049,8090,16793,14048,2745
AGGRESSIVE,B,2027-03,EVT-SET-TON-SER-CREAM-MOIST,WB,89.6,1302,116614,65483,5485,45647,39816,5831
AGGRESSIVE,B,2027-03,EVT-SET-MOIST-TONIC-SERUM,WB,3.5,1123,3894,2114,498,1282,1087,195
AGGRESSIVE,B,2027-03,EVT-SET-MOIST-TONIC-SERUM,OZON,16.8,1374,23088,14129,2537,6423,5268,1154
AGGRESSIVE,B,2027-03,EVT-SET-CHERRY-AMBER,WB,43.7,1008,44029,25976,540,17513,15312,2201
AGGRESSIVE,B,2027-03,EVT-SET-CHERRY-AMBER,OZON,33.6,1417,47598,29301,4139,14158,11778,2380
