ym,internal_sku,channel,orders,cancels,sold_units,returns,gmv_rub,asp_rub,seller_payout_rub,ads_rub,cogs_rub,contribution_after_ads_rub,contribution_pct,note
2024-09,EVT-HC-BODY-300,WB,0,0,112,0,84209,752,64510,0,23059,41451,49.2,"WB: payout = for_pay (после комиссии), логистика/хранение НЕ вычтены; ads с 04.2026. OZON: payout из постингов (после комиссии), логистика не вычтена; ads = attributed_spend"
2024-09,EVT-HC-HAND-300,WB,0,0,148,0,110982,750,84969,0,34244,50725,45.7,"WB: payout = for_pay (после комиссии), логистика/хранение НЕ вычтены; ads с 04.2026. OZON: payout из постингов (после комиссии), логистика не вычтена; ads = attributed_spend"
2024-09,EVT-SET-HAND-BODY,WB,0,0,51,0,66137,1297,50617,0,-51,50668,76.6,"WB: payout = for_pay (после комиссии), логистика/хранение НЕ вычтены; ads с 04.2026. OZON: payout из постингов (после комиссии), логистика не вычтена; ads = attributed_spend"
2024-10,EVT-HC-BODY-300,WB,0,0,373,1,237430,637,181918,0,76793,105125,44.3,"WB: payout = for_pay (после комиссии), логистика/хранение НЕ вычтены; ads с 04.2026. OZON: payout из постингов (после комиссии), логистика не вычтена; ads = attributed_spend"
2024-10,EVT-HC-HAND-300,WB,0,0,892,0,553642,621,424413,0,206391,218022,39.4,"WB: payout = for_pay (после комиссии), логистика/хранение НЕ вычтены; ads с 04.2026. OZON: payout из постингов (после комиссии), логистика не вычтена; ads = attributed_spend"
2024-10,EVT-SET-HAND-BODY,WB,0,0,188,0,216452,1151,165869,0,-188,166057,76.7,"WB: payout = for_pay (после комиссии), логистика/хранение НЕ вычтены; ads с 04.2026. OZON: payout из постингов (после комиссии), логистика не вычтена; ads = attributed_spend"
2024-11,EVT-HC-BODY-300,WB,0,0,878,0,530663,604,406848,0,180763,226085,42.6,"WB: payout = for_pay (после комиссии), логистика/хранение НЕ вычтены; ads с 04.2026. OZON: payout из постингов (после комиссии), логистика не вычтена; ads = attributed_spend"
2024-11,EVT-HC-HAND-300,WB,0,0,1582,0,911969,576,699350,0,366043,333307,36.5,"WB: payout = for_pay (после комиссии), логистика/хранение НЕ вычтены; ads с 04.2026. OZON: payout из постингов (после комиссии), логистика не вычтена; ads = attributed_spend"
2024-11,EVT-SET-HAND-BODY,WB,0,0,319,0,333255,1045,255503,0,-319,255822,76.8,"WB: payout = for_pay (после комиссии), логистика/хранение НЕ вычтены; ads с 04.2026. OZON: payout из постингов (после комиссии), логистика не вычтена; ads = attributed_spend"
2024-12,EVT-HC-BODY-300,WB,0,0,819,0,455711,556,349170,0,168616,180554,39.6,"WB: payout = for_pay (после комиссии), логистика/хранение НЕ вычтены; ads с 04.2026. OZON: payout из постингов (после комиссии), логистика не вычтена; ads = attributed_spend"
2024-12,EVT-HC-HAND-300,WB,0,0,2301,0,1292297,562,990090,0,532405,457685,35.4,"WB: payout = for_pay (после комиссии), логистика/хранение НЕ вычтены; ads с 04.2026. OZON: payout из постингов (после комиссии), логистика не вычтена; ads = attributed_spend"
2024-12,EVT-SET-HAND-BODY,WB,0,0,822,0,833807,1014,638663,0,-822,639485,76.7,"WB: payout = for_pay (после комиссии), логистика/хранение НЕ вычтены; ads с 04.2026. OZON: payout из постингов (после комиссии), логистика не вычтена; ads = attributed_spend"
2025-01,EVT-HC-BODY-300,WB,0,0,378,0,194190,514,148466,0,77823,70643,36.4,"WB: payout = for_pay (после комиссии), логистика/хранение НЕ вычтены; ads с 04.2026. OZON: payout из постингов (после комиссии), логистика не вычтена; ads = attributed_spend"
2025-01,EVT-HC-HAND-300,WB,0,0,1342,1,715389,533,546745,0,310512,236233,33.0,"WB: payout = for_pay (после комиссии), логистика/хранение НЕ вычтены; ads с 04.2026. OZON: payout из постингов (после комиссии), логистика не вычтена; ads = attributed_spend"
2025-01,EVT-SET-HAND-BODY,WB,0,0,304,0,294338,968,224978,0,-304,225282,76.5,"WB: payout = for_pay (после комиссии), логистика/хранение НЕ вычтены; ads с 04.2026. OZON: payout из постингов (после комиссии), логистика не вычтена; ads = attributed_spend"
2025-02,EVT-HC-BODY-300,WB,0,0,982,2,494660,504,377466,0,202174,175292,35.4,"WB: payout = for_pay (после комиссии), логистика/хранение НЕ вычтены; ads с 04.2026. OZON: payout из постингов (после комиссии), логистика не вычтена; ads = attributed_spend"
2025-02,EVT-HC-HAND-300,WB,0,0,993,0,537431,541,409954,0,229760,180194,33.5,"WB: payout = for_pay (после комиссии), логистика/хранение НЕ вычтены; ads с 04.2026. OZON: payout из постингов (после комиссии), логистика не вычтена; ads = attributed_spend"
2025-02,EVT-SET-HAND-BODY,WB,0,0,238,0,229734,965,175188,0,-238,175426,76.4,"WB: payout = for_pay (после комиссии), логистика/хранение НЕ вычтены; ads с 04.2026. OZON: payout из постингов (после комиссии), логистика не вычтена; ads = attributed_spend"
2025-03,EVT-FS-ACNE-30,WB,0,0,323,0,252545,782,192523,0,43857,148666,58.9,"WB: payout = for_pay (после комиссии), логистика/хранение НЕ вычтены; ads с 04.2026. OZON: payout из постингов (после комиссии), логистика не вычтена; ads = attributed_spend"
2025-03,EVT-FS-MOIST-30,WB,0,0,412,0,333351,809,254104,0,53894,200210,60.1,"WB: payout = for_pay (после комиссии), логистика/хранение НЕ вычтены; ads с 04.2026. OZON: payout из постингов (после комиссии), логистика не вычтена; ads = attributed_spend"
2025-03,EVT-HC-BODY-300,WB,0,0,1134,0,592177,522,451551,0,233468,218083,36.8,"WB: payout = for_pay (после комиссии), логистика/хранение НЕ вычтены; ads с 04.2026. OZON: payout из постингов (после комиссии), логистика не вычтена; ads = attributed_spend"
2025-03,EVT-HC-HAND-300,WB,0,0,889,0,519448,584,396044,0,205697,190347,36.6,"WB: payout = for_pay (после комиссии), логистика/хранение НЕ вычтены; ads с 04.2026. OZON: payout из постингов (после комиссии), логистика не вычтена; ads = attributed_spend"
2025-03,EVT-SET-HAND-BODY,WB,0,0,462,0,486510,1053,371119,0,-462,371581,76.4,"WB: payout = for_pay (после комиссии), логистика/хранение НЕ вычтены; ads с 04.2026. OZON: payout из постингов (после комиссии), логистика не вычтена; ads = attributed_spend"
2025-04,EVT-FS-ACNE-30,WB,0,0,373,0,268083,719,202191,0,50646,151545,56.5,"WB: payout = for_pay (после комиссии), логистика/хранение НЕ вычтены; ads с 04.2026. OZON: payout из постингов (после комиссии), логистика не вычтена; ads = attributed_spend"
2025-04,EVT-FS-MOIST-30,OZON,1,0,1,0,760,760,623,0,131,492,64.8,"WB: payout = for_pay (после комиссии), логистика/хранение НЕ вычтены; ads с 04.2026. OZON: payout из постингов (после комиссии), логистика не вычтена; ads = attributed_spend"
2025-04,EVT-FS-MOIST-30,WB,0,0,488,1,370131,758,280060,0,63835,216225,58.4,"WB: payout = for_pay (после комиссии), логистика/хранение НЕ вычтены; ads с 04.2026. OZON: payout из постингов (после комиссии), логистика не вычтена; ads = attributed_spend"
2025-04,EVT-HC-BODY-300,WB,0,0,202,0,115648,573,87034,0,41588,45446,39.3,"WB: payout = for_pay (после комиссии), логистика/хранение НЕ вычтены; ads с 04.2026. OZON: payout из постингов (после комиссии), логистика не вычтена; ads = attributed_spend"
2025-04,EVT-HC-HAND-300,WB,0,0,206,0,124809,606,94042,0,47664,46378,37.2,"WB: payout = for_pay (после комиссии), логистика/хранение НЕ вычтены; ads с 04.2026. OZON: payout из постингов (после комиссии), логистика не вычтена; ads = attributed_spend"
2025-04,EVT-SET-HAND-BODY,WB,0,0,6,0,5979,996,4518,0,-6,4524,75.7,"WB: payout = for_pay (после комиссии), логистика/хранение НЕ вычтены; ads с 04.2026. OZON: payout из постингов (после комиссии), логистика не вычтена; ads = attributed_spend"
2025-05,EVT-FS-ACNE-30,OZON,16,1,15,0,10442,696,8562,0,2037,6525,62.5,"WB: payout = for_pay (после комиссии), логистика/хранение НЕ вычтены; ads с 04.2026. OZON: payout из постингов (после комиссии), логистика не вычтена; ads = attributed_spend"
2025-05,EVT-FS-ACNE-30,WB,0,0,265,0,180596,681,135702,0,35982,99720,55.2,"WB: payout = for_pay (после комиссии), логистика/хранение НЕ вычтены; ads с 04.2026. OZON: payout из постингов (после комиссии), логистика не вычтена; ads = attributed_spend"
2025-05,EVT-FS-MOIST-30,OZON,27,1,26,0,18877,726,15479,0,3401,12078,64.0,"WB: payout = for_pay (после комиссии), логистика/хранение НЕ вычтены; ads с 04.2026. OZON: payout из постингов (после комиссии), логистика не вычтена; ads = attributed_spend"
2025-05,EVT-FS-MOIST-30,WB,0,0,313,0,225312,720,169716,0,40944,128772,57.2,"WB: payout = for_pay (после комиссии), логистика/хранение НЕ вычтены; ads с 04.2026. OZON: payout из постингов (после комиссии), логистика не вычтена; ads = attributed_spend"
2025-05,EVT-HC-BODY-300,WB,0,0,269,0,145019,539,109109,0,55382,53727,37.0,"WB: payout = for_pay (после комиссии), логистика/хранение НЕ вычтены; ads с 04.2026. OZON: payout из постингов (после комиссии), логистика не вычтена; ads = attributed_spend"
2025-05,EVT-HC-HAND-300,OZON,33,1,32,0,16504,516,13133,0,7404,5729,34.7,"WB: payout = for_pay (после комиссии), логистика/хранение НЕ вычтены; ads с 04.2026. OZON: payout из постингов (после комиссии), логистика не вычтена; ads = attributed_spend"
2025-05,EVT-HC-HAND-300,WB,0,0,174,0,96490,555,72560,0,40260,32300,33.5,"WB: payout = for_pay (после комиссии), логистика/хранение НЕ вычтены; ads с 04.2026. OZON: payout из постингов (после комиссии), логистика не вычтена; ads = attributed_spend"
2025-05,EVT-SET-HAND-BODY,WB,0,0,35,0,35656,1019,26968,0,-35,27003,75.7,"WB: payout = for_pay (после комиссии), логистика/хранение НЕ вычтены; ads с 04.2026. OZON: payout из постингов (после комиссии), логистика не вычтена; ads = attributed_spend"
2025-06,EVT-FS-ACNE-30,OZON,14,2,12,0,8464,705,6268,0,1629,4639,54.8,"WB: payout = for_pay (после комиссии), логистика/хранение НЕ вычтены; ads с 04.2026. OZON: payout из постингов (после комиссии), логистика не вычтена; ads = attributed_spend"
2025-06,EVT-FS-ACNE-30,WB,0,0,208,0,145737,701,105344,0,28242,77102,52.9,"WB: payout = for_pay (после комиссии), логистика/хранение НЕ вычтены; ads с 04.2026. OZON: payout из постингов (после комиссии), логистика не вычтена; ads = attributed_spend"
2025-06,EVT-FS-MOIST-30,OZON,33,3,30,0,23169,772,17288,0,3924,13364,57.7,"WB: payout = for_pay (после комиссии), логистика/хранение НЕ вычтены; ads с 04.2026. OZON: payout из постингов (после комиссии), логистика не вычтена; ads = attributed_spend"
2025-06,EVT-FS-MOIST-30,WB,0,0,287,0,212431,740,154753,0,37542,117211,55.2,"WB: payout = for_pay (после комиссии), логистика/хранение НЕ вычтены; ads с 04.2026. OZON: payout из постингов (после комиссии), логистика не вычтена; ads = attributed_spend"
2025-06,EVT-HC-BODY-300,WB,0,0,106,0,59560,562,43154,0,21823,21331,35.8,"WB: payout = for_pay (после комиссии), логистика/хранение НЕ вычтены; ads с 04.2026. OZON: payout из постингов (после комиссии), логистика не вычтена; ads = attributed_spend"
2025-06,EVT-HC-HAND-300,OZON,18,2,16,0,9019,564,6790,0,3702,3088,34.2,"WB: payout = for_pay (после комиссии), логистика/хранение НЕ вычтены; ads с 04.2026. OZON: payout из постингов (после комиссии), логистика не вычтена; ads = attributed_spend"
2025-06,EVT-HC-HAND-300,WB,0,0,128,0,75054,586,53997,0,29617,24380,32.5,"WB: payout = for_pay (после комиссии), логистика/хранение НЕ вычтены; ads с 04.2026. OZON: payout из постингов (после комиссии), логистика не вычтена; ads = attributed_spend"
2025-06,EVT-SET-HAND-BODY,WB,0,0,32,0,33602,1050,24459,0,-32,24491,72.9,"WB: payout = for_pay (после комиссии), логистика/хранение НЕ вычтены; ads с 04.2026. OZON: payout из постингов (после комиссии), логистика не вычтена; ads = attributed_spend"
2025-07,EVT-FS-ACNE-30,OZON,19,2,17,0,10327,607,7487,0,2308,5179,50.1,"WB: payout = for_pay (после комиссии), логистика/хранение НЕ вычтены; ads с 04.2026. OZON: payout из постингов (после комиссии), логистика не вычтена; ads = attributed_spend"
2025-07,EVT-FS-ACNE-30,WB,0,0,219,0,134558,614,94200,0,29736,64464,47.9,"WB: payout = for_pay (после комиссии), логистика/хранение НЕ вычтены; ads с 04.2026. OZON: payout из постингов (после комиссии), логистика не вычтена; ads = attributed_spend"
2025-07,EVT-FS-MOIST-30,OZON,13,0,13,0,8533,656,6186,0,1701,4485,52.6,"WB: payout = for_pay (после комиссии), логистика/хранение НЕ вычтены; ads с 04.2026. OZON: payout из постингов (после комиссии), логистика не вычтена; ads = attributed_spend"
2025-07,EVT-FS-MOIST-30,WB,0,0,357,0,235729,660,165380,0,46699,118681,50.3,"WB: payout = for_pay (после комиссии), логистика/хранение НЕ вычтены; ads с 04.2026. OZON: payout из постингов (после комиссии), логистика не вычтена; ads = attributed_spend"
2025-07,EVT-HC-BODY-300,WB,0,0,93,0,56653,609,39677,0,19147,20530,36.2,"WB: payout = for_pay (после комиссии), логистика/хранение НЕ вычтены; ads с 04.2026. OZON: payout из постингов (после комиссии), логистика не вычтена; ads = attributed_spend"
2025-07,EVT-HC-HAND-300,OZON,11,0,11,0,7046,641,5108,0,2545,2563,36.4,"WB: payout = for_pay (после комиссии), логистика/хранение НЕ вычтены; ads с 04.2026. OZON: payout из постингов (после комиссии), логистика не вычтена; ads = attributed_spend"
2025-07,EVT-HC-HAND-300,WB,0,0,88,0,51453,585,35994,0,20361,15633,30.4,"WB: payout = for_pay (после комиссии), логистика/хранение НЕ вычтены; ads с 04.2026. OZON: payout из постингов (после комиссии), логистика не вычтена; ads = attributed_spend"
2025-07,EVT-SET-HAND-BODY,WB,0,0,25,0,27577,1103,19416,0,-25,19441,70.5,"WB: payout = for_pay (после комиссии), логистика/хранение НЕ вычтены; ads с 04.2026. OZON: payout из постингов (после комиссии), логистика не вычтена; ads = attributed_spend"
2025-08,EVT-FS-ACNE-30,OZON,19,1,18,0,10930,607,7924,0,2444,5480,50.1,"WB: payout = for_pay (после комиссии), логистика/хранение НЕ вычтены; ads с 04.2026. OZON: payout из постингов (после комиссии), логистика не вычтена; ads = attributed_spend"
2025-08,EVT-FS-ACNE-30,WB,0,0,538,0,314012,584,219543,0,73050,146493,46.7,"WB: payout = for_pay (после комиссии), логистика/хранение НЕ вычтены; ads с 04.2026. OZON: payout из постингов (после комиссии), логистика не вычтена; ads = attributed_spend"
2025-08,EVT-FS-MOIST-30,OZON,25,2,23,0,14909,648,10809,0,3009,7800,52.3,"WB: payout = for_pay (после комиссии), логистика/хранение НЕ вычтены; ads с 04.2026. OZON: payout из постингов (после комиссии), логистика не вычтена; ads = attributed_spend"
2025-08,EVT-FS-MOIST-30,WB,0,0,479,0,280103,585,195902,0,62658,133244,47.6,"WB: payout = for_pay (после комиссии), логистика/хранение НЕ вычтены; ads с 04.2026. OZON: payout из постингов (после комиссии), логистика не вычтена; ads = attributed_spend"
2025-08,EVT-HC-BODY-300,WB,0,0,142,0,85970,605,60128,0,29235,30893,35.9,"WB: payout = for_pay (после комиссии), логистика/хранение НЕ вычтены; ads с 04.2026. OZON: payout из постингов (после комиссии), логистика не вычтена; ads = attributed_spend"
2025-08,EVT-HC-HAND-300,OZON,51,2,49,0,31079,634,22003,0,11338,10665,34.3,"WB: payout = for_pay (после комиссии), логистика/хранение НЕ вычтены; ads с 04.2026. OZON: payout из постингов (после комиссии), логистика не вычтена; ads = attributed_spend"
2025-08,EVT-HC-HAND-300,WB,0,0,386,0,236100,612,165090,0,89313,75777,32.1,"WB: payout = for_pay (после комиссии), логистика/хранение НЕ вычтены; ads с 04.2026. OZON: payout из постингов (после комиссии), логистика не вычтена; ads = attributed_spend"
2025-08,EVT-SET-HAND-BODY,WB,0,0,35,0,35186,1005,24682,0,-35,24717,70.2,"WB: payout = for_pay (после комиссии), логистика/хранение НЕ вычтены; ads с 04.2026. OZON: payout из постингов (после комиссии), логистика не вычтена; ads = attributed_spend"
2025-09,EVT-FC-ACNE-50,WB,0,0,23,0,22404,974,15706,0,3028,12678,56.6,"WB: payout = for_pay (после комиссии), логистика/хранение НЕ вычтены; ads с 04.2026. OZON: payout из постингов (после комиссии), логистика не вычтена; ads = attributed_spend"
2025-09,EVT-FC-MOIST-50,WB,0,0,41,0,40233,981,28255,0,5362,22893,56.9,"WB: payout = for_pay (после комиссии), логистика/хранение НЕ вычтены; ads с 04.2026. OZON: payout из постингов (после комиссии), логистика не вычтена; ads = attributed_spend"
2025-09,EVT-FS-ACNE-30,OZON,8,2,6,0,4212,702,3034,0,815,2219,52.7,"WB: payout = for_pay (после комиссии), логистика/хранение НЕ вычтены; ads с 04.2026. OZON: payout из постингов (после комиссии), логистика не вычтена; ads = attributed_spend"
2025-09,EVT-FS-ACNE-30,WB,0,0,482,0,297367,617,208419,0,65446,142973,48.1,"WB: payout = for_pay (после комиссии), логистика/хранение НЕ вычтены; ads с 04.2026. OZON: payout из постингов (после комиссии), логистика не вычтена; ads = attributed_spend"
2025-09,EVT-FS-MOIST-30,OZON,31,4,27,0,19285,714,13862,0,3532,10330,53.6,"WB: payout = for_pay (после комиссии), логистика/хранение НЕ вычтены; ads с 04.2026. OZON: payout из постингов (после комиссии), логистика не вычтена; ads = attributed_spend"
2025-09,EVT-FS-MOIST-30,WB,0,0,482,0,298826,620,209573,0,63050,146523,49.0,"WB: payout = for_pay (после комиссии), логистика/хранение НЕ вычтены; ads с 04.2026. OZON: payout из постингов (после комиссии), логистика не вычтена; ads = attributed_spend"
2025-09,EVT-HC-BODY-300,WB,0,0,151,0,93554,620,65692,0,31088,34604,37.0,"WB: payout = for_pay (после комиссии), логистика/хранение НЕ вычтены; ads с 04.2026. OZON: payout из постингов (после комиссии), логистика не вычтена; ads = attributed_spend"
2025-09,EVT-HC-HAND-300,OZON,36,3,33,0,22934,695,16057,0,7636,8421,36.7,"WB: payout = for_pay (после комиссии), логистика/хранение НЕ вычтены; ads с 04.2026. OZON: payout из постингов (после комиссии), логистика не вычтена; ads = attributed_spend"
2025-09,EVT-HC-HAND-300,WB,0,0,290,1,184254,635,129274,0,67100,62174,33.7,"WB: payout = for_pay (после комиссии), логистика/хранение НЕ вычтены; ads с 04.2026. OZON: payout из постингов (после комиссии), логистика не вычтена; ads = attributed_spend"
2025-09,EVT-SET-HAND-BODY,WB,0,0,49,0,52421,1070,36891,0,-49,36940,70.5,"WB: payout = for_pay (после комиссии), логистика/хранение НЕ вычтены; ads с 04.2026. OZON: payout из постингов (после комиссии), логистика не вычтена; ads = attributed_spend"
2025-10,EVT-FC-ACNE-50,WB,0,0,82,0,63992,780,44934,0,10796,34138,53.3,"WB: payout = for_pay (после комиссии), логистика/хранение НЕ вычтены; ads с 04.2026. OZON: payout из постингов (после комиссии), логистика не вычтена; ads = attributed_spend"
2025-10,EVT-FC-MOIST-50,OZON,1,1,0,0,0,,0,0,0,0,,"WB: payout = for_pay (после комиссии), логистика/хранение НЕ вычтены; ads с 04.2026. OZON: payout из постингов (после комиссии), логистика не вычтена; ads = attributed_spend"
2025-10,EVT-FC-MOIST-50,WB,0,0,125,1,100359,803,70418,0,16348,54070,53.9,"WB: payout = for_pay (после комиссии), логистика/хранение НЕ вычтены; ads с 04.2026. OZON: payout из постингов (после комиссии), логистика не вычтена; ads = attributed_spend"
2025-10,EVT-FS-ACNE-30,OZON,9,1,8,0,5701,713,3966,0,1086,2880,50.5,"WB: payout = for_pay (после комиссии), логистика/хранение НЕ вычтены; ads с 04.2026. OZON: payout из постингов (после комиссии), логистика не вычтена; ads = attributed_spend"
2025-10,EVT-FS-ACNE-30,WB,0,0,393,0,236351,601,165908,0,53362,112546,47.6,"WB: payout = for_pay (после комиссии), логистика/хранение НЕ вычтены; ads с 04.2026. OZON: payout из постингов (после комиссии), логистика не вычтена; ads = attributed_spend"
2025-10,EVT-FS-MOIST-30,OZON,21,1,20,0,15474,774,10170,0,2616,7554,48.8,"WB: payout = for_pay (после комиссии), логистика/хранение НЕ вычтены; ads с 04.2026. OZON: payout из постингов (после комиссии), логистика не вычтена; ads = attributed_spend"
2025-10,EVT-FS-MOIST-30,WB,0,0,535,0,344331,644,241880,0,69983,171897,49.9,"WB: payout = for_pay (после комиссии), логистика/хранение НЕ вычтены; ads с 04.2026. OZON: payout из постингов (после комиссии), логистика не вычтена; ads = attributed_spend"
2025-10,EVT-HC-BODY-300,WB,0,0,136,0,84639,622,59417,0,28000,31417,37.1,"WB: payout = for_pay (после комиссии), логистика/хранение НЕ вычтены; ads с 04.2026. OZON: payout из постингов (после комиссии), логистика не вычтена; ads = attributed_spend"
2025-10,EVT-HC-HAND-300,OZON,44,5,39,0,28167,722,19370,0,9024,10346,36.7,"WB: payout = for_pay (после комиссии), логистика/хранение НЕ вычтены; ads с 04.2026. OZON: payout из постингов (после комиссии), логистика не вычтена; ads = attributed_spend"
2025-10,EVT-HC-HAND-300,WB,0,0,221,0,132607,600,93081,0,51135,41946,31.6,"WB: payout = for_pay (после комиссии), логистика/хранение НЕ вычтены; ads с 04.2026. OZON: payout из постингов (после комиссии), логистика не вычтена; ads = attributed_spend"
2025-10,EVT-SET-HAND-BODY,WB,0,0,48,0,52743,1099,37156,0,-48,37204,70.5,"WB: payout = for_pay (после комиссии), логистика/хранение НЕ вычтены; ads с 04.2026. OZON: payout из постингов (после комиссии), логистика не вычтена; ads = attributed_spend"
2025-10,EVT-SET-SER-CREAM-ACNE,WB,0,0,0,0,0,,0,0,0,0,,"WB: payout = for_pay (после комиссии), логистика/хранение НЕ вычтены; ads с 04.2026. OZON: payout из постингов (после комиссии), логистика не вычтена; ads = attributed_spend"
2025-10,EVT-SET-SER-CREAM-MOIST,WB,0,0,1,0,1400,1400,999,0,262,737,52.7,"WB: payout = for_pay (после комиссии), логистика/хранение НЕ вычтены; ads с 04.2026. OZON: payout из постингов (после комиссии), логистика не вычтена; ads = attributed_spend"
2025-11,EVT-FC-ACNE-50,OZON,10,5,5,0,4102,820,2502,0,658,1844,44.9,"WB: payout = for_pay (после комиссии), логистика/хранение НЕ вычтены; ads с 04.2026. OZON: payout из постингов (после комиссии), логистика не вычтена; ads = attributed_spend"
2025-11,EVT-FC-ACNE-50,WB,0,0,131,0,86992,664,57214,0,17247,39967,45.9,"WB: payout = for_pay (после комиссии), логистика/хранение НЕ вычтены; ads с 04.2026. OZON: payout из постингов (после комиссии), логистика не вычтена; ads = attributed_spend"
2025-11,EVT-FC-MOIST-50,OZON,18,2,16,0,13339,834,8181,0,2092,6089,45.6,"WB: payout = for_pay (после комиссии), логистика/хранение НЕ вычтены; ads с 04.2026. OZON: payout из постингов (после комиссии), логистика не вычтена; ads = attributed_spend"
2025-11,EVT-FC-MOIST-50,WB,0,0,210,0,155559,741,102657,0,27464,75193,48.3,"WB: payout = for_pay (после комиссии), логистика/хранение НЕ вычтены; ads с 04.2026. OZON: payout из постингов (после комиссии), логистика не вычтена; ads = attributed_spend"
2025-11,EVT-FS-ACNE-30,OZON,23,3,20,0,12828,641,8091,0,2716,5375,41.9,"WB: payout = for_pay (после комиссии), логистика/хранение НЕ вычтены; ads с 04.2026. OZON: payout из постингов (после комиссии), логистика не вычтена; ads = attributed_spend"
2025-11,EVT-FS-ACNE-30,WB,0,0,190,0,105983,558,70313,0,25798,44515,42.0,"WB: payout = for_pay (после комиссии), логистика/хранение НЕ вычтены; ads с 04.2026. OZON: payout из постингов (после комиссии), логистика не вычтена; ads = attributed_spend"
2025-11,EVT-FS-MOIST-30,OZON,23,1,22,0,14643,666,9040,0,2878,6162,42.1,"WB: payout = for_pay (после комиссии), логистика/хранение НЕ вычтены; ads с 04.2026. OZON: payout из постингов (после комиссии), логистика не вычтена; ads = attributed_spend"
2025-11,EVT-FS-MOIST-30,WB,0,0,360,0,208895,580,138607,0,47092,91515,43.8,"WB: payout = for_pay (после комиссии), логистика/хранение НЕ вычтены; ads с 04.2026. OZON: payout из постингов (после комиссии), логистика не вычтена; ads = attributed_spend"
2025-11,EVT-HC-BODY-300,WB,0,0,173,0,99865,577,65681,0,35617,30064,30.1,"WB: payout = for_pay (после комиссии), логистика/хранение НЕ вычтены; ads с 04.2026. OZON: payout из постингов (после комиссии), логистика не вычтена; ads = attributed_spend"
2025-11,EVT-HC-HAND-300,OZON,88,6,82,0,54612,666,31575,0,18973,12602,23.1,"WB: payout = for_pay (после комиссии), логистика/хранение НЕ вычтены; ads с 04.2026. OZON: payout из постингов (после комиссии), логистика не вычтена; ads = attributed_spend"
2025-11,EVT-HC-HAND-300,WB,0,0,418,2,251726,602,165977,0,96717,69260,27.5,"WB: payout = for_pay (после комиссии), логистика/хранение НЕ вычтены; ads с 04.2026. OZON: payout из постингов (после комиссии), логистика не вычтена; ads = attributed_spend"
2025-11,EVT-SET-HAND-BODY,WB,0,0,64,0,68992,1078,45931,0,-64,45995,66.7,"WB: payout = for_pay (после комиссии), логистика/хранение НЕ вычтены; ads с 04.2026. OZON: payout из постингов (после комиссии), логистика не вычтена; ads = attributed_spend"
2025-11,EVT-SET-SER-CREAM-ACNE,WB,0,0,14,0,19178,1370,12908,0,3744,9164,47.8,"WB: payout = for_pay (после комиссии), логистика/хранение НЕ вычтены; ads с 04.2026. OZON: payout из постингов (после комиссии), логистика не вычтена; ads = attributed_spend"
2025-11,EVT-SET-SER-CREAM-MOIST,WB,0,0,32,0,42178,1318,27945,0,8371,19574,46.4,"WB: payout = for_pay (после комиссии), логистика/хранение НЕ вычтены; ads с 04.2026. OZON: payout из постингов (после комиссии), логистика не вычтена; ads = attributed_spend"
2025-12,EVT-FC-ACNE-50,OZON,9,2,7,0,6741,963,4112,0,922,3190,47.3,"WB: payout = for_pay (после комиссии), логистика/хранение НЕ вычтены; ads с 04.2026. OZON: payout из постингов (после комиссии), логистика не вычтена; ads = attributed_spend"
2025-12,EVT-FC-ACNE-50,WB,0,0,406,0,247627,610,162439,0,53454,108985,44.0,"WB: payout = for_pay (после комиссии), логистика/хранение НЕ вычтены; ads с 04.2026. OZON: payout из постингов (после комиссии), логистика не вычтена; ads = attributed_spend"
2025-12,EVT-FC-MOIST-50,OZON,15,2,13,0,13560,1043,7027,0,1700,5327,39.3,"WB: payout = for_pay (после комиссии), логистика/хранение НЕ вычтены; ads с 04.2026. OZON: payout из постингов (после комиссии), логистика не вычтена; ads = attributed_spend"
2025-12,EVT-FC-MOIST-50,WB,0,0,1214,0,853446,703,559807,0,158767,401040,47.0,"WB: payout = for_pay (после комиссии), логистика/хранение НЕ вычтены; ads с 04.2026. OZON: payout из постингов (после комиссии), логистика не вычтена; ads = attributed_spend"
2025-12,EVT-FS-ACNE-30,OZON,24,4,20,0,13460,673,8211,0,2716,5495,40.8,"WB: payout = for_pay (после комиссии), логистика/хранение НЕ вычтены; ads с 04.2026. OZON: payout из постингов (после комиссии), логистика не вычтена; ads = attributed_spend"
2025-12,EVT-FS-ACNE-30,WB,0,0,210,0,107481,512,70483,0,28514,41969,39.0,"WB: payout = for_pay (после комиссии), логистика/хранение НЕ вычтены; ads с 04.2026. OZON: payout из постингов (после комиссии), логистика не вычтена; ads = attributed_spend"
2025-12,EVT-FS-MOIST-30,OZON,17,0,17,0,13658,803,7325,0,2224,5101,37.3,"WB: payout = for_pay (после комиссии), логистика/хранение НЕ вычтены; ads с 04.2026. OZON: payout из постингов (после комиссии), логистика не вычтена; ads = attributed_spend"
2025-12,EVT-FS-MOIST-30,WB,0,0,438,0,220854,504,144898,0,57295,87603,39.7,"WB: payout = for_pay (после комиссии), логистика/хранение НЕ вычтены; ads с 04.2026. OZON: payout из постингов (после комиссии), логистика не вычтена; ads = attributed_spend"
2025-12,EVT-HC-BODY-300,WB,0,0,413,0,222266,538,145750,0,85028,60722,27.3,"WB: payout = for_pay (после комиссии), логистика/хранение НЕ вычтены; ads с 04.2026. OZON: payout из постингов (после комиссии), логистика не вычтена; ads = attributed_spend"
2025-12,EVT-HC-HAND-300,OZON,44,4,40,0,36604,915,21828,0,9255,12573,34.3,"WB: payout = for_pay (после комиссии), логистика/хранение НЕ вычтены; ads с 04.2026. OZON: payout из постингов (после комиссии), логистика не вычтена; ads = attributed_spend"
2025-12,EVT-HC-HAND-300,WB,0,0,643,0,353030,549,231512,0,148777,82735,23.4,"WB: payout = for_pay (после комиссии), логистика/хранение НЕ вычтены; ads с 04.2026. OZON: payout из постингов (после комиссии), логистика не вычтена; ads = attributed_spend"
2025-12,EVT-SET-HAND-BODY,WB,0,0,167,0,200568,1201,132410,0,-167,132577,66.1,"WB: payout = for_pay (после комиссии), логистика/хранение НЕ вычтены; ads с 04.2026. OZON: payout из постингов (после комиссии), логистика не вычтена; ads = attributed_spend"
2025-12,EVT-SET-SER-CREAM-ACNE,WB,0,0,71,0,80509,1134,52891,0,18988,33903,42.1,"WB: payout = for_pay (после комиссии), логистика/хранение НЕ вычтены; ads с 04.2026. OZON: payout из постингов (после комиссии), логистика не вычтена; ads = attributed_spend"
2025-12,EVT-SET-SER-CREAM-MOIST,WB,0,0,73,0,87259,1195,57427,0,19096,38331,43.9,"WB: payout = for_pay (после комиссии), логистика/хранение НЕ вычтены; ads с 04.2026. OZON: payout из постингов (после комиссии), логистика не вычтена; ads = attributed_spend"
2026-01,EVT-EP-ENZYME-75,WB,0,0,30,0,27108,904,17701,0,4779,12922,47.7,"WB: payout = for_pay (после комиссии), логистика/хранение НЕ вычтены; ads с 04.2026. OZON: payout из постингов (после комиссии), логистика не вычтена; ads = attributed_spend"
2026-01,EVT-FC-ACNE-50,OZON,13,5,8,0,7021,878,4283,5389,1053,-2159,-30.8,"WB: payout = for_pay (после комиссии), логистика/хранение НЕ вычтены; ads с 04.2026. OZON: payout из постингов (после комиссии), логистика не вычтена; ads = attributed_spend"
2026-01,EVT-FC-ACNE-50,WB,0,0,118,0,79342,672,51813,0,15536,36277,45.7,"WB: payout = for_pay (после комиссии), логистика/хранение НЕ вычтены; ads с 04.2026. OZON: payout из постингов (после комиссии), логистика не вычтена; ads = attributed_spend"
2026-01,EVT-FC-MOIST-50,OZON,24,0,24,0,22257,927,13064,3099,3139,6826,30.7,"WB: payout = for_pay (после комиссии), логистика/хранение НЕ вычтены; ads с 04.2026. OZON: payout из постингов (после комиссии), логистика не вычтена; ads = attributed_spend"
2026-01,EVT-FC-MOIST-50,WB,0,0,381,0,283645,744,185253,0,49827,135426,47.7,"WB: payout = for_pay (после комиссии), логистика/хранение НЕ вычтены; ads с 04.2026. OZON: payout из постингов (после комиссии), логистика не вычтена; ads = attributed_spend"
2026-01,EVT-FS-ACNE-30,OZON,22,0,22,0,17744,807,10824,5992,2987,1845,10.4,"WB: payout = for_pay (после комиссии), логистика/хранение НЕ вычтены; ads с 04.2026. OZON: payout из постингов (после комиссии), логистика не вычтена; ads = attributed_spend"
2026-01,EVT-FS-ACNE-30,WB,0,0,73,0,42195,578,27570,0,9912,17658,41.8,"WB: payout = for_pay (после комиссии), логистика/хранение НЕ вычтены; ads с 04.2026. OZON: payout из постингов (после комиссии), логистика не вычтена; ads = attributed_spend"
2026-01,EVT-FS-MOIST-30,OZON,10,3,7,0,5435,776,3315,607,916,1792,33.0,"WB: payout = for_pay (после комиссии), логистика/хранение НЕ вычтены; ads с 04.2026. OZON: payout из постингов (после комиссии), логистика не вычтена; ads = attributed_spend"
2026-01,EVT-FS-MOIST-30,WB,0,0,135,0,82908,614,54141,0,17659,36482,44.0,"WB: payout = for_pay (после комиссии), логистика/хранение НЕ вычтены; ads с 04.2026. OZON: payout из постингов (после комиссии), логистика не вычтена; ads = attributed_spend"
2026-01,EVT-FT-ACNE-150,WB,0,0,14,0,12248,875,8023,0,2559,5464,44.6,"WB: payout = for_pay (после комиссии), логистика/хранение НЕ вычтены; ads с 04.2026. OZON: payout из постингов (после комиссии), логистика не вычтена; ads = attributed_spend"
2026-01,EVT-FT-MOIST-150,WB,0,0,25,0,23892,956,15633,0,4570,11063,46.3,"WB: payout = for_pay (после комиссии), логистика/хранение НЕ вычтены; ads с 04.2026. OZON: payout из постингов (после комиссии), логистика не вычтена; ads = attributed_spend"
2026-01,EVT-HC-BODY-300,WB,0,0,69,0,45901,665,29983,0,14206,15777,34.4,"WB: payout = for_pay (после комиссии), логистика/хранение НЕ вычтены; ads с 04.2026. OZON: payout из постингов (после комиссии), логистика не вычтена; ads = attributed_spend"
2026-01,EVT-HC-HAND-300,OZON,27,4,23,0,20658,898,12601,4281,5322,2998,14.5,"WB: payout = for_pay (после комиссии), логистика/хранение НЕ вычтены; ads с 04.2026. OZON: payout из постингов (после комиссии), логистика не вычтена; ads = attributed_spend"
2026-01,EVT-HC-HAND-300,WB,0,0,158,0,106979,677,69870,0,36558,33312,31.1,"WB: payout = for_pay (после комиссии), логистика/хранение НЕ вычтены; ads с 04.2026. OZON: payout из постингов (после комиссии), логистика не вычтена; ads = attributed_spend"
2026-01,EVT-SET-HAND-BODY,WB,0,0,65,0,75938,1168,49874,0,-65,49939,65.8,"WB: payout = for_pay (после комиссии), логистика/хранение НЕ вычтены; ads с 04.2026. OZON: payout из постингов (после комиссии), логистика не вычтена; ads = attributed_spend"
2026-01,EVT-SET-SER-CREAM-ACNE,WB,0,0,46,0,50120,1090,32890,0,12302,20588,41.1,"WB: payout = for_pay (после комиссии), логистика/хранение НЕ вычтены; ads с 04.2026. OZON: payout из постингов (после комиссии), логистика не вычтена; ads = attributed_spend"
2026-01,EVT-SET-SER-CREAM-MOIST,WB,0,0,102,0,120900,1185,79563,0,26682,52881,43.7,"WB: payout = for_pay (после комиссии), логистика/хранение НЕ вычтены; ads с 04.2026. OZON: payout из постингов (после комиссии), логистика не вычтена; ads = attributed_spend"
2026-02,EVT-EP-ENZYME-75,OZON,3,0,3,0,2424,808,1479,265,478,736,30.4,"WB: payout = for_pay (после комиссии), логистика/хранение НЕ вычтены; ads с 04.2026. OZON: payout из постингов (после комиссии), логистика не вычтена; ads = attributed_spend"
2026-02,EVT-EP-ENZYME-75,WB,0,0,57,0,40560,712,25796,0,9080,16716,41.2,"WB: payout = for_pay (после комиссии), логистика/хранение НЕ вычтены; ads с 04.2026. OZON: payout из постингов (после комиссии), логистика не вычтена; ads = attributed_spend"
2026-02,EVT-FC-ACNE-50,OZON,29,6,23,0,22668,986,13179,7440,3028,2711,12.0,"WB: payout = for_pay (после комиссии), логистика/хранение НЕ вычтены; ads с 04.2026. OZON: payout из постингов (после комиссии), логистика не вычтена; ads = attributed_spend"
2026-02,EVT-FC-ACNE-50,WB,0,0,90,0,56795,631,36188,0,11849,24339,42.9,"WB: payout = for_pay (после комиссии), логистика/хранение НЕ вычтены; ads с 04.2026. OZON: payout из постингов (после комиссии), логистика не вычтена; ads = attributed_spend"
2026-02,EVT-FC-MOIST-50,OZON,80,16,64,0,62312,974,36933,8429,8370,20134,32.3,"WB: payout = for_pay (после комиссии), логистика/хранение НЕ вычтены; ads с 04.2026. OZON: payout из постингов (после комиссии), логистика не вычтена; ads = attributed_spend"
2026-02,EVT-FC-MOIST-50,WB,0,0,592,1,385153,651,245038,0,77422,167616,43.5,"WB: payout = for_pay (после комиссии), логистика/хранение НЕ вычтены; ads с 04.2026. OZON: payout из постингов (после комиссии), логистика не вычтена; ads = attributed_spend"
2026-02,EVT-FS-ACNE-30,OZON,25,5,20,0,16130,806,9343,6232,2716,395,2.5,"WB: payout = for_pay (после комиссии), логистика/хранение НЕ вычтены; ads с 04.2026. OZON: payout из постингов (после комиссии), логистика не вычтена; ads = attributed_spend"
2026-02,EVT-FS-ACNE-30,WB,0,0,61,0,31444,515,20105,0,8283,11822,37.6,"WB: payout = for_pay (после комиссии), логистика/хранение НЕ вычтены; ads с 04.2026. OZON: payout из постингов (после комиссии), логистика не вычтена; ads = attributed_spend"
2026-02,EVT-FS-MOIST-30,OZON,4,0,4,0,3172,793,1935,277,523,1135,35.8,"WB: payout = for_pay (после комиссии), логистика/хранение НЕ вычтены; ads с 04.2026. OZON: payout из постингов (после комиссии), логистика не вычтена; ads = attributed_spend"
2026-02,EVT-FS-MOIST-30,WB,0,0,248,0,141351,570,89877,0,32441,57436,40.6,"WB: payout = for_pay (после комиссии), логистика/хранение НЕ вычтены; ads с 04.2026. OZON: payout из постингов (после комиссии), логистика не вычтена; ads = attributed_spend"
2026-02,EVT-FT-ACNE-150,OZON,0,0,0,0,0,,0,52,0,-52,,"WB: payout = for_pay (после комиссии), логистика/хранение НЕ вычтены; ads с 04.2026. OZON: payout из постингов (после комиссии), логистика не вычтена; ads = attributed_spend"
2026-02,EVT-FT-ACNE-150,WB,0,0,34,0,21258,625,13448,0,6215,7233,34.0,"WB: payout = for_pay (после комиссии), логистика/хранение НЕ вычтены; ads с 04.2026. OZON: payout из постингов (после комиссии), логистика не вычтена; ads = attributed_spend"
2026-02,EVT-FT-MOIST-150,OZON,1,0,1,0,780,780,476,62,183,231,29.6,"WB: payout = for_pay (после комиссии), логистика/хранение НЕ вычтены; ads с 04.2026. OZON: payout из постингов (после комиссии), логистика не вычтена; ads = attributed_spend"
2026-02,EVT-FT-MOIST-150,WB,0,0,72,0,49182,683,31163,0,13161,18002,36.6,"WB: payout = for_pay (после комиссии), логистика/хранение НЕ вычтены; ads с 04.2026. OZON: payout из постингов (после комиссии), логистика не вычтена; ads = attributed_spend"
2026-02,EVT-HC-BODY-300,WB,0,0,6,0,3312,552,2135,0,1235,900,27.2,"WB: payout = for_pay (после комиссии), логистика/хранение НЕ вычтены; ads с 04.2026. OZON: payout из постингов (после комиссии), логистика не вычтена; ads = attributed_spend"
2026-02,EVT-HC-HAND-300,OZON,64,8,56,0,47363,846,27268,6996,12957,7315,15.4,"WB: payout = for_pay (после комиссии), логистика/хранение НЕ вычтены; ads с 04.2026. OZON: payout из постингов (после комиссии), логистика не вычтена; ads = attributed_spend"
2026-02,EVT-HC-HAND-300,WB,0,0,217,0,122211,563,77660,0,50209,27451,22.5,"WB: payout = for_pay (после комиссии), логистика/хранение НЕ вычтены; ads с 04.2026. OZON: payout из постингов (после комиссии), логистика не вычтена; ads = attributed_spend"
2026-02,EVT-SET-HAND-BODY,WB,0,0,77,0,85602,1112,54494,0,-77,54571,63.7,"WB: payout = for_pay (после комиссии), логистика/хранение НЕ вычтены; ads с 04.2026. OZON: payout из постингов (после комиссии), логистика не вычтена; ads = attributed_spend"
2026-02,EVT-SET-SER-CREAM-ACNE,WB,0,0,48,0,47863,997,30521,0,12837,17684,36.9,"WB: payout = for_pay (после комиссии), логистика/хранение НЕ вычтены; ads с 04.2026. OZON: payout из постингов (после комиссии), логистика не вычтена; ads = attributed_spend"
2026-02,EVT-SET-SER-CREAM-MOIST,WB,0,0,46,0,50296,1093,32263,0,12033,20230,40.2,"WB: payout = for_pay (после комиссии), логистика/хранение НЕ вычтены; ads с 04.2026. OZON: payout из постингов (после комиссии), логистика не вычтена; ads = attributed_spend"
2026-03,EVT-EP-ENZYME-75,OZON,24,5,19,0,16225,854,9897,7809,3027,-939,-5.8,"WB: payout = for_pay (после комиссии), логистика/хранение НЕ вычтены; ads с 04.2026. OZON: payout из постингов (после комиссии), логистика не вычтена; ads = attributed_spend"
2026-03,EVT-EP-ENZYME-75,WB,0,0,84,0,57364,683,36075,0,13381,22694,39.6,"WB: payout = for_pay (после комиссии), логистика/хранение НЕ вычтены; ads с 04.2026. OZON: payout из постингов (после комиссии), логистика не вычтена; ads = attributed_spend"
2026-03,EVT-FC-ACNE-50,OZON,43,8,35,0,30891,883,18326,5290,4608,8428,27.3,"WB: payout = for_pay (после комиссии), логистика/хранение НЕ вычтены; ads с 04.2026. OZON: payout из постингов (после комиссии), логистика не вычтена; ads = attributed_spend"
2026-03,EVT-FC-ACNE-50,WB,0,0,148,0,96138,650,60599,0,19486,41113,42.8,"WB: payout = for_pay (после комиссии), логистика/хранение НЕ вычтены; ads с 04.2026. OZON: payout из постингов (после комиссии), логистика не вычтена; ads = attributed_spend"
2026-03,EVT-FC-MOIST-50,OZON,19,7,12,0,12189,1016,7435,695,1569,5171,42.4,"WB: payout = for_pay (после комиссии), логистика/хранение НЕ вычтены; ads с 04.2026. OZON: payout из постингов (после комиссии), логистика не вычтена; ads = attributed_spend"
2026-03,EVT-FC-MOIST-50,WB,0,0,668,0,447579,670,281765,0,87361,194404,43.4,"WB: payout = for_pay (после комиссии), логистика/хранение НЕ вычтены; ads с 04.2026. OZON: payout из постингов (после комиссии), логистика не вычтена; ads = attributed_spend"
2026-03,EVT-FS-ACNE-30,OZON,22,5,17,0,14344,844,8348,5859,2308,181,1.3,"WB: payout = for_pay (после комиссии), логистика/хранение НЕ вычтены; ads с 04.2026. OZON: payout из постингов (после комиссии), логистика не вычтена; ads = attributed_spend"
2026-03,EVT-FS-ACNE-30,WB,0,0,183,0,113748,622,71588,0,24848,46740,41.1,"WB: payout = for_pay (после комиссии), логистика/хранение НЕ вычтены; ads с 04.2026. OZON: payout из постингов (после комиссии), логистика не вычтена; ads = attributed_spend"
2026-03,EVT-FS-MOIST-30,OZON,17,3,14,0,13949,996,8509,6514,1831,164,1.2,"WB: payout = for_pay (после комиссии), логистика/хранение НЕ вычтены; ads с 04.2026. OZON: payout из постингов (после комиссии), логистика не вычтена; ads = attributed_spend"
2026-03,EVT-FS-MOIST-30,WB,0,0,348,0,214045,615,134997,0,45522,89475,41.8,"WB: payout = for_pay (после комиссии), логистика/хранение НЕ вычтены; ads с 04.2026. OZON: payout из постингов (после комиссии), логистика не вычтена; ads = attributed_spend"
2026-03,EVT-FT-ACNE-150,OZON,7,0,7,0,6787,970,4140,6743,1279,-3882,-57.2,"WB: payout = for_pay (после комиссии), логистика/хранение НЕ вычтены; ads с 04.2026. OZON: payout из постингов (после комиссии), логистика не вычтена; ads = attributed_spend"
2026-03,EVT-FT-ACNE-150,WB,0,0,50,0,31348,627,19755,0,9139,10616,33.9,"WB: payout = for_pay (после комиссии), логистика/хранение НЕ вычтены; ads с 04.2026. OZON: payout из постингов (после комиссии), логистика не вычтена; ads = attributed_spend"
2026-03,EVT-FT-MOIST-150,OZON,19,1,18,0,18022,1001,10993,8338,3290,-635,-3.5,"WB: payout = for_pay (после комиссии), логистика/хранение НЕ вычтены; ads с 04.2026. OZON: payout из постингов (после комиссии), логистика не вычтена; ads = attributed_spend"
2026-03,EVT-FT-MOIST-150,WB,0,0,92,0,59234,644,37321,0,16816,20505,34.6,"WB: payout = for_pay (после комиссии), логистика/хранение НЕ вычтены; ads с 04.2026. OZON: payout из постингов (после комиссии), логистика не вычтена; ads = attributed_spend"
2026-03,EVT-HC-HAND-300,OZON,64,4,60,0,48514,809,28576,4983,13883,9710,20.0,"WB: payout = for_pay (после комиссии), логистика/хранение НЕ вычтены; ads с 04.2026. OZON: payout из постингов (после комиссии), логистика не вычтена; ads = attributed_spend"
2026-03,EVT-HC-HAND-300,WB,0,0,370,0,192148,519,121147,0,85611,35536,18.5,"WB: payout = for_pay (после комиссии), логистика/хранение НЕ вычтены; ads с 04.2026. OZON: payout из постингов (после комиссии), логистика не вычтена; ads = attributed_spend"
2026-03,EVT-SET-4PC-ACNE,WB,0,0,3,0,7680,2560,4816,0,1829,2987,38.9,"WB: payout = for_pay (после комиссии), логистика/хранение НЕ вычтены; ads с 04.2026. OZON: payout из постингов (после комиссии), логистика не вычтена; ads = attributed_spend"
2026-03,EVT-SET-HAND-BODY,WB,0,0,173,0,188870,1092,118695,0,-173,118868,62.9,"WB: payout = for_pay (после комиссии), логистика/хранение НЕ вычтены; ads с 04.2026. OZON: payout из постингов (после комиссии), логистика не вычтена; ads = attributed_spend"
2026-03,EVT-SET-SER-CREAM-ACNE,OZON,1,0,1,0,1280,1280,781,0,267,514,40.1,"WB: payout = for_pay (после комиссии), логистика/хранение НЕ вычтены; ads с 04.2026. OZON: payout из постингов (после комиссии), логистика не вычтена; ads = attributed_spend"
2026-03,EVT-SET-SER-CREAM-ACNE,WB,0,0,79,0,75509,956,47625,0,21128,26497,35.1,"WB: payout = for_pay (после комиссии), логистика/хранение НЕ вычтены; ads с 04.2026. OZON: payout из постингов (после комиссии), логистика не вычтена; ads = attributed_spend"
2026-03,EVT-SET-SER-CREAM-MOIST,WB,0,0,194,0,213003,1098,134528,0,50748,83780,39.3,"WB: payout = for_pay (после комиссии), логистика/хранение НЕ вычтены; ads с 04.2026. OZON: payout из постингов (после комиссии), логистика не вычтена; ads = attributed_spend"
2026-03,EVT-SET-TON-CREAM-MOIST,WB,0,0,9,0,11994,1333,7522,0,2822,4700,39.2,"WB: payout = for_pay (после комиссии), логистика/хранение НЕ вычтены; ads с 04.2026. OZON: payout из постингов (после комиссии), логистика не вычтена; ads = attributed_spend"
2026-03,EVT-SET-TON-SER-CREAM-ACNE,OZON,1,0,1,0,1905,1905,1162,0,450,712,37.4,"WB: payout = for_pay (после комиссии), логистика/хранение НЕ вычтены; ads с 04.2026. OZON: payout из постингов (после комиссии), логистика не вычтена; ads = attributed_spend"
2026-03,EVT-SET-TON-SER-CREAM-MOIST,WB,0,0,13,0,23834,1833,14970,0,5777,9193,38.6,"WB: payout = for_pay (после комиссии), логистика/хранение НЕ вычтены; ads с 04.2026. OZON: payout из постингов (после комиссии), логистика не вычтена; ads = attributed_spend"
2026-04,EVT-EP-ENZYME-75,OZON,38,4,34,0,33365,981,19178,5790,5416,7972,23.9,"WB: payout = for_pay (после комиссии), логистика/хранение НЕ вычтены; ads с 04.2026. OZON: payout из постингов (после комиссии), логистика не вычтена; ads = attributed_spend"
2026-04,EVT-EP-ENZYME-75,WB,39,1,75,0,52721,703,33147,4220,11947,16980,32.2,"WB: payout = for_pay (после комиссии), логистика/хранение НЕ вычтены; ads с 04.2026. OZON: payout из постингов (после комиссии), логистика не вычтена; ads = attributed_spend"
2026-04,EVT-FC-ACNE-50,OZON,16,3,13,0,11730,902,6921,902,1712,4307,36.7,"WB: payout = for_pay (после комиссии), логистика/хранение НЕ вычтены; ads с 04.2026. OZON: payout из постингов (после комиссии), логистика не вычтена; ads = attributed_spend"
2026-04,EVT-FC-ACNE-50,WB,68,7,128,0,86250,674,54391,6453,16852,31086,36.0,"WB: payout = for_pay (после комиссии), логистика/хранение НЕ вычтены; ads с 04.2026. OZON: payout из постингов (после комиссии), логистика не вычтена; ads = attributed_spend"
2026-04,EVT-FC-MOIST-50,WB,136,13,221,0,171090,774,107784,22166,28902,56716,33.1,"WB: payout = for_pay (после комиссии), логистика/хранение НЕ вычтены; ads с 04.2026. OZON: payout из постингов (после комиссии), логистика не вычтена; ads = attributed_spend"
2026-04,EVT-FS-ACNE-30,OZON,16,2,14,0,13845,989,8192,4367,1901,1924,13.9,"WB: payout = for_pay (после комиссии), логистика/хранение НЕ вычтены; ads с 04.2026. OZON: payout из постингов (после комиссии), логистика не вычтена; ads = attributed_spend"
2026-04,EVT-FS-ACNE-30,WB,63,10,134,0,88195,658,55570,5252,18195,32123,36.4,"WB: payout = for_pay (после комиссии), логистика/хранение НЕ вычтены; ads с 04.2026. OZON: payout из постингов (после комиссии), логистика не вычтена; ads = attributed_spend"
2026-04,EVT-FS-MOIST-30,OZON,9,0,9,0,9493,1055,5601,4358,1177,66,0.7,"WB: payout = for_pay (после комиссии), логистика/хранение НЕ вычтены; ads с 04.2026. OZON: payout из постингов (после комиссии), логистика не вычтена; ads = attributed_spend"
2026-04,EVT-FS-MOIST-30,WB,132,11,223,0,157058,704,99068,17926,29171,51971,33.1,"WB: payout = for_pay (после комиссии), логистика/хранение НЕ вычтены; ads с 04.2026. OZON: payout из постингов (после комиссии), логистика не вычтена; ads = attributed_spend"
2026-04,EVT-FT-ACNE-150,OZON,6,1,5,0,5121,1024,3021,4809,914,-2702,-52.8,"WB: payout = for_pay (после комиссии), логистика/хранение НЕ вычтены; ads с 04.2026. OZON: payout из постингов (после комиссии), логистика не вычтена; ads = attributed_spend"
2026-04,EVT-FT-ACNE-150,WB,49,5,71,0,45241,637,28489,3354,12978,12157,26.9,"WB: payout = for_pay (после комиссии), логистика/хранение НЕ вычтены; ads с 04.2026. OZON: payout из постингов (после комиссии), логистика не вычтена; ads = attributed_spend"
2026-04,EVT-FT-MOIST-150,OZON,11,3,8,0,8328,1041,4958,5358,1462,-1862,-22.4,"WB: payout = for_pay (после комиссии), логистика/хранение НЕ вычтены; ads с 04.2026. OZON: payout из постингов (после комиссии), логистика не вычтена; ads = attributed_spend"
2026-04,EVT-FT-MOIST-150,WB,55,1,82,0,53716,655,33858,5251,14988,13619,25.4,"WB: payout = for_pay (после комиссии), логистика/хранение НЕ вычтены; ads с 04.2026. OZON: payout из постингов (после комиссии), логистика не вычтена; ads = attributed_spend"
2026-04,EVT-HC-AMBER-300,OZON,0,0,0,0,0,,0,385,0,-385,,"WB: payout = for_pay (после комиссии), логистика/хранение НЕ вычтены; ads с 04.2026. OZON: payout из постингов (после комиссии), логистика не вычтена; ads = attributed_spend"
2026-04,EVT-HC-AMBER-300,WB,21,2,18,0,14040,780,8838,1906,3155,3777,26.9,"WB: payout = for_pay (после комиссии), логистика/хранение НЕ вычтены; ads с 04.2026. OZON: payout из постингов (после комиссии), логистика не вычтена; ads = attributed_spend"
2026-04,EVT-HC-BODY-300,WB,0,0,0,0,0,,0,1,0,-1,,"WB: payout = for_pay (после комиссии), логистика/хранение НЕ вычтены; ads с 04.2026. OZON: payout из постингов (после комиссии), логистика не вычтена; ads = attributed_spend"
2026-04,EVT-HC-CHERRY-300,OZON,3,0,3,0,2853,951,1683,293,526,864,30.3,"WB: payout = for_pay (после комиссии), логистика/хранение НЕ вычтены; ads с 04.2026. OZON: payout из постингов (после комиссии), логистика не вычтена; ads = attributed_spend"
2026-04,EVT-HC-CHERRY-300,WB,22,4,17,0,13260,780,8324,2504,2980,2840,21.4,"WB: payout = for_pay (после комиссии), логистика/хранение НЕ вычтены; ads с 04.2026. OZON: payout из постингов (после комиссии), логистика не вычтена; ads = attributed_spend"
2026-04,EVT-HC-HAND-300,OZON,23,4,19,0,17733,933,10536,3135,4396,3005,16.9,"WB: payout = for_pay (после комиссии), логистика/хранение НЕ вычтены; ads с 04.2026. OZON: payout из постингов (после комиссии), логистика не вычтена; ads = attributed_spend"
2026-04,EVT-HC-HAND-300,WB,61,2,116,0,75828,654,47753,4316,26840,16597,21.9,"WB: payout = for_pay (после комиссии), логистика/хранение НЕ вычтены; ads с 04.2026. OZON: payout из постингов (после комиссии), логистика не вычтена; ads = attributed_spend"
2026-04,EVT-SET-4PC-ACNE,OZON,10,1,9,0,26036,2893,15411,5012,5486,4913,18.9,"WB: payout = for_pay (после комиссии), логистика/хранение НЕ вычтены; ads с 04.2026. OZON: payout из постингов (после комиссии), логистика не вычтена; ads = attributed_spend"
2026-04,EVT-SET-4PC-ACNE,WB,44,8,58,0,133970,2310,84368,8633,35352,40383,30.1,"WB: payout = for_pay (после комиссии), логистика/хранение НЕ вычтены; ads с 04.2026. OZON: payout из постингов (после комиссии), логистика не вычтена; ads = attributed_spend"
2026-04,EVT-SET-ACNE-POWDER-SERUM-CREAM,OZON,4,1,3,0,5581,1860,3334,2671,1280,-617,-11.1,"WB: payout = for_pay (после комиссии), логистика/хранение НЕ вычтены; ads с 04.2026. OZON: payout из постингов (после комиссии), логистика не вычтена; ads = attributed_spend"
2026-04,EVT-SET-ACNE-POWDER-SERUM-CREAM,WB,0,0,0,0,0,,0,0,0,0,,"WB: payout = for_pay (после комиссии), логистика/хранение НЕ вычтены; ads с 04.2026. OZON: payout из постингов (после комиссии), логистика не вычтена; ads = attributed_spend"
2026-04,EVT-SET-CHERRY-AMBER,OZON,2,0,2,0,3052,1526,900,392,701,-193,-6.3,"WB: payout = for_pay (после комиссии), логистика/хранение НЕ вычтены; ads с 04.2026. OZON: payout из постингов (после комиссии), логистика не вычтена; ads = attributed_spend"
2026-04,EVT-SET-CHERRY-AMBER,WB,4,0,6,0,9800,1633,6129,1005,2103,3021,30.8,"WB: payout = for_pay (после комиссии), логистика/хранение НЕ вычтены; ads с 04.2026. OZON: payout из постингов (после комиссии), логистика не вычтена; ads = attributed_spend"
2026-04,EVT-SET-HAND-AMBER,OZON,1,1,0,0,0,,0,121,0,-121,,"WB: payout = for_pay (после комиссии), логистика/хранение НЕ вычтены; ads с 04.2026. OZON: payout из постингов (после комиссии), логистика не вычтена; ads = attributed_spend"
2026-04,EVT-SET-HAND-AMBER,WB,1,0,1,0,1480,1480,931,0,407,524,35.4,"WB: payout = for_pay (после комиссии), логистика/хранение НЕ вычтены; ads с 04.2026. OZON: payout из постингов (после комиссии), логистика не вычтена; ads = attributed_spend"
2026-04,EVT-SET-HAND-BODY,WB,0,0,4,0,4284,1071,2672,1,-4,2675,62.4,"WB: payout = for_pay (после комиссии), логистика/хранение НЕ вычтены; ads с 04.2026. OZON: payout из постингов (после комиссии), логистика не вычтена; ads = attributed_spend"
2026-04,EVT-SET-HAND-CHERRY,OZON,1,0,1,0,1350,1350,797,94,407,296,22.0,"WB: payout = for_pay (после комиссии), логистика/хранение НЕ вычтены; ads с 04.2026. OZON: payout из постингов (после комиссии), логистика не вычтена; ads = attributed_spend"
2026-04,EVT-SET-HAND-CHERRY,WB,1,0,0,0,0,,0,0,0,0,,"WB: payout = for_pay (после комиссии), логистика/хранение НЕ вычтены; ads с 04.2026. OZON: payout из постингов (после комиссии), логистика не вычтена; ads = attributed_spend"
2026-04,EVT-SET-MOIST-TONIC-SERUM,OZON,4,0,4,0,6421,1605,3788,1526,1254,1008,15.7,"WB: payout = for_pay (после комиссии), логистика/хранение НЕ вычтены; ads с 04.2026. OZON: payout из постингов (после комиссии), логистика не вычтена; ads = attributed_spend"
2026-04,EVT-SET-SER-CREAM-ACNE,OZON,7,1,6,0,8636,1439,5145,2837,1605,703,8.1,"WB: payout = for_pay (после комиссии), логистика/хранение НЕ вычтены; ads с 04.2026. OZON: payout из постингов (после комиссии), логистика не вычтена; ads = attributed_spend"
2026-04,EVT-SET-SER-CREAM-ACNE,WB,27,2,46,0,51881,1128,32700,2,12302,20396,39.3,"WB: payout = for_pay (после комиссии), логистика/хранение НЕ вычтены; ads с 04.2026. OZON: payout из постингов (после комиссии), логистика не вычтена; ads = attributed_spend"
2026-04,EVT-SET-SER-CREAM-MOIST,OZON,2,0,2,0,2586,1293,1577,67,523,987,38.2,"WB: payout = for_pay (после комиссии), логистика/хранение НЕ вычтены; ads с 04.2026. OZON: payout из постингов (после комиссии), логистика не вычтена; ads = attributed_spend"
2026-04,EVT-SET-SER-CREAM-MOIST,WB,38,2,62,0,75599,1219,47680,3566,16219,27895,36.9,"WB: payout = for_pay (после комиссии), логистика/хранение НЕ вычтены; ads с 04.2026. OZON: payout из постингов (после комиссии), логистика не вычтена; ads = attributed_spend"
2026-04,EVT-SET-TON-CREAM-ACNE,WB,0,0,0,0,0,,0,343,0,-343,,"WB: payout = for_pay (после комиссии), логистика/хранение НЕ вычтены; ads с 04.2026. OZON: payout из постингов (после комиссии), логистика не вычтена; ads = attributed_spend"
2026-04,EVT-SET-TON-CREAM-MOIST,WB,26,4,37,0,46786,1264,29481,6774,11602,11105,23.7,"WB: payout = for_pay (после комиссии), логистика/хранение НЕ вычтены; ads с 04.2026. OZON: payout из постингов (после комиссии), логистика не вычтена; ads = attributed_spend"
2026-04,EVT-SET-TON-SER-CREAM-ACNE,OZON,2,0,2,0,4878,2439,2878,3309,900,-1331,-27.3,"WB: payout = for_pay (после комиссии), логистика/хранение НЕ вычтены; ads с 04.2026. OZON: payout из постингов (после комиссии), логистика не вычтена; ads = attributed_spend"
2026-04,EVT-SET-TON-SER-CREAM-ACNE,WB,3,1,1,0,1800,1800,1174,948,450,-224,-12.5,"WB: payout = for_pay (после комиссии), логистика/хранение НЕ вычтены; ads с 04.2026. OZON: payout из постингов (после комиссии), логистика не вычтена; ads = attributed_spend"
2026-04,EVT-SET-TON-SER-CREAM-MOIST,WB,24,1,42,0,73575,1752,46254,3183,18664,24407,33.2,"WB: payout = for_pay (после комиссии), логистика/хранение НЕ вычтены; ads с 04.2026. OZON: payout из постингов (после комиссии), логистика не вычтена; ads = attributed_spend"
2026-05,EVT-EP-ENZYME-75,OZON,6,0,6,0,6544,1091,3861,2624,956,281,4.3,"WB: payout = for_pay (после комиссии), логистика/хранение НЕ вычтены; ads с 04.2026. OZON: payout из постингов (после комиссии), логистика не вычтена; ads = attributed_spend"
2026-05,EVT-EP-ENZYME-75,WB,38,2,40,0,27910,698,17533,4629,6372,6532,23.4,"WB: payout = for_pay (после комиссии), логистика/хранение НЕ вычтены; ads с 04.2026. OZON: payout из постингов (после комиссии), логистика не вычтена; ads = attributed_spend"
2026-05,EVT-FC-ACNE-50,WB,89,6,95,0,64796,682,40860,10334,12508,18018,27.8,"WB: payout = for_pay (после комиссии), логистика/хранение НЕ вычтены; ads с 04.2026. OZON: payout из постингов (после комиссии), логистика не вычтена; ads = attributed_spend"
2026-05,EVT-FC-MOIST-50,OZON,1,0,1,0,848,848,500,0,131,369,43.5,"WB: payout = for_pay (после комиссии), логистика/хранение НЕ вычтены; ads с 04.2026. OZON: payout из постингов (после комиссии), логистика не вычтена; ads = attributed_spend"
2026-05,EVT-FC-MOIST-50,WB,160,12,176,0,141781,806,89451,24549,23017,41885,29.5,"WB: payout = for_pay (после комиссии), логистика/хранение НЕ вычтены; ads с 04.2026. OZON: payout из постингов (после комиссии), логистика не вычтена; ads = attributed_spend"
2026-05,EVT-FS-ACNE-30,OZON,6,0,6,0,6210,1035,3664,1227,815,1622,26.1,"WB: payout = for_pay (после комиссии), логистика/хранение НЕ вычтены; ads с 04.2026. OZON: payout из постингов (после комиссии), логистика не вычтена; ads = attributed_spend"
2026-05,EVT-FS-ACNE-30,WB,66,8,68,0,46473,683,29310,4425,9233,15652,33.7,"WB: payout = for_pay (после комиссии), логистика/хранение НЕ вычтены; ads с 04.2026. OZON: payout из постингов (после комиссии), логистика не вычтена; ads = attributed_spend"
2026-05,EVT-FS-MOIST-30,OZON,18,6,12,0,12363,1030,7294,3444,1570,2280,18.4,"WB: payout = for_pay (после комиссии), логистика/хранение НЕ вычтены; ads с 04.2026. OZON: payout из постингов (после комиссии), логистика не вычтена; ads = attributed_spend"
2026-05,EVT-FS-MOIST-30,WB,173,9,177,0,125325,708,79261,26119,23153,29989,23.9,"WB: payout = for_pay (после комиссии), логистика/хранение НЕ вычтены; ads с 04.2026. OZON: payout из постингов (после комиссии), логистика не вычтена; ads = attributed_spend"
2026-05,EVT-FT-ACNE-150,OZON,12,1,11,0,8684,789,5124,3185,2011,-72,-0.8,"WB: payout = for_pay (после комиссии), логистика/хранение НЕ вычтены; ads с 04.2026. OZON: payout из постингов (после комиссии), логистика не вычтена; ads = attributed_spend"
2026-05,EVT-FT-ACNE-150,WB,112,14,112,0,70476,629,44429,12441,20472,11516,16.3,"WB: payout = for_pay (после комиссии), логистика/хранение НЕ вычтены; ads с 04.2026. OZON: payout из постингов (после комиссии), логистика не вычтена; ads = attributed_spend"
2026-05,EVT-FT-MOIST-150,OZON,16,1,15,0,13948,930,8229,3837,2742,1650,11.8,"WB: payout = for_pay (после комиссии), логистика/хранение НЕ вычтены; ads с 04.2026. OZON: payout из постингов (после комиссии), логистика не вычтена; ads = attributed_spend"
2026-05,EVT-FT-MOIST-150,WB,55,5,56,0,36351,649,22912,8483,10236,4193,11.5,"WB: payout = for_pay (после комиссии), логистика/хранение НЕ вычтены; ads с 04.2026. OZON: payout из постингов (после комиссии), логистика не вычтена; ads = attributed_spend"
2026-05,EVT-HC-AMBER-300,OZON,4,0,4,0,4140,1035,2443,1535,701,207,5.0,"WB: payout = for_pay (после комиссии), логистика/хранение НЕ вычтены; ads с 04.2026. OZON: payout из постингов (после комиссии), логистика не вычтена; ads = attributed_spend"
2026-05,EVT-HC-AMBER-300,WB,44,1,44,0,33421,760,21062,10581,7712,2769,8.3,"WB: payout = for_pay (после комиссии), логистика/хранение НЕ вычтены; ads с 04.2026. OZON: payout из постингов (после комиссии), логистика не вычтена; ads = attributed_spend"
2026-05,EVT-HC-BODY-300,WB,0,0,0,0,0,,0,0,0,0,,"WB: payout = for_pay (после комиссии), логистика/хранение НЕ вычтены; ads с 04.2026. OZON: payout из постингов (после комиссии), логистика не вычтена; ads = attributed_spend"
2026-05,EVT-HC-CHERRY-300,OZON,3,0,3,0,3210,1070,1894,1154,526,214,6.7,"WB: payout = for_pay (после комиссии), логистика/хранение НЕ вычтены; ads с 04.2026. OZON: payout из постингов (после комиссии), логистика не вычтена; ads = attributed_spend"
2026-05,EVT-HC-CHERRY-300,WB,44,1,45,0,34166,759,21497,7765,7887,5845,17.1,"WB: payout = for_pay (после комиссии), логистика/хранение НЕ вычтены; ads с 04.2026. OZON: payout из постингов (после комиссии), логистика не вычтена; ads = attributed_spend"
2026-05,EVT-HC-HAND-300,OZON,15,2,13,0,9384,722,5537,1362,3008,1167,12.4,"WB: payout = for_pay (после комиссии), логистика/хранение НЕ вычтены; ads с 04.2026. OZON: payout из постингов (после комиссии), логистика не вычтена; ads = attributed_spend"
2026-05,EVT-HC-HAND-300,WB,178,6,172,0,95405,555,60318,5268,39797,15253,16.0,"WB: payout = for_pay (после комиссии), логистика/хранение НЕ вычтены; ads с 04.2026. OZON: payout из постингов (после комиссии), логистика не вычтена; ads = attributed_spend"
2026-05,EVT-SET-4PC-ACNE,OZON,7,3,4,0,10618,2654,6265,3382,2438,445,4.2,"WB: payout = for_pay (после комиссии), логистика/хранение НЕ вычтены; ads с 04.2026. OZON: payout из постингов (после комиссии), логистика не вычтена; ads = attributed_spend"
2026-05,EVT-SET-4PC-ACNE,WB,36,10,36,0,83469,2319,52502,8851,21943,21708,26.0,"WB: payout = for_pay (после комиссии), логистика/хранение НЕ вычтены; ads с 04.2026. OZON: payout из постингов (после комиссии), логистика не вычтена; ads = attributed_spend"
2026-05,EVT-SET-ACNE-POWDER-SERUM-CREAM,OZON,0,0,0,0,0,,0,401,0,-401,,"WB: payout = for_pay (после комиссии), логистика/хранение НЕ вычтены; ads с 04.2026. OZON: payout из постингов (после комиссии), логистика не вычтена; ads = attributed_spend"
2026-05,EVT-SET-ACNE-POWDER-SERUM-CREAM,WB,0,0,0,0,0,,0,0,0,0,,"WB: payout = for_pay (после комиссии), логистика/хранение НЕ вычтены; ads с 04.2026. OZON: payout из постингов (после комиссии), логистика не вычтена; ads = attributed_spend"
2026-05,EVT-SET-CHERRY-AMBER,OZON,4,1,3,0,4178,1393,2465,357,1052,1056,25.3,"WB: payout = for_pay (после комиссии), логистика/хранение НЕ вычтены; ads с 04.2026. OZON: payout из постингов (после комиссии), логистика не вычтена; ads = attributed_spend"
2026-05,EVT-SET-CHERRY-AMBER,WB,7,0,8,0,10984,1373,6900,2768,2804,1328,12.1,"WB: payout = for_pay (после комиссии), логистика/хранение НЕ вычтены; ads с 04.2026. OZON: payout из постингов (после комиссии), логистика не вычтена; ads = attributed_spend"
2026-05,EVT-SET-HAND-AMBER,OZON,2,0,2,0,3115,1558,1838,60,813,965,31.0,"WB: payout = for_pay (после комиссии), логистика/хранение НЕ вычтены; ads с 04.2026. OZON: payout из постингов (после комиссии), логистика не вычтена; ads = attributed_spend"
2026-05,EVT-SET-HAND-AMBER,WB,14,1,13,0,16568,1274,10429,0,5286,5143,31.0,"WB: payout = for_pay (после комиссии), логистика/хранение НЕ вычтены; ads с 04.2026. OZON: payout из постингов (после комиссии), логистика не вычтена; ads = attributed_spend"
2026-05,EVT-SET-HAND-BODY,WB,0,0,0,0,0,,0,0,0,0,,"WB: payout = for_pay (после комиссии), логистика/хранение НЕ вычтены; ads с 04.2026. OZON: payout из постингов (после комиссии), логистика не вычтена; ads = attributed_spend"
2026-05,EVT-SET-HAND-CHERRY,OZON,0,0,0,0,0,,0,483,0,-483,,"WB: payout = for_pay (после комиссии), логистика/хранение НЕ вычтены; ads с 04.2026. OZON: payout из постингов (после комиссии), логистика не вычтена; ads = attributed_spend"
2026-05,EVT-SET-HAND-CHERRY,WB,5,1,5,0,6392,1278,4021,0,2033,1988,31.1,"WB: payout = for_pay (после комиссии), логистика/хранение НЕ вычтены; ads с 04.2026. OZON: payout из постингов (после комиссии), логистика не вычтена; ads = attributed_spend"
2026-05,EVT-SET-SER-CREAM-ACNE,OZON,9,4,5,0,7397,1479,4364,1132,1337,1895,25.6,"WB: payout = for_pay (после комиссии), логистика/хранение НЕ вычтены; ads с 04.2026. OZON: payout из постингов (после комиссии), логистика не вычтена; ads = attributed_spend"
2026-05,EVT-SET-SER-CREAM-ACNE,WB,37,4,40,0,46406,1160,29293,0,10698,18595,40.1,"WB: payout = for_pay (после комиссии), логистика/хранение НЕ вычтены; ads с 04.2026. OZON: payout из постингов (после комиссии), логистика не вычтена; ads = attributed_spend"
2026-05,EVT-SET-SER-CREAM-MOIST,WB,64,7,62,0,77656,1253,48960,6377,16219,26364,34.0,"WB: payout = for_pay (после комиссии), логистика/хранение НЕ вычтены; ads с 04.2026. OZON: payout из постингов (после комиссии), логистика не вычтена; ads = attributed_spend"
2026-05,EVT-SET-TON-CREAM-ACNE,WB,9,1,8,0,9366,1171,5923,1,2516,3406,36.4,"WB: payout = for_pay (после комиссии), логистика/хранение НЕ вычтены; ads с 04.2026. OZON: payout из постингов (после комиссии), логистика не вычтена; ads = attributed_spend"
2026-05,EVT-SET-TON-CREAM-MOIST,WB,22,2,27,0,34999,1296,22113,5,8466,13642,39.0,"WB: payout = for_pay (после комиссии), логистика/хранение НЕ вычтены; ads с 04.2026. OZON: payout из постингов (после комиссии), логистика не вычтена; ads = attributed_spend"
2026-05,EVT-SET-TON-SER-CREAM-ACNE,OZON,3,1,2,0,3162,1581,1866,1719,900,-753,-23.8,"WB: payout = for_pay (после комиссии), логистика/хранение НЕ вычтены; ads с 04.2026. OZON: payout из постингов (после комиссии), логистика не вычтена; ads = attributed_spend"
2026-05,EVT-SET-TON-SER-CREAM-ACNE,WB,10,3,11,0,18274,1661,11524,2824,4952,3748,20.5,"WB: payout = for_pay (после комиссии), логистика/хранение НЕ вычтены; ads с 04.2026. OZON: payout из постингов (после комиссии), логистика не вычтена; ads = attributed_spend"
2026-05,EVT-SET-TON-SER-CREAM-MOIST,WB,72,5,67,0,114107,1703,71867,8791,29773,33303,29.2,"WB: payout = for_pay (после комиссии), логистика/хранение НЕ вычтены; ads с 04.2026. OZON: payout из постингов (после комиссии), логистика не вычтена; ads = attributed_spend"
2026-06,EVT-EP-ENZYME-75,OZON,0,0,0,0,0,,0,0,0,0,,"WB: payout = for_pay (после комиссии), логистика/хранение НЕ вычтены; ads с 04.2026. OZON: payout из постингов (после комиссии), логистика не вычтена; ads = attributed_spend"
2026-06,EVT-EP-ENZYME-75,WB,22,5,18,0,12977,721,8166,4747,2867,552,4.3,"WB: payout = for_pay (после комиссии), логистика/хранение НЕ вычтены; ads с 04.2026. OZON: payout из постингов (после комиссии), логистика не вычтена; ads = attributed_spend"
2026-06,EVT-FC-ACNE-50,WB,57,7,60,0,44304,738,28028,7923,7900,12205,27.5,"WB: payout = for_pay (после комиссии), логистика/хранение НЕ вычтены; ads с 04.2026. OZON: payout из постингов (после комиссии), логистика не вычтена; ads = attributed_spend"
2026-06,EVT-FC-MOIST-50,WB,88,9,89,0,74864,841,47217,7933,11639,27645,36.9,"WB: payout = for_pay (после комиссии), логистика/хранение НЕ вычтены; ads с 04.2026. OZON: payout из постингов (после комиссии), логистика не вычтена; ads = attributed_spend"
2026-06,EVT-FS-ACNE-30,WB,44,3,48,0,32845,684,20736,6715,6517,7504,22.8,"WB: payout = for_pay (после комиссии), логистика/хранение НЕ вычтены; ads с 04.2026. OZON: payout из постингов (после комиссии), логистика не вычтена; ads = attributed_spend"
2026-06,EVT-FS-MOIST-30,WB,97,3,112,0,80170,716,50698,16656,14651,19391,24.2,"WB: payout = for_pay (после комиссии), логистика/хранение НЕ вычтены; ads с 04.2026. OZON: payout из постингов (после комиссии), логистика не вычтена; ads = attributed_spend"
2026-06,EVT-FT-ACNE-150,OZON,12,3,9,0,7573,841,3878,632,1645,1601,21.1,"WB: payout = for_pay (после комиссии), логистика/хранение НЕ вычтены; ads с 04.2026. OZON: payout из постингов (после комиссии), логистика не вычтена; ads = attributed_spend"
2026-06,EVT-FT-ACNE-150,WB,44,6,52,0,34578,665,21856,4872,9505,7479,21.6,"WB: payout = for_pay (после комиссии), логистика/хранение НЕ вычтены; ads с 04.2026. OZON: payout из постингов (после комиссии), логистика не вычтена; ads = attributed_spend"
2026-06,EVT-FT-MOIST-150,OZON,4,2,2,0,1744,872,1029,1114,366,-451,-25.8,"WB: payout = for_pay (после комиссии), логистика/хранение НЕ вычтены; ads с 04.2026. OZON: payout из постингов (после комиссии), логистика не вычтена; ads = attributed_spend"
2026-06,EVT-FT-MOIST-150,WB,39,4,39,0,26766,686,16919,6189,7129,3601,13.5,"WB: payout = for_pay (после комиссии), логистика/хранение НЕ вычтены; ads с 04.2026. OZON: payout из постингов (после комиссии), логистика не вычтена; ads = attributed_spend"
2026-06,EVT-HC-AMBER-300,OZON,0,0,0,0,0,,0,1023,0,-1023,,"WB: payout = for_pay (после комиссии), логистика/хранение НЕ вычтены; ads с 04.2026. OZON: payout из постингов (после комиссии), логистика не вычтена; ads = attributed_spend"
2026-06,EVT-HC-AMBER-300,WB,18,3,16,0,11893,743,7521,6797,2804,-2080,-17.5,"WB: payout = for_pay (после комиссии), логистика/хранение НЕ вычтены; ads с 04.2026. OZON: payout из постингов (после комиссии), логистика не вычтена; ads = attributed_spend"
2026-06,EVT-HC-BODY-300,WB,0,0,0,0,0,,0,0,0,0,,"WB: payout = for_pay (после комиссии), логистика/хранение НЕ вычтены; ads с 04.2026. OZON: payout из постингов (после комиссии), логистика не вычтена; ads = attributed_spend"
2026-06,EVT-HC-CHERRY-300,OZON,1,0,1,0,1050,1050,620,726,175,-281,-26.8,"WB: payout = for_pay (после комиссии), логистика/хранение НЕ вычтены; ads с 04.2026. OZON: payout из постингов (после комиссии), логистика не вычтена; ads = attributed_spend"
2026-06,EVT-HC-CHERRY-300,WB,30,3,32,0,23725,741,15072,11259,5609,-1796,-7.6,"WB: payout = for_pay (после комиссии), логистика/хранение НЕ вычтены; ads с 04.2026. OZON: payout из постингов (после комиссии), логистика не вычтена; ads = attributed_spend"
2026-06,EVT-HC-HAND-300,OZON,11,1,10,0,5429,543,3203,193,2314,696,12.8,"WB: payout = for_pay (после комиссии), логистика/хранение НЕ вычтены; ads с 04.2026. OZON: payout из постингов (после комиссии), логистика не вычтена; ads = attributed_spend"
2026-06,EVT-HC-HAND-300,WB,292,31,277,0,130202,470,82474,24205,64092,-5823,-4.5,"WB: payout = for_pay (после комиссии), логистика/хранение НЕ вычтены; ads с 04.2026. OZON: payout из постингов (после комиссии), логистика не вычтена; ads = attributed_spend"
2026-06,EVT-SET-4PC-ACNE,OZON,9,5,4,0,11302,2826,6668,1392,2438,2838,25.1,"WB: payout = for_pay (после комиссии), логистика/хранение НЕ вычтены; ads с 04.2026. OZON: payout из постингов (после комиссии), логистика не вычтена; ads = attributed_spend"
2026-06,EVT-SET-4PC-ACNE,WB,25,7,24,0,55141,2298,34824,7244,14628,12952,23.5,"WB: payout = for_pay (после комиссии), логистика/хранение НЕ вычтены; ads с 04.2026. OZON: payout из постингов (после комиссии), логистика не вычтена; ads = attributed_spend"
2026-06,EVT-SET-ACNE-POWDER-SERUM-CREAM,OZON,3,1,2,0,3480,1740,2053,1631,853,-431,-12.4,"WB: payout = for_pay (после комиссии), логистика/хранение НЕ вычтены; ads с 04.2026. OZON: payout из постингов (после комиссии), логистика не вычтена; ads = attributed_spend"
2026-06,EVT-SET-ACNE-POWDER-SERUM-CREAM,WB,0,0,0,0,0,,0,0,0,0,,"WB: payout = for_pay (после комиссии), логистика/хранение НЕ вычтены; ads с 04.2026. OZON: payout из постингов (после комиссии), логистика не вычтена; ads = attributed_spend"
2026-06,EVT-SET-CHERRY-AMBER,OZON,2,1,1,0,1563,1563,922,394,351,177,11.4,"WB: payout = for_pay (после комиссии), логистика/хранение НЕ вычтены; ads с 04.2026. OZON: payout из постингов (после комиссии), логистика не вычтена; ads = attributed_spend"
2026-06,EVT-SET-CHERRY-AMBER,WB,7,1,8,0,10215,1277,6470,1191,2804,2475,24.2,"WB: payout = for_pay (после комиссии), логистика/хранение НЕ вычтены; ads с 04.2026. OZON: payout из постингов (после комиссии), логистика не вычтена; ads = attributed_spend"
2026-06,EVT-SET-HAND-AMBER,OZON,1,0,1,0,1261,1261,744,393,407,-56,-4.4,"WB: payout = for_pay (после комиссии), логистика/хранение НЕ вычтены; ads с 04.2026. OZON: payout из постингов (после комиссии), логистика не вычтена; ads = attributed_spend"
2026-06,EVT-SET-HAND-AMBER,WB,9,0,8,0,9360,1170,5895,0,3253,2642,28.2,"WB: payout = for_pay (после комиссии), логистика/хранение НЕ вычтены; ads с 04.2026. OZON: payout из постингов (после комиссии), логистика не вычтена; ads = attributed_spend"
2026-06,EVT-SET-HAND-BODY,WB,0,0,0,0,0,,0,0,0,0,,"WB: payout = for_pay (после комиссии), логистика/хранение НЕ вычтены; ads с 04.2026. OZON: payout из постингов (после комиссии), логистика не вычтена; ads = attributed_spend"
2026-06,EVT-SET-HAND-CHERRY,OZON,4,0,4,0,5387,1347,3178,506,1627,1045,19.4,"WB: payout = for_pay (после комиссии), логистика/хранение НЕ вычтены; ads с 04.2026. OZON: payout из постингов (после комиссии), логистика не вычтена; ads = attributed_spend"
2026-06,EVT-SET-HAND-CHERRY,WB,8,2,8,0,9352,1169,5900,0,3253,2647,28.3,"WB: payout = for_pay (после комиссии), логистика/хранение НЕ вычтены; ads с 04.2026. OZON: payout из постингов (после комиссии), логистика не вычтена; ads = attributed_spend"
2026-06,EVT-SET-MOIST-TONIC-SERUM,WB,0,0,0,0,0,,0,3,0,-3,,"WB: payout = for_pay (после комиссии), логистика/хранение НЕ вычтены; ads с 04.2026. OZON: payout из постингов (после комиссии), логистика не вычтена; ads = attributed_spend"
2026-06,EVT-SET-SER-CREAM-ACNE,OZON,3,0,3,0,4148,1383,2447,675,802,970,23.4,"WB: payout = for_pay (после комиссии), логистика/хранение НЕ вычтены; ads с 04.2026. OZON: payout из постингов (после комиссии), логистика не вычтена; ads = attributed_spend"
2026-06,EVT-SET-SER-CREAM-ACNE,WB,16,2,15,0,18395,1226,11605,1014,4012,6579,35.8,"WB: payout = for_pay (после комиссии), логистика/хранение НЕ вычтены; ads с 04.2026. OZON: payout из постингов (после комиссии), логистика не вычтена; ads = attributed_spend"
2026-06,EVT-SET-SER-CREAM-MOIST,WB,25,5,34,0,45894,1350,29001,2449,8894,17658,38.5,"WB: payout = for_pay (после комиссии), логистика/хранение НЕ вычтены; ads с 04.2026. OZON: payout из постингов (после комиссии), логистика не вычтена; ads = attributed_spend"
2026-06,EVT-SET-TON-CREAM-ACNE,WB,6,0,6,0,6842,1140,4319,365,1887,2067,30.2,"WB: payout = for_pay (после комиссии), логистика/хранение НЕ вычтены; ads с 04.2026. OZON: payout из постингов (после комиссии), логистика не вычтена; ads = attributed_spend"
2026-06,EVT-SET-TON-CREAM-MOIST,WB,8,0,9,0,11557,1284,7292,1,2822,4469,38.7,"WB: payout = for_pay (после комиссии), логистика/хранение НЕ вычтены; ads с 04.2026. OZON: payout из постингов (после комиссии), логистика не вычтена; ads = attributed_spend"
2026-06,EVT-SET-TON-SER-CREAM-ACNE,OZON,5,1,4,0,7029,1757,4147,1334,1801,1012,14.4,"WB: payout = for_pay (после комиссии), логистика/хранение НЕ вычтены; ads с 04.2026. OZON: payout из постингов (после комиссии), логистика не вычтена; ads = attributed_spend"
2026-06,EVT-SET-TON-SER-CREAM-ACNE,WB,25,2,22,0,35680,1622,22497,6401,9905,6191,17.4,"WB: payout = for_pay (после комиссии), логистика/хранение НЕ вычтены; ads с 04.2026. OZON: payout из постингов (после комиссии), логистика не вычтена; ads = attributed_spend"
2026-06,EVT-SET-TON-SER-CREAM-MOIST,WB,42,7,48,0,86266,1797,54341,4420,21330,28591,33.1,"WB: payout = for_pay (после комиссии), логистика/хранение НЕ вычтены; ads с 04.2026. OZON: payout из постингов (после комиссии), логистика не вычтена; ads = attributed_spend"
2026-07,EVT-EP-ENZYME-75,OZON,4,0,4,0,4501,1125,2656,2761,637,-742,-16.5,"WB: payout = for_pay (после комиссии), логистика/хранение НЕ вычтены; ads с 04.2026. OZON: payout из постингов (после комиссии), логистика не вычтена; ads = attributed_spend"
2026-07,EVT-EP-ENZYME-75,WB,17,2,24,0,19500,812,11898,11486,3823,-3411,-17.5,"WB: payout = for_pay (после комиссии), логистика/хранение НЕ вычтены; ads с 04.2026. OZON: payout из постингов (после комиссии), логистика не вычтена; ads = attributed_spend"
2026-07,EVT-FC-ACNE-50,OZON,10,1,9,0,9945,1105,5868,2209,1185,2474,24.9,"WB: payout = for_pay (после комиссии), логистика/хранение НЕ вычтены; ads с 04.2026. OZON: payout из постингов (после комиссии), логистика не вычтена; ads = attributed_spend"
2026-07,EVT-FC-ACNE-50,WB,43,13,43,0,37437,871,21944,11508,5661,4775,12.8,"WB: payout = for_pay (после комиссии), логистика/хранение НЕ вычтены; ads с 04.2026. OZON: payout из постингов (после комиссии), логистика не вычтена; ads = attributed_spend"
2026-07,EVT-FC-MOIST-50,WB,51,4,55,1,50826,924,29904,3159,7193,19552,38.5,"WB: payout = for_pay (после комиссии), логистика/хранение НЕ вычтены; ads с 04.2026. OZON: payout из постингов (после комиссии), логистика не вычтена; ads = attributed_spend"
2026-07,EVT-FS-ACNE-30,OZON,2,1,1,0,838,838,494,326,136,32,3.8,"WB: payout = for_pay (после комиссии), логистика/хранение НЕ вычтены; ads с 04.2026. OZON: payout из постингов (после комиссии), логистика не вычтена; ads = attributed_spend"
2026-07,EVT-FS-ACNE-30,WB,44,8,41,0,32589,795,18800,11282,5567,1951,6.0,"WB: payout = for_pay (после комиссии), логистика/хранение НЕ вычтены; ads с 04.2026. OZON: payout из постингов (после комиссии), логистика не вычтена; ads = attributed_spend"
2026-07,EVT-FS-MOIST-30,OZON,10,0,10,0,10050,1005,5930,2314,1308,2308,23.0,"WB: payout = for_pay (после комиссии), логистика/хранение НЕ вычтены; ads с 04.2026. OZON: payout из постингов (после комиссии), логистика не вычтена; ads = attributed_spend"
2026-07,EVT-FS-MOIST-30,WB,44,4,46,0,36204,787,21435,8702,6017,6716,18.5,"WB: payout = for_pay (после комиссии), логистика/хранение НЕ вычтены; ads с 04.2026. OZON: payout из постингов (после комиссии), логистика не вычтена; ads = attributed_spend"
2026-07,EVT-FT-ACNE-150,OZON,10,0,10,0,11485,1148,6776,3234,1828,1714,14.9,"WB: payout = for_pay (после комиссии), логистика/хранение НЕ вычтены; ads с 04.2026. OZON: payout из постингов (после комиссии), логистика не вычтена; ads = attributed_spend"
2026-07,EVT-FT-ACNE-150,WB,35,2,35,0,29237,835,17677,8296,6397,2984,10.2,"WB: payout = for_pay (после комиссии), логистика/хранение НЕ вычтены; ads с 04.2026. OZON: payout из постингов (после комиссии), логистика не вычтена; ads = attributed_spend"
2026-07,EVT-FT-MOIST-150,OZON,4,2,2,0,2136,1068,1260,2855,366,-1961,-91.8,"WB: payout = for_pay (после комиссии), логистика/хранение НЕ вычтены; ads с 04.2026. OZON: payout из постингов (после комиссии), логистика не вычтена; ads = attributed_spend"
2026-07,EVT-FT-MOIST-150,WB,9,1,13,0,10312,793,6356,5637,2376,-1657,-16.1,"WB: payout = for_pay (после комиссии), логистика/хранение НЕ вычтены; ads с 04.2026. OZON: payout из постингов (после комиссии), логистика не вычтена; ads = attributed_spend"
2026-07,EVT-HC-AMBER-300,OZON,2,0,2,0,2460,1230,1451,583,351,517,21.0,"WB: payout = for_pay (после комиссии), логистика/хранение НЕ вычтены; ads с 04.2026. OZON: payout из постингов (после комиссии), логистика не вычтена; ads = attributed_spend"
2026-07,EVT-HC-AMBER-300,WB,16,5,20,0,17146,857,10374,10704,3505,-3835,-22.4,"WB: payout = for_pay (после комиссии), логистика/хранение НЕ вычтены; ads с 04.2026. OZON: payout из постингов (после комиссии), логистика не вычтена; ads = attributed_spend"
2026-07,EVT-HC-BODY-300,WB,0,0,0,0,0,,0,0,0,0,,"WB: payout = for_pay (после комиссии), логистика/хранение НЕ вычтены; ads с 04.2026. OZON: payout из постингов (после комиссии), логистика не вычтена; ads = attributed_spend"
2026-07,EVT-HC-CHERRY-300,OZON,8,0,8,0,9049,1131,5339,1847,1402,2090,23.1,"WB: payout = for_pay (после комиссии), логистика/хранение НЕ вычтены; ads с 04.2026. OZON: payout из постингов (после комиссии), логистика не вычтена; ads = attributed_spend"
2026-07,EVT-HC-CHERRY-300,WB,11,0,12,0,10280,857,6196,1934,2103,2159,21.0,"WB: payout = for_pay (после комиссии), логистика/хранение НЕ вычтены; ads с 04.2026. OZON: payout из постингов (после комиссии), логистика не вычтена; ads = attributed_spend"
2026-07,EVT-HC-HAND-300,OZON,12,1,11,0,8411,765,4962,2603,2545,-186,-2.2,"WB: payout = for_pay (после комиссии), логистика/хранение НЕ вычтены; ads с 04.2026. OZON: payout из постингов (после комиссии), логистика не вычтена; ads = attributed_spend"
2026-07,EVT-HC-HAND-300,WB,171,11,183,0,98008,536,58935,21199,42343,-4607,-4.7,"WB: payout = for_pay (после комиссии), логистика/хранение НЕ вычтены; ads с 04.2026. OZON: payout из постингов (после комиссии), логистика не вычтена; ads = attributed_spend"
2026-07,EVT-SET-4PC-ACNE,OZON,8,0,8,0,25465,3183,15024,3735,4876,6413,25.2,"WB: payout = for_pay (после комиссии), логистика/хранение НЕ вычтены; ads с 04.2026. OZON: payout из постингов (после комиссии), логистика не вычтена; ads = attributed_spend"
2026-07,EVT-SET-4PC-ACNE,WB,21,12,22,0,58013,2637,34910,11241,13409,10260,17.7,"WB: payout = for_pay (после комиссии), логистика/хранение НЕ вычтены; ads с 04.2026. OZON: payout из постингов (после комиссии), логистика не вычтена; ads = attributed_spend"
2026-07,EVT-SET-ACNE-POWDER-SERUM-CREAM,OZON,5,1,4,0,8105,2026,3506,3809,1707,-2010,-24.8,"WB: payout = for_pay (после комиссии), логистика/хранение НЕ вычтены; ads с 04.2026. OZON: payout из постингов (после комиссии), логистика не вычтена; ads = attributed_spend"
2026-07,EVT-SET-ACNE-POWDER-SERUM-CREAM,WB,0,0,0,0,0,,0,0,0,0,,"WB: payout = for_pay (после комиссии), логистика/хранение НЕ вычтены; ads с 04.2026. OZON: payout из постингов (после комиссии), логистика не вычтена; ads = attributed_spend"
2026-07,EVT-SET-ACNE-TONIC-SERUM,OZON,0,0,0,0,0,,0,0,0,0,,"WB: payout = for_pay (после комиссии), логистика/хранение НЕ вычтены; ads с 04.2026. OZON: payout из постингов (после комиссии), логистика не вычтена; ads = attributed_spend"
2026-07,EVT-SET-ACNE-TONIC-SERUM,WB,6,0,4,0,5690,1422,3337,0,1274,2063,36.3,"WB: payout = for_pay (после комиссии), логистика/хранение НЕ вычтены; ads с 04.2026. OZON: payout из постингов (после комиссии), логистика не вычтена; ads = attributed_spend"
2026-07,EVT-SET-CHERRY-AMBER,OZON,2,0,2,0,2733,1366,1612,312,701,599,21.9,"WB: payout = for_pay (после комиссии), логистика/хранение НЕ вычтены; ads с 04.2026. OZON: payout из постингов (после комиссии), логистика не вычтена; ads = attributed_spend"
2026-07,EVT-SET-CHERRY-AMBER,WB,2,0,2,0,2954,1477,1753,1896,701,-844,-28.6,"WB: payout = for_pay (после комиссии), логистика/хранение НЕ вычтены; ads с 04.2026. OZON: payout из постингов (после комиссии), логистика не вычтена; ads = attributed_spend"
2026-07,EVT-SET-HAND-AMBER,OZON,1,0,1,0,1420,1420,838,248,407,183,12.9,"WB: payout = for_pay (после комиссии), логистика/хранение НЕ вычтены; ads с 04.2026. OZON: payout из постингов (после комиссии), логистика не вычтена; ads = attributed_spend"
2026-07,EVT-SET-HAND-AMBER,WB,5,0,6,0,7728,1288,4608,0,2440,2168,28.1,"WB: payout = for_pay (после комиссии), логистика/хранение НЕ вычтены; ads с 04.2026. OZON: payout из постингов (после комиссии), логистика не вычтена; ads = attributed_spend"
2026-07,EVT-SET-HAND-BODY,WB,0,0,0,0,0,,0,0,0,0,,"WB: payout = for_pay (после комиссии), логистика/хранение НЕ вычтены; ads с 04.2026. OZON: payout из постингов (после комиссии), логистика не вычтена; ads = attributed_spend"
2026-07,EVT-SET-HAND-CHERRY,OZON,3,0,3,0,4248,1416,2506,4,1220,1282,30.2,"WB: payout = for_pay (после комиссии), логистика/хранение НЕ вычтены; ads с 04.2026. OZON: payout из постингов (после комиссии), логистика не вычтена; ads = attributed_spend"
2026-07,EVT-SET-HAND-CHERRY,WB,3,2,4,0,5172,1293,2978,0,1627,1351,26.1,"WB: payout = for_pay (после комиссии), логистика/хранение НЕ вычтены; ads с 04.2026. OZON: payout из постингов (после комиссии), логистика не вычтена; ads = attributed_spend"
2026-07,EVT-SET-MOIST-TONIC-SERUM,OZON,0,0,0,0,0,,0,0,0,0,,"WB: payout = for_pay (после комиссии), логистика/хранение НЕ вычтены; ads с 04.2026. OZON: payout из постингов (после комиссии), логистика не вычтена; ads = attributed_spend"
2026-07,EVT-SET-MOIST-TONIC-SERUM,WB,3,0,2,0,3073,1536,1704,3403,627,-2326,-75.7,"WB: payout = for_pay (после комиссии), логистика/хранение НЕ вычтены; ads с 04.2026. OZON: payout из постингов (после комиссии), логистика не вычтена; ads = attributed_spend"
2026-07,EVT-SET-SER-CREAM-ACNE,OZON,1,0,1,0,1823,1823,1076,699,267,110,6.0,"WB: payout = for_pay (после комиссии), логистика/хранение НЕ вычтены; ads с 04.2026. OZON: payout из постингов (после комиссии), логистика не вычтена; ads = attributed_spend"
2026-07,EVT-SET-SER-CREAM-ACNE,WB,15,3,16,0,21835,1365,12985,2283,4279,6423,29.4,"WB: payout = for_pay (после комиссии), логистика/хранение НЕ вычтены; ads с 04.2026. OZON: payout из постингов (после комиссии), логистика не вычтена; ads = attributed_spend"
2026-07,EVT-SET-SER-CREAM-MOIST,WB,8,3,6,0,8820,1470,5151,2,1570,3579,40.6,"WB: payout = for_pay (после комиссии), логистика/хранение НЕ вычтены; ads с 04.2026. OZON: payout из постингов (после комиссии), логистика не вычтена; ads = attributed_spend"
2026-07,EVT-SET-TON-CREAM-ACNE,WB,6,0,7,0,10053,1436,5767,0,2201,3566,35.5,"WB: payout = for_pay (после комиссии), логистика/хранение НЕ вычтены; ads с 04.2026. OZON: payout из постингов (после комиссии), логистика не вычтена; ads = attributed_spend"
2026-07,EVT-SET-TON-CREAM-MOIST,WB,7,1,8,0,11496,1437,6828,2982,2509,1337,11.6,"WB: payout = for_pay (после комиссии), логистика/хранение НЕ вычтены; ads с 04.2026. OZON: payout из постингов (после комиссии), логистика не вычтена; ads = attributed_spend"
2026-07,EVT-SET-TON-SER-CREAM-ACNE,OZON,7,1,6,0,15167,2528,8949,3204,2701,3044,20.1,"WB: payout = for_pay (после комиссии), логистика/хранение НЕ вычтены; ads с 04.2026. OZON: payout из постингов (после комиссии), логистика не вычтена; ads = attributed_spend"
2026-07,EVT-SET-TON-SER-CREAM-ACNE,WB,16,7,19,0,36683,1931,21834,13168,8554,112,0.3,"WB: payout = for_pay (после комиссии), логистика/хранение НЕ вычтены; ads с 04.2026. OZON: payout из постингов (после комиссии), логистика не вычтена; ads = attributed_spend"
2026-07,EVT-SET-TON-SER-CREAM-MOIST,WB,24,5,30,0,62800,2093,36980,8,13331,23641,37.6,"WB: payout = for_pay (после комиссии), логистика/хранение НЕ вычтены; ads с 04.2026. OZON: payout из постингов (после комиссии), логистика не вычтена; ads = attributed_spend"
2026-08,EVT-EP-ENZYME-75,OZON,12,1,11,0,10881,989,6420,3021,1752,1647,15.1,"WB: payout = for_pay (после комиссии), логистика/хранение НЕ вычтены; ads с 04.2026. OZON: payout из постингов (после комиссии), логистика не вычтена; ads = attributed_spend"
2026-08,EVT-EP-ENZYME-75,WB,20,3,18,0,10659,592,5810,2397,2867,546,5.1,"WB: payout = for_pay (после комиссии), логистика/хранение НЕ вычтены; ads с 04.2026. OZON: payout из постингов (после комиссии), логистика не вычтена; ads = attributed_spend"
2026-08,EVT-FC-ACNE-50,OZON,11,0,11,0,12610,1146,7304,4249,1448,1607,12.7,"WB: payout = for_pay (после комиссии), логистика/хранение НЕ вычтены; ads с 04.2026. OZON: payout из постингов (после комиссии), логистика не вычтена; ads = attributed_spend"
2026-08,EVT-FC-ACNE-50,WB,42,3,42,0,26391,628,14372,4778,5530,4064,15.4,"WB: payout = for_pay (после комиссии), логистика/хранение НЕ вычтены; ads с 04.2026. OZON: payout из постингов (после комиссии), логистика не вычтена; ads = attributed_spend"
2026-08,EVT-FC-MOIST-50,WB,24,0,31,0,21429,691,11696,1984,4054,5658,26.4,"WB: payout = for_pay (после комиссии), логистика/хранение НЕ вычтены; ads с 04.2026. OZON: payout из постингов (после комиссии), логистика не вычтена; ads = attributed_spend"
2026-08,EVT-FS-ACNE-30,OZON,28,6,22,0,23981,1090,13319,3109,2987,7223,30.1,"WB: payout = for_pay (после комиссии), логистика/хранение НЕ вычтены; ads с 04.2026. OZON: payout из постингов (после комиссии), логистика не вычтена; ads = attributed_spend"
2026-08,EVT-FS-ACNE-30,WB,51,6,49,0,31032,633,16876,7457,6653,2766,8.9,"WB: payout = for_pay (после комиссии), логистика/хранение НЕ вычтены; ads с 04.2026. OZON: payout из постингов (после комиссии), логистика не вычтена; ads = attributed_spend"
2026-08,EVT-FS-MOIST-30,OZON,13,0,13,0,13475,1037,7690,3487,1701,2502,18.6,"WB: payout = for_pay (после комиссии), логистика/хранение НЕ вычтены; ads с 04.2026. OZON: payout из постингов (после комиссии), логистика не вычтена; ads = attributed_spend"
2026-08,EVT-FS-MOIST-30,WB,30,1,31,0,19840,640,10794,1970,4055,4769,24.0,"WB: payout = for_pay (после комиссии), логистика/хранение НЕ вычтены; ads с 04.2026. OZON: payout из постингов (после комиссии), логистика не вычтена; ads = attributed_spend"
2026-08,EVT-FT-ACNE-150,OZON,26,2,24,0,23835,993,13064,4897,4387,3780,15.9,"WB: payout = for_pay (после комиссии), логистика/хранение НЕ вычтены; ads с 04.2026. OZON: payout из постингов (после комиссии), логистика не вычтена; ads = attributed_spend"
2026-08,EVT-FT-ACNE-150,WB,31,2,28,0,17682,632,9644,5078,5118,-552,-3.1,"WB: payout = for_pay (после комиссии), логистика/хранение НЕ вычтены; ads с 04.2026. OZON: payout из постингов (после комиссии), логистика не вычтена; ads = attributed_spend"
2026-08,EVT-FT-MOIST-150,OZON,18,1,17,0,16970,998,8915,2739,3107,3069,18.1,"WB: payout = for_pay (после комиссии), логистика/хранение НЕ вычтены; ads с 04.2026. OZON: payout из постингов (после комиссии), логистика не вычтена; ads = attributed_spend"
2026-08,EVT-FT-MOIST-150,WB,14,0,16,0,9174,573,4998,1800,2925,273,3.0,"WB: payout = for_pay (после комиссии), логистика/хранение НЕ вычтены; ads с 04.2026. OZON: payout из постингов (после комиссии), логистика не вычтена; ads = attributed_spend"
2026-08,EVT-HC-AMBER-300,OZON,8,0,8,0,7761,970,4346,1717,1402,1227,15.8,"WB: payout = for_pay (после комиссии), логистика/хранение НЕ вычтены; ads с 04.2026. OZON: payout из постингов (после комиссии), логистика не вычтена; ads = attributed_spend"
2026-08,EVT-HC-AMBER-300,WB,15,3,12,0,6474,540,3513,2279,2103,-869,-13.4,"WB: payout = for_pay (после комиссии), логистика/хранение НЕ вычтены; ads с 04.2026. OZON: payout из постингов (после комиссии), логистика не вычтена; ads = attributed_spend"
2026-08,EVT-HC-BODY-300,WB,0,0,0,0,0,,0,0,0,0,,"WB: payout = for_pay (после комиссии), логистика/хранение НЕ вычтены; ads с 04.2026. OZON: payout из постингов (после комиссии), логистика не вычтена; ads = attributed_spend"
2026-08,EVT-HC-CHERRY-300,OZON,14,3,11,0,10959,996,5837,3347,1928,562,5.1,"WB: payout = for_pay (после комиссии), логистика/хранение НЕ вычтены; ads с 04.2026. OZON: payout из постингов (после комиссии), логистика не вычтена; ads = attributed_spend"
2026-08,EVT-HC-CHERRY-300,WB,21,3,20,0,9581,479,5205,540,3505,1160,12.1,"WB: payout = for_pay (после комиссии), логистика/хранение НЕ вычтены; ads с 04.2026. OZON: payout из постингов (после комиссии), логистика не вычтена; ads = attributed_spend"
2026-08,EVT-HC-HAND-300,OZON,20,2,18,0,15452,858,8171,3231,4165,775,5.0,"WB: payout = for_pay (после комиссии), логистика/хранение НЕ вычтены; ads с 04.2026. OZON: payout из постингов (после комиссии), логистика не вычтена; ads = attributed_spend"
2026-08,EVT-HC-HAND-300,WB,216,17,209,0,84389,404,46083,12840,48358,-15115,-17.9,"WB: payout = for_pay (после комиссии), логистика/хранение НЕ вычтены; ads с 04.2026. OZON: payout из постингов (после комиссии), логистика не вычтена; ads = attributed_spend"
2026-08,EVT-SET-4PC-ACNE,OZON,9,0,9,0,27500,3056,15889,5396,5486,5007,18.2,"WB: payout = for_pay (после комиссии), логистика/хранение НЕ вычтены; ads с 04.2026. OZON: payout из постингов (после комиссии), логистика не вычтена; ads = attributed_spend"
2026-08,EVT-SET-4PC-ACNE,WB,16,0,20,0,43010,2150,23430,1824,12190,9416,21.9,"WB: payout = for_pay (после комиссии), логистика/хранение НЕ вычтены; ads с 04.2026. OZON: payout из постингов (после комиссии), логистика не вычтена; ads = attributed_spend"
2026-08,EVT-SET-ACNE-POWDER-SERUM-CREAM,OZON,1,0,1,0,2000,2000,1180,1126,427,-373,-18.6,"WB: payout = for_pay (после комиссии), логистика/хранение НЕ вычтены; ads с 04.2026. OZON: payout из постингов (после комиссии), логистика не вычтена; ads = attributed_spend"
2026-08,EVT-SET-ACNE-POWDER-SERUM-CREAM,WB,0,0,0,0,0,,0,0,0,0,,"WB: payout = for_pay (после комиссии), логистика/хранение НЕ вычтены; ads с 04.2026. OZON: payout из постингов (после комиссии), логистика не вычтена; ads = attributed_spend"
2026-08,EVT-SET-ACNE-TONIC-SERUM,OZON,1,0,1,0,1421,1421,838,899,319,-380,-26.7,"WB: payout = for_pay (после комиссии), логистика/хранение НЕ вычтены; ads с 04.2026. OZON: payout из постингов (после комиссии), логистика не вычтена; ads = attributed_spend"
2026-08,EVT-SET-ACNE-TONIC-SERUM,WB,5,0,6,0,5859,976,3189,0,1911,1278,21.8,"WB: payout = for_pay (после комиссии), логистика/хранение НЕ вычтены; ads с 04.2026. OZON: payout из постингов (после комиссии), логистика не вычтена; ads = attributed_spend"
2026-08,EVT-SET-CHERRY-AMBER,OZON,4,0,4,0,4688,1172,2766,1226,1402,138,2.9,"WB: payout = for_pay (после комиссии), логистика/хранение НЕ вычтены; ads с 04.2026. OZON: payout из постингов (после комиссии), логистика не вычтена; ads = attributed_spend"
2026-08,EVT-SET-CHERRY-AMBER,WB,12,1,10,0,8318,832,4540,0,3505,1035,12.4,"WB: payout = for_pay (после комиссии), логистика/хранение НЕ вычтены; ads с 04.2026. OZON: payout из постингов (после комиссии), логистика не вычтена; ads = attributed_spend"
2026-08,EVT-SET-HAND-AMBER,OZON,3,0,3,0,3270,1090,1262,217,1220,-175,-5.4,"WB: payout = for_pay (после комиссии), логистика/хранение НЕ вычтены; ads с 04.2026. OZON: payout из постингов (после комиссии), логистика не вычтена; ads = attributed_spend"
2026-08,EVT-SET-HAND-AMBER,WB,4,4,4,0,4036,1009,2203,0,1627,576,14.3,"WB: payout = for_pay (после комиссии), логистика/хранение НЕ вычтены; ads с 04.2026. OZON: payout из постингов (после комиссии), логистика не вычтена; ads = attributed_spend"
2026-08,EVT-SET-HAND-BODY,WB,0,0,0,0,0,,0,0,0,0,,"WB: payout = for_pay (после комиссии), логистика/хранение НЕ вычтены; ads с 04.2026. OZON: payout из постингов (после комиссии), логистика не вычтена; ads = attributed_spend"
2026-08,EVT-SET-HAND-CHERRY,OZON,7,1,6,0,7130,1188,2885,279,2440,166,2.3,"WB: payout = for_pay (после комиссии), логистика/хранение НЕ вычтены; ads с 04.2026. OZON: payout из постингов (после комиссии), логистика не вычтена; ads = attributed_spend"
2026-08,EVT-SET-HAND-CHERRY,WB,6,1,5,0,4480,896,2433,0,2033,400,8.9,"WB: payout = for_pay (после комиссии), логистика/хранение НЕ вычтены; ads с 04.2026. OZON: payout из постингов (после комиссии), логистика не вычтена; ads = attributed_spend"
2026-08,EVT-SET-MOIST-TONIC-SERUM,OZON,8,1,7,0,8811,1259,4778,445,2195,2138,24.3,"WB: payout = for_pay (после комиссии), логистика/хранение НЕ вычтены; ads с 04.2026. OZON: payout из постингов (после комиссии), логистика не вычтена; ads = attributed_spend"
2026-08,EVT-SET-MOIST-TONIC-SERUM,WB,2,0,2,0,2333,1166,1284,260,627,397,17.0,"WB: payout = for_pay (после комиссии), логистика/хранение НЕ вычтены; ads с 04.2026. OZON: payout из постингов (после комиссии), логистика не вычтена; ads = attributed_spend"
2026-08,EVT-SET-SER-CREAM-ACNE,OZON,4,0,4,0,4817,1204,2842,0,1070,1772,36.8,"WB: payout = for_pay (после комиссии), логистика/хранение НЕ вычтены; ads с 04.2026. OZON: payout из постингов (после комиссии), логистика не вычтена; ads = attributed_spend"
2026-08,EVT-SET-SER-CREAM-ACNE,WB,24,3,24,0,27246,1135,14800,0,6419,8381,30.8,"WB: payout = for_pay (после комиссии), логистика/хранение НЕ вычтены; ads с 04.2026. OZON: payout из постингов (после комиссии), логистика не вычтена; ads = attributed_spend"
2026-08,EVT-SET-SER-CREAM-MOIST,WB,10,1,12,0,13244,1104,7179,0,3139,4040,30.5,"WB: payout = for_pay (после комиссии), логистика/хранение НЕ вычтены; ads с 04.2026. OZON: payout из постингов (после комиссии), логистика не вычтена; ads = attributed_spend"
2026-08,EVT-SET-TON-CREAM-ACNE,WB,8,3,7,0,6238,891,3412,1006,2201,205,3.3,"WB: payout = for_pay (после комиссии), логистика/хранение НЕ вычтены; ads с 04.2026. OZON: payout из постингов (после комиссии), логистика не вычтена; ads = attributed_spend"
2026-08,EVT-SET-TON-CREAM-MOIST,WB,11,1,10,0,10916,1092,5912,1,3136,2775,25.4,"WB: payout = for_pay (после комиссии), логистика/хранение НЕ вычтены; ads с 04.2026. OZON: payout из постингов (после комиссии), логистика не вычтена; ads = attributed_spend"
2026-08,EVT-SET-TON-SER-CREAM-ACNE,OZON,15,5,10,0,19661,1966,10961,1924,4502,4535,23.1,"WB: payout = for_pay (после комиссии), логистика/хранение НЕ вычтены; ads с 04.2026. OZON: payout из постингов (после комиссии), логистика не вычтена; ads = attributed_spend"
2026-08,EVT-SET-TON-SER-CREAM-ACNE,WB,16,2,13,0,20938,1611,11369,733,5853,4783,22.8,"WB: payout = for_pay (после комиссии), логистика/хранение НЕ вычтены; ads с 04.2026. OZON: payout из постингов (после комиссии), логистика не вычтена; ads = attributed_spend"
2026-08,EVT-SET-TON-SER-CREAM-MOIST,WB,14,4,14,0,19384,1385,10522,1,6221,4300,22.2,"WB: payout = for_pay (после комиссии), логистика/хранение НЕ вычтены; ads с 04.2026. OZON: payout из постингов (после комиссии), логистика не вычтена; ads = attributed_spend"
2026-09,EVT-EP-ENZYME-75,OZON,4,0,4,0,4936,1234,1186,304,637,245,5.0,"WB: payout = for_pay (после комиссии), логистика/хранение НЕ вычтены; ads с 04.2026. OZON: payout из постингов (после комиссии), логистика не вычтена; ads = attributed_spend"
2026-09,EVT-EP-ENZYME-75,WB,5,1,4,0,2720,680,1481,1256,637,-412,-15.2,"WB: payout = for_pay (после комиссии), логистика/хранение НЕ вычтены; ads с 04.2026. OZON: payout из постингов (после комиссии), логистика не вычтена; ads = attributed_spend"
2026-09,EVT-FC-ACNE-50,OZON,2,0,2,0,2748,1374,1319,687,263,369,13.4,"WB: payout = for_pay (после комиссии), логистика/хранение НЕ вычтены; ads с 04.2026. OZON: payout из постингов (после комиссии), логистика не вычтена; ads = attributed_spend"
2026-09,EVT-FC-ACNE-50,WB,7,1,8,0,6165,771,3387,5,1053,2329,37.8,"WB: payout = for_pay (после комиссии), логистика/хранение НЕ вычтены; ads с 04.2026. OZON: payout из постингов (после комиссии), логистика не вычтена; ads = attributed_spend"
2026-09,EVT-FC-MOIST-50,WB,0,0,0,0,0,,0,0,0,0,,"WB: payout = for_pay (после комиссии), логистика/хранение НЕ вычтены; ads с 04.2026. OZON: payout из постингов (после комиссии), логистика не вычтена; ads = attributed_spend"
2026-09,EVT-FS-ACNE-30,OZON,1,0,1,0,1258,1258,604,104,136,364,29.0,"WB: payout = for_pay (после комиссии), логистика/хранение НЕ вычтены; ads с 04.2026. OZON: payout из постингов (после комиссии), логистика не вычтена; ads = attributed_spend"
2026-09,EVT-FS-ACNE-30,WB,6,0,10,0,8211,821,4516,2160,1358,998,12.2,"WB: payout = for_pay (после комиссии), логистика/хранение НЕ вычтены; ads с 04.2026. OZON: payout из постингов (после комиссии), логистика не вычтена; ads = attributed_spend"
2026-09,EVT-FS-MOIST-30,OZON,4,0,4,0,4936,1234,1777,189,523,1065,21.6,"WB: payout = for_pay (после комиссии), логистика/хранение НЕ вычтены; ads с 04.2026. OZON: payout из постингов (после комиссии), логистика не вычтена; ads = attributed_spend"
2026-09,EVT-FS-MOIST-30,WB,3,0,4,0,2796,699,1517,404,523,590,21.1,"WB: payout = for_pay (после комиссии), логистика/хранение НЕ вычтены; ads с 04.2026. OZON: payout из постингов (после комиссии), логистика не вычтена; ads = attributed_spend"
2026-09,EVT-FT-ACNE-150,OZON,8,1,7,0,8533,1219,2926,686,1279,961,11.3,"WB: payout = for_pay (после комиссии), логистика/хранение НЕ вычтены; ads с 04.2026. OZON: payout из постингов (после комиссии), логистика не вычтена; ads = attributed_spend"
2026-09,EVT-FT-ACNE-150,WB,7,0,8,0,5760,720,3159,1526,1462,171,3.0,"WB: payout = for_pay (после комиссии), логистика/хранение НЕ вычтены; ads с 04.2026. OZON: payout из постингов (после комиссии), логистика не вычтена; ads = attributed_spend"
2026-09,EVT-FT-MOIST-150,OZON,1,0,1,0,1197,1197,575,194,183,198,16.6,"WB: payout = for_pay (после комиссии), логистика/хранение НЕ вычтены; ads с 04.2026. OZON: payout из постингов (после комиссии), логистика не вычтена; ads = attributed_spend"
2026-09,EVT-FT-MOIST-150,WB,3,0,2,0,1440,720,784,223,366,195,13.6,"WB: payout = for_pay (после комиссии), логистика/хранение НЕ вычтены; ads с 04.2026. OZON: payout из постингов (после комиссии), логистика не вычтена; ads = attributed_spend"
2026-09,EVT-HC-AMBER-300,OZON,3,0,3,0,3726,1242,0,151,526,-677,-18.2,"WB: payout = for_pay (после комиссии), логистика/хранение НЕ вычтены; ads с 04.2026. OZON: payout из постингов (после комиссии), логистика не вычтена; ads = attributed_spend"
2026-09,EVT-HC-AMBER-300,WB,2,1,5,0,2695,539,1463,68,876,519,19.2,"WB: payout = for_pay (после комиссии), логистика/хранение НЕ вычтены; ads с 04.2026. OZON: payout из постингов (после комиссии), логистика не вычтена; ads = attributed_spend"
2026-09,EVT-HC-BODY-300,WB,0,0,0,0,0,,0,0,0,0,,"WB: payout = for_pay (после комиссии), логистика/хранение НЕ вычтены; ads с 04.2026. OZON: payout из постингов (после комиссии), логистика не вычтена; ads = attributed_spend"
2026-09,EVT-HC-CHERRY-300,OZON,1,0,1,0,1209,1209,0,138,175,-313,-25.9,"WB: payout = for_pay (после комиссии), логистика/хранение НЕ вычтены; ads с 04.2026. OZON: payout из постингов (после комиссии), логистика не вычтена; ads = attributed_spend"
2026-09,EVT-HC-CHERRY-300,WB,2,0,4,0,1997,499,1079,0,701,378,18.9,"WB: payout = for_pay (после комиссии), логистика/хранение НЕ вычтены; ads с 04.2026. OZON: payout из постингов (после комиссии), логистика не вычтена; ads = attributed_spend"
2026-09,EVT-HC-HAND-300,OZON,6,0,6,0,5838,973,1868,879,1388,-399,-6.8,"WB: payout = for_pay (после комиссии), логистика/хранение НЕ вычтены; ads с 04.2026. OZON: payout из постингов (после комиссии), логистика не вычтена; ads = attributed_spend"
2026-09,EVT-HC-HAND-300,WB,54,1,45,0,22257,495,12160,5117,10412,-3369,-15.1,"WB: payout = for_pay (после комиссии), логистика/хранение НЕ вычтены; ads с 04.2026. OZON: payout из постингов (после комиссии), логистика не вычтена; ads = attributed_spend"
2026-09,EVT-SET-4PC-ACNE,OZON,3,0,3,0,11448,3816,1832,2617,1829,-2614,-22.8,"WB: payout = for_pay (после комиссии), логистика/хранение НЕ вычтены; ads с 04.2026. OZON: payout из постингов (после комиссии), логистика не вычтена; ads = attributed_spend"
2026-09,EVT-SET-4PC-ACNE,WB,1,0,0,0,0,,0,0,0,0,,"WB: payout = for_pay (после комиссии), логистика/хранение НЕ вычтены; ads с 04.2026. OZON: payout из постингов (после комиссии), логистика не вычтена; ads = attributed_spend"
2026-09,EVT-SET-ACNE-POWDER-SERUM-CREAM,WB,0,0,0,0,0,,0,0,0,0,,"WB: payout = for_pay (после комиссии), логистика/хранение НЕ вычтены; ads с 04.2026. OZON: payout из постингов (после комиссии), логистика не вычтена; ads = attributed_spend"
2026-09,EVT-SET-ACNE-TONIC-SERUM,WB,0,0,1,0,799,799,430,0,319,111,13.9,"WB: payout = for_pay (после комиссии), логистика/хранение НЕ вычтены; ads с 04.2026. OZON: payout из постингов (после комиссии), логистика не вычтена; ads = attributed_spend"
2026-09,EVT-SET-CHERRY-AMBER,WB,1,0,1,0,1000,1000,546,0,351,195,19.5,"WB: payout = for_pay (после комиссии), логистика/хранение НЕ вычтены; ads с 04.2026. OZON: payout из постингов (после комиссии), логистика не вычтена; ads = attributed_spend"
2026-09,EVT-SET-HAND-AMBER,OZON,1,0,1,0,1452,1452,0,0,407,-407,-28.0,"WB: payout = for_pay (после комиссии), логистика/хранение НЕ вычтены; ads с 04.2026. OZON: payout из постингов (после комиссии), логистика не вычтена; ads = attributed_spend"
2026-09,EVT-SET-HAND-AMBER,WB,2,0,3,0,2769,923,1508,0,1220,288,10.4,"WB: payout = for_pay (после комиссии), логистика/хранение НЕ вычтены; ads с 04.2026. OZON: payout из постингов (после комиссии), логистика не вычтена; ads = attributed_spend"
2026-09,EVT-SET-HAND-BODY,WB,0,0,0,0,0,,0,0,0,0,,"WB: payout = for_pay (после комиссии), логистика/хранение НЕ вычтены; ads с 04.2026. OZON: payout из постингов (после комиссии), логистика не вычтена; ads = attributed_spend"
2026-09,EVT-SET-HAND-CHERRY,WB,3,0,2,0,2000,1000,1077,0,813,264,13.2,"WB: payout = for_pay (после комиссии), логистика/хранение НЕ вычтены; ads с 04.2026. OZON: payout из постингов (после комиссии), логистика не вычтена; ads = attributed_spend"
2026-09,EVT-SET-MOIST-TONIC-SERUM,OZON,1,0,1,0,1527,1527,733,0,314,419,27.5,"WB: payout = for_pay (после комиссии), логистика/хранение НЕ вычтены; ads с 04.2026. OZON: payout из постингов (после комиссии), логистика не вычтена; ads = attributed_spend"
2026-09,EVT-SET-MOIST-TONIC-SERUM,WB,0,0,1,0,1280,1280,704,0,314,390,30.5,"WB: payout = for_pay (после комиссии), логистика/хранение НЕ вычтены; ads с 04.2026. OZON: payout из постингов (после комиссии), логистика не вычтена; ads = attributed_spend"
2026-09,EVT-SET-SER-CREAM-ACNE,OZON,1,0,1,0,1576,1576,0,0,267,-267,-17.0,"WB: payout = for_pay (после комиссии), логистика/хранение НЕ вычтены; ads с 04.2026. OZON: payout из постингов (после комиссии), логистика не вычтена; ads = attributed_spend"
2026-09,EVT-SET-SER-CREAM-ACNE,WB,2,0,4,0,5202,1300,2833,0,1070,1763,33.9,"WB: payout = for_pay (после комиссии), логистика/хранение НЕ вычтены; ads с 04.2026. OZON: payout из постингов (после комиссии), логистика не вычтена; ads = attributed_spend"
2026-09,EVT-SET-SER-CREAM-MOIST,WB,0,0,1,0,1320,1320,711,0,262,449,34.0,"WB: payout = for_pay (после комиссии), логистика/хранение НЕ вычтены; ads с 04.2026. OZON: payout из постингов (после комиссии), логистика не вычтена; ads = attributed_spend"
2026-09,EVT-SET-TON-CREAM-ACNE,WB,1,0,1,0,1274,1274,674,0,314,360,28.2,"WB: payout = for_pay (после комиссии), логистика/хранение НЕ вычтены; ads с 04.2026. OZON: payout из постингов (после комиссии), логистика не вычтена; ads = attributed_spend"
2026-09,EVT-SET-TON-CREAM-MOIST,WB,2,0,2,0,2548,1274,1371,0,627,744,29.2,"WB: payout = for_pay (после комиссии), логистика/хранение НЕ вычтены; ads с 04.2026. OZON: payout из постингов (после комиссии), логистика не вычтена; ads = attributed_spend"
2026-09,EVT-SET-TON-SER-CREAM-ACNE,OZON,1,0,1,0,2735,2735,0,1378,450,-1828,-66.8,"WB: payout = for_pay (после комиссии), логистика/хранение НЕ вычтены; ads с 04.2026. OZON: payout из постингов (после комиссии), логистика не вычтена; ads = attributed_spend"
2026-09,EVT-SET-TON-SER-CREAM-ACNE,WB,0,0,4,0,5453,1363,2988,0,1801,1187,21.8,"WB: payout = for_pay (после комиссии), логистика/хранение НЕ вычтены; ads с 04.2026. OZON: payout из постингов (после комиссии), логистика не вычтена; ads = attributed_spend"
2026-09,EVT-SET-TON-SER-CREAM-MOIST,WB,0,0,0,0,0,,0,0,0,0,,"WB: payout = for_pay (после комиссии), логистика/хранение НЕ вычтены; ads с 04.2026. OZON: payout из постингов (после комиссии), логистика не вычтена; ads = attributed_spend"
